Date,Close,High,Low,Open,Volume
2016-04-04,25.166507720947266,25.4088417284672,24.973997959984032,25.007970372383937,149424800
2016-04-05,24.869815826416016,25.078179138251425,24.781488595666413,24.801872733174786,106314800
2016-04-06,25.13027000427246,25.13480058080752,24.731663936712053,24.96494024682486,105616400
2016-04-07,24.58219337463379,25.007976087343256,24.487071980503337,24.90152997718862,127207600
2016-04-08,24.609365463256836,24.860757162220555,24.498388803456823,24.665985573310813,94326800
2016-04-11,24.69090461730957,25.05100952930948,24.647874495078657,24.67958162847372,117630000
2016-04-12,25.01249885559082,25.02608712825009,24.609363972886182,24.763369004113997,108929200
2016-04-13,25.3748722076416,25.442815312275144,25.09403690709012,25.09403690709012,133029200
2016-04-14,25.388460159301758,25.454139702479686,25.214070958932584,25.279750502110513,101895600
2016-04-15,24.878877639770508,25.433755791346098,24.851701091028172,25.390723951959068,187756000
2016-04-18,24.34211540222168,24.675040155874022,24.219815772592725,24.661451884106942,243286000
2016-04-19,24.213027954101562,24.459890837790415,24.059021164895416,24.43271255925679,129539600
2016-04-20,24.262849807739258,24.48027083078875,24.020515797140575,24.151874871871108,122444000
2016-04-21,24.000133514404297,24.217554538615328,23.89821627536529,24.217554538615328,126210000
2016-04-22,23.93446159362793,24.115646702085435,23.6943927936446,23.78272005884259,134732400
2016-04-25,23.798564910888672,23.92765869181828,23.669471129959064,23.780446061096434,112126400
2016-04-26,23.633235931396484,23.848393407654267,23.533585702810786,23.533585702810786,224064800
2016-04-27,22.154319763183594,22.35588724558825,21.669651689996126,21.74212537212017,458408400
2016-04-28,21.47713851928711,22.16790275955349,21.345779461747554,22.106753806786298,328970800
2016-04-29,21.23027801513672,21.45222962808324,20.951708014622803,21.286898130612904,274126000
2016-05-02,21.207624435424805,21.30727636396855,20.92678922432953,21.282363381832614,192640400
2016-05-03,21.556415557861328,21.683244093748378,21.216694784241685,21.334463892149778,227325200
2016-05-04,21.332199096679688,21.719480548846576,21.248400688655266,21.560943160252464,164102000
2016-05-05,21.245607376098633,21.434731072238087,21.11800668397035,21.41878098572205,143562000
2016-05-06,21.127126693725586,21.293463104624514,20.9288883631719,21.275235671374006,174799600
2016-05-09,21.143070220947266,21.36637142020525,21.097497305894343,21.19092047793112,131745600
2016-05-10,21.2866268157959,21.320806076829598,20.988131528855735,21.266120302233336,134747200
2016-05-11,21.079273223876953,21.320803627490353,21.06787955869815,21.300297116283584,114876400
2016-05-12,20.584815979003906,21.14079343395983,20.38657942691291,21.127122427175387,305258800
2016-05-13,20.62583351135254,20.88787218667541,20.507347380286475,20.507347380286475,177571200
2016-05-16,21.391437530517578,21.507646298698038,20.88331209704313,21.051927548030122,245039200
2016-05-17,21.302576065063477,21.5782857465761,21.193204520187564,21.54410822532073,187667600
2016-05-18,21.546382904052734,21.694491852089957,21.39371753322122,21.45524054073366,168249600
2016-05-19,21.464353561401367,21.56461224798511,21.32080277341668,21.56461224798511,121768400
2016-05-20,21.696765899658203,21.74461615082954,21.537263323991663,21.56460706970189,128104000
2016-05-23,21.97247886657715,22.145652472550694,21.7993052606036,21.844878177138224,152074400
2016-05-24,22.30743980407715,22.3507319160892,22.06590761250913,22.152495313392407,140560800
2016-05-25,22.699352264404297,22.72669427765415,22.35528411076761,22.482884808411256,152675200
2016-05-26,22.879356384277344,22.95227130105576,22.47604439269927,22.71301830683631,225324800
2016-05-27,22.865690231323242,22.893033984905465,22.615045241321894,22.65833908321977,145364800
2016-05-31,22.75403594970703,22.877080213373,22.51706200543505,22.694792029031795,169228800
2016-06-01,22.435035705566406,22.681124268100326,22.40541461020609,22.56263640980064,116693200
2016-06-02,22.266422271728516,22.293764288884326,22.018054605843872,22.23907851614333,160766400
2016-06-03,22.31198501586914,22.391735433109687,22.204890853390957,22.28236392901657,114019600
2016-06-06,22.473770141601562,23.21659221106314,22.227683331115195,22.327940276709967,93170000
2016-06-07,22.564912796020508,22.75631556794565,22.54896270989583,22.61504213482064,89638000
2016-06-08,22.544404983520508,22.68567667004546,22.485161064871615,22.56263241058802,83392400
2016-06-09,22.70618438720703,22.783655731119804,22.4350312066546,22.444145789190607,106405600
2016-06-10,22.51934242248535,22.637828532439826,22.4395919890132,22.45098391469261,126851600
2016-06-13,22.179826736450195,22.58541781123821,22.125140983051885,22.48743822808399,152082000
2016-06-14,22.20717430114746,22.439591835307525,22.045394354803797,22.175274127977108,127727600
2016-06-15,22.134262084960938,22.423644497893772,22.109197411764256,22.289206547254377,117780800
2016-06-16,22.227680206298828,22.273251380760037,21.89044760462772,21.977033531475566,125307200
2016-06-17,21.721839904785156,22.02261428320331,21.7150044000258,22.015778778443952,244032800
2016-06-20,21.66942596435547,22.004379519882672,21.653475877826985,21.874499747171008,137647600
2016-06-21,21.85399055480957,21.95424748420919,21.573722796302224,21.632966712603476,142185600
2016-06-22,21.77196502685547,22.077295769638027,21.726392106599683,21.931465901677825,116876400
2016-06-23,21.89728546142578,21.940579298719243,21.70360534149718,21.86082886562265,128960800
2016-06-24,21.28206443786621,21.569167716421042,21.111169918940778,21.17041383892837,301245600
2016-06-27,20.9721736907959,21.20231210907493,20.849129439590143,21.190918446796537,181958400
2016-06-28,21.32535743713379,21.341309261800948,20.994962048588413,21.16813565519468,161779600
2016-06-29,21.50992774963379,21.544107007386295,21.33447503777124,21.411948137905544,146124000
2016-06-30,21.783357620239258,21.822093299821137,21.48714145243588,21.51904162837733,143345600
2016-07-01,21.849435806274414,21.981594663880156,21.72183510978838,21.758291706600488,104106000
2016-07-05,21.64436149597168,21.737784673958213,21.52359630564104,21.735505593453183,110820800
2016-07-06,21.76740837097168,21.797031205793836,21.503092368925596,21.555499057807562,123796400
2016-07-07,21.860836029052734,21.98843676381991,21.7879210751244,21.806148509784265,100558400
2016-07-08,22.029449462890625,22.077299733929525,21.88589864977392,21.986155615480897,115648400
2016-07-11,22.097803115844727,22.250468481000865,22.04083827167341,22.04539469429832,95179600
2016-07-12,22.19806480407715,22.26186516503708,22.129708019518418,22.141099947730144,96670000
2016-07-13,22.07274055480957,22.2550270305213,22.065903312575156,22.195784838590345,103568800
2016-07-14,22.51022720336914,22.555798381658345,22.175273653813534,22.19122374005766,155676000
2016-07-15,22.507946014404297,22.626433848342835,22.444145675404556,22.539846183904167,120548000
2016-07-18,22.747203826904297,22.81556060236729,22.46693600606127,22.48972159788227,145975600
2016-07-19,22.756319046020508,22.785940142371054,22.635552102985354,22.685681449447255,95119600
2016-07-20,22.77682113647461,22.890750815071478,22.726691799743357,22.785935719373832,105104000
2016-07-21,22.656055450439453,23.01379456372455,22.58769694943307,22.747199538971667,130808000
2016-07-22,22.48060417175293,22.626434015811363,22.400852008984117,22.617319433254103,113254800
2016-07-25,22.179826736450195,22.521615737439962,22.084126233395963,22.38717956482979,161531600
2016-07-26,22.02716827392578,22.323386195929274,21.970203422650442,22.061347532376846,224959200
2016-07-27,23.458120346069336,23.777123796795603,23.41254916957799,23.758894630827488,369379200
2016-07-28,23.774845123291016,23.79990979231886,23.42849965611466,23.430778736506912,159479200
2016-07-29,23.745229721069336,23.822702827107044,23.62446450778026,23.740673297622127,110934800
2016-08-01,24.164491653442383,24.18727724725398,23.790802351958167,23.790802351958167,152671600
2016-08-02,23.806745529174805,24.169041059345936,23.697372276834557,24.164484637278324,135266400
2016-08-03,24.105247497558594,24.116639425145156,23.87282992289697,23.88194450802383,120810400
2016-08-04,24.25415802001953,24.28393958084668,24.118991787057148,24.187720617085038,109634800
2016-08-05,24.622989654541016,24.661935160909586,24.325167169478362,24.345784761845458,162213600
2016-08-08,24.826885223388672,24.826885223388672,24.549682052499616,24.63215417756125,112148800
2016-08-09,24.92768669128418,24.957469993000934,24.74441276709909,24.79481366430005,105260800
2016-08-10,24.742124557495117,24.94830927837689,24.687142547875503,24.90478090734447,96034000
2016-08-11,24.726085662841797,24.955179386486087,24.70775774546712,24.861250120825655,109938000
2016-08-12,24.78335952758789,24.84292438617509,24.691721686956768,24.691721686956768,74641600
2016-08-15,25.08119010925293,25.094935178005574,24.760458438197595,24.77420350695024,103472800
2016-08-16,25.058265686035156,25.252996709179158,25.01932018054477,25.115539105113733,135177600
2016-08-17,25.021615982055664,25.05598038908108,24.820012393024626,24.994124106866064,101424000
2016-08-18,24.989543914794922,25.10867188261051,24.975797102774592,25.023908323076128,87938800
2016-08-19,25.05368423461914,25.12928556623899,24.8245905614773,24.918518058585526,101472400
2016-08-22,24.858964920043945,24.994129402375847,24.707762196235322,24.93914738819395,103280800
2016-08-23,24.936851501464844,25.044525831372784,24.863541579717417,24.877286643843057,85030800
2016-08-24,24.749000549316406,24.913948349076126,24.66881807661288,24.872711399136193,94700400
2016-08-25,24.64361572265625,24.71463422902995,24.439722415840986,24.602378775893236,100344800
2016-08-26,24.499277114868164,24.73066045826229,24.354946987176234,24.60695141716343,111065200
2016-08-29,24.471792221069336,24.613830963198097,24.35037282356486,24.42597417410984,99881200
2016-08-30,24.283937454223633,24.398484329007708,24.16939057943956,24.238119403448643,99455600
2016-08-31,24.30684471130371,24.414519045422956,24.201461803910494,24.206044657362554,118649600
2016-09-01,24.451171875,24.467208364417324,24.196877722920807,24.31600568032861,106806000
2016-09-02,24.680267333984375,24.74212186960598,24.47179120889458,24.673393054162965,107210000
2016-09-06,24.67339324951172,24.810850881486054,24.629866630709817,24.719213042785295,107521600
2016-09-07,24.82459831237793,24.916236159815647,24.529067172010745,24.70317890735775,169457200
2016-09-08,24.173965454101562,24.574879412502995,24.109819500412716,24.570298307745,212008000
2016-09-09,23.626436233520508,24.219789915352393,23.626436233520508,23.972368262360416,186228000
2016-09-12,24.155643463134766,24.219789427912858,23.488979869520065,23.516471746359155,181171200
2016-09-13,24.73067283630371,24.923112520263004,24.568016462347654,24.62987276170297,248704800
2016-09-14,25.605806350708008,25.894464950249958,24.879579620064657,24.909362924653756,443554800
2016-09-15,26.476367950439453,26.51302379402007,25.999852470972353,26.084617798367415,359934400
2016-09-16,26.327451705932617,26.604654916585687,26.12584984759761,26.373271501813186,319547600
2016-09-19,26.02047348022461,26.616116993641025,25.94487210890084,26.38931462751665,188092000
2016-09-20,26.018178939819336,26.144181210282788,25.775340107122563,25.899050950528483,138057200
2016-09-21,26.013595581054688,26.11439564085053,25.759301382936105,26.082322656209136,144012800
2016-09-22,26.25872230529785,26.33203222435925,26.116683572433615,26.196866023306033,124296000
2016-09-23,25.821155548095703,26.297670952729277,25.555407715257417,26.212905638646035,209924800
2016-09-26,25.86009407043457,25.976932337088968,25.55540080320451,25.576018395519128,119477600
2016-09-27,25.90821075439453,25.928830100301912,25.736390445834793,25.887593156333715,98429600
2016-09-28,26.105228424072266,26.263303648543392,25.986100459960383,26.0456653159395,118564400
2016-09-29,25.69973373413086,26.070866191988394,25.612678749231804,25.924246350133995,143548000
2016-09-30,25.899051666259766,25.972361603506254,25.612684450789608,25.76388543167753,145516400
2016-10-03,25.777626037597656,25.899047184134982,25.722644031139744,25.821154406127008,86807200
2016-10-04,25.88759422302246,26.187706481695248,25.802828904748836,25.9013392889627,118947200
2016-10-05,25.899051666259766,26.038799007236946,25.816577768376618,25.979234137022054,85812400
2016-10-06,26.09148597717285,26.1945774613045,25.91737424491938,26.04795760714785,115117200
2016-10-07,26.130434036254883,26.24498091770134,26.0044335153718,26.18770747697811,97433600
2016-10-10,26.586322784423828,26.746687664429718,26.281627764566533,26.35035482120644,144944000
2016-10-11,26.643600463867188,27.191134317484888,26.620689693479395,26.964330275139694,256164000
2016-10-12,26.881858825683594,27.028480428464434,26.74669435697869,26.88415025249878,150347200
2016-10-13,26.79938507080078,26.90476797594042,26.510726484120458,26.75585670316942,140769600
2016-10-14,26.948299407958984,27.072010252913373,26.833752523502707,27.00557285018712,142608800
2016-10-17,26.929967880249023,26.996403521918943,26.753564734466906,26.879566981454133,94499600
2016-10-18,26.911645889282227,27.08117479250557,26.9070630350118,27.074302258946716,98214000
2016-10-19,26.831464767456055,26.97808465024159,26.070873470063514,26.861246330324505,80138400
2016-10-20,26.817712783813477,26.89102271107884,26.650475331542438,26.77189473471508,96503200
2016-10-21,26.712326049804688,26.78334628794399,26.639016133030722,26.760435518827016,92770800
2016-10-24,26.952882766723633,26.97350036734531,26.803971464573312,26.826880492324104,94154800
2016-10-25,27.090335845947266,27.115536298189827,26.874987162364132,27.021607022040897,192516000
2016-10-26,26.480941772460938,26.50614222102865,25.95860838005083,26.187702095869042,264536800
2016-10-27,26.226655960083008,26.54280473829721,26.139599207528576,26.435130385093643,138248000
2016-10-28,26.052536010742188,26.393885136534475,25.99067973255159,26.08690041553183,151446800
2016-10-31,26.011306762695312,26.16938202274203,25.93341397229303,26.0365072171331,105677600
2016-11-01,25.541658401489258,26.063991804417213,25.32172863961677,25.99297331039435,175303200
2016-11-02,25.564573287963867,25.738685044826394,25.482101137709808,25.52104665963332,113326800
2016-11-03,25.290550231933594,25.665889635814263,25.226074923961,25.555361038381356,107730400
2016-11-04,25.062578201293945,25.38725964409757,24.89448213712963,24.99119508556555,123348000
2016-11-07,25.42410659790039,25.447133242057223,25.20534908635963,25.348117091044536,130240000
2016-11-08,25.57378578186035,25.72576482599029,25.2606184395508,25.401083280887615,97016800
2016-11-09,25.532329559326172,25.633648892110934,24.880666983590114,25.302059626139112,236705600
2016-11-10,24.820802688598633,25.58069260933393,24.369473714367945,25.58069260933393,228538000
2016-11-11,24.96816635131836,25.06948567365625,24.53525955401827,24.666513332128723,136575600
2016-11-14,24.34183692932129,24.82540348737254,23.96649753208758,24.802376843050165,204702000
2016-11-15,24.664213180541992,24.795466974827097,24.44545744234022,24.539867203300282,129058000
2016-11-16,25.327392578125,25.382658633805825,24.54677754904232,24.56980419383247,235362000
2016-11-17,25.318180084228516,25.41028841480842,25.06027886678912,25.28594243204859,110528000
2016-11-18,25.343517303466797,25.454047683732274,25.251410702869826,25.265226341595213,113715600
2016-11-21,25.72806167602539,25.787930596694206,25.331997090331967,25.35732692477656,117058400
2016-11-22,25.744178771972656,25.886945003626835,25.652070448983423,25.778717855876,103862000
2016-11-23,25.61292266845703,25.677397961677872,25.405679399661494,25.642857124075285,109705600
2016-11-25,25.74187469482422,25.76029671015207,25.548447047521943,25.589895703599566,45903600
2016-11-28,25.69121742248535,25.898460722164202,25.64976876254958,25.658979771070893,108776000
2016-11-29,25.66588592529297,25.797139713781903,25.345810866402058,25.509302304216686,114115200
2016-11-30,25.449430465698242,25.836283996711312,25.391862986421415,25.698122397810938,144649200
2016-12-01,25.21225929260254,25.546151813381687,25.10633531398931,25.414897996750025,148347600
2016-12-02,25.306665420532227,25.350415512183364,25.064881293576455,25.138567600211147,106112000
2016-12-05,25.1247615814209,25.336609574462717,24.926729227153736,25.329701755075387,137298000
2016-12-06,25.318180084228516,25.412591606198497,25.143176188629006,25.214559310338796,104782000
2016-12-07,25.566869735717773,25.603713767343134,25.13626609622214,25.15929273757793,119994800
2016-12-08,25.817867279052734,25.88925040096269,25.467855973231696,25.527726651799558,108273200
2016-12-09,26.2392578125,26.411960259945555,25.861615267964666,25.861615267964666,137610400
2016-12-12,26.08959197998047,26.481050281412198,25.903072083360275,26.087288788046205,105497600
2016-12-13,26.524797439575195,26.692893527728142,26.193208132680063,26.213931585950814,174935200
2016-12-14,26.524797439575195,26.757368835886556,26.476440958456386,26.49025659397022,136127200
2016-12-15,26.66986083984375,26.879407300698123,26.53400243655398,26.568541517512404,186098000
2016-12-16,26.70440673828125,26.826449532315554,26.630720423572594,26.819541714814793,177404400
2016-12-19,26.858684539794922,27.029083796371665,26.653744442296098,26.665258641543506,111117600
2016-12-20,26.930072784423828,27.056721972983006,26.86790066438054,26.881716300652275,85700000
2016-12-21,26.955400466918945,27.03369316544668,26.890925160378657,26.895531543314586,95132800
2016-12-22,26.778087615966797,26.828747276446872,26.628411825499303,26.791903248163194,104343600
2016-12-23,26.831052780151367,26.831052780151367,26.616901664526413,26.616901664526413,56998000
2016-12-27,27.001455307006836,27.125801293026985,26.82414645854798,26.831054276079044,73187600
2016-12-28,26.886320114135742,27.17645898903331,26.757367746249844,27.06132401291895,83623600
2016-12-29,26.879419326782227,26.96692129905935,26.80342980103535,26.814942247565597,60158000
2016-12-30,26.66986083984375,26.987632682401166,26.58005571571187,26.860985286306974,122345200
2017-01-03,26.7458553314209,26.787303993139343,26.425780238025247,26.665261199418453,115127600
2017-01-04,26.71592140197754,26.828754953267687,26.653749282483766,26.67677592833996,84472400
2017-01-05,26.851778030395508,26.909345515795238,26.66756137438828,26.69289120850978,88774400
2017-01-06,27.15113067626953,27.208698163829947,26.819541385739022,26.890924508131448,127007600
2017-01-09,27.399824142456055,27.50114349478166,27.15804172007064,27.160343154935852,134247600
2017-01-10,27.427459716796875,27.489631843515262,27.240941579821033,27.349167003603366,97848400
2017-01-11,27.574827194213867,27.616275856511386,27.31001639380307,27.342254047054436,110354400
2017-01-12,27.459686279296875,27.47120047732016,27.220205366336184,27.379092163593747,108344800
2017-01-13,27.411344528198242,27.54490156697303,27.358381648401032,27.42746335999376,104447600
2017-01-17,27.63239288330078,27.687657177157718,27.222512669956387,27.250143938474743,137759200
2017-01-18,27.63008689880371,27.747525048595346,27.565611603018517,27.632390089887483,94852000
2017-01-19,27.58173179626465,27.653114912024936,27.487322038983635,27.49422985575784,102389200
2017-01-20,27.63239288330078,27.736013653885067,27.570220772314254,27.736013653885067,130391600
2017-01-23,27.650815963745117,27.81891204309813,27.579431084746446,27.632393946144152,88200800
2017-01-24,27.6254825592041,27.65541701632256,27.51725541580804,27.528769614525945,92844000
2017-01-25,28.06529998779297,28.115959656285376,27.69686843078487,27.72910608222181,129510400
2017-01-26,28.079120635986328,28.194255620707516,28.000827932829285,28.016946760417436,105350400
2017-01-27,28.081422805786133,28.17353114733806,28.00082866573588,28.12517466330791,82251600
2017-01-30,28.007732391357422,28.007732391357422,27.784372023519055,27.8465441348101,121510000
2017-01-31,27.94325828552246,27.952469294408267,27.775162204612315,27.89720499791373,196804000
2017-02-01,29.64725685119629,30.047927839765823,29.2465876194471,29.251192245568664,447940000
2017-02-02,29.596595764160156,29.794628057502138,29.42389330532612,29.46994834844069,134841600
2017-02-03,29.723255157470703,29.74858500068868,29.511407156757485,29.54594625494485,98029200
2017-02-06,30.001874923706055,30.05023316675811,29.68179978377818,29.734764410368804,107383600
2017-02-07,30.287412643432617,30.4163632805029,30.0387206232365,30.05944407984251,152735200
2017-02-08,30.40485191345215,30.446302344171244,30.216032324029964,30.245968551013664,92016400
2017-02-09,30.624555587768555,30.63149335620871,30.323906016153,30.446477963762593,113399600
2017-02-10,30.5551700592041,30.74481178011904,30.5389831114215,30.633803971878972,80262000
2017-02-13,30.825754165649414,30.948329627164423,30.700870820103,30.77718979249929,92141600
2017-02-14,31.225852966308594,31.242039915462477,30.81650700709745,30.867386325366628,132904800
2017-02-15,31.33917236328125,31.514938565098177,31.133343676054785,31.34148730522616,142492400
2017-02-16,31.302165985107422,31.429360727692984,31.18421689299279,31.376170006491336,90338400
2017-02-17,31.387727737426758,31.413167386539723,31.244342549084696,31.244342549084696,88792800
2017-02-21,31.61437225341797,31.625936372857392,31.447858814336897,31.505675882660217,98028800
2017-02-22,31.709211349487305,31.711522763156502,31.4779429430375,31.551946998086006,83347600
2017-02-23,31.5750675201416,31.794771746706235,31.52187678776542,31.771647029048097,83152800
2017-02-24,31.605121612548828,31.605121612548828,31.285970280934357,31.431670415605943,87106400
2017-02-27,31.667573928833008,31.785523047515852,31.517250910712743,31.716141835739183,81029600
2017-02-28,31.68144989013672,31.785519933167418,31.614380098069937,31.702263192967923,93931600
2017-03-01,32.32900619506836,32.412262955360646,31.82253139290543,31.889597672282996,145658400
2017-03-02,32.137046813964844,32.442319156734115,32.09079032756467,32.377564310423224,104844000
2017-03-03,32.32667541503906,32.33823953321085,32.0514656353682,32.09540716709695,84432400
2017-03-06,32.22492980957031,32.324377031281756,32.053793495595706,32.23186757749497,87000000
2017-03-07,32.26655197143555,32.372933405905044,32.09772358332801,32.16016700809209,69785200
2017-03-08,32.14628601074219,32.33130131226214,32.10465942055872,32.13472189273344,74828800
2017-03-09,32.07228088378906,32.097720533766775,31.695316016322124,32.086159943764414,88623600
2017-03-10,32.17867660522461,32.229555922206174,32.06304243551647,32.20411626371539,78451200
2017-03-13,32.19254684448242,32.245737565712,32.104667289597515,32.111605056328585,69686800
2017-03-14,32.14398193359375,32.296616327969346,32.109289571651075,32.215674541184775,61236400
2017-03-15,32.48395919799805,32.55102547753783,32.15324356949873,32.24112668581857,102767200
2017-03-16,32.537147521972656,32.613466507495595,32.43770028791237,32.54408529075881,76928000
2017-03-17,32.3752555847168,32.60883533337657,32.352127339597125,32.60883533337657,175540000
2017-03-20,32.71522903442383,32.72447821761043,32.430766364957286,32.47008156903279,86168000
2017-03-21,32.3405647277832,33.02512058613141,32.31512506851309,32.865544862425665,158119600
2017-03-22,32.70595932006836,32.747589444955736,32.322053133198985,32.342869960079604,103440800
2017-03-23,32.59032440185547,32.742962308001125,32.51863180229808,32.66895476724913,81385200
2017-03-24,32.525569915771484,32.77996642873326,32.45850366901273,32.724460772576016,89582400
2017-03-27,32.581085205078125,32.6597155945606,32.05841649279786,32.23649410452276,94300400
2017-03-28,33.25638198852539,33.31188412161657,32.52094696519964,32.58801674785039,133499200
2017-03-29,33.33039855957031,33.415970261765054,33.11532065510559,33.22863990542014,116760000
2017-03-30,33.28644943237305,33.41827407587476,33.18700574316975,33.346581457356166,84829200
2017-03-31,33.22400665283203,33.36508046474853,33.073680132236916,33.237882186975554,78646800
2017-04-03,33.23325729370117,33.33038956585056,33.082934295371665,33.2355722354098,79942800
2017-04-04,33.48072052001953,33.50847159319599,33.110689742916605,33.12919163465926,79565600
2017-04-05,33.30727005004883,33.640297051616685,33.25870214195555,33.35352301607212,110871600
2017-04-06,33.22400665283203,33.42289754292948,33.1754387544553,33.36970329021344,84596000
2017-04-07,33.15000915527344,33.344273749963605,33.13382220348699,33.24020368344212,66688800
2017-04-10,33.110694885253906,33.27489699442483,33.048251432033915,33.21014212770616,75733600
2017-04-11,32.75453567504883,33.1523174967134,32.391442692359455,33.057496631681495,121517600
2017-04-12,32.79384231567383,32.87478409512995,32.61113840105722,32.7475893661455,81400000
2017-04-13,32.620391845703125,32.927979083886925,32.620391845703125,32.81928270915754,71291600
2017-04-17,32.800777435302734,32.81234155397029,32.57875835505578,32.71983213350341,66328400
2017-04-18,32.65509033203125,32.849354899207185,32.6342770274499,32.70365823826272,58790000
2017-04-19,32.534820556640625,32.84009638591853,32.48162983931152,32.81234532102925,69313600
2017-04-20,32.941864013671875,33.05287183249187,32.64584081090193,32.659716347145064,93278400
2017-04-21,32.90253829956055,32.99735560986855,32.80540604803546,32.94185348263924,69283600
2017-04-24,33.21938705444336,33.29107968134823,33.113002056249755,33.187009625232285,68537200
2017-04-25,33.42521286010742,33.51078101657076,33.272574908950006,33.28182761870944,75486000
2017-04-26,33.22861862182617,33.441388505425266,33.15924097377565,33.41132250535454,80164800
2017-04-27,33.25407028198242,33.33964196027927,33.14306247612717,33.28413629291438,56985200
2017-04-28,33.22169876098633,33.37202531348127,33.13381918313752,33.32345740479825,83441600
2017-05-01,33.8993034362793,34.04268863442368,33.52464996816074,33.55702738480217,134411600
2017-05-02,34.11438751220703,34.24852355694448,33.95943816627095,34.12132527927324,181408800
2017-05-03,34.010318756103516,34.10976596924904,33.36508169256447,33.67035404157906,182788000
2017-05-04,33.88774871826172,34.0288225432381,33.72123523537567,33.885437305315286,93487600
2017-05-05,34.44971466064453,34.454337484129404,33.940921767477285,33.940921767477285,109310800
2017-05-08,35.3863639831543,35.54593968681708,34.465917067774505,34.465917067774505,195009600
2017-05-09,35.612998962402344,35.81882756302211,35.48811213167329,35.5852443728662,156521600
2017-05-10,35.44418716430664,35.60145148226307,35.178229964999915,35.52975885613039,103222800
2017-05-11,35.75071334838867,35.7785825048383,35.36986794901809,35.40237901200923,109020400
2017-05-12,36.2499885559082,36.32429802583939,35.9179080354971,35.924874437570665,130108000
2017-05-15,36.1571044921875,36.37771553649131,36.00616102593758,36.229093023581775,104038800
2017-05-16,36.103702545166016,36.240713236094756,35.92953533157968,36.21284761582207,80194000
2017-05-17,34.891475677490234,35.89467987369362,34.76607692468417,35.66942347436384,203070800
2017-05-18,35.42329025268555,35.60906933720598,35.09585855829673,35.128369632329715,134272800
2017-05-19,35.54402542114258,35.75766999729566,35.44417130613762,35.618338426816244,107843200
2017-05-22,35.760005950927734,35.897016612667926,35.509204791580785,35.76232690430899,91865600
2017-05-23,35.715885162353516,35.971328243695154,35.60209465796139,35.971328243695154,79675600
2017-05-24,35.60905838012695,35.80180381095709,35.453469463455924,35.72516982929401,76712000
2017-05-25,35.73213577270508,35.843605313747204,35.537069391041626,35.69962470909451,76942400
2017-05-26,35.671756744384766,35.81805829270953,35.60208917168536,35.762323525862016,87710400
2017-05-30,35.68569564819336,35.86218379154213,35.60674070591421,35.627639918263306,80507600
2017-05-31,35.47437286376953,35.801808039519756,35.38613056151959,35.755364163055475,97804800
2017-06-01,35.5719108581543,35.606746427774596,35.34897880372531,35.569589904222724,65616400
2017-06-02,36.09905242919922,36.09905242919922,35.50456231726266,35.66479670000693,111082800
2017-06-05,35.746063232421875,35.86682011210074,35.63692174790094,35.841275455696355,101326800
2017-06-06,35.86682891845703,36.18265222816433,35.7112399888613,35.7391056050753,106499600
2017-06-07,36.08047103881836,36.22212715034009,35.87379279841193,35.999195149432616,84278400
2017-06-08,35.992225646972656,36.11994539693089,35.85521145399643,36.05260232047,85003200
2017-06-09,34.59656524658203,36.03867095620318,33.909187474788965,36.03867095620318,259530800
2017-06-12,33.76984786987305,33.92543676083212,33.094078496969885,33.84416088591062,289229200
2017-06-13,34.041542053222656,34.24125381851665,33.70714062822444,34.17391076038403,136661600
2017-06-14,33.709468841552734,34.2528694453794,33.402932987021146,34.2528694453794,126124800
2017-06-15,33.507442474365234,33.551565394676025,33.02442193475349,33.282189509280364,128661600
2017-06-16,33.03834915161133,33.55620516651621,33.02209184964148,33.38900441439125,201444400
2017-06-19,33.98349380493164,34.07638507861162,33.36113821675473,33.36113821675473,130165600
2017-06-20,33.67464828491211,34.10658310827601,33.65839452120365,34.10658310827601,99600400
2017-06-21,33.87434768676758,33.920795093838045,33.581748156797836,33.79307181127359,85063200
2017-06-22,33.818599700927734,34.06707619705265,33.70016383243267,33.851110743694676,76425200
2017-06-23,33.96957015991211,34.17392747367492,33.6978697550815,33.70251520587812,141757600
2017-06-26,33.86275100708008,34.434017458450086,33.76057234593985,34.17624985182483,102769600
2017-06-27,33.37739562988281,33.94169910603165,33.3518509697536,33.67464065132807,99047600
2017-06-28,33.86505889892578,33.9300810139464,33.2450243099109,33.5538811279786,88329600
2017-06-29,33.365779876708984,33.7025058690851,33.04066927982692,33.60497269002048,125997600
2017-06-30,33.444732666015625,33.663022691189894,33.38899791168204,33.54458678116092,92096400
2017-07-03,33.32398986816406,33.741991843491185,33.2311021151761,33.64445863982163,57111200
2017-07-05,33.46099090576172,33.62354619838777,33.14284672280504,33.368103179529584,86278400
2017-07-06,33.145172119140625,33.323984736720405,33.07086263688104,33.21251874161098,96515200
2017-07-07,33.48189926147461,33.61426802813637,33.18465420418292,33.18465420418292,76806800
2017-07-10,33.686241149902344,33.89291931457592,33.29378402358715,33.465630183207466,84362400
2017-07-11,33.7953987121582,33.86971174179813,33.528343791700344,33.609619681498685,79127200
2017-07-12,33.84415817260742,33.9463332463082,33.63051358378686,33.874344732442935,99538000
2017-07-13,34.31558609008789,34.48278689647381,33.774506194900255,33.788439004858915,100797600
2017-07-14,34.61048889160156,34.67783549636971,34.213389838147556,34.36201230704108,80528400
2017-07-17,34.73126220703125,35.04244009501903,34.50136376510992,34.55941949988858,95174000
2017-07-18,34.852012634277344,34.863624487757846,34.524577500704176,34.64765535202909,71475200
2017-07-19,35.07029342651367,35.163181142853645,34.821813292973424,34.944891111671545,83692000
2017-07-20,34.912384033203125,35.2374981643027,34.877552021468006,35.18176340208686,68974800
2017-07-21,34.896141052246094,34.93561852555064,34.57335131787063,34.83111891463383,105010400
2017-07-24,35.318782806396484,35.400062245206634,34.81021404818792,34.96812747527722,85972800
2017-07-25,35.469730377197266,35.725173465298916,35.251440263595825,35.251440263595825,75415600
2017-07-26,35.63692092895508,35.74606241096791,35.54402966078306,35.611376273137715,63124000
2017-07-27,34.96348190307617,35.760008352946,34.206436467421675,35.704273577089516,129905200
2017-07-28,34.717308044433594,34.88682969355797,34.64531954453579,34.80787479324674,68854800
2017-07-31,34.53850555419922,34.91006355379913,34.39917396192902,34.81020587973777,79383600
2017-08-01,34.845054626464844,34.884532103058135,34.464209127248445,34.62444353094187,141474400
2017-08-02,36.49150848388672,37.09761042983001,36.26393102083106,36.98846537701505,279747200
2017-08-03,36.12690734863281,36.50775264793376,35.99918408349913,36.47059614472412,108389200
2017-08-04,36.31734085083008,36.55188471492229,36.154785522081,36.243031362019245,82239600
2017-08-07,36.87932586669922,36.90487053275964,36.38236889888449,36.47293570701855,87481200
2017-08-08,37.17424392700195,37.58063402025614,36.75392102607237,36.830555011727434,144823600
2017-08-09,37.40182113647461,37.450589506452154,36.94898717285623,36.983819191811335,104526000
2017-08-10,36.21050262451172,37.301571894907305,36.04963902653811,37.278256989530945,163217200
2017-08-11,36.71406936645508,36.96818901629287,36.38535198361389,36.508913149953436,105028400
2017-08-14,37.266605377197266,37.35053406139659,37.0101556317673,37.14304419731428,88490800
2017-08-15,37.67459487915039,37.814473661034796,37.334216417589246,37.45544754110693,117862000
2017-08-16,37.5230598449707,37.88674970429978,37.33655122144509,37.75386466678621,110686400
2017-08-17,36.80267333984375,37.46710918957584,36.79800964605219,37.42281299194622,111762400
2017-08-18,36.718727111816406,37.18499666244265,36.536882271660524,36.80265577322331,109712400
2017-08-21,36.6511344909668,36.80966449509237,36.16154984085042,36.71874203805428,105474000
2017-08-22,37.25027847290039,37.3015684140581,36.83996250099347,36.88891881741825,86418400
2017-08-23,37.29690933227539,37.411146680312214,37.040463152141896,37.084759339285874,77596400
2017-08-24,37.13138198852539,37.47409044200262,36.963524641624105,37.40181566310647,79275600
2017-08-25,37.2689208984375,37.43211451030776,37.1313722511007,37.21996103619945,101920400
2017-08-28,37.644290924072266,37.767852131023545,37.28526120181842,37.33422109389162,103864000
2017-08-29,37.9799919128418,38.028948229742845,37.30156877694594,37.32488368037345,118067600
2017-08-30,38.08256912231445,38.2084603428615,37.91004809818634,38.18747906566275,109078400
2017-08-31,38.234107971191406,38.35533906569599,38.11287687668682,38.15017929920435,107140400
2017-09-01,38.24577331542969,38.45326319213896,38.14785710413093,38.42062445503937,66364400
2017-09-05,37.786495208740234,38.29239738351499,37.43212925668109,38.17582996377826,117874000
2017-09-06,37.74686050415039,37.99864654293107,37.42280323853875,37.93336907628665,86606800
2017-09-07,37.595314025878906,37.82378867572925,37.38549414300479,37.788816323680564,87714000
2017-09-08,36.982177734375,37.56967492105878,36.958862829370304,37.502067388313236,114446000
2017-09-11,37.65129089355469,37.77951581549943,37.27594351696554,37.41815596542122,126323200
2017-09-12,37.502071380615234,38.22479082443765,37.014820407399995,37.9100573601444,286856000
2017-09-13,37.219966888427734,37.29224165973439,36.81431464047578,37.27125682555916,179629600
2017-09-14,36.90058135986328,37.16169123643117,36.85628517208367,37.06610865777309,95042800
2017-09-15,37.27360153198242,37.5277176686415,36.83530686885993,36.94488053464055,196458400
2017-09-18,36.99150085449219,37.4181379949622,36.835300954542234,37.32721555895089,113077600
2017-09-19,37.00548553466797,37.24794771699612,36.93787800840331,37.187330392736726,83242400
2017-09-20,36.38534927368164,36.89591148810429,35.863126050647985,36.811982819355215,211805600
2017-09-21,35.760555267333984,36.322411121667834,35.61134910242329,36.322411121667834,150046800
2017-09-22,35.41084671020508,35.499439077763675,35.10077698110493,35.329248102469,186581600
2017-09-25,35.098453521728516,35.396865854855974,34.774396211971876,34.967898570654704,177549200
2017-09-26,35.70227813720703,35.88412307305742,35.36423324658035,35.38521453363472,146640000
2017-09-27,35.95637512207031,36.07061244173676,35.79551155917314,35.856128876991974,102016800
2017-09-28,35.73490524291992,35.96804006499396,35.59968661923437,35.877117626679286,88022000
2017-09-29,35.93073654174805,35.93307016660472,35.43649187240753,35.718586563733275,105199200
2017-10-02,35.858463287353516,36.007669418176675,35.604347207215675,35.9633732366682,74795200
2017-10-03,36.014671325683594,36.15688372921722,35.88178630844872,35.905097659484454,64921200
2017-10-04,35.78152847290039,35.87012083615752,35.54373353577037,35.81650082766994,80655200
2017-10-05,36.2268180847168,36.23847553672031,35.914418292210044,35.944723398593304,85135200
2017-10-06,36.205841064453125,36.25013725286414,36.033320003630024,36.12890614100588,69630400
2017-10-09,36.33173751831055,36.53922741163713,36.250142447704626,36.32474375675449,65051600
2017-10-10,36.34572219848633,36.83530681325023,36.159217161772034,36.38302462877141,62468000
2017-10-11,36.497257232666016,36.59750349897214,36.31074866289442,36.36203860851548,67622400
2017-10-12,36.36903762817383,36.68843124334951,36.306090220834726,36.45063625092287,64500400
2017-10-13,36.59983444213867,36.66744197058261,36.464615827895976,36.539217115925325,65576800
2017-10-16,37.27360153198242,37.30157657606069,36.753708247157576,36.81199196055767,96486000
2017-10-17,37.4111442565918,37.50439676017066,37.12205580372936,37.25028066416653,75989200
2017-10-18,37.24560546875,37.467086321718284,37.208306613250926,37.39947525375305,65496800
2017-10-19,36.3643684387207,36.62081816515201,36.1405610023398,36.54388324722262,170336800
2017-10-20,36.42732620239258,36.77702853393554,36.35971865019761,36.51125490425713,95896400
2017-10-23,36.40866470336914,36.763030628659415,36.25246479960394,36.576522059698476,87937200
2017-10-24,36.62548065185547,36.70008194240806,36.41565718513173,36.43663846459762,71028800
2017-10-25,36.46461868286133,36.730392239980006,36.19884512574264,36.58118609488452,84828400
2017-10-26,36.697750091552734,36.79566628165683,36.55087402771921,36.6557839773054,68002000
2017-10-27,38.01262664794922,38.14085148861399,36.99848893047398,37.1360375971169,177816800
2017-10-30,38.86823272705078,39.18296611854663,38.16882835248632,38.208460840162424,178803200
2017-10-31,39.40910720825195,39.551319586418295,38.91952623556408,39.14333366383427,144187200
2017-11-01,38.90785598754883,39.61891764452872,38.60944380975952,39.60259650546264,134551200
2017-11-02,39.19229507446289,39.28321751276203,38.53252310122351,38.84026277383908,165573600
2017-11-03,40.215755462646484,40.62607145512483,39.894028280591726,40.5654576840608,237594400
2017-11-06,40.62374496459961,40.796266023002474,40.033914117133875,40.18545033681438,140105200
2017-11-07,40.75429916381836,40.85687905844864,40.47220801094028,40.544479239242015,97446000
2017-11-08,41.08768081665039,41.08768081665039,40.64239246904859,40.7193273843951,97638000
2017-11-09,41.00375747680664,41.05504742704472,40.36496672397675,40.82424265097337,117930400
2017-11-10,40.86804962158203,41.0341719661069,40.77446188137926,40.97099827789114,100582000
2017-11-13,40.704261779785156,40.828267119235015,40.57089552595637,40.59429424176089,67928400
2017-11-14,40.08891677856445,40.58961865361651,40.05148025684352,40.48667000395555,99130000
2017-11-15,39.560142517089844,39.850270228825735,39.3963621839097,39.76837827716392,116632400
2017-11-16,40.03277587890625,40.21293249207959,39.845596792225884,40.05149057444457,94550000
2017-11-17,39.81048583984375,40.100613508945926,39.691160951092115,40.018721569317975,87598000
2017-11-20,39.77070999145508,39.90641469316812,39.67244180817521,39.843241014580016,65049600
2017-11-21,40.51006317138672,40.64108740931225,39.95788704717005,39.95788704717005,100525200
2017-11-22,40.935909271240234,40.945266618461126,40.4890200758842,40.56155111981388,102355600
2017-11-24,40.93825149536133,41.062256885815216,40.86337843010541,40.96866912438958,56106800
2017-11-27,40.73234558105469,40.963980061627794,40.55686588762935,40.95696115950226,82867200
2017-11-28,40.49370193481445,40.91485040705226,40.210593082113746,40.78148767621537,105715200
2017-11-29,39.65373611450195,40.45860366514823,39.11092070578444,40.390753077862556,166665600
2017-11-30,40.208248138427734,40.276098715053735,39.41039961629005,39.87600344692711,166108800
2017-12-01,40.02106475830078,40.16612681204002,39.424433156736974,39.76369314346366,159037200
2017-12-04,39.72859573364258,40.38839739869547,39.688820772464105,40.3556413383048,130169600
2017-12-05,39.69116973876953,40.13104001218324,39.40104200543269,39.5554650039899,109400800
2017-12-06,39.543766021728516,39.82219439660401,38.9471378700168,39.19046816116915,114240000
2017-12-07,39.616294860839844,39.87834337776579,39.52036511084257,39.54844071761512,102693200
2017-12-08,39.62799072265625,40.009367709349114,39.49930847795134,39.8900428102044,93420800
2017-12-11,40.40010070800781,40.451575032247945,39.492284702474436,39.588214449480425,141095200
2017-12-12,40.17314910888672,40.33459099273524,40.116997893734805,40.27843620743994,77636800
2017-12-13,40.3065185546875,40.6036616119481,40.24334486253051,40.360331330154146,95273600
2017-12-14,40.2948112487793,40.50772743470711,40.16144498831584,40.33692465515115,81906000
2017-12-15,40.704261779785156,40.75105564125142,40.350964020050625,40.62471185827822,160677200
2017-12-18,41.277503967285156,41.46000256744993,40.91250676695561,40.91718722520547,117684400
2017-12-19,40.83763122558594,41.03650963242742,40.732344127317134,40.9522792397837,109745600
2017-12-20,40.79317855834961,41.0435277172431,40.53580692757751,40.91484190185705,93902400
2017-12-21,40.94760513305664,41.18392009998116,40.73469245958435,40.751068709785024,83799600
2017-12-22,40.94760513305664,41.04353490041919,40.82828021252971,40.870393630311945,65397600
2017-12-26,39.90876388549805,40.11933809181154,39.70052455306013,39.962576659085975,132742000
2017-12-27,39.91579055786133,39.95790397926457,39.70755475503096,39.79880407154889,85992800
2017-12-28,40.02808380126953,40.208243932293136,39.88769863447187,40.0093655410203,65920800
2017-12-29,39.595245361328125,39.913448748540425,39.59290691684177,39.89707249684745,103999600
2018-01-02,40.3041877746582,40.31354869395776,39.60226877326652,39.81284661577082,102223600
2018-01-03,40.297157287597656,40.839976206320266,40.23398716613362,40.36734988159022,118071600
2018-01-04,40.48433303833008,40.587281691749936,40.262059483979016,40.369685025177354,89738400
2018-01-05,40.94525146484375,41.03182028263807,40.48900509112116,40.58025436586567,94640000
2018-01-08,40.79317855834961,41.08798314166222,40.694906793768766,40.79317855834961,82271200
2018-01-09,40.78850555419922,40.959304811209066,40.57325086464644,40.839979889760095,86336000
2018-01-10,40.779136657714844,40.78147867169188,40.477313176567634,40.51474969876762,95839600
2018-01-11,41.010765075683594,41.059900950094274,40.82592807605676,40.849323221374874,74670800
2018-01-12,41.434268951416016,41.497442647697724,41.0973473314388,41.22135270960487,101672400
2018-01-16,41.22370147705078,41.97241432734817,41.21200211357929,41.62379328870673,118263600
2018-01-17,41.904544830322266,41.93963933476282,40.9616343961619,41.21432196841968,137547200
2018-01-18,41.94198226928711,42.138522225627405,41.705670917084234,41.967719432013624,124773600
2018-01-19,41.75481033325195,42.01685887036376,41.50913804463785,41.78990484442101,129700400
2018-01-22,41.41320037841797,41.59569894193177,41.31961265307756,41.483392957494715,108434400
2018-01-23,41.42256164550781,41.98409876115503,41.37109089079645,41.48339688586861,130756400
2018-01-24,40.76276397705078,41.48340102680674,40.52411058982438,41.47170166632772,204420400
2018-01-25,40.03511047363281,40.93356571913233,39.899405738092184,40.83061705285022,166116000
2018-01-26,40.12869644165039,40.24334446403802,39.78943640292996,40.24334446403802,156572000
2018-01-29,39.2981071472168,39.81284703968927,39.089871317392465,39.81284703968927,202561600
2018-01-30,39.06645584106445,39.16004357406714,38.535336352409104,38.7295342900257,184192800
2018-01-31,39.174072265625,39.41038712722927,38.956479230438624,39.04304804183849,129915600
2018-02-01,39.25598907470703,39.45252553497012,39.01733561859066,39.11326540400881,188923200
2018-02-02,37.55265426635742,39.026684400187065,37.45906652490365,38.839505347136026,346375200
2018-02-05,36.61442947387695,38.343489490275864,36.49978143923265,37.22509903691603,290954000
2018-02-06,38.144596099853516,38.30603794879191,36.03182140318713,36.22601931059545,272975200
2018-02-07,37.32803726196289,38.231172856032934,37.218073276522176,38.15864182365693,206434400
2018-02-08,36.30088806152344,37.66963073040576,36.27281246056751,37.50350842775057,217562000
2018-02-09,36.74491500854492,37.0926057952475,35.295416555680326,36.8999676132487,282690400
2018-02-12,38.224952697753906,38.502164684443535,37.00333010270935,37.235908995126586,243278000
2018-02-13,38.607879638671875,38.70420051241455,37.975925806374015,38.0464045819101,130196800
2018-02-14,39.31972122192383,39.35965837198759,38.26490154423205,38.30248713066223,162579600
2018-02-15,40.640018463134766,40.66350900967962,39.70265854775744,39.88824927967668,204588800
2018-02-16,40.50843048095703,41.06990903078648,40.35338150172052,40.491987467345076,160704400
2018-02-20,40.37217712402344,40.938348059316176,40.27115672319348,40.419161773030865,135722000
2018-02-21,40.18893814086914,40.90546216900995,40.17483951865487,40.6024081083395,149886400
2018-02-22,40.52488327026367,40.86552649965354,40.33929262849657,40.360435185527116,123967600
2018-02-23,41.22966384887695,41.264901443927855,40.76920562691521,40.799747265758924,135249600
2018-02-26,42.04484176635742,42.143510573615735,41.396445210932306,41.429334813351744,152648800
2018-02-27,41.908599853515625,42.399596100612726,41.85456768273009,42.075399491200336,155712400
2018-02-28,41.84517288208008,42.43249005630509,41.82872986524554,42.112989370138706,151128400
2018-03-01,41.112186431884766,42.23513615164839,40.56245862792312,41.94382565443969,195208000
2018-03-02,41.396453857421875,41.417596409529466,40.513126777031374,40.595352592603405,153816000
2018-03-05,41.53976058959961,41.75589282632542,40.99942820543574,41.161528279154766,113605600
2018-03-06,41.50452423095703,41.87570906687499,41.37766531511881,41.79583480191392,95154000
2018-03-07,41.11924743652344,41.311889179650166,40.94070431594449,41.09810487975081,126814000
2018-03-08,41.56796646118164,41.61025158273074,41.12865430315472,41.2249716082499,95096400
2018-03-09,42.28213882446289,42.286838365775004,41.673679066083274,41.80758910823076,128740800
2018-03-12,42.69091796875,42.84831856679929,42.336179628492644,42.35497062657902,128828400
2018-03-13,42.27978515625,43.109076643598875,42.10828956078416,42.895292351414525,126774000
2018-03-14,41.920352935791016,42.409001275131494,41.77234785465769,42.362016616189074,117473600
2018-03-15,41.96967697143555,42.34321335751653,41.83342256383751,41.93443938062553,90975200
2018-03-16,41.821678161621094,42.080095541605395,41.72770527232746,41.969679637122375,157618800
2018-03-19,41.18268585205078,41.69247678950339,40.79740588350734,41.6572391887555,133787200
2018-03-20,41.1685791015625,41.53506438389557,41.098100335414074,41.1685791015625,78597600
2018-03-21,40.23591232299805,41.133330796665305,40.23356076089134,41.12158374022681,148219600
2018-03-22,39.667396545410156,40.56716314673629,39.60866483810851,39.937560965118145,165963200
2018-03-23,38.748836517333984,39.91877126601318,38.748836517333984,39.55933346018585,164115200
2018-03-26,40.58832550048828,40.66585181526154,39.10123764736558,39.484169679054624,150164800
2018-03-27,39.54759216308594,41.147443725030264,39.213996406406345,40.80210090680353,163690400
2018-03-28,39.110633850097656,39.94227718010619,38.80757969117279,39.29152858782049,166674000
2018-03-29,39.41603088378906,40.34869086628051,39.20929408624951,39.42307840327794,153594000
2018-04-02,39.15760803222656,39.68854503990623,38.638421669404664,39.1482125349196,150347200
2018-04-03,39.559326171875,39.64389996852914,38.73473434302113,39.38313106090376,121112000
2018-04-04,40.315799713134766,40.40976902587753,38.708900806216754,38.73474290492594,138422000
2018-04-05,40.595367431640625,40.93131116470009,40.426219783553385,40.54368322890842,107732800
2018-04-06,39.55698776245117,40.52018578459094,39.514699061545755,40.16544749918795,140021200
2018-04-09,39.94931411743164,40.66349020989333,39.90232946136302,39.90937698053834,116070800
2018-04-10,40.70107650756836,40.87727164396476,40.297002041323346,40.64234479543622,113634400
2018-04-11,40.51078796386719,40.858478709963855,40.336940798469165,40.461451746423364,89726400
2018-04-12,40.910160064697266,41.11219729191981,40.651739104982695,40.7386644739953,91557200
2018-04-13,41.048770904541016,41.30953987307731,40.84203769697408,41.06051796495608,100497200
2018-04-16,41.304840087890625,41.3917618744456,41.07226121814989,41.1192458707553,86313600
2018-04-17,41.87336349487305,42.03781157474124,41.44344692448237,41.462241502852926,106421600
2018-04-18,41.77939224243164,42.00962314798059,41.55386446253399,41.772344723353555,83018000
2018-04-19,40.595367431640625,41.203827218251746,40.56247781032921,40.82089523929037,139235200
2018-04-20,38.932071685791016,40.22416915558696,38.86394090267961,40.078515678822626,261964400
2018-04-23,38.81931686401367,39.21399228063409,38.549148815653716,39.192849722893605,146062000
2018-04-24,38.27899169921875,39.07539378926643,37.874917122911945,38.920341166676565,134768000
2018-04-25,38.44577407836914,38.8615955688351,38.1544671050226,38.20379973161242,113528400
2018-04-26,38.57969284057617,38.934431141828505,38.380003557038926,38.55619871850129,111852000
2018-04-27,38.13333511352539,38.605536879463116,37.73630808954247,38.5280105743629,142623200
2018-04-30,38.82400894165039,39.29386262956207,38.02055956548532,38.08869035766404,169709600
2018-05-01,39.72612762451172,39.74961815624155,38.826357452714966,39.09417389038745,214277600
2018-05-02,41.481040954589844,41.758252952550066,40.830292492766674,41.16623621077268,266157600
2018-05-03,41.55622482299805,41.69953039478505,40.98065455702421,41.318949912370606,136272800
2018-05-04,43.18660354614258,43.28527239361948,41.85691670617901,41.875711284464984,224805200
2018-05-07,43.499053955078125,44.08871902485771,43.40273309167816,43.50374991083004,169805600
2018-05-08,43.70814514160156,43.748082279576245,43.149018040556854,43.459123231465554,113611200
2018-05-09,44.015892028808594,44.02528752495806,43.51314874438485,43.825601865665355,92844800
2018-05-10,44.645511627197266,44.723037943266775,44.084036415088164,44.10518256288925,111957200
2018-05-11,44.47569274902344,44.82236714269352,44.20684358643458,44.68794436066,104848800
2018-05-14,44.37194061279297,44.69739103369072,44.303550683014535,44.574756968080656,83115200
2018-05-15,43.96866989135742,44.1172457139255,43.65265478802756,44.048852183511606,94780800
2018-05-16,44.37900161743164,44.4450380927892,43.86488799085089,43.88139800932075,76732400
2018-05-17,44.098365783691406,44.55116421714171,43.949790004496656,44.33655555797642,69176000
2018-05-18,43.9379997253418,44.29174885556378,43.89555155700583,44.14553369993248,73190800
2018-05-21,44.249298095703125,44.63606364482012,44.07949823525937,44.336555057853765,73603200
2018-05-22,44.13847351074219,44.54410626791775,44.04885588344051,44.426189852425395,60962800
2018-05-23,44.42146301269531,44.45447945827249,43.808296339379034,43.94744041579675,80233600
2018-05-24,44.37194061279297,44.534665823241845,43.914427996002615,44.5181593982014,92936000
2018-05-25,44.473331451416016,44.72567057175854,44.25400516694792,44.390788566165575,69844000
2018-05-29,44.312984466552734,44.51344379856481,44.070076955162946,44.242237500923224,90056400
2018-05-30,44.21863555908203,44.336551920572916,44.048835710653414,44.270519046019764,74762000
2018-05-31,44.070072174072266,44.39080491138191,43.897915245512195,44.15261508971598,109931200
2018-06-01,44.86482238769531,44.86953645162613,44.277597561320896,44.33419871518947,93770000
2018-06-04,45.23979568481445,45.614768883892694,45.12659697535202,45.194986887719175,105064800
2018-06-05,45.58882522583008,45.7374009997512,45.364784848273516,45.53222767273398,86264000
2018-06-06,45.746829986572266,45.770414697964746,45.26101515946964,45.66429069374203,83734400
2018-06-07,45.62421417236328,45.798728137869944,45.360078994572234,45.78457874591241,85388800
2018-06-08,45.209136962890625,45.279887506824466,44.7539814876387,45.08414589463377,106627200
2018-06-11,45.098297119140625,45.27281465481039,44.85775029790672,45.12659949697931,73234000
2018-06-12,45.34591293334961,45.423738159030144,45.0794208210364,45.13602196658267,67644400
2018-06-13,44.97331237792969,45.487429731871785,44.91199714793704,45.378945065014086,86553600
2018-06-14,44.996891021728516,45.17848325327996,44.86010759003595,45.17376559052578,86440400
2018-06-15,44.5346565246582,44.84595748808827,44.397873095137925,44.81529807845651,246876800
2018-06-18,44.51108169555664,44.624280426192385,44.14789718692126,44.30826535396777,73939600
2018-06-19,43.791786193847656,43.94271901773257,43.26351951098928,43.662077454917885,134314000
2018-06-20,43.98280334472656,44.14788553301849,43.801211138344534,43.94742987527894,82514800
2018-06-21,43.73755645751953,44.41911316457801,43.61492238331721,44.15969562271218,102847600
2018-06-22,43.61018371582031,43.90025693763943,43.55830023243523,43.89318224431615,108801600
2018-06-25,42.96165466308594,43.61019477128706,42.62205490339157,43.25172795844052,126652400
2018-06-26,43.49462890625,43.989879081387414,43.04890518803509,43.15503279593732,98276800
2018-06-27,43.430965423583984,44.16676254218602,43.40030601080136,43.68330462576194,101141200
2018-06-28,43.746971130371094,43.9144139509313,43.34605621168392,43.41680674992798,69460800
2018-06-29,43.65498733520508,44.14551973914057,43.13615616132829,43.933268169017495,90950800
2018-07-02,44.143165588378906,44.171467960995365,43.25643588103166,43.350771125550494,70925200
2018-07-03,43.37435531616211,44.32476093119673,43.28473772713927,44.28702683071112,55819200
2018-07-05,43.72339630126953,43.96158971391458,43.45926473721124,43.690379855762245,66416800
2018-07-06,44.329490661621094,44.43797173189767,43.67623281339386,43.728116316055825,69940800
2018-07-09,44.94501495361328,44.96859607423602,44.64314926086812,44.69031510063651,79026400
2018-07-10,44.890777587890625,45.110100377637,44.85068284280704,44.97567754487832,63756400
2018-07-11,44.308265686035156,44.7563465471134,44.244589825221624,44.45448086414058,75326000
2018-07-12,45.05113983154297,45.140757447737556,44.64550712464103,44.697390628909154,72164400
2018-07-13,45.121883392333984,45.24215680710404,45.02047343207802,45.062925201040784,50055600
2018-07-16,45.02283477783203,45.43318149269543,44.90727542559399,45.166692910813076,60172400
2018-07-17,45.15018081665039,45.24923014322557,44.6195571109476,44.749265847601635,62138000
2018-07-18,44.902549743652344,45.23271772028795,44.791708074173755,45.228000058165804,65573600
2018-07-19,45.2515869140625,45.40959441668274,44.73511264213496,44.73511264213496,81147200
2018-07-20,45.1478271484375,45.38129929328812,44.84831851576083,45.228009428517055,82704800
2018-07-23,45.18791580200195,45.27045870835064,44.70445791879335,44.96858946147332,63957600
2018-07-24,45.515716552734375,45.67136701702628,45.29167618059886,45.386007832491124,74791600
2018-07-25,45.9449348449707,45.95200953909044,45.38129115760423,45.52986693116255,66839600
2018-07-26,45.80108642578125,46.21379379653587,45.65958531639916,45.89541809968751,76304000
2018-07-27,45.039337158203125,46.032194609591265,44.83180678717591,45.98502877974518,96096000
2018-07-30,44.78700256347656,45.327058027636596,44.58890389877771,45.25630747638057,84118000
2018-07-31,44.876617431640625,45.31290950732972,44.65257701379592,44.878978062458756,157492000
2018-08-01,47.520301818847656,47.58161704185553,46.53216196456808,46.96137932119036,271742800
2018-08-02,48.90935134887695,49.14282705476914,47.24909045809848,47.303330980206844,249616000
2018-08-03,49.05084991455078,49.22772445882845,48.458907469980886,48.82444891452577,133789600
2018-08-06,49.3055534362793,49.3480016028406,48.8338879490359,49.05321067331347,101701600
2018-08-07,48.84333038330078,49.40697062018199,48.76078746552856,49.36452244431482,102349600
2018-08-08,48.8763313293457,49.00839707707768,48.23250900989143,48.59333278441692,90102000
2018-08-09,49.26074981689453,49.472997869054055,48.86454889473496,49.41403967695169,93970400
2018-08-10,49.11402130126953,49.48557902120588,48.9104936737248,49.07378955771502,98444800
2018-08-13,49.43115234375,49.92340537094262,49.154260693043554,49.535283277925444,103563600
2018-08-14,49.639400482177734,49.83109437109607,49.28677602737051,49.73643188137967,82992000
2018-08-15,49.755367279052734,49.8736972019481,49.30334610691821,49.51397322522625,115230400
2018-08-16,50.484283447265625,50.600244468404085,50.04646125852407,50.11272573092973,114001600
2018-08-17,51.492454528808594,51.5800175244301,50.446418345260085,50.51268281942928,141708000
2018-08-20,50.99074172973633,51.871113202452875,50.90790932338679,51.615523697848836,121150800
2018-08-21,50.89133071899414,51.40015154482209,50.65230557912929,51.30785435109778,104639200
2018-08-22,50.893707275390625,51.20373113650399,50.60734723529338,50.66888111445021,76072400
2018-08-23,50.99782943725586,51.367018204194856,50.78720232734104,50.799032430245035,75532800
2018-08-24,51.1563835144043,51.33150945623105,50.907890000817105,51.260514404756414,73905600
2018-08-27,51.57763671875,51.7669652785152,51.19661430126148,51.39067345694291,82100400
2018-08-28,51.99416732788086,52.192960731402756,51.809572937304424,51.83087145672263,91107200
2018-08-29,52.77042007446289,52.89111892678054,51.9255461639556,52.10067216748591,109019200
2018-08-30,53.25556564331055,54.01997594606434,52.63314908356902,52.83431140009816,195175200
2018-08-31,53.87088394165039,54.164339850677784,53.48512722248886,53.60582244851051,173360400
2018-09-04,54.04365921020508,54.237718465857164,53.634238561736254,54.05549292837571,109560400
2018-09-05,53.691017150878906,54.353665430113836,53.272131830936814,54.19273847104645,133332000
2018-09-06,52.7988166809082,53.80462109487018,52.37282820688396,53.539559593731255,137160000
2018-09-07,52.37282180786133,53.33602545116315,52.23319337295159,52.50298543834602,150479200
2018-09-10,51.669952392578125,52.502996187083596,51.22976486827535,52.29000012691845,158066000
2018-09-11,52.9763298034668,53.082826055826104,51.251076792898274,51.59423298878677,142996000
2018-09-12,52.31839370727539,53.248465165484035,52.02729949768136,53.23426615255607,197114800
2018-09-13,53.582157135009766,54.041277818620834,52.67338418396215,52.89821031768042,166825600
2018-09-14,52.97393798828125,53.683917511891266,52.661548875687,53.425959151653856,127997200
2018-09-17,51.56344985961914,52.763313434962186,51.41908720503265,52.573984830581786,148780400
2018-09-18,51.64864730834961,52.502989516991164,51.383585819005404,51.542147486225396,126286800
2018-09-19,51.67940139770508,51.975226159309635,50.95285766099817,51.71016832847742,108495200
2018-09-20,52.072261810302734,52.60474642477888,51.86400000551983,52.121961963223164,106435200
2018-09-21,51.51137924194336,52.38701988693208,51.4238126496448,52.24975675278797,384986800
2018-09-24,52.25212478637695,52.36335520071056,51.26762259076125,51.31258853840368,110773600
2018-09-25,52.58344268798828,52.73253952080937,51.994158473109636,52.005992185596426,98217600
2018-09-26,52.16457748413086,52.952655426156824,52.008381075193746,52.3018406667292,95938800
2018-09-27,53.23662567138672,53.58925010243366,52.902934459235816,52.96920253094307,120724800
2018-09-28,53.4235954284668,53.44725924659931,53.016540200703474,53.198765683780366,91717600
2018-10-01,53.7833137512207,54.29449987051598,53.56795604203852,53.94660961803524,94403200
2018-10-02,54.26136779785156,54.4317631714536,53.634220666637496,53.78094861179492,99152800
2018-10-03,54.92164993286133,55.2529722591602,54.37969688559939,54.44359605250793,114619200
2018-10-04,53.956077575683594,54.9879146101768,53.65788386972213,54.616356932476414,128168000
2018-10-05,53.08042907714844,54.055469984480176,52.202423173171816,53.948973788434415,134322000
2018-10-08,52.957366943359375,53.201126259912016,52.11248968434598,52.588178215809435,118655600
2018-10-09,53.691017150878906,53.78568325427967,52.597649837383955,52.92660687302358,107564000
2018-10-10,51.20372009277344,53.56795305429234,51.13035612450343,53.357325953618734,167962400
2018-10-11,50.75170135498047,51.946834254825696,50.247618357424,50.76826927692951,212497600
2018-10-12,52.56452560424805,52.746754721279835,51.317327037082954,52.164569832970635,161351600
2018-10-15,51.44038772583008,52.498257597389845,51.419089204933876,52.33969592325769,123164000
2018-10-16,52.57398986816406,52.772786907940514,51.29839328438548,51.81194478059316,116736000
2018-10-17,52.3467903137207,52.68994635769821,51.90896816755255,52.60948287919308,91541600
2018-10-18,51.12326431274414,52.00363928676678,50.408550519609015,51.55871759140356,130325200
2018-10-19,51.90186309814453,52.363349012038746,51.456941493394126,51.60603833139924,132314800
2018-10-22,52.218997955322266,52.860347780678396,51.81431160695901,52.01547032624564,115168400
2018-10-23,52.711238861083984,52.834302974316415,50.81086086158225,51.078287604430955,155071200
2018-10-24,50.90316390991211,53.066234694184615,50.77300027621806,52.68048161214551,163702000
2018-10-25,52.01784133911133,52.391764375608986,51.29602799685772,51.523223066162,119423200
2018-10-26,51.18953323364258,52.11014003080295,50.33045670583249,51.09486711409227,189033600
2018-10-29,50.22869110107422,51.99180637497226,48.77323076308927,51.873476442346316,183742000
2018-10-30,50.479557037353516,50.92447519064813,49.52581793594985,49.97073608924447,146640000
2018-10-31,51.79537582397461,52.171664125400724,51.265256450664545,51.326790323875244,153435600
2018-11-01,52.590545654296875,52.62367788475514,51.31021515740563,51.840334455880125,233292800
2018-11-02,49.10219192504883,50.562382982053656,48.61703843860605,49.59207962031137,365314800
2018-11-05,47.708251953125,48.3709001672699,46.89887580704983,48.349601650275304,264654800
2018-11-06,48.224185943603516,48.44901211289893,47.731932947771526,47.78636371038881,127531600
2018-11-07,49.686737060546875,49.712769789684685,48.30937854826853,48.74483182553473,133697600
2018-11-08,49.513370513916016,49.900469550137,49.1001442948678,49.86722171346018,101450400
2018-11-09,48.55868148803711,48.92440772185427,48.03146315999094,48.815166373876544,137463200
2018-11-12,46.112571716308594,47.46149160971139,46.02232604202068,47.259627429985954,204542000
2018-11-13,45.65185546875,46.827408453582805,45.46661699229114,45.509366284258455,187531600
2018-11-14,44.36232376098633,46.18621196226548,44.155708764498364,46.04846983918809,243204000
2018-11-15,45.457122802734375,45.59011416840596,44.38606035126789,44.739915225013526,185915200
2018-11-16,45.9605712890625,46.30255100942695,44.99400713028098,45.240990470687876,147713200
2018-11-19,44.139060974121094,45.28849007543994,43.93244972157282,45.122250928346986,167701200
2018-11-20,42.030208587646484,43.09652044205455,41.68110439834949,42.36031349042638,271300800
2018-11-21,41.982696533203125,42.81152243279849,41.9280758696672,42.683278202549936,124496800
2018-11-23,40.91640090942383,41.939967101500436,40.87128168001678,41.54574005409915,94496000
2018-11-26,41.46973419189453,41.548104874515914,40.434296833953724,41.37949212830179,179994000
2018-11-27,41.37948989868164,41.50535696963446,40.581538183046156,40.73115163840486,165549600
2018-11-28,42.97064971923828,43.05376751403634,41.543358788745984,41.9708336400061,184250000
2018-11-29,42.640533447265625,43.41236152494973,42.201183707394755,43.379113691168406,167080000
2018-11-30,42.4101676940918,42.82576738444724,42.042064386457206,42.81626593365804,158126000
2018-12-03,43.89208984375,43.92058695583574,43.034766692325256,43.80659488375015,163210000
2018-12-04,41.961334228515625,43.31500152005368,41.86159070426997,42.97302165192976,165377200
2018-12-06,41.49349594116211,41.50774450135325,40.472306850453954,40.7905367738684,172393600
2018-12-07,40.01395034790039,41.438863958560475,39.96882750376399,41.2013783567838,169126400
2018-12-10,40.277557373046875,40.39392299254589,38.78852171429132,39.18512221335925,248104000
2018-12-11,40.04719161987305,40.79764324437658,39.66008899286023,40.76677258535312,189126800
2018-12-12,40.158817291259766,40.828524813618266,40.13981800799348,40.46754567904434,142510800
2018-12-13,40.59815216064453,40.98288119790583,40.26567385559575,40.48891084201782,127594400
2018-12-14,39.29912185668945,40.15407159200264,39.25162545444832,40.13507230635754,162814800
2018-12-17,38.93339920043945,39.980711817832336,38.64603996093328,39.292001238072864,177151600
2018-12-18,39.43922805786133,39.78595494062072,39.040250439096134,39.27536244428323,135366000
2018-12-19,38.20906066894531,39.766965732375674,37.78158583477407,39.422612313422675,196189200
2018-12-20,37.244873046875,38.49879692576656,36.8815203105907,38.09269489029062,259092000
2018-12-21,35.79621124267578,37.56073151799907,35.53497920022275,37.251999446242344,382978400
2018-12-24,34.87001037597656,35.99094267515283,34.813012528584636,35.183489477275636,148676800
2018-12-26,37.32561492919922,37.339863486779244,34.843890893788085,35.219118612948485,234330000
2018-12-27,37.08336639404297,37.230609896054816,35.63945746965547,37.00974645490796,212468400
2018-12-28,37.102378845214844,37.64622296552479,36.70340472744858,37.403986609027776,169165600
2018-12-31,37.46098327636719,37.845708823973354,37.16174907379083,37.64859532308761,140014000
2019-01-02,37.50372314453125,37.72458662290483,36.62740075617171,36.78414211195393,148158800
2019-01-03,33.768089294433594,34.60641345184163,33.72296643560102,34.193187065618154,365248800
2019-01-04,35.20961380004883,35.278486653439785,34.15043005188284,34.32379352547417,234428400
2019-01-07,35.13123321533203,35.34497236963013,34.649137872444925,35.31409809069179,219111200
2019-01-08,35.800960540771484,36.05507191717408,35.27136857362246,35.51835204691937,164101200
2019-01-09,36.40892028808594,36.69865303809117,35.53497493470445,35.92919831490206,180396400
2019-01-10,36.52527618408203,36.565648290377936,35.82706812801261,36.21654426234322,143122800
2019-01-11,36.16667556762695,36.501531088310195,35.98143711442818,36.306794806835,108092800
2019-01-14,35.622840881347656,35.924448615457706,35.43760239866407,35.824705095839064,129756800
2019-01-15,36.35192108154297,36.42791458616587,35.634713583499995,35.68696070331559,114843600
2019-01-16,36.796016693115234,37.01925372022599,36.33529408375769,36.35429336518652,122278800
2019-01-17,37.01450729370117,37.441982116151216,36.397043258635236,36.620280311678194,119284800
2019-01-18,37.24249267578125,37.49422682619904,37.043002022319946,37.4039811406747,135004000
2019-01-22,36.40655517578125,37.221129312229216,36.24506303033397,37.14513577958757,121576000
2019-01-23,36.55378341674805,36.84351614102213,36.02656509052752,36.60840409054777,92522400
2019-01-24,36.2640495300293,36.68677359804413,36.036065388764655,36.59890508773824,101766000
2019-01-25,37.46572494506836,37.5535970765076,36.6487775687618,36.92425809596469,134142000
2019-01-28,37.11899948120117,37.12612375920128,36.49203765099391,36.99787950771421,104768400
2019-01-29,36.734275817871094,37.553604147254646,36.59891089197935,37.10712999950282,166348800
2019-01-30,39.24449157714844,39.45822714683114,38.052312966631995,38.76952042341593,244439200
2019-01-31,39.527099609375,40.13506210044691,39.080625569606816,39.4487289349215,162958400
2019-02-01,39.546112060546875,40.13032473923101,39.40599277084796,39.6506063279521,130672400
2019-02-04,40.669410705566406,40.76678067534809,39.72659254412772,39.75746683302016,125982000
2019-02-05,41.365234375,41.57897355982607,40.930638975712235,41.05175531049415,144406400
2019-02-06,41.37948989868164,41.69534616359386,41.0493850783774,41.476856235107945,112958400
2019-02-07,40.59578323364258,41.30823993167424,40.453290444539384,40.942510130722376,126966800
2019-02-08,40.643489837646484,40.70311587039723,40.16886530680823,40.304814408336355,95280000
2019-02-11,40.40974807739258,40.834288725227694,40.36681908607748,40.796127195647315,83973600
2019-02-12,40.757965087890625,40.784200684194495,40.474144629498845,40.569548452096434,89134000
2019-02-13,40.58863830566406,41.13719862995303,40.52662853099256,40.877229955507104,89960800
2019-02-14,40.736507415771484,40.846217281030114,40.39783197721137,40.47653877930612,87342800
2019-02-15,40.645870208740234,40.95115518004431,40.486072890892316,40.84382905782214,98507200
2019-02-19,40.76750946044922,40.889148896685995,40.42406656800364,40.476537768089266,75891200
2019-02-20,41.029876708984375,41.33754916104075,40.781833945449016,40.8295340569806,104457600
2019-02-21,40.79851531982422,41.11095514343004,40.61725349372424,40.9750096836761,68998800
2019-02-22,41.254066467285156,41.26122130122351,40.87484571141324,40.92254581743053,75652800
2019-02-25,41.5545768737793,41.94572353268566,41.487796003181955,41.53788347577221,87493600
2019-02-26,41.57843017578125,41.809779499488094,41.30176447990518,41.430558762837144,68280800
2019-02-27,41.707210540771484,41.738217238147755,41.19681191554491,41.311296503110974,111341600
2019-02-28,41.2969856262207,41.71675519338844,41.24213069934181,41.57603864043286,112861600
2019-03-01,41.73106384277344,41.77399283512558,41.234974864095655,41.56649542685582,103544800
2019-03-04,41.94095230102539,42.39410868782575,41.4925633764932,41.902790767174956,109744800
2019-03-05,41.86463165283203,41.97672889044358,41.62851124268091,41.9624192242437,78949600
2019-03-06,41.623741149902344,41.855090443606244,41.485408319904245,41.65951531314144,83241600
2019-03-07,41.14196014404297,41.60465871287591,41.0274791869895,41.46870961945666,99185600
2019-03-08,41.23973846435547,41.27789998791673,40.42643873496161,40.62201381375069,95997600
2019-03-11,42.66838455200195,42.7208557482408,41.821697858468866,41.855088288867776,128044000
2019-03-12,43.147789001464844,43.56755501819949,42.7804905524479,42.93074933970799,129870400
2019-03-13,43.33858871459961,43.71780942231808,43.15016840672244,43.46737934842093,124130000
2019-03-14,43.82036209106445,43.9086110924784,43.5413127001033,43.86090735580744,94318000
2019-03-15,44.39038848876953,44.67898009371108,43.82275112158004,44.08749085728255,156171600
2019-03-18,44.84354782104492,44.93179318512388,44.31168098754593,44.3140683580027,104879200
2019-03-19,44.48817443847656,45.07489619113061,44.34268677569581,44.92225369569541,126585600
2019-03-20,44.87693405151367,45.19414495340022,44.05886306469387,44.41661922842223,124140800
2019-03-21,46.529762268066406,46.82550865122841,45.27046095796305,45.32054841838831,204136800
2019-03-22,45.56621170043945,47.14987887158073,45.50181457067001,46.58939274805469,169630800
2019-03-25,45.015281677246094,45.7880329159187,44.5048828613594,45.67593565660519,175381200
2019-03-26,44.55018615722656,46.00267911768265,44.0230940523578,45.71170377934582,199202000
2019-03-27,44.950870513916016,45.25853921871362,44.492943053204904,45.01765137448114,119393600
2019-03-28,45.010498046875,45.21084063526759,44.72667756034346,45.065352975754955,83121600
2019-03-29,45.303863525390625,45.33487023011922,44.96757179333069,45.275244191354744,94256000
2019-04-01,45.611534118652344,45.71647288572653,44.929412116605654,45.706934321186864,111448000
2019-04-02,46.274566650390625,46.37950903701482,45.56620917996109,45.57574774270704,91062800
2019-04-03,46.5917854309082,46.866063737526034,46.06707340893333,46.090925278762874,93087200
2019-04-04,46.672874450683594,46.835055514550795,46.06468818261306,46.45821854703762,76457200
2019-04-05,46.98531723022461,47.009169100776084,46.730116044604905,46.85413922076049,74106400
2019-04-08,47.724674224853516,47.75567728467312,46.82789643538214,46.846977201039394,103526800
2019-04-09,47.581565856933594,48.3805560125003,47.51716873376691,47.77714095718664,143072800
2019-04-10,47.84868621826172,47.87730918188847,47.26673569472371,47.38598773186565,86781200
2019-04-11,47.45038604736328,47.93932013983018,47.32875027655352,47.903545983498915,83603200
2019-04-12,47.43131637573242,47.73421764754132,46.796898139641456,47.51002317734974,111042800
2019-04-15,47.51716232299805,47.665037313255596,47.22618708191193,47.36213614144633,70146400
2019-04-16,47.521942138671875,48.02756966837451,47.35737372664653,47.57202960118193,102785600
2019-04-17,48.44734573364258,48.50697176693292,47.369306032753535,47.59111312973718,115627200
2019-04-18,48.621456146240234,48.69062074842897,48.30186145878901,48.44496176516435,96783200
2019-04-22,48.7812385559082,48.8790261008626,48.25891404522584,48.37578235304574,77758000
2019-04-23,49.48483657836914,49.54923371338613,48.63099134409102,48.7573982436491,93292000
2019-04-24,49.40851974487305,49.72334332507646,49.38228414324906,49.45621984620272,70162400
2019-04-25,48.96012496948242,49.55161416212724,48.92196343723849,49.32980707961694,74172800
2019-04-26,48.72639465332031,48.89334681703382,48.206453755716254,48.86949494823866,74596400
2019-04-29,48.80032730102539,49.12469304422843,48.62144921409616,48.75023983540025,88818800
2019-04-30,47.86063003540039,48.511745382518534,47.488564122761446,48.4306548403864,186139600
2019-05-01,50.20988082885742,51.352313790983374,49.90220852221569,50.05723836052837,259309200
2019-05-02,49.88313293457031,50.717897315952065,49.63986136370917,50.047701352042424,127985200
2019-05-03,50.50325393676758,50.52471843691336,50.140726608516964,50.298140221488424,83569600
2019-05-06,49.723331451416016,49.809193069019926,48.53558210729825,48.72399873630715,129772400
2019-05-07,48.38294982910156,49.47052812168986,47.898786717614094,49.103233348565844,155054800
2019-05-08,48.392486572265625,48.97443723236416,48.11820827819037,48.153982442014374,105358000
2019-05-09,47.8725471496582,48.10150906634315,46.90422100692585,47.79622408457386,139634400
2019-05-10,47.2093391418457,47.609178036306886,46.15348841724261,47.26680187205951,164834800
2019-05-13,44.46556854248047,45.36579626358833,43.77842680351272,44.94202086357993,229722400
2019-05-14,45.169471740722656,45.418469654624175,44.39134823649402,44.630770853179754,146118800
2019-05-15,45.710567474365234,45.909288693023,44.53739806425962,44.59725372096499,106178800
2019-05-16,45.50944519042969,46.08166501987308,45.21255987117796,45.468743789558665,132125600
2019-05-17,45.2508659362793,45.7057673600336,44.71455806184704,44.75525946053676,131516400
2019-05-20,43.83588790893555,44.13756275712424,43.1631109114661,43.938841538280705,154449200
2019-05-21,44.67625045776367,45.01144057519582,44.22134540890772,44.34584616108179,113459200
2019-05-22,43.76166534423828,44.46317550697471,43.70659916562799,44.211781030181115,118994400
2019-05-23,43.01467514038086,43.22536459286169,42.57174176662835,43.04819416600052,146118800
2019-05-24,42.84946823120117,43.608437527210064,42.76566884967899,43.143957042131575,94858800
2019-05-28,42.67228317260742,43.23732057790703,42.595669850740556,42.837485328671484,111792800
2019-05-29,42.46878433227539,42.94044717291875,42.13837995674067,42.238937015968816,113924800
2019-05-30,42.689048767089844,42.91171002345526,42.29878877414538,42.60524939880032,84873600
2019-05-31,41.91571807861328,42.61483166128946,41.89656383142089,42.19344552965514,108174400
2019-06-03,41.491939544677734,42.59807084717863,40.766489319881806,42.042612284986966,161584400
2019-06-04,43.009883880615234,43.05537476777668,41.78404110502101,42.00430950042937,123872000
2019-06-05,43.704193115234375,44.290781318198384,43.36900298779642,44.120789690734455,119093600
2019-06-06,44.345848083496094,44.40570372515362,43.61081905035835,43.83348393703956,90105200
2019-06-07,45.526206970214844,45.94998600483363,44.477538442467015,44.65470883240894,122737600
2019-06-10,46.10799789428711,46.775985241565984,45.87815062499317,45.9236414967606,104883600
2019-06-11,46.64192199707031,46.92683551148941,46.352222660423585,46.65389385923823,107731600
2019-06-12,46.49347686767578,46.919648817978434,46.30193805046919,46.436014126524086,73012800
2019-06-13,46.48390197753906,47.11597757221876,46.35222245417614,46.615585154201376,86698400
2019-06-14,46.14632034301758,46.34982739236637,45.56212852455843,45.86140682062975,75046000
2019-06-17,46.42164611816406,46.67783004464345,46.009838968534694,46.18461643739985,58676400
2019-06-18,47.51340866088867,47.95394531637442,46.737681866076485,46.93879594967235,106204000
2019-06-19,47.374549865722656,47.85579164174734,47.240473790931375,47.8079041979227,84496800
2019-06-20,47.75522994995117,48.03056445872031,47.41285375699523,47.9731017236882,86056000
2019-06-21,47.59242630004883,48.08803285817052,47.44158888613369,47.59721577519034,191202400
2019-06-24,47.544532775878906,47.922820862039956,47.44636864871783,47.53495382755675,72881600
2019-06-25,46.82388687133789,47.70735333308996,46.75684517194282,47.50863210598545,84281200
2019-06-26,47.83663558959961,48.12154906442843,47.25005095787499,47.350608010173595,104270000
2019-06-27,47.822269439697266,48.26041321777397,47.7815680377949,47.953948941552476,83598800
2019-06-28,47.386531829833984,47.76482006624837,47.17823528732283,47.56849173394604,124442400
2019-07-01,48.2556266784668,48.95952972038265,48.04014414238902,48.64349012878817,109012000
2019-07-02,48.53814697265625,48.63391821311523,48.21013915067002,48.222111012389796,67740800
2019-07-03,48.940372467041016,48.94755485247247,48.52856532024344,48.66982377146037,45448000
2019-07-05,48.897274017333984,49.100784678008225,48.578841537594826,48.68658462459811,69062000
2019-07-08,47.889312744140625,48.21971347045251,47.5038421856941,48.07845500360109,101354400
2019-07-09,48.181400299072266,48.24604176393507,47.59960154221708,47.69297620031747,82312000
2019-07-10,48.65785598754883,48.777567292500045,48.25802066740765,48.32745527012685,71588400
2019-07-11,48.30350875854492,48.93558426605638,48.29393346215335,48.677007423897294,80767200
2019-07-12,48.67461395263672,48.84220903730102,48.41124763866507,48.47110328699509,70380800
2019-07-15,49.13191604614258,49.28993219429551,48.84221307681378,48.863760235202925,67789600
2019-07-16,48.961917877197266,49.34738837923282,48.722495295890674,48.983465032723174,67467200
2019-07-17,48.686588287353516,49.103181282791674,48.66743404051857,48.854183380535474,56430000
2019-07-18,49.239662170410156,49.29233544470562,48.770392177586864,48.8422197019261,74162400
2019-07-19,48.50462341308594,49.44076665116611,48.44955723828679,49.27077499857013,83717200
2019-07-22,49.6131477355957,49.61554064622825,48.74883206842125,48.75840736425008,89111600
2019-07-23,50.00101089477539,50.01777222901384,49.629905163895735,49.9100327983194,73420800
2019-07-24,49.96031188964844,50.07523371101221,49.60117800125017,49.720889297382925,59966400
2019-07-25,49.56526565551758,50.09678409812618,49.4958310584991,50.01298473022078,55638400
2019-07-26,49.737648010253906,50.21409660563263,49.59399300114856,49.67539580143556,70475600
2019-07-29,50.2021369934082,50.43198433339106,49.90525526033395,49.91004473601888,86693600
2019-07-30,49.98664474487305,50.3170490662959,49.63469326856571,49.981855270465864,135742800
2019-07-31,51.006587982177734,53.00097863500099,50.58999500539061,51.81583752155325,277125600
2019-08-01,49.90285110473633,52.20130954173058,49.49822997674807,51.21249302793154,216071600
2019-08-02,48.847007751464844,49.424013533999364,48.27478779132679,49.20853462057314,163448400
2019-08-05,46.289955139160156,47.561288300596566,46.10799531556545,47.403272193424044,209572000
2019-08-06,47.166255950927734,47.42243990688443,46.45756339111695,47.00105375926209,143299200
2019-08-07,47.65467834472656,47.77917913440648,46.404895585633525,46.78557668796127,133457600
2019-08-08,48.70574951171875,48.7296932388133,47.73848358187616,47.93241535012258,108038000
2019-08-09,48.30438995361328,48.72977548121816,47.89582211277538,48.378892379334594,98478800
2019-08-12,48.18180465698242,48.55912801999938,47.8621623496053,47.97511879157988,89927600
2019-08-13,50.22224044799805,50.984093390193046,48.18181792423024,48.311599418361524,188874000
2019-08-14,48.727359771728516,49.61418628971105,48.68890573469573,48.82589686643298,146189600
2019-08-15,48.48463821411133,49.30176654519396,47.98714860628682,48.898010052333305,108909600
2019-08-16,49.628623962402344,49.78724417334973,48.989339112593925,49.09508591989218,110481600
2019-08-19,50.55390548706055,51.12589392072789,50.476997383640956,50.61879257374309,97654400
2019-08-20,50.55630111694336,51.27489599056535,50.546689438817666,50.68127493565582,107537200
2019-08-21,51.10425567626953,51.34698995795277,50.85431171958834,51.18837344081834,86141600
2019-08-22,51.06100082397461,51.536857739537524,50.65003098745678,51.236442371877644,89014800
2019-08-23,48.70093536376953,50.96246310509183,48.30679055271319,50.332790008185185,187272000
2019-08-26,49.62622833251953,49.79446024428963,49.282551164664305,49.474817778336124,104174400
2019-08-27,49.06624221801758,50.1213008461803,48.91483169869876,49.955470975912974,103493200
2019-08-28,49.39549255371094,49.441156273048314,48.864360275642376,49.05181915815829,63755200
2019-08-29,50.23184585571289,50.30635193898806,49.66706722800578,50.109277719604904,83962000
2019-08-30,50.166969299316406,50.577935508818626,49.796855476567124,50.50824075026929,84573600
2019-09-03,49.436336517333984,49.74396146305053,49.08064586144521,49.61177800969296,80092000
2019-09-04,50.27510452270508,50.34479926242044,49.825684383710225,50.08283798713356,76752400
2019-09-05,51.2580680847168,51.42389794369397,50.83267892479877,50.950443061493466,95654800
2019-09-06,51.253257751464844,51.532044060281095,51.073008551878715,51.443122295315995,77449200
2019-09-09,51.47195816040039,52.017513401260366,50.72693037676321,51.6329803297721,109237600
2019-09-10,52.08000564575195,52.09923266869462,50.88074988553813,51.39746283359591,127111600
2019-09-11,53.73589324951172,53.76473561660298,52.32754595134343,52.4092617130592,177158400
2019-09-12,53.61573028564453,54.4160372602079,53.56045488514693,54.02670011962347,128906800
2019-09-13,52.57268142700195,53.06295761966519,52.156907647555165,52.87309674944196,159053200
2019-09-16,52.84907150268555,52.90435057226379,52.28669479868519,52.32755084977788,84632400
2019-09-17,53.04133605957031,53.07017842826459,52.661610598516674,52.86349251065767,73274800
2019-09-18,53.538822174072266,53.55804919622197,52.73851525459077,53.12785236837871,101360000
2019-09-19,53.103816986083984,53.77674437024011,52.96201816775611,53.35616292155293,88242400
2019-09-20,52.32754135131836,53.48834659405456,52.26505628460942,53.20475629070718,221652400
2019-09-23,52.56547927856445,52.83465027251121,52.30832196549194,52.620754678997145,76662000
2019-09-24,52.315528869628906,53.471530215080406,52.19776839960509,53.12064347326149,124763200
2019-09-25,53.12064743041992,53.23360390363498,52.18575493970242,52.52462435934759,87613600
2019-09-26,52.84666442871094,53.09901405388438,52.59191280094367,52.8731011259611,75334000
2019-09-27,52.589515686035156,53.10382666173709,52.21940189013441,53.002883868542426,101408000
2019-09-30,53.827213287353516,53.97381610371218,53.06295484016568,53.089391533842786,103909600
2019-10-01,53.976226806640625,54.84863417143314,53.882497362527516,54.09158894337955,139223200
2019-10-02,52.623146057128906,53.733479772786325,52.37560048942201,53.6085059878896,138449200
2019-10-03,53.07018280029297,53.10382917722504,51.70269136073253,52.49578505515693,114426000
2019-10-04,54.557830810546875,54.6731929479549,53.80799525329293,54.22857675291312,138478800
2019-10-07,54.569847106933594,55.25959957952468,54.27664143090137,54.3799862186076,122306000
2019-10-08,53.930564880371094,54.81018194958028,53.91374352685756,54.271839962271294,111820000
2019-10-09,54.56263732910156,54.74528854203184,54.22857560601276,54.56263732910156,74770400
2019-10-10,55.29804229736328,55.38216004530796,54.62751698465318,54.778923796903236,113013600
2019-10-11,56.768882751464844,57.112556110931,55.831584770124245,55.98539726442713,166795600
2019-10-14,56.68717575073242,57.230329070079826,56.39877773778656,56.45405313736609,96427600
2019-10-15,56.55499267578125,57.114963649042345,56.44924588810258,56.812146302927566,87360000
2019-10-16,56.32666778564453,56.53575933506916,56.04547949556907,56.08633553766423,73903200
2019-10-17,56.54538345336914,56.754471381621265,56.12239992403728,56.49971972945663,67585200
2019-10-18,56.81694793701172,57.09813622863061,56.307441074815046,56.379541483040704,97433600
2019-10-21,57.80231857299805,57.91768071421455,57.03566163738293,57.083727362633255,87247200
2019-10-22,57.67013168334961,58.20847360771811,57.588415926532825,57.9585296667155,82293600
2019-10-23,58.444007873535156,58.458430892193235,57.97295861174259,58.1844522125686,75828800
2019-10-24,58.540138244628906,58.8333439248231,58.11474907464559,58.763645508761726,69275200
2019-10-25,59.26112747192383,59.297175843055165,58.37189886795237,58.43919160551697,73477200
2019-10-28,59.85475540161133,59.90282112444377,59.294780746023385,59.46301260952673,96572800
2019-10-29,58.470436096191406,60.022984167085156,58.29740023636161,59.83552529068843,142839600
2019-10-30,58.463226318359375,58.953506199746954,57.970548101650635,58.82372472112932,124522000
2019-10-31,59.785057067871094,59.883594183478614,57.021235828674115,59.41975464010306,139162000
2019-11-01,61.48180389404297,61.50823692360431,59.88119007430968,59.972513844449246,151125200
2019-11-04,61.885562896728516,61.969680662683295,61.37605963006652,61.84470318148446,103272000
2019-11-05,61.796634674072266,62.051386280807854,61.601966131837685,61.7774039861912,79897600
2019-11-06,61.823062896728516,61.88314595655953,61.37364278268977,61.71010645087188,75864400
2019-11-07,62.53659439086914,62.75836715496231,62.218401564449074,62.37026665689407,94940400
2019-11-08,62.70774459838867,62.780057802220625,61.914675466597124,62.35821361498367,69986400
2019-11-11,63.20430374145508,63.26938561343264,62.259369691789686,62.26418811906959,81821200
2019-11-12,63.14646530151367,63.34654411916957,62.895774590870325,63.04763233897205,87388800
2019-11-13,63.751495361328125,63.826221446810386,62.93191395655707,62.9463765952712,102734400
2019-11-14,63.31038284301758,63.85034108012296,63.18021171215137,63.577949069175574,89182800
2019-11-15,64.0624771118164,64.06729554078912,63.399578987253335,63.56108095621039,100206400
2019-11-18,64.38548278808594,64.46502731928551,63.69365943729218,64.07210837908097,86703200
2019-11-19,64.19023132324219,64.60243134404664,63.9732843310493,64.57832448794083,76167200
2019-11-20,63.442955017089844,64.13959672655233,62.77041280435066,64.00943296128311,106234400
2019-11-21,63.15850067138672,63.64060821168935,62.958421922589864,63.563469239710386,121395200
2019-11-22,63.10307693481445,63.44055085554972,62.876485725953685,63.29832996596771,65325200
2019-11-25,64.20950317382812,64.22637870631682,63.2814445198713,63.327245332981434,84020400
2019-11-26,63.70812225341797,64.39994560610221,63.276633814477755,64.34691346636443,105207600
2019-11-27,64.5638427734375,64.59759383329151,63.95397701165096,64.01905888316979,65235600
2019-11-29,64.42164611816406,64.60243651886985,64.09622192561758,64.26496257549509,46617600
2019-12-02,63.6767692565918,64.66267836265502,63.50562312760783,64.42644300309937,94487200
2019-12-03,62.541419982910156,62.560701052764436,61.77968898703024,62.26661508192712,114430400
2019-12-04,63.09341812133789,63.471874346050804,62.83790168645125,62.931916197819106,67181600
2019-12-05,64.01909637451172,64.09382985704336,63.332098592577985,63.587615157422356,74424400
2019-12-06,65.25569152832031,65.32559921087861,64.43369694330708,64.477092231049,106075600
2019-12-09,64.34208679199219,65.27736940401036,63.85756627540826,65.08452929679349,128042400
2019-12-10,64.71814727783203,65.10142205791261,64.08657994334212,64.74707256593162,90420400
2019-12-11,65.27014923095703,65.34970112214458,64.72295963208492,64.79768573812183,78756800
2019-12-12,65.43646240234375,65.70162305327142,64.43850349697,64.5493861850386,137310400
2019-12-13,66.3259506225586,66.36210722075081,65.30870330727501,65.43646152513958,133587600
2019-12-16,67.46131896972656,67.68550461462198,66.76709014300219,66.77190857113695,128186000
2019-12-17,67.59391784667969,67.92174758501162,67.20581728332861,67.3914334748193,114158400
2019-12-18,67.43240356445312,67.95308077804,67.28295135021965,67.44686620735443,116028400
2019-12-19,67.49990844726562,67.77953184581898,67.24198637269039,67.3745630712442,98369200
2019-12-20,67.3600845336914,68.13386528761846,67.14795598094871,68.0326267960508,275978000
2019-12-23,68.45929718017578,68.5195606460034,67.58427047933793,67.62283998023321,98572000
2019-12-24,68.52438354492188,68.67384312928314,68.19896669332938,68.62562941092395,48478800
2019-12-26,69.8838882446289,69.9007637713793,68.62800036217244,68.65692563295822,93121200
2019-12-27,69.8573989868164,70.86259672343512,69.45243030638008,70.17559181703608,146266000
2019-12-30,70.27201080322266,70.55404702486167,68.75337459667797,69.7754404953618,144114400
2019-12-31,70.78543853759766,70.79266985648837,69.7898852841712,69.88871821326251,100805600
2020-01-02,72.4005126953125,72.46077614730521,71.15667416341765,71.40977771923563,135480400
2020-01-03,71.6966323852539,72.45595040957373,71.47245410922795,71.6291376132339,146322800
2020-01-06,72.2679443359375,72.30651383633005,70.56851756430221,70.81921563866376,118387200
2020-01-07,71.92805480957031,72.53309491165653,71.70869494472285,72.2775784441153,108872000
2020-01-08,73.08511352539062,73.38643082203993,71.63155918060959,71.63155918060959,132079200
2020-01-09,74.63748931884766,74.83032941641996,73.81067654984861,74.06136720541696,170108400
2020-01-10,74.80622863769531,75.37030104945943,74.30483992947904,74.87131787710281,140644800
2020-01-13,76.4044189453125,76.4309386915993,75.00389679896787,75.12201817653433,121532000
2020-01-14,75.3727035522461,76.55146021431688,75.24977111147209,76.34174457661803,161954400
2020-01-15,75.04969024658203,76.05247495120804,74.61820187883205,75.17263004032235,121923600
2020-01-16,75.98979949951172,76.10068954693726,75.23048148138665,75.5920621906251,108829200
2020-01-17,76.83109283447266,76.83349837052724,75.93195936574989,76.23809509330889,137816400
2020-01-21,76.31041717529297,76.90099467937888,76.17301471865545,76.459869381581,110843200
2020-01-22,76.58280944824219,77.13481745633268,76.48879491769239,76.79493065234263,101832400
2020-01-23,76.95159912109375,77.03114362991317,76.08862248837322,76.63581926484824,104472000
2020-01-24,76.72984313964844,77.93993070377184,76.53940855639385,77.19748815287878,146537600
2020-01-27,74.47357940673828,75.15334557711078,73.49248860994267,74.74114561147599,161940000
2020-01-28,76.58039093017578,76.7515370876536,75.25459488094803,75.35342783283777,162234000
2020-01-29,78.18338775634766,79.02948893915872,77.46987057591716,78.209907499375,216229200
2020-01-30,78.07011413574219,78.12314628033491,76.83591952309017,77.26740800153176,126743200
2020-01-31,74.60858917236328,77.78326467024122,74.31450314285442,77.36142037786921,199588400
2020-02-03,74.40367126464844,75.56795795185045,72.85128411079334,73.35267280813538,173788400
2020-02-04,76.86001586914062,77.050450456367,75.60171457078681,76.00668324335653,136616400
2020-02-05,77.48675537109375,78.28464294726993,76.88412080562057,77.98573120045752,118826800
2020-02-06,78.39311218261719,78.39552507490272,77.1999001655233,77.7567339114429,105425600
2020-02-07,77.32752990722656,78.14180794117812,76.83702966688513,77.8929335802923,117684000
2020-02-10,77.69480895996094,77.69480895996094,75.83429386411699,75.91402717049185,109348800
2020-02-11,77.22607421875,78.26265171467769,77.00861231633205,78.19016687181822,94323200
2020-02-12,79.06002044677734,79.06485031160207,77.67550098211204,77.67550098211204,113730400
2020-02-13,78.49700164794922,78.82319807398167,78.12973294999506,78.33269781258844,94747600
2020-02-14,78.516357421875,78.76523186182376,78.00894143905393,78.4656106619056,80113600
2020-02-18,77.07865905761719,77.25987847546425,76.01791785904396,76.19913727689102,152531200
2020-02-19,78.19498443603516,78.42453202537972,77.32029972520789,77.32029972520789,93984000
2020-02-20,77.39278411865234,78.4438584118609,76.88778679879077,77.9557766771897,100566000
2020-02-21,75.64099884033203,77.42903672549149,75.02485563249914,76.98685711850104,129554000
2020-02-24,72.04800415039062,73.49775945094957,69.88545691802558,71.82571246698684,222195200
2020-02-25,69.60758209228516,73.0990790994302,69.13641603822464,72.71731344350151,230673600
2020-02-26,70.71183013916016,71.97553646481957,69.22583207719232,69.23308056046676,198054800
2020-02-27,66.08952331542969,69.10501764925158,65.95421338126829,67.92105203842019,320605600
2020-02-28,66.05085754394531,67.27107285671417,61.94563554811998,62.1606861550344,426510000
2020-03-02,72.20023345947266,72.83571074634416,67.10434419306169,68.20615768991611,341397200
2020-03-03,69.90721893310547,73.45428597286327,69.05669090258408,73.37455265692115,319475600
2020-03-04,73.14982604980469,73.30930003617219,70.82780458094045,71.62758575768213,219178400
2020-03-05,70.77706909179688,72.37904277817594,70.41221158595323,71.40529059680607,187572800
2020-03-06,69.83716583251953,70.26967845792626,67.95248589171815,68.13853526605345,226176800
2020-03-09,64.31356811523438,67.19374467213605,63.54761077884886,63.72883020122201,286744800
2020-03-10,68.94554138183594,69.21133137729244,65.08677501833562,66.96421319736713,285290000
2020-03-11,66.55101776123047,67.95003374263217,65.68841155580724,67.0246098194062,255598800
2020-03-12,59.97880554199219,65.23900324323806,59.92323260860385,61.84174314573799,418474000
2020-03-13,67.16474914550781,67.63592258199654,61.11926832671573,64.00428573904365,370732000
2020-03-16,58.52420425415039,62.60042786023226,57.99020945319157,58.4613791676151,322423600
2020-03-17,61.0975341796875,62.24525368604919,57.60362153116066,59.804833950382424,324056000
2020-03-18,59.60186767578125,60.406482464640554,57.29433930824816,57.93465023452481,300233600
2020-03-19,59.14519119262695,61.09269547807698,58.62086339938416,59.775834978401704,271857200
2020-03-20,55.39031982421875,60.84864774255849,55.09070239617697,59.72508515259065,401693200
2020-03-23,54.21360778808594,55.211524041383235,51.37208822817037,55.11004159498472,336752800
2020-03-24,59.65260696411133,59.84832336499044,56.61295251663222,57.11070131069981,287531200
2020-03-25,59.323997497558594,62.399894457247456,59.029213577289134,60.58770003932158,303602000
2020-03-26,62.445796966552734,62.50378482179249,59.526955709117544,59.5656167372231,252087200
2020-03-27,59.86040496826172,61.82482113234886,59.69368249851185,61.07094946417779,204216800
2020-03-30,61.56870651245117,61.74026255580425,60.26150926393229,60.585290832590246,167976400
2020-03-31,61.44304656982422,63.4243781505614,60.88972489834924,61.75957958595021,197002000
2020-04-01,58.21010208129883,60.09719995282628,57.78000823267317,59.56079010801558,176218400
2020-04-02,59.18143081665039,59.234588810411715,57.24117510511811,58.072368803656616,165934000
2020-04-03,58.330909729003906,59.36748322353769,57.7413419398106,58.66676958439928,129880000
2020-04-06,63.4195556640625,63.574192418824516,60.25667324880632,60.62394199347429,201820400
2020-04-07,62.68500900268555,65.64976368215225,62.58111162954673,65.43229446081726,202887200
2020-04-08,64.28942108154297,64.60353188066507,63.119952317554805,63.4848025037082,168895200
2020-04-09,64.75333404541016,65.25592013573771,63.95839000283478,64.92489377394622,161834800
2020-04-13,66.02427673339844,66.13301133720609,64.23140932290158,64.83064420547504,131022800
2020-04-14,69.35871124267578,69.64866527052683,67.1840781553046,67.65525160710325,194994800
2020-04-15,68.72566223144531,69.18475002856255,67.80748663721087,68.23516188327974,131154400
2020-04-16,69.27174377441406,69.63660131632508,68.22308804264783,69.43846626880793,157125200
2020-04-17,68.3318099975586,69.33456350529407,66.89655138464681,68.7884865443206,215250000
2020-04-20,66.91346740722656,68.06119058127958,66.89414057720502,67.15993057649021,130015200
2020-04-21,64.84513854980469,66.99077762058634,64.1347578473476,66.75640021366904,180991600
2020-04-22,66.71292114257812,67.14784486961675,65.77058148476895,66.11126755910753,116862400
2020-04-23,66.45437622070312,68.0781026916564,66.41571518879498,66.65734110784256,124814400
2020-04-24,68.37289428710938,68.38256138963163,66.93038709342744,66.97871523220005,126161200
2020-04-27,68.42121887207031,68.7522452213369,67.64318307081028,68.09018514896542,117087600
2020-04-28,67.31212615966797,69.06391357506078,67.22031453053839,68.88269418726152,112004800
2020-04-29,69.52303314208984,69.99178804731254,68.59519043374839,68.79815533490073,137280800
2020-04-30,70.98966979980469,71.16605931996418,69.67281337834736,70.06182744655243,183064000
2020-05-01,69.84681701660156,72.24616099497416,69.06878114170213,69.1654300495363,240616800
2020-05-04,70.8350601196289,70.9631215704607,69.18233960605242,69.87097499683554,133568000
2020-05-05,71.89820861816406,72.7294023781066,71.14916678667844,71.29414381435919,147751200
2020-05-06,72.63999938964844,73.27063948300304,72.21473542323028,72.59891973995855,142333600
2020-05-07,73.39146423339844,73.7369949485584,72.9637889533335,73.2658213930559,115215200
2020-05-08,75.1382827758789,75.19158466112692,73.72336874196486,74.05044815626871,133838400
2020-05-11,76.32061767578125,76.81486350373997,74.4380975285037,74.64646215282984,145946400
2020-05-12,75.44841003417969,77.45448798811958,75.32727004325628,77.00384337710936,162301200
2020-05-13,74.53742980957031,76.54835795686193,73.46170617265714,75.6276896528906,200622400
2020-05-14,74.99534606933594,75.0559160635201,73.05468108965971,73.77667808210235,158929200
2020-05-15,74.55197143554688,74.59800522378177,72.73487156458532,72.7687943111998,166348400
2020-05-18,76.30850219726562,76.68161544536761,75.18432690881329,75.87482634655969,135178400
2020-05-19,75.8675537109375,77.17101374486556,75.83605613168199,76.32545901161194,101729600
2020-05-20,77.34304809570312,77.41330397310716,76.68646396339064,76.72522965116472,111504800
2020-05-21,76.76641845703125,77.74523171426733,76.52898139842385,77.20494465969075,102688800
2020-05-22,77.26066589355469,77.34304019898961,76.4029926993938,76.5047461498377,81803200
2020-05-26,76.73735046386719,78.5568683167511,76.68162339962899,78.37758347481825,125522000
2020-05-27,77.07169342041016,77.21706291080646,75.85545038481993,76.59440888025136,112945200
2020-05-28,77.1056137084961,78.36304756047794,76.47084126097369,76.74703662948228,133560800
2020-05-29,77.0304946899414,77.80821132778638,76.67434283627068,77.34788086093664,153532400
2020-06-01,77.97781372070312,78.09895371175787,76.85363105469186,76.9844643152945,80791200
2020-06-02,78.33880615234375,78.36303562857958,77.27035057638682,77.71130190496551,87642800
2020-06-03,78.77006530761719,79.03173182452788,78.08683399477036,78.65861858793946,104491200
2020-06-04,78.09169006347656,78.89121109253435,77.71857679947686,78.59321142956854,87560400
2020-06-05,80.31582641601562,80.37639642085425,78.31217331772173,78.34124573703636,137250400
2020-06-08,80.79067993164062,80.82460267780965,79.30308470158906,80.01296326734492,95654400
2020-06-09,83.3418960571289,83.7343884798814,80.43938634656227,80.47088393003234,147712400
2020-06-10,85.48607635498047,85.95367499163955,83.8506863159115,84.28921253488384,166651600
2020-06-11,81.38184356689453,85.05480894028344,81.28009011611704,84.63081897651477,201662400
2020-06-12,82.0844497680664,84.26496946856898,80.97481077374836,83.5187504243347,200146000
2020-06-15,83.099609375,83.75134312369018,80.57747385342842,80.73980469603605,138808800
2020-06-16,85.30194091796875,85.57330073439438,83.51876362996565,85.15172849785749,165428800
2020-06-17,85.18321228027344,86.10629835837992,85.06207229738494,86.04572836693566,114406400
2020-06-18,85.21714782714844,85.6338697266432,84.60902265567091,85.13961645194037,96820400
2020-06-19,84.73016357421875,86.38735791979117,83.62294217777347,85.92218445110363,264476000
2020-06-22,86.947021484375,87.08996579558588,85.07661960868549,85.12265339969562,135445200
2020-06-23,88.80289459228516,90.22023417459731,87.77077935086206,88.18992644325299,212155600
2020-06-24,87.2353515625,89.3504589965406,86.86223822656589,88.43221556465996,192623200
2020-06-25,88.3934326171875,88.43219830369976,86.63205971274161,87.39039728120305,137522400
2020-06-26,85.6774673461914,88.50972079929527,85.52967271907464,88.28924513838203,205256800
2020-06-29,87.65203857421875,87.74653130218796,85.10809914104198,85.58539093044703,130646000
2020-06-30,88.38373565673828,88.66963165860406,87.22079468512266,87.24017383067029,140223200
2020-07-01,88.21658325195312,89.00399339477583,88.16813167944413,88.46128846235408,110737200
2020-07-02,88.21658325195312,89.75748817622227,88.10271872934692,89.12271564409322,114041600
2020-07-06,90.57637786865234,91.04397648582848,89.61210082402599,89.6435984064739,118655600
2020-07-07,90.29532623291016,91.73204473813118,90.183879512503,90.95432807349727,112424400
2020-07-08,92.3983154296875,92.42981301031341,91.18449035546323,91.27171499364255,117092000
2020-07-09,92.79564666748047,93.34319433054527,91.74899550161554,93.28989244541889,125642800
2020-07-10,92.9579849243164,93.01613714978424,91.78050772022172,92.39105063414506,90257200
2020-07-13,92.52916717529297,96.86840340129038,92.31595956581418,94.26146791160848,191649200
2020-07-14,94.06038665771484,94.2517825740539,90.9785841199196,91.91135639920843,170989200
2020-07-15,94.70723724365234,96.18272134953932,93.51037361994408,95.93317328027695,153198000
2020-07-16,93.5418701171875,94.39711809164639,92.94343831225127,93.58063579856042,110577600
2020-07-17,93.35289001464844,94.14756798104436,92.88044113908421,93.99251265271707,92186800
2020-07-20,95.3202133178711,95.45831468469305,93.09608481622666,93.44012565034129,90318000
2020-07-21,94.00462341308594,96.18514302833793,93.75507535287011,96.11003683309417,103433200
2020-07-22,94.26873779296875,94.94954409881868,93.61942907463074,93.70664633807918,89001600
2020-07-23,89.97794342041016,94.0797418561393,89.16872914510222,94.00221048521436,197004400
2020-07-24,89.75503540039062,90.0990762102355,86.3921882418588,88.17779782726093,185438800
2020-07-27,91.88227081298828,91.97433840198715,90.59334674840196,90.81624022237884,121214000
2020-07-28,90.37284851074219,91.63028207050725,90.36799817960483,91.45341504133539,103625600
2020-07-29,92.10517120361328,92.28930638065711,90.81866491806582,90.85500544148256,90329200
2020-07-30,93.21965789794922,93.32383652649061,90.87196403764284,91.27899267505967,158130000
2020-07-31,102.97870635986328,103.12891879594893,97.71153346257094,99.70792594411513,374336800
2020-08-03,105.57350158691406,108.19012242087766,104.56077304212948,104.85877268635082,308151200
2020-08-04,106.27854919433594,107.36880923031337,105.04049450870605,105.76249159429877,173071600
2020-08-05,106.66377258300781,106.98358396526419,105.53474686841106,105.99992773294753,121776800
2020-08-06,110.38520050048828,110.87945383007707,106.40696656350907,106.99570525966352,202428800
2020-08-07,107.87548828125,110.36333556331454,107.07937744727452,109.90702677912203,198045600
2020-08-10,109.44345092773438,110.46043507725163,106.7954093213871,109.31966296937568,212403600
2020-08-11,106.18861389160156,109.20558233257063,105.9289051039155,108.7080157903305,187902400
2020-08-12,109.71770477294922,109.97498398938008,107.08422600127558,107.2783964791796,165598000
2020-08-13,111.65943145751953,112.66185296122792,110.60846363412838,111.09632674056478,210082000
2020-08-14,111.55992126464844,111.64972529333073,109.75167818563322,111.4846796510428,165565200
2020-08-17,111.26866149902344,112.70554822258934,110.64245541048665,112.68127506102117,119561600
2020-08-18,112.19584655761719,112.62060097941455,110.68614768785797,111.02109807418744,105633600
2020-08-19,112.33660888671875,113.74922238512377,112.24195319013168,112.60359883769148,145538000
2020-08-20,114.82933807373047,114.94341528440668,112.36090456064325,112.37789651709356,126907200
2020-08-21,120.74676513671875,121.22976923366335,115.77592204362502,115.78805492165831,338054800
2020-08-24,122.19092559814453,125.03314486284968,120.32686221834298,124.9481850882098,345937600
2020-08-25,121.18850708007812,121.53316822878249,119.4676456893335,121.06472653687041,211495600
2020-08-26,122.8365707397461,123.29287960664668,121.43851930194522,122.50404983764719,163022400
2020-08-27,121.36812591552734,123.77102105443406,120.22492431150832,123.43850018201364,155552400
2020-08-28,121.17152404785156,122.75888676117691,120.94822130817289,122.3414135230096,187630000
2020-08-31,125.28071594238281,127.1836224608346,122.32928572568825,123.8632579117057,225702700
2020-09-01,130.27101135253906,130.87295935623808,126.72735043228148,128.89238109702669,151948100
2020-09-02,127.57197570800781,133.96028524180616,123.3001648971193,133.58164753272405,200119000
2020-09-03,117.35843658447266,125.08653940539764,116.98950967695433,123.2127726268104,257599600
2020-09-04,117.43610382080078,120.0962780604988,107.65947073062564,116.57203254505438,332607200
2020-09-08,109.53324127197266,115.52349034053138,109.3973204514996,110.63031858211357,231366600
2020-09-09,113.90214538574219,115.66912348309229,111.90216122256825,113.84389572106855,176940500
2020-09-10,110.18372344970703,116.98950502781075,109.22256693467808,116.85358420375128,182274400
2020-09-11,108.73712921142578,111.8730336076421,106.79539476122176,111.2322576836528,180860300
2020-09-14,111.99925231933594,112.55264638404466,109.51383440164483,111.37789783991316,140150100
2020-09-15,112.17401123046875,115.36816560750079,110.30023700342959,114.88273194668369,184642000
2020-09-16,108.86335754394531,112.62061700186764,108.77598303445264,111.8730523722857,154679000
2020-09-17,107.12548065185547,108.93129419191115,105.54296982143195,106.52354774325607,178011000
2020-09-18,103.72744750976562,107.64975186458288,102.99929711385688,107.18373975919344,287104900
2020-09-21,106.87308502197266,106.97988102839547,100.09642732020315,101.49447874455225,195713800
2020-09-22,108.55264282226562,109.57205619073497,105.97985105759804,109.3972998249153,183055400
2020-09-23,103.99930572509766,108.84393137946276,103.65949625131259,108.36820848614498,150718700
2020-09-24,105.06727600097656,107.03813572764626,101.9410816453774,102.1061273331871,167743300
2020-09-25,109.00897216796875,109.16431448128618,104.53327361353669,105.2711347875361,149981400
2020-09-28,111.61087799072266,111.96039073009742,109.49438747212126,111.65942430729669,137672400
2020-09-29,110.76624298095703,111.95070223231198,110.26139526105185,111.21284844222973,99382200
2020-09-30,112.4361343383789,113.84389630124348,110.30994008853341,110.47498574403602,142675200
2020-10-01,113.3875961303711,114.29050304173128,112.45556438431055,114.2128318777771,116120400
2020-10-02,109.72740936279297,112.00895324338501,108.95072003519334,109.6011992914294,144712000
2020-10-05,113.10604095458984,113.25167253166546,110.24198536966455,110.59149819179417,106243800
2020-10-06,109.86335754394531,112.73712413305032,108.97986466252809,112.32935419932602,161498200
2020-10-07,111.72740936279297,112.18371817362878,110.80508099423795,111.28081129884058,96849000
2020-10-08,111.62062072753906,113.0089613382161,111.25168639294162,112.86332975388186,83477200
2020-10-09,113.5623550415039,113.59147987684435,111.57207401243367,111.92158685077898,100506900
2020-10-12,120.77588653564453,121.53316180020073,115.8050435838883,116.56231884844449,240226800
2020-10-13,117.57200622558594,121.73702704064348,116.16425187072323,121.62052032019753,262330500
2020-10-14,117.6594009399414,119.44579307201987,116.13513969852242,117.47493379758126,150712000
2020-10-15,117.19340515136719,117.6691281122452,114.70798693128388,115.26138106332213,112559200
2020-10-16,115.55262756347656,118.0089281560019,115.34874631090426,117.74678982617324,115393800
2020-10-19,112.6011962890625,116.9118422011094,112.29051903948137,116.46524411778215,120639300
2020-10-20,114.08661651611328,115.513792607474,112.2613812832418,112.81477533834804,124423700
2020-10-21,113.46526336669922,115.25165563302974,113.05749347361974,113.27108546353527,89946000
2020-10-22,112.37789154052734,114.60117857735534,111.25168190141596,114.02836301066806,101988000
2020-10-23,111.68858337402344,113.15459517987493,110.95072209723901,112.99925284491812,82572600
2020-10-26,111.69828796386719,113.15458894171616,109.59150025316038,110.688585063703,111850700
2020-10-27,113.20314025878906,113.86333040398806,111.20315573383206,112.12547682460935,92276800
2020-10-28,107.96044158935547,112.06721355762778,107.863356340069,111.6982866474873,143937800
2020-10-29,111.96041870117188,113.52351567412646,108.93131000553764,109.09636307884779,146129200
2020-10-30,105.68862915039062,108.7274415434045,104.58184087142044,107.82453453612558,190272600
2020-11-02,105.60124206542969,107.45560232371076,104.19348732192323,105.93134082759394,122866900
2020-11-03,107.22258758544922,108.24199381190596,105.56240538196562,106.46531227233,107624400
2020-11-04,111.60118103027344,112.22253544210156,109.07692780633057,110.8147809731129,138235500
2020-11-05,115.5623550415039,116.13517070681972,113.46528513491958,114.51381638464622,126387100
2020-11-06,115.43104553222656,115.92703675245446,112.94133225108231,115.07120221763194,114457900
2020-11-09,113.12611389160156,118.64042665215963,112.86353074963101,117.19134078148167,154515300
2020-11-10,112.7857437133789,114.36125765819912,110.99626183270806,112.37727768471512,138023400
2020-11-11,116.20907592773438,116.34523125447596,113.24282640096855,113.97223311704505,112295000
2020-11-12,115.936767578125,117.22052312713384,115.31434109496367,116.33551348572685,103162300
2020-11-13,115.98538208007812,116.38412051420482,114.63354904794981,116.16043996869443,81581900
2020-11-16,116.99683380126953,117.66788289766848,114.90586651270257,115.65472076865481,91183000
2020-11-17,116.11183166503906,117.35668469756249,115.69363815380922,116.26744200405916,74271000
2020-11-18,114.78917694091797,116.53002870692607,114.76000185644509,115.35325330709236,76322100
2020-11-19,115.38240814208984,115.79087409284412,113.60265410249275,114.36123584529591,74113000
2020-11-20,114.11811065673828,115.50884645150772,114.0694879933699,115.3824186228592,73604300
2020-11-23,110.72393798828125,114.39042656864258,110.62668524347754,113.96250558761568,127959300
2020-11-24,112.00770568847656,112.66903481291116,109.49854453224738,110.78230761489361,113874200
2020-11-25,112.84406280517578,113.5442943299849,112.00767597497685,112.37724673524147,76499200
2020-11-27,113.38871765136719,114.26400731693963,113.02888170323342,113.36927006764773,46691300
2020-11-30,115.78117370605469,117.6484533013128,113.60267342501068,113.75828376790362,169410200
2020-12-01,119.35037231445312,120.07977891765921,116.71478401192405,117.68732614953217,127728200
2020-12-02,119.70048522949219,119.98252333307678,117.570615624437,118.66958554261907,89004200
2020-12-03,119.5643539428711,120.38128592155832,118.85439479194712,120.12842284343223,78967600
2020-12-04,118.89329528808594,119.48654668025314,118.18333614962214,119.23368360656494,78260400
2020-12-07,120.35211181640625,121.14959622013072,118.89329833984375,118.95164850453536,86712000
2020-12-08,120.96479797363281,121.54832923828494,119.71021762648395,120.95507789382133,82225500
2020-12-09,118.43618774414062,122.49168693103906,117.67760601650876,121.11067878997038,115089200
2020-12-10,119.85611724853516,120.4688236783502,116.85096494578069,117.19135328461722,81312200
2020-12-11,119.04891204833984,119.38930038520903,117.23998269251022,119.06835963048555,86939800
2020-12-14,118.43618774414062,119.96307869896347,118.20277969407886,119.23367205010081,79184500
2020-12-15,124.36869812011719,124.3881531199314,120.72166474533367,120.92589772393254,157243700
2020-12-16,124.3006362915039,124.84525763713049,123.08495834508075,123.91162528457596,98208600
2020-12-17,125.16619110107422,126.02203307421959,124.52430962121518,125.3606965932024,94359800
2020-12-18,123.18220520019531,125.5552106694522,122.65703149372492,125.41905534776451,192541500
2020-12-21,124.70909118652344,124.78689634893868,120.06034032088816,121.5872313887212,121251600
2020-12-22,128.2589111328125,130.71944249909737,126.09013064804675,127.99632049962425,168904800
2020-12-23,127.3641586303711,128.79378229896713,127.18909328249408,128.53120653688052,88223700
2020-12-24,128.34640502929688,129.79549835924004,127.50029800003861,127.71425848740788,54930100
2020-12-28,132.9368133544922,133.56895993255333,129.84412103088945,130.3109520335808,124486200
2020-12-29,131.1668243408203,134.97918980280187,130.65137791610235,134.2595177289514,121047300
2020-12-30,130.0483856201172,132.2560612728946,129.73716489381331,131.85731528225065,96452100
2020-12-31,129.04661560058594,131.040329904096,128.10324856194674,130.39844854670574,99116600
2021-01-04,125.85667419433594,129.9413479643197,123.27943619712624,129.85382273863348,143301900
2021-01-05,127.41275024414062,128.12271674575476,124.90358954867594,125.35096549709283,97664900
2021-01-06,123.12385559082031,127.45167334436817,122.90989509434218,124.21310565475042,155088000
2021-01-07,127.32525634765625,128.01576801979238,124.34927881160118,124.83555003879502,109578200
2021-01-08,128.42422485351562,128.98830121735807,126.65419059044255,128.79378086858412,105158200
2021-01-11,125.43853759765625,126.59586564023866,124.97172131520875,125.64277806862692,100384500
2021-01-12,125.26344299316406,126.12900498980764,123.3767086805256,124.97167735433455,91951100
2021-01-13,127.29610443115234,127.8407259303681,124.96200805170683,125.22458387751402,88636800
2021-01-14,125.37041473388672,127.40302430824103,125.22452450445344,127.2085188421458,90221800
2021-01-15,123.64903259277344,126.64446478265978,123.51287725867944,125.24400143779671,111598500
2021-01-19,124.32009887695312,125.17594095218084,123.45453671989587,124.27146878816617,90757300
2021-01-20,128.4047393798828,128.85211530015263,125.02029683978466,125.127277070296,104319500
2021-01-21,133.11184692382812,135.83496806730975,129.92190967683482,130.1261500695179,120150900
2021-01-22,135.25148010253906,136.01006199526975,131.31268037347158,132.53807846792435,114459400
2021-01-25,138.9957275390625,141.1061423033731,132.79090363932372,139.14161777095364,157611700
2021-01-26,139.22915649414062,140.3378541007655,137.48829750104505,139.65707747210416,98390600
2021-01-27,138.1593017578125,140.33780098481387,136.55461353761942,139.4916794296069,140843800
2021-01-28,133.3258514404297,138.09131872574878,132.94656044856208,135.68913749731348,142621100
2021-01-29,128.336669921875,132.98542025799577,126.63472114242195,132.10040333112443,177523800
2021-02-01,130.456787109375,131.66274456704772,127.33492066837252,130.07749631185263,106239800
2021-02-02,131.283447265625,132.56719496294366,130.91387656436356,132.00311883358094,83305400
2021-02-03,130.26226806640625,132.0420215734524,129.94132744974428,132.0322866567034,89880900
2021-02-04,133.61758422851562,133.6273043090521,130.8944628567243,132.55751669715318,84183100
2021-02-05,133.20362854003906,133.8464691818489,132.32703847356598,133.77829722031976,75693800
2021-02-08,133.3497314453125,133.39843419416206,131.411474992241,132.49261062393538,71297200
2021-02-09,132.47312927246094,134.29451105529114,132.31730127973145,133.06726715184539,76774200
2021-02-10,131.8692626953125,133.42766158836056,130.90500170826476,132.93091432442992,73046600
2021-02-11,131.6160125732422,132.84324151471785,130.29137814000228,132.36597838425936,64280000
2021-02-12,131.8497314453125,132.00557425125427,130.21342656888774,130.85626699690658,60145100
2021-02-16,129.72647094726562,132.47313069680968,129.33686380627134,131.96666370650627,80576300
2021-02-17,127.43755340576172,128.78167180132837,126.10318447577991,127.83689508299388,97918500
2021-02-18,126.33696746826172,126.61941963432317,124.09677476387137,125.84022023340577,96856700
2021-02-19,126.49280548095703,127.31097309084008,125.45063790347744,126.85319396385569,87668800
2021-02-22,122.72343444824219,126.34669893995918,122.33383475744539,124.68116007602796,103916400
2021-02-23,122.58707427978516,123.41496896895947,115.31132670254333,120.54168521506156,158273000
2021-02-24,122.09033966064453,122.29487783267318,119.05147832650884,121.69100535268275,111039900
2021-02-25,117.84375,123.1715082257505,117.40545486151157,121.43779688719877,148199500
2021-02-26,118.10671997070312,121.60336094633784,118.04827517596726,119.40212859655537,164560400
2021-03-01,124.46688079833984,124.60323956834041,119.59690349547498,120.53193824590555,116307900
2021-03-02,121.86634063720703,125.37272355528646,121.75920051926317,125.07078727617044,102260900
2021-03-03,118.88590240478516,122.44098788620711,118.67162218049718,121.56439034639122,112966300
2021-03-04,117.0060806274414,120.38584631369558,115.53535272389263,118.58395606502583,178155000
2021-03-05,118.26254272460938,118.76902459264008,114.51266119025206,117.8339897181949,153766600
2021-03-08,113.3341293334961,117.85346835184752,113.1880285063647,117.78528895665244,154376600
2021-03-09,117.94113159179688,118.88590857647793,115.700946019303,115.93470289838993,129525800
2021-03-10,116.85999298095703,118.99303824849771,116.34376908141869,118.52552453136408,111943300
2021-03-11,118.78849029541016,120.00598467048323,118.10669641776761,119.35340946888309,103026500
2021-03-12,117.88268280029297,118.01904158578925,116.06131583787986,117.2690682655597,88105100
2021-03-15,120.76570129394531,120.77544332973144,117.28853761790177,118.25279852383531,92403800
2021-03-16,122.30464172363281,123.91173614074289,121.47674685148445,122.43125849151511,115227900
2021-03-17,121.51567840576172,122.58707194968112,119.15860369194408,120.82414250531377,111932600
2021-03-18,117.39567565917969,119.97676520351848,117.1911374972353,119.68456358302885,121229700
2021-03-19,116.86972045898438,118.27227638684158,116.56778422545804,116.78206442899135,185549500
2021-03-22,120.18131256103516,120.64883370339138,117.13270910784668,117.20088850037816,111912300
2021-03-23,119.35342407226562,121.0092136525593,118.96382433837393,120.12288150317761,95467100
2021-03-24,116.96711730957031,119.70404974763237,116.94764066899515,119.62612832333967,88530500
2021-03-25,117.45410919189453,118.49629146995656,115.90545997424265,116.43141841542507,98844700
2021-03-26,118.05802154541016,118.32100455387739,115.82757043191806,117.22038462310316,94071200
2021-03-29,118.23332214355469,119.39237925463331,117.59048892877756,118.4865630734955,80819200
2021-03-30,116.78205871582031,117.26905645239088,115.76910253203405,116.98659687346046,85671900
2021-03-31,118.97356414794922,120.30793336547684,117.99956854695249,118.48656634745086,118323800
2021-04-01,119.80146026611328,120.9507753854183,119.30472042335516,120.44430093685868,75089100
2021-04-05,122.62602996826172,122.87927086868106,119.86962103149284,120.64882037232358,88651200
2021-04-06,122.92798614501953,123.82406033078875,122.3825509764638,123.21044576616356,80171300
2021-04-07,124.57403564453125,124.59351228641088,121.88580577435263,122.55786509964642,83466700
2021-04-08,126.9700698852539,126.99928856495599,125.17792150755567,125.59673249128127,88844600
2021-04-09,129.5414276123047,129.58038090088027,126.10322399320837,126.4246443564377,106686700
2021-04-12,127.82718658447266,129.39532007888374,127.23304868008105,129.07389975073812,91420000
2021-04-13,130.93423461914062,131.15826433043802,128.49924537282473,128.99599269074992,91266500
2021-04-14,128.5966033935547,131.48937073876672,128.2362298740332,131.43093339635666,87222800
2021-04-15,131.00241088867188,131.48940869866695,130.16477406100063,130.34010100083557,89347100
2021-04-16,130.67127990722656,131.1680124141945,129.81415884861858,130.80763872455088,84922400
2021-04-19,131.3335723876953,131.9471944147541,129.8725788847892,130.03815636501255,94264200
2021-04-20,129.64852905273438,132.00559615119002,128.3823320528723,131.5088638445784,94812300
2021-04-21,130.0283966064453,130.27189547649485,127.88560952240783,128.91804235349915,68847100
2021-04-22,128.5089874267578,130.66150947358742,127.99277092528317,129.58037371612286,84566500
2021-04-23,130.8270721435547,131.6062565911259,128.72323846633472,128.72323846633472,78657500
2021-04-26,131.21669006347656,131.5478450047434,130.08685158645528,131.32383017529745,66905100
2021-04-27,130.89524841308594,131.88872793710226,130.62253087504087,131.49912083847275,66015800
2021-04-28,130.10633850097656,131.50889459107745,129.61934068424674,130.81735115204378,107760100
2021-04-29,130.0089569091797,133.5056131716573,129.00574241112523,132.92120973927757,151101000
2021-04-30,128.04148864746094,130.0868708182536,127.66163089702832,128.35315956120257,109839500
2021-05-03,129.0933380126953,130.5835645811877,128.40180963228673,128.6063403344398,75135100
2021-05-04,124.52534484863281,128.0706959218244,123.40524834260499,127.77849424860072,137564700
2021-05-05,124.76882934570312,127.05770985077288,124.64220517501703,125.84021547722773,84000900
2021-05-06,126.36617279052734,126.37590739453778,123.82403668567083,124.56427529521159,78128300
2021-05-07,127.03937530517578,128.0637957522919,126.3271401858517,127.66379062246624,78973300
2021-05-10,123.76119995117188,126.38569336703041,123.7221730582719,126.25886899143829,88071200
2021-05-11,122.84407806396484,123.19530516720471,119.78053064001386,120.49275831659119,126142800
2021-05-12,119.78053283691406,121.60500079746393,119.27319817304675,120.39519702699735,112172300
2021-05-13,121.92697143554688,123.07823863645709,121.23426088704589,121.54646856304096,105861300
2021-05-14,124.3465805053711,124.7758688561986,122.78554210729591,123.17580356771927,81918000
2021-05-17,123.19532012939453,123.83925269137897,122.12210663637244,123.7319305977149,74244600
2021-05-18,121.80989837646484,123.8977887358132,121.74160317568686,123.47825894714309,63342900
2021-05-19,121.6537857055664,121.87818100914643,119.86834464183288,120.16104258276613,92612000
2021-05-20,124.20999908447266,124.61001915730156,122.05381347828964,122.18065274217139,76857100
2021-05-21,122.37577056884766,124.88319058200729,122.16112639405591,124.70757329750661,79295400
2021-05-24,124.00508880615234,124.82463851355793,122.87333890230889,122.94163409095792,63092900
2021-05-25,123.80998229980469,125.19541091008112,123.24410353248182,124.7075784829674,72009500
2021-05-26,123.76119995117188,124.28805183989326,123.3416701570207,123.86852204574208,56575900
2021-05-27,122.22943878173828,124.53197352741631,122.03431174645816,123.36119642849698,94625600
2021-05-28,121.57575225830078,122.73677818956268,121.51721563777299,122.51237540484098,71311100
2021-06-01,121.25374603271484,122.29769093556038,120.92202870079038,122.03426878630371,67637100
2021-06-02,122.01478576660156,122.19040306312083,121.02938463288338,121.253779962891,59278900
2021-06-03,120.53180694580078,121.80990611741935,120.13178685609535,121.64404739693522,76229200
2021-06-04,122.8245849609375,123.08801464449839,120.83425795335646,121.04890215666704,75169300
2021-06-07,122.83432006835938,123.24409122711307,121.79037500565761,123.0977422579531,71057600
2021-06-08,123.65388488769531,125.33201160333881,123.13679155370112,123.51729447658813,74403800
2021-06-09,124.03436279296875,124.63926837987677,123.43921578877699,124.11241656746353,56877900
2021-06-10,123.0392074584961,125.0685610035486,122.87334876469549,123.92704498219538,71186400
2021-06-11,124.2490234375,124.33683580636276,123.02946096276283,123.44899075181716,53522400
2021-06-14,127.30280303955078,127.36133965538929,123.97584053546844,124.70757800792384,96906500
2021-06-15,126.48324584960938,127.41987625518645,126.23933338731938,126.77594378180441,62746300
2021-06-16,126.98086547851562,127.70285197400149,125.33202917302177,127.19550970995087,91815000
2021-06-17,128.58087158203125,129.3223749059046,126.49298175181782,126.63933814390342,96721700
2021-06-18,127.2833023071289,128.30772287123602,127.06865812161917,127.52721480091387,108953300
2021-06-21,129.0784912109375,129.18581330080102,126.063736441913,127.1271913132279,79663300
2021-06-22,130.71755981445312,130.81513075216756,128.4150256244004,128.9126165646152,74783600
2021-06-23,130.4444122314453,131.0493254021088,129.98585550457855,130.51271488266488,60214200
2021-06-24,130.16143798828125,131.3614830240449,129.69311538491124,131.17610718778187,68711000
2021-06-25,129.86874389648438,130.62974954026467,129.57604598259172,130.21022727723152,70783700
2021-06-28,131.4981231689453,131.95667992046137,130.10295063063353,130.16148725640332,62111300
2021-06-29,133.01036071777344,133.16646828417475,131.07857796707717,131.51761747124857,64556100
2021-06-30,133.62506103515625,134.06410065786974,132.56159097823922,132.85428902246187,63261400
2021-07-01,133.92752075195312,133.98605738795177,132.4542792721904,133.27383683789793,52485800
2021-07-02,136.55198669433594,136.59100614570704,134.39579354693674,134.54213509862615,78852600
2021-07-06,138.5618133544922,139.66428770082487,136.65929888430668,136.65929888430668,108181800
2021-07-07,141.04977416992188,141.36197453153494,139.1862784823269,140.04484064219469,104911600
2021-07-08,139.75210571289062,140.55213093920304,137.24467816832617,138.13252320539087,105575500
2021-07-09,141.57656860351562,142.10341304013653,139.17646311232951,139.27403406481795,99890800
2021-07-12,140.98143005371094,142.75712026323748,140.49360503622404,142.64979816390084,76299700
2021-07-13,142.09365844726562,143.86934850619764,140.1326074026889,140.5228614286861,100827100
2021-07-14,145.51820373535156,145.92798987044893,144.08399692422722,144.49378305932458,127050800
2021-07-15,144.8644561767578,146.34744781638892,143.50830375581523,145.60595944018948,106820300
2021-07-16,142.82540893554688,146.11334481046933,142.32783277394142,144.84501166670194,93251400
2021-07-19,138.98133850097656,140.56190161268026,138.2203326975493,140.24968646910114,121434600
2021-07-20,142.59120178222656,143.51808093354776,139.47889165540263,139.96671651936813,96350000
2021-07-21,141.85951232910156,142.57174758950413,141.10827250404336,141.98635160042446,74993500
2021-07-22,143.22544860839844,144.5913528979392,142.2595495761402,142.38638886275476,77338200
2021-07-23,144.94253540039062,145.09864294509043,143.3424702853048,143.9571344380385,71447400
2021-07-26,145.3621063232422,146.18164879238583,144.1035094217646,144.65963709619385,72434100
2021-07-27,143.1961669921875,145.57675557902394,142.00587269876928,145.48893575716545,104818600
2021-07-28,141.44972229003906,143.39127100475073,139.06913408549428,141.28386358886817,118931200
2021-07-29,142.09365844726562,142.98150347673163,141.05947187985987,141.16679397009463,56699500
2021-07-30,142.30831909179688,142.7668758133756,140.60093147786202,140.86436116386733,70440600
2021-08-02,141.97659301757812,143.37176538004852,141.71316334757606,142.79613544954273,62880000
2021-08-03,143.7717742919922,144.43520909857267,141.64484970305608,142.2595139229218,64786600
2021-08-04,143.3717803955078,144.19132291330385,142.71809660960577,143.68399557594776,56368300
2021-08-05,143.4790802001953,144.24008597517638,142.61075233452527,143.40102641721816,46397700
2021-08-06,142.7950897216797,143.74288917370467,142.296768169296,143.0002897194494,54126800
2021-08-09,142.7462615966797,143.34230040071924,142.18931561461758,142.853744492803,48908700
2021-08-10,142.26747131347656,144.32917762337323,141.97433481779836,143.08824157374232,69023100
2021-08-11,142.52149963378906,143.36181621242878,142.19905101424288,142.70715322469806,48493500
2021-08-12,145.482177734375,145.63851920327534,142.5019837127135,142.84397881224007,72282600
2021-08-13,145.68736267089844,146.01957707570978,144.8763581583002,145.56033337689462,59375000
2021-08-16,147.6611328125,147.72953779617734,143.117568833467,145.1401825389347,103296000
2021-08-17,146.75244140625,148.20832862251999,145.67761233221978,146.79151932278535,92229700
2021-08-18,143.01007080078125,147.2702784625577,142.8048707810112,146.37133747643588,86326000
2021-08-19,143.34230041503906,144.61254875765684,141.19265740190144,141.71052547158095,86960300
2021-08-20,144.79820251464844,145.10110479232438,143.4204712746936,144.06536865206095,60549600
2021-08-23,146.28338623046875,146.75239563031982,144.50503593715925,144.91542102572143,60131800
2021-08-24,146.1954345703125,147.40705833624506,145.73619092005404,146.02932738546966,48606400
2021-08-25,144.96429443359375,146.87943995254733,144.41711425947602,146.3811034364789,58991300
2021-08-26,144.1630401611328,145.7068782917423,144.13372800564036,144.95451308804914,48597200
2021-08-27,145.19882202148438,145.34538283026907,143.46932993010927,144.10444664756716,55802400
2021-08-30,149.61537170410156,149.97691325126357,145.20860233340446,145.5896753840009,90956700
2021-08-31,148.35488891601562,149.30268857096087,147.82724018566304,149.1658935130071,86453100
2021-09-01,149.019287109375,151.43275399237308,148.85317992388826,149.3319699829077,80313700
2021-09-02,150.13320922851562,151.17872592141705,148.91181958328025,150.34817499884036,71115500
2021-09-03,150.7683563232422,151.0908050119508,149.58604446464392,150.24070759279422,57808700
2021-09-07,153.1036376953125,153.66058362239795,150.8562777588282,151.4230043452141,82278300
2021-09-08,151.55978393554688,153.4456022050819,150.45564303417842,153.38697789342345,74420200
2021-09-09,150.5436248779297,152.53692642541913,150.42636132134103,151.93112186962642,57305700
2021-09-10,145.56033325195312,151.9213251437336,145.2965089144569,151.45231569560596,140893200
2021-09-13,146.12705993652344,147.95425407222461,145.34536758274155,147.18234237769772,102404300
2021-09-14,144.72976684570312,147.61225802171091,143.54747014740659,146.9087364700221,109296300
2021-09-15,145.61895751953125,146.0195769004921,143.01983678244974,145.15971382126716,83281300
2021-09-16,145.3844451904297,145.56033305169905,143.8503875542624,145.04246503666727,68034100
2021-09-17,142.71693420410156,145.41377207009813,142.42379770872697,145.41377207009813,129868800
2021-09-20,139.66836547851562,141.52487196661303,138.0365905336095,140.50868223734292,123478900
2021-09-21,140.14712524414062,141.29035906389458,139.51200859720305,140.6356810985669,75834000
2021-09-22,142.51174926757812,143.0784609405733,140.4109501394529,141.14378392401113,76404300
2021-09-23,143.46929931640625,143.71357721861844,142.30653411634987,143.29341147385273,64838200
2021-09-24,143.5572509765625,144.09466540021555,142.2283784515029,142.32609558654582,53477900
2021-09-27,142.04275512695312,142.61926249136263,140.52824357765476,142.14047228283127,74150700
2021-09-28,138.66192626953125,141.43691994614318,138.44696050068399,139.97125238193445,108972300
2021-09-29,139.56085205078125,141.1437680766469,138.77915978644447,139.2090912773067,74602000
2021-09-30,138.26132202148438,141.07540882378817,138.04635622911155,140.37188712321222,89056700
2021-10-01,139.3849639892578,139.64878829633227,135.9259954801677,138.65213028813756,94639600
2021-10-04,135.95533752441406,138.9550779570537,135.10525501528176,138.5153657120816,98322000
2021-10-05,137.8802490234375,138.98439014714222,136.1703033445533,136.29733265175278,80861100
2021-10-06,138.7498779296875,138.8964387383312,135.20295726507902,136.27778622694314,83221100
2021-10-07,140.0102996826172,140.91902112673358,139.45335388293273,139.78556821323843,61732700
2021-10-08,139.62925720214844,140.87995899645605,139.2970427994977,140.73339820397527,58773200
2021-10-11,139.54132080078125,141.49554421911762,138.56420909161307,139.01368703802868,64452200
2021-10-12,138.2710723876953,139.97125212650982,137.81182869231796,139.95170571768443,73035900
2021-10-13,137.684814453125,138.16358964828814,136.0139468710265,138.00726310614547,78762700
2021-10-14,140.46957397460938,140.58683751822448,138.27107262847971,138.8573456179309,69907100
2021-10-15,141.52488708496094,141.5835114147044,140.2253264406504,140.47938508226497,67940300
2021-10-18,143.1957550048828,143.479110901774,139.88334618906478,140.16670208595596,85589200
2021-10-19,145.35513305664062,145.75575243725564,143.1957245202807,143.64518755891186,76378900
2021-10-20,145.84368896484375,146.32247907181252,144.7297822080243,145.29650879090318,58418800
2021-10-21,146.05862426757812,146.21496568738968,144.485474140878,145.40396134534794,61421000
2021-10-22,145.28672790527344,146.7426146643611,145.23786934278849,146.26383951681254,58883400
2021-10-25,145.2378692626953,145.95115656405432,144.24121124480388,145.27694716693773,50720600
2021-10-26,145.90232849121094,147.38752756365847,145.5994113354405,145.91209424092938,60893400
2021-10-27,145.443115234375,146.30296358535784,145.0913543468451,145.94143694606547,56094900
2021-10-28,149.0779266357422,149.6641846605071,146.2931525621037,146.39086968766787,100077900
2021-10-29,146.37135314941406,146.5081482073945,143.0589446865979,143.85040287273776,124953200
2021-11-01,145.55056762695312,146.2736207539483,144.4171144592604,145.57987978563986,74588300
2021-11-02,146.5863037109375,148.10082985163274,145.2476505224247,145.25743118168475,69122000
2021-11-03,148.02268981933594,148.4916993652847,146.39091470548655,146.94786074576106,54511500
2021-11-04,147.5048065185547,148.94114717338857,147.19212358039826,148.11061107430388,60394600
2021-11-05,148.03318786621094,148.93344079375584,146.83937063089465,148.6300964838691,65463900
2021-11-08,147.2112579345703,148.3170106437663,146.93726849126057,148.1604409815022,55020900
2021-11-09,147.5733184814453,148.1800072843551,146.83941495612973,146.9764096836031,56787900
2021-11-10,144.74530029296875,146.9078752619248,144.67681041564214,146.80023551358215,65187100
2021-11-11,144.69639587402344,146.22291262356347,144.51047128224292,145.7630135429795,41000000
2021-11-12,146.77085876464844,147.1720478294866,144.31471985327795,145.24432757919843,63804000
2021-11-15,146.78067016601562,148.62032601011296,146.22289645235986,147.14272437440852,59222800
2021-11-16,147.75921630859375,148.23870523347338,146.1348398835429,146.72196856987298,59256200
2021-11-17,150.19578552246094,151.67337235529826,147.7494408070529,147.7592208106454,88807000
2021-11-18,154.48179626464844,155.26462968629394,149.76525065573642,150.4110893484419,137827700
2021-11-19,157.10426330566406,157.56417731455713,153.17053675502055,154.26649442831288,117305600
2021-11-22,157.5641632080078,162.14371301680876,157.54458827093626,158.20998681834752,117467900
2021-11-23,157.94578552246094,158.3274146566765,155.64621578340464,157.66200120676388,96041900
2021-11-24,158.4644317626953,158.66013635871653,156.2137915801923,157.2999692591092,69463600
2021-11-26,153.44448852539062,157.00636502097973,153.0041495633598,156.14526203093936,76959800
2021-11-29,156.80091857910156,157.73052659848017,155.38202667808307,155.94958045222978,88748200
2021-11-30,161.75228881835938,161.96756831221649,156.48775108343634,156.55625589116394,174048100
2021-12-01,161.23365783691406,166.64497001692308,160.99880341826756,163.88548659020162,152052500
2021-12-02,160.24533081054688,160.6758897940943,154.41325439149716,155.33308223247562,136739200
2021-12-03,158.36656188964844,161.41961013164072,156.29206642790317,160.49978216462458,118023100
2021-12-06,161.77186584472656,164.27692006238982,160.75417823673777,160.76395823883925,107497000
2021-12-07,167.506103515625,167.89752761795768,164.72705957992557,165.4511829707639,120405400
2021-12-08,171.32241821289062,172.18353634737676,167.03641741062992,168.4357343791699,116998900
2021-12-09,170.81356811523438,172.95656843850207,170.18730447599066,171.15606234208923,108923700
2021-12-10,175.59857177734375,175.77471631207035,170.94073811179362,171.44958185163827,115402700
2021-12-13,171.96824645996094,178.22110269969062,171.76274694249355,177.2327699190323,153237000
2021-12-14,170.58847045898438,173.92528743178815,168.51397541726456,171.48872330598167,139380400
2021-12-15,175.4518280029297,175.6475325738547,168.611843504033,171.35175229088827,131063300
2021-12-16,168.56292724609375,177.25234826512832,167.0853404452438,175.4322672390144,150185800
2021-12-17,167.46694946289062,169.74694420568176,166.0480727156741,166.2829122189755,195432700
2021-12-20,166.10678100585938,166.91896912005944,163.86593615587674,164.66832933666538,107499100
2021-12-21,169.27725219726562,169.48273676499653,165.49030091905374,167.87793543850688,91185900
2021-12-22,171.87037658691406,172.08565609490324,168.45527432954148,169.32617236411534,92135300
2021-12-23,172.4966583251953,173.05443209039555,171.50834043001467,172.07589419886108,68356600
2021-12-27,176.45974731445312,176.54781214494253,173.26971902697096,173.28927903509933,74919600
2021-12-28,175.4420166015625,177.4382418590108,174.69833332933095,176.293354548695,79144300
2021-12-29,175.53012084960938,176.75329313798875,174.3167285642682,175.48119097181373,62348900
2021-12-30,174.37542724609375,176.69457190920295,174.26778749437727,175.6181743920382,59773000
2021-12-31,173.7589569091797,175.38331824017646,173.45559766181222,174.2677857929612,64062300
2022-01-03,178.10366821289062,178.9550062933326,173.89596741451703,174.0133871781769,104487900
2022-01-04,175.84323120117188,179.01369889567948,175.2756775127618,178.71035458130368,99310400
2022-01-05,171.1658172607422,176.3031403228598,170.8918278919333,175.75516158524204,94537600
2022-01-06,168.30848693847656,171.53766438344002,167.95621276391145,168.99346035254746,96904000
2022-01-07,168.474853515625,170.40257420223315,167.35932100577125,169.17940193566972,86709100
2022-01-10,168.4944305419922,168.79777487885306,164.56070430318124,165.4511773077938,106765600
2022-01-11,171.32241821289062,171.42026304461638,167.1538521125257,168.62165897014336,76138300
2022-01-12,171.7627410888672,173.37732250749067,171.0679876032979,172.3400748149154,74805200
2022-01-13,168.4944305419922,172.82934594142114,168.10300645305696,172.00737775161056,84505800
2022-01-14,169.3555450439453,170.05029852382498,167.4180294399018,167.66266389110206,80440800
2022-01-18,166.1557159423828,168.83689986985863,165.77408681023036,167.82900716362772,90956700
2022-01-19,162.6623077392578,167.40822126644343,162.37853839338976,166.35139882333922,94815000
2022-01-20,160.97926330566406,166.0383024176851,160.65634400941124,163.39625309442948,91420500
2022-01-21,158.9243621826172,162.76022939959458,158.81672240399746,160.89121821233596,122848900
2022-01-24,158.15126037597656,158.8166737850042,151.37978119467465,156.58560899416545,162294600
2022-01-25,156.3507843017578,159.26682305990172,153.65002507588994,155.56795099632697,115798400
2022-01-26,156.26266479492188,160.86178832446035,154.4328043421836,159.99089049638027,108275300
2022-01-27,155.80282592773438,160.3236668366123,154.88299779290693,158.96349957568594,121954600
2022-01-28,166.67434692382812,166.69392186078738,159.30595841103175,162.15350702087153,179935700
2022-01-31,171.0288543701172,171.24413390438698,165.8719554140601,166.5080140130585,115541600
2022-02-01,170.8624725341797,171.0875320298687,168.61183278338754,170.27534392743365,86213900
2022-02-02,172.06607055664062,172.10522042730014,169.60994623393472,170.99946801633135,84914300
2022-02-03,169.18917846679688,172.45750604377838,168.4259201826274,170.73526997176376,89418100
2022-02-04,168.90504455566406,170.5804825811808,167.22960653014735,168.20939100229583,82465400
2022-02-07,168.1898193359375,170.43351937589156,167.49416572772904,169.36555780513737,77251200
2022-02-08,171.29571533203125,171.80520742660315,167.96443926792173,168.25837758980256,74829200
2022-02-09,172.71641540527344,173.07893089654075,171.36430797248656,172.49106914991745,71285000
2022-02-10,168.64051818847656,171.93259499604034,168.08204874852603,170.61968723864308,90865900
2022-02-11,165.23086547851562,169.58111126110254,164.64298876993468,168.8462728505392,98670700
2022-02-14,165.4660186767578,166.15186486791518,163.19291135712115,163.98653444619794,86185500
2022-02-15,169.29696655273438,169.45373566949445,166.80832036305304,167.5137664381475,62527400
2022-02-16,169.06182861328125,169.83585183660028,166.6123672162483,168.3759824121772,61177400
2022-02-17,165.4660186767578,168.43476465088062,165.06430342539218,167.57254946752525,69589300
2022-02-18,163.91795349121094,167.0924457737123,162.83039207397334,166.3870146722984,82772700
2022-02-22,160.9981689453125,163.32025303287986,158.8720237841658,161.64481524353263,91162800
2022-02-23,156.83412170410156,162.7911986729469,156.52058346872764,162.19352949330056,90009200
2022-02-24,159.45016479492188,159.5579417081335,148.92727191069304,149.4955488212337,141147500
2022-02-25,161.51747131347656,161.78200234869726,157.61791846840168,160.5278794584224,91974200
2022-02-28,161.78199768066406,162.07593599497437,159.14637521454355,159.76364417956287,95056600
2022-03-01,159.90084838867188,163.23212509592508,158.6957174816516,161.37052533149114,83474400
2022-03-02,163.19288635253906,163.97671685818776,159.6558640904533,161.06675601055625,79724800
2022-03-03,162.86953735351562,165.49536700896874,162.20329121650798,165.06425953193005,76678400
2022-03-04,159.8714141845703,162.20330577402447,158.82305268070243,161.16473673176029,83737200
2022-03-07,156.07968139648438,161.6840502038395,155.82492784594277,160.05760426701897,96418800
2022-03-08,154.2572784423828,159.58730866544224,152.65043241487155,155.60938587479396,131148300
2022-03-09,159.65585327148438,160.1065606405456,156.18742332820318,158.21556911317273,91454900
2022-03-10,155.31544494628906,157.14763719865718,152.82678391494153,156.9614757494235,105342000
2022-03-11,151.60208129882812,156.060104640192,151.37673500562354,155.71717401765326,96970100
2022-03-14,147.5751190185547,151.0043643598726,147.0656419035059,148.38834185067742,108732100
2022-03-15,151.9547882080078,152.4250955746164,147.34001116939965,147.8494883910694,92964300
2022-03-16,156.36383056640625,156.7655458657659,151.33754541830783,153.8751841039313,102300200
2022-03-17,157.3730010986328,157.74532403885397,154.4434546489776,155.40363939181822,75615400
2022-03-18,160.66505432128906,161.1549465596943,156.53036263312293,157.2652009907308,123511700
2022-03-21,162.0367431640625,162.98713519470292,159.71464405141342,160.20453623420445,95811400
2022-03-22,165.40721130371094,165.9950729796282,161.57625067180703,162.16411234772428,81532000
2022-03-23,166.7691650390625,169.15003475063193,164.2609035784897,164.59404174807565,98062700
2022-03-24,170.55111694335938,170.61969409297694,166.769147690774,167.60195565228418,90131400
2022-03-25,171.18795776367188,171.73663471959298,169.25778100424003,170.36494232979024,80546200
2022-03-28,172.0501708984375,172.1775327221898,168.52294058057433,168.6895021580393,90371900
2022-03-29,175.34225463867188,175.39123190730578,172.77520887835874,173.11813946075333,100589400
2022-03-30,174.17626953125,175.97906916213574,173.12789309189358,174.94050013456726,92633200
2022-03-31,171.08018493652344,174.43104638306448,170.87442359799343,174.2448849220912,103049300
2022-04-01,170.78623962402344,171.34472398421482,168.46415506398156,170.5119011506989,78751300
2022-04-04,174.832763671875,174.88175589117134,170.91362533338986,171.04100211349504,76468400
2022-04-05,171.52105712890625,174.695564012496,170.89399570193683,173.9117334912033,73401800
2022-04-06,168.35638427734375,170.11999949152553,166.69075350018778,168.87566890286308,89058800
2022-04-07,168.66009521484375,169.85543344405016,166.41639539463952,167.69991063657648,77594700
2022-04-08,166.65155029296875,168.30738857225097,165.77954264267717,168.30738857225097,76575500
2022-04-11,162.39927673339844,165.61296861541499,162.1543306146452,165.29944535757966,72246700
2022-04-12,164.2706756591797,166.4359910689201,163.27129126604743,164.62339868320723,79265200
2022-04-13,166.95529174804688,167.58235330112555,163.39868377604554,164.00614545081112,70618900
2022-04-14,161.94857788085938,167.80770011623432,161.70363174912274,167.17083120352376,75329400
2022-04-18,161.73304748535156,163.23211669383912,160.2633706181813,160.60628625032533,69023900
2022-04-19,164.01593017578125,164.42745284930518,160.59649161266293,161.68405307765963,67723800
2022-04-20,163.84934997558594,165.46600329408383,162.74220370933205,165.34841899344127,67929800
2022-04-21,163.0557098388672,168.062408468632,162.55602520215882,165.49537825406796,87227800
2022-04-22,158.5193328857422,164.47642463552896,158.23520194954875,163.0949398073809,84882400
2022-04-25,159.58731079101562,159.87144172970685,155.2566649146805,157.862880430984,96046400
2022-04-26,153.6302032470703,159.05820246882445,153.55181869779824,158.9700254572649,95623200
2022-04-27,153.4048614501953,156.55975368530983,152.2389155403168,152.7582001127346,88063200
2022-04-28,160.33193969726562,161.19415486672693,155.717147988404,156.030686213781,130216800
2022-04-29,154.46302795410156,162.84018882642286,154.07112011517893,158.568327600733,131747600
2022-05-02,154.76678466796875,155.0313157503038,150.17159242252777,153.5420538968097,123055300
2022-05-03,156.2560577392578,157.46120366883235,153.1599494897431,154.9529423111533,88966500
2022-05-04,162.663818359375,163.11451083359574,156.040465917951,156.4421811299961,108256500
2022-05-05,153.60081481933594,160.76303686900772,151.8175999162394,160.5376906280676,130525300
2022-05-06,154.32691955566406,156.44636712680793,151.2851189689877,153.0807608024048,116124600
2022-05-09,149.20494079589844,152.90416000742098,148.6456508199546,152.0210492953049,131577900
2022-05-10,151.60891723632812,153.7970575708187,150.05858149525076,152.599963074193,115366700
2022-05-11,143.7493438720703,152.53129738037643,143.07229678522884,150.6179132038416,142689800
2022-05-12,139.88328552246094,143.45494014257622,136.1938888181264,140.08934914213407,182602000
2022-05-13,144.34786987304688,145.3192870677171,140.42297369266063,141.87518108716213,113990900
2022-05-16,142.807373046875,144.7502078730768,141.47290744658727,142.81719487180055,86643800
2022-05-17,146.43788146972656,146.95792901438662,143.9259353445969,146.0650115425021,78336300
2022-05-18,138.1759796142578,144.59317839270622,137.27324030149254,144.09275951105042,109742900
2022-05-19,134.77113342285156,139.00020681352638,134.03521536260072,137.2536291483144,136095600
2022-05-20,135.00660705566406,138.05821430560903,130.12011571020568,136.47844306099526,137426100
2022-05-23,140.4229736328125,140.57015125059797,135.0654837610607,135.20285452842407,117726300
2022-05-24,137.724609375,139.3043807072169,134.75150167714628,138.1661572066265,104132700
2022-05-25,137.88160705566406,139.12775081330722,135.7425308510417,135.83083742178036,92482700
2022-05-26,141.08041381835938,141.62989697300142,134.56508575048807,134.8103917996885,90601500
2022-05-27,146.83035278320312,146.86959515379783,142.53258704704527,142.6601509529846,90978500
2022-05-31,146.04539489746094,147.8312299883083,144.08294665114528,146.27108722583742,103718400
2022-06-01,145.91783142089844,148.89093902040028,144.90715690011942,147.08547543452738,74286600
2022-06-02,148.37091064453125,148.42978169809749,144.10257959347064,145.05436821890447,72348100
2022-06-03,142.65037536621094,145.19174238635256,141.74765092180013,144.14182533230215,88570300
2022-06-06,143.3960723876953,145.78045445382116,142.17934925780943,144.2693611343495,71598400
2022-06-07,145.91783142089844,146.20237980048756,141.39438806442126,141.63969407079793,67808200
2022-06-08,145.18194580078125,147.05607272879104,144.6913336785422,145.79030004122362,53950200
2022-06-09,139.96180725097656,145.17210490927135,139.85387199936835,144.31844471982856,69473000
2022-06-10,134.55526733398438,138.11710068108783,134.48657445941151,137.6461172993445,91437900
2022-06-13,129.40382385253906,132.6614796951245,128.9720829038409,130.37522601482007,122207100
2022-06-14,130.2672882080078,131.37607607962988,129.0113227305463,130.63035125622758,84784300
2022-06-15,132.8871612548828,134.76130271815364,129.67856950370555,131.76856647591572,91533000
2022-06-16,127.61801147460938,129.90426555728718,126.61715864214314,129.60008846415832,108123900
2022-06-17,129.08982849121094,130.58129318016776,127.37268647196602,127.62781429709099,134520300
2022-06-21,133.31895446777344,134.48661389961154,130.81684422503028,130.91495768167533,81000500
2022-06-22,132.80870056152344,135.17343948860204,131.395735327504,132.2592024365102,73409200
2022-06-23,135.67385864257812,135.9878425646897,133.0834276529192,134.25108671150673,72433800
2022-06-24,139.00018310546875,139.24548908371264,137.14567050883647,137.273219436367,89116800
2022-06-27,139.00018310546875,140.7958246628887,138.3231362099494,140.0206493871563,70207900
2022-06-28,134.85943603515625,140.72715167094702,134.74169394010806,139.46137923230657,67083400
2022-06-29,136.61581420898438,138.02877917366496,134.10388314834785,134.87905849783044,66242400
2022-06-30,134.1529541015625,135.77196780465343,131.2583461315228,134.67300165333307,98964500
2022-07-01,136.32144165039062,136.42937688810812,133.11284998534265,133.48570492012948,71051600
2022-07-05,138.90206909179688,138.95113328697806,134.35899711370092,135.18323666479031,73353800
2022-07-06,140.23654174804688,141.41400763305737,138.43109305954474,138.69602774966668,74064300
2022-07-07,143.60215759277344,143.79839942455877,140.58979232323185,140.5995991745189,66253700
2022-07-08,144.27915954589844,144.77959333061295,142.27746932390713,142.5325821547398,64547800
2022-07-11,142.14991760253906,143.88668829327412,141.08038702449986,142.93489980535588,63141600
2022-07-12,143.12135314941406,145.66272006961017,142.32656399441228,143.02322474684678,77588800
2022-07-13,142.75830078125,143.7002675399076,139.45156535802397,140.3052405126538,71185600
2022-07-14,145.68235778808594,146.1533412106034,140.5603662797928,141.37478416032295,78140700
2022-07-15,147.3504180908203,148.02746510063992,145.4174054581408,146.96774129904725,76259900
2022-07-18,144.3086395263672,148.7241480973096,143.9455764182645,147.9097302753274,81420900
2022-07-19,148.1648406982422,148.3905180514349,144.15163767930207,145.14266864096726,82982400
2022-07-20,150.16651916503906,150.8337592919261,147.54665279809592,148.2825708215841,64823400
2022-07-21,152.43316650390625,152.64903699884627,149.08718880462706,151.5991200487024,65086600
2022-07-22,151.1968231201172,153.34570636779952,150.5295978961148,152.47241748797757,66675400
2022-07-25,150.07823181152344,152.1289867062053,149.42081342303993,151.11832702232695,53623900
2022-07-26,148.75355529785156,150.21556938623502,147.96857315136768,149.4011517193333,55138700
2022-07-27,153.84613037109375,154.37599980512033,149.30307266450654,149.7151850174758,78620700
2022-07-28,154.39561462402344,154.68016301876492,151.51081343985047,154.0325515340952,81378700
2022-07-29,159.458740234375,160.55772152561576,156.50526076605678,158.2125962735302,101786900
2022-08-01,158.47750854492188,160.5184565925083,157.86915435741844,157.98689646537588,67829400
2022-08-02,157.0056915283203,159.3606387818302,156.632836483376,157.094013092394,59907000
2022-08-03,163.01077270507812,163.46212742924678,157.73178199101062,157.82008857109244,82507500
2022-08-04,162.69671630859375,164.05080994727243,161.34262266991507,162.89295807465038,55474100
2022-08-05,162.47076416015625,162.96205765324038,160.16167874542583,160.3680286094797,56697000
2022-08-08,161.9991455078125,164.88795425048374,161.34081388850365,163.47302629545368,60276900
2022-08-09,162.04824829101562,162.93258559805665,160.40732977942574,161.16392597706255,63135500
2022-08-10,166.29306030273438,166.3913100252121,163.99379489901474,164.76021170255777,70170500
2022-08-11,165.5560760498047,168.01254335724568,165.26129697429445,167.0987297224726,57149200
2022-08-12,169.10324096679688,169.1720142653812,166.45024387983412,166.86294364369544,68039400
2022-08-15,170.17425537109375,170.37076978453467,168.36629877849532,168.53333677957454,54091700
2022-08-16,170.0170440673828,170.6852110892498,168.67090454328755,169.77139729331643,56377100
2022-08-17,171.51055908203125,173.08268924248625,169.56504107416526,169.76155547008622,79542000
2022-08-18,171.1175079345703,171.85444813238172,170.10544459568962,170.72447915963892,62290100
2022-08-19,168.5333251953125,170.71466951867444,168.3269753298755,170.0170261568602,70346300
2022-08-22,164.6521453857422,166.9022634916105,164.22962509055057,166.73522546568063,69026800
2022-08-23,164.3180389404297,165.77227866474297,163.74813661491604,164.17065687050786,54147100
2022-08-24,164.61279296875,165.18269520734955,163.35508285359487,164.40645810232692,53841500
2022-08-25,167.0692901611328,167.17737534622174,165.41855096314578,165.841056236527,51218200
2022-08-26,160.77090454101562,168.07153485537452,160.71195171096292,167.59989722186273,78961000
2022-08-29,158.56988525390625,160.06340660842702,157.03705202563728,158.34387946257124,73314000
2022-08-30,156.14288330078125,159.72931938342805,154.97360252515915,159.3068142254931,77906200
2022-08-31,154.4823455810547,157.78383884788298,154.40373681361956,157.5185361319256,87991100
2022-09-01,155.20945739746094,155.66143904544523,151.97673759886456,153.91243529158203,74229900
2022-09-02,153.0968780517578,157.56765189981036,152.2715085702032,156.9682732301626,76957800
2022-09-06,151.8391571044922,154.3545772465812,151.01378768157298,153.74537814772464,73714800
2022-09-07,153.24429321289062,153.9419216691413,150.93520749298594,152.1241445003408,87449600
2022-09-08,151.77041625976562,153.63732582875608,150.0213973567108,151.94727474830393,84923800
2022-09-09,154.6297149658203,155.07189112050955,152.0553417641127,152.76280561990976,68028800
2022-09-12,160.5841827392578,161.39973173078485,156.5261087123494,156.81105233922636,104956000
2022-09-13,151.16122436523438,157.74455617782215,150.6994071417173,157.11570091498285,122656600
2022-09-14,152.60556030273438,154.36439914916104,150.93516566698943,152.09461094592444,87965400
2022-09-15,149.716796875,152.53683214610933,148.7440452074938,151.95709434204855,90481100
2022-09-16,148.07586669921875,148.71455728301882,145.78643705402317,148.57699569456918,162278800
2022-09-19,151.7900390625,151.8686478234834,146.50373107588743,146.71006595451675,81474200
2022-09-20,154.1678924560547,155.32735289857166,150.41441795742156,150.72883799724963,107689800
2022-09-21,151.04327392578125,155.9758648340084,150.92536828428254,154.600234046477,101696800
2022-09-22,150.08035278320312,151.7802241971407,148.28221666613402,149.72662084225365,86652500
2022-09-23,147.81057739257812,148.83247642204518,145.97314422465584,148.55735322020942,96029900
2022-09-26,148.1446533203125,151.09241446222893,147.03432515906897,147.05398109807987,93339400
2022-09-27,149.11740112304688,152.02586530633175,147.33892101138343,150.08034720002962,84442700
2022-09-28,147.23085021972656,148.01692291304855,142.31791462782627,145.06916155790836,146691400
2022-09-29,139.99899291992188,144.16516723784525,138.2303333041484,143.55596808972413,128138200
2022-09-30,135.7935333251953,140.60821907927374,135.59701890511008,138.8199033723931,124925300
2022-10-03,139.96951293945312,140.57872706512543,135.2924042908768,135.80335372086685,114311700
2022-10-04,143.55596923828125,143.67387488258018,141.7479977315321,142.504593932989,87830100
2022-10-05,143.85073852539062,144.81368463210958,140.51976901629106,141.56132388640066,79471000
2022-10-06,142.89759826660156,144.97085711790666,142.69126342442033,143.27098606704342,68402200
2022-10-07,137.65061950683594,140.60821619318722,137.02176437961742,140.05795483791823,85925600
2022-10-10,137.97488403320312,139.41928832461434,136.15710682488464,137.97488403320312,74899000
2022-10-11,136.55995178222656,138.88869341854974,135.8131909792421,137.46393012049913,77033700
2022-10-12,135.93109130859375,137.91592138284778,135.75423283314072,136.70734348798558,70433700
2022-10-13,140.5001220703125,141.08966528093347,132.0302118420066,132.63942598399592,113224000
2022-10-14,135.97044372558594,142.00352951852494,135.78374972822098,141.7971795758865,88598000
2022-10-17,139.93019104003906,140.41164898077844,137.82745586892307,138.6135283145828,85250900
2022-10-18,141.24685668945312,144.14548483681097,138.1615346456643,142.95656316967438,99136600
2022-10-19,141.35499572753906,142.42601218125702,139.03608932702545,139.22278329462767,61758300
2022-10-20,140.89312744140625,143.34959455977452,140.1660077768585,140.5295751056751,64522000
2022-10-21,144.70558166503906,145.27548388473534,140.16601984417193,140.3821901686459,86548600
2022-10-24,146.8476104736328,147.61402706279983,143.45768863799606,144.6269694579804,75981900
2022-10-25,149.68731689453125,149.83471395703802,146.75921150175503,147.476495894735,74732300
2022-10-26,146.74937438964844,149.34340346890698,145.4621728259598,148.33134005875115,88194300
2022-10-27,142.2786102294922,146.45460526216635,141.6202786941001,145.49167413504986,109180200
2022-10-28,153.02809143066406,154.75743900232175,145.24600486857483,145.6193777007102,164762400
2022-10-31,150.66989135742188,151.55422867895751,149.27461957607085,150.49303288896766,97943200
2022-11-01,148.0267333984375,152.74315424703352,146.5332118743015,152.3796018355527,80379300
2022-11-02,142.5045928955078,149.5202635488904,142.47511648464766,146.35633217647393,93604600
2022-11-03,136.46168518066406,140.3134243600425,136.33394407491397,139.58630459413143,97918500
2022-11-04,136.19595336914062,140.41823769444377,132.25908536615194,139.84739003185524,140814800
2022-11-07,136.72744750976562,136.95381325392813,133.52874170596672,134.94601683421618,83374600
2022-11-08,137.29827880859375,139.19781051108808,135.32000793975288,138.19391993058036,89908500
2022-11-09,132.74136352539062,136.36329048249235,132.4657839221066,136.31407662091405,74917800
2022-11-10,144.55194091796875,144.55194091796875,137.298266687944,139.0108096143879,118854000
2022-11-11,147.33731079101562,147.6424157179768,142.09143135008082,143.51855829432515,93979700
2022-11-14,145.93966674804688,147.90810035945074,145.10307645601756,146.61877874685428,73374100
2022-11-15,147.67189025878906,151.16586309626985,146.2152535189844,149.8174908111913,89868300
2022-11-16,146.441650390625,147.50460662223392,144.96532479416157,146.77629560614008,64218300
2022-11-17,148.3411865234375,149.0891860323431,143.8433076526517,144.11888720950952,80389400
2022-11-18,148.90219116210938,150.2899408094876,147.60303246304494,149.9060967599958,74829600
2022-11-21,145.6739501953125,147.99670287508093,145.3885338782466,147.790025718782,58724100
2022-11-22,147.80970764160156,148.04592513732047,144.6110022662971,145.7920747269315,51804100
2022-11-23,148.68565368652344,149.43365312101446,146.98294764352303,147.09121210280074,58301400
2022-11-25,145.77236938476562,146.53022062215993,144.79798922240155,145.96920976620405,35195900
2022-11-28,141.94378662109375,144.32559012136235,141.11704788902577,142.8492645206864,69246000
2022-11-29,138.94190979003906,142.5244590100729,138.13485967272496,142.01266197350824,83763800
2022-11-30,145.6936492919922,146.37276146207836,138.33170993361605,139.16828541868128,111380900
2022-12-01,145.96923828125,146.77630352615344,144.29607218523327,145.87082558028513,71250400
2022-12-02,145.47711181640625,145.66411544857186,143.35119950014382,143.65631938407483,65447400
2022-12-05,144.3157501220703,148.53803463745106,143.46932286260514,145.4377569527139,68826400
2022-12-06,140.6544647216797,144.97517704731527,139.68008441838234,144.74881132681773,64727200
2022-12-07,138.71556091308594,141.10720126498546,137.79039443330282,139.9458322919547,69721100
2022-12-08,140.39854431152344,141.25482328488022,138.8730200272998,140.1131279990439,62128300
2022-12-09,139.91629028320312,143.27247380855323,138.67616726979998,140.09344213199822,76097000
2022-12-12,142.2095184326172,142.21935519606154,138.8336463442299,140.44776160871248,70462700
2022-12-13,143.17404174804688,147.6030180487257,141.9634590975565,147.14043487810696,93886200
2022-12-14,140.94970703125,144.34525228867759,138.93205940879196,143.05593056925082,82291200
2022-12-15,134.3456268310547,139.5619801804679,133.88304361781863,138.88286801559113,98931900
2022-12-16,132.3870391845703,135.47748033551235,131.6193510336839,134.53264031194206,160156900
2022-12-19,130.28082275390625,133.06615916355452,129.24740673369394,132.97758322204413,79592600
2022-12-20,130.21189880371094,131.14690185461754,127.83993247167396,129.31625782088165,77432800
2022-12-21,133.31214904785156,134.65068436093566,130.65476696071613,130.8811325967506,85928000
2022-12-22,130.1429901123047,132.43621717922085,128.24345879689446,132.2295400503929,77852100
2022-12-23,129.7788543701172,130.33001348787815,127.59389142616514,128.8536879861786,63814900
2022-12-27,127.97772979736328,129.33595400462013,126.68840798575984,129.30642869732836,69007800
2022-12-28,124.05071258544922,128.96195335269854,123.88339749624971,127.62341762114275,85438400
2022-12-29,127.56438446044922,128.42064856881274,125.7140589354878,125.9699499861123,75703700
2022-12-30,127.87931060791016,127.89899915340173,125.41877555904108,126.38331154566909,77034200
2023-01-03,123.09600067138672,128.83397917872526,122.21020400788498,128.22376953974077,112117500
2023-01-04,124.36565399169922,126.62935597280962,123.10585750129947,124.88728777203856,89113600
2023-01-05,123.04679870605469,125.7533952948206,122.79090770776376,125.12349705306252,80962700
2023-01-06,127.5741958618164,128.23361941413805,122.9188539076289,124.02117959147921,87754700
2023-01-09,128.09585571289062,131.30441322455866,127.83996466106093,128.4108124086458,70790800
2023-01-10,128.66668701171875,129.18832083166095,126.09787998496417,128.20410381019116,63896200
2023-01-11,131.3831329345703,131.4028064616691,128.40095662151043,129.1784814447806,69458900
2023-01-12,131.30441284179688,132.14098840377943,129.36550386584642,131.76699610111268,71379600
2023-01-13,132.63308715820312,132.79056549396478,129.58202324711493,129.94617875784812,57809700
2023-01-17,133.7944793701172,135.12316348796887,132.01304876349633,132.70199775252627,63646600
2023-01-18,133.0759735107422,136.42230495988363,132.8988066595986,134.66056331872014,69672800
2023-01-19,133.1350555419922,134.0995841255356,131.6587298451973,131.9638347529944,58280400
2023-01-20,135.6940155029297,135.84165708820683,132.1016288639502,133.14489665420894,80223600
2023-01-23,138.88287353515625,141.0579999020067,135.72353008280908,135.94005904305521,81760300
2023-01-24,140.28045654296875,140.90051809732327,138.0856567013407,138.0954934654877,66435100
2023-01-25,139.6210479736328,140.1820439497328,136.61918260935104,138.6663561197799,65799300
2023-01-26,141.6879119873047,141.97332836189656,139.6604119793185,140.91037200424128,54105100
2023-01-27,143.6267852783203,144.9062704324847,140.82177572822627,140.90051489349364,70555800
2023-01-30,140.7430419921875,143.2527985417942,140.59541543784155,142.6721140707524,64015300
2023-01-31,142.01266479492188,142.06187864867766,140.03439402480078,140.4477633640219,65874500
2023-02-01,143.1346435546875,144.29602720051471,139.08952688042356,141.69769542128986,77663600
2023-02-02,148.4396209716797,148.79392468833726,145.83143680858885,146.54991104174482,118339000
2023-02-03,152.06153869628906,154.8960886893848,145.496812581912,145.6936529941079,154357300
2023-02-06,149.33523559570312,150.68362304726807,148.40023248441526,150.16198925829823,69858300
2023-02-07,152.2091827392578,152.780030512787,148.26247720570987,148.26247720570987,83322600
2023-02-08,149.52224731445312,152.14026818212696,148.78408455222657,151.45131927430748,64120100
2023-02-09,148.48883056640625,151.89422837459855,148.0459358705389,151.3529059605557,56007100
2023-02-10,148.85354614257812,149.1788354914484,147.08911426452642,147.32569243849323,57450700
2023-02-13,151.65301513671875,152.05714887131725,148.76484796074135,148.7944183549585,62199000
2023-02-14,151.01229858398438,151.5741661946545,148.70571743057644,149.94771919605148,61707600
2023-02-15,153.11184692382812,153.27941747242824,150.69683660205456,150.92354792770303,65573800
2023-02-16,151.51495361328125,154.0975339353721,151.16009398543864,151.31779767712388,68167900
2023-02-17,150.37156677246094,150.8151376986906,148.69584602843153,150.17442580979125,59144100
2023-02-21,146.3596649169922,149.1394018439348,146.29067235544917,148.05510409777494,58867200
2023-02-22,146.78350830078125,147.80865006019064,145.05849901188733,146.74407109413818,51011300
2023-02-23,147.26654052734375,148.19311959888688,145.13739706863274,147.946689634791,48394200
2023-02-24,144.61495971679688,145.0881010134071,143.6390916917033,145.00924162382364,55469600
2023-02-27,145.8076629638672,147.039812645864,145.34437348016522,145.60067024018994,44998500
2023-02-28,145.30496215820312,146.95111245136155,144.73324285815977,144.9501024216552,50547000
2023-03-01,143.23495483398438,145.12753521820275,142.93923585875515,144.7332532784917,55479000
2023-03-02,143.82638549804688,144.6149643784106,141.8450789930105,142.31823534576338,52238100
2023-03-03,148.8732452392578,148.95210462024477,145.2260853537234,145.9259379185379,70732300
2023-03-06,151.63328552246094,154.0680147422593,151.26857399298945,151.59384830577196,87558000
2023-03-07,149.43511962890625,151.83041139396585,148.9718301446463,151.50512207262017,56182000
2023-03-08,150.6869659423828,151.27840377958802,149.6618240709013,150.6278251668401,47204800
2023-03-09,148.4395294189453,152.33311931510104,148.08466971716794,151.36711819838627,53833600
2023-03-10,146.37937927246094,148.78453780981002,145.5020893181875,148.06496662146847,68572400
2023-03-13,148.32125854492188,150.9531285889032,145.59081050522525,145.69924028415588,84457100
2023-03-14,150.41098022460938,151.209410853691,147.95654755608294,149.11968969699433,73695900
2023-03-15,150.80528259277344,151.06156433450928,147.77911548729296,149.03098388604963,77167900
2023-03-16,153.62442016601562,154.22570978036399,149.47453364061312,149.98711209240733,76161100
2023-03-17,152.78659057617188,154.50174868510317,152.07687101667568,153.8511699154162,98944600
2023-03-20,155.15228271484375,155.5662982460434,151.94869352566715,152.85556893212473,73641400
2023-03-21,157.00546264648438,157.1237442200261,154.3045847371103,155.0734600878072,73938300
2023-03-22,155.576171875,159.824622189753,155.55645326577164,157.02518131500096,75701800
2023-03-23,156.66046142578125,159.24305787299903,155.42831151194017,156.56189845720945,67622100
2023-03-24,157.9615936279297,158.0503047976887,155.59587218901564,156.5914437450547,59196500
2023-03-27,156.01974487304688,158.47419284355544,155.6155961034445,157.65604352005258,52390300
2023-03-28,155.39869689941406,156.22671283698608,153.75254688783264,155.71413440722972,45992200
2023-03-29,158.4741668701172,158.75016719414856,157.074446643704,157.09415020907082,51305700
2023-03-30,160.0414581298828,160.1498879032855,158.96702721945866,159.22330893800608,49501700
2023-03-31,162.54518127441406,162.64375926608275,159.59788883873148,160.120319104618,68749800
2023-04-03,163.7970428466797,163.91532439911353,161.87489241518372,161.92418140899423,56976200
2023-04-04,163.2647705078125,164.45748300799937,162.75219201536794,164.22091988909426,46278300
2023-04-05,161.4214630126953,162.69304993016723,159.48946069965245,162.38747921010668,51511700
2023-04-06,162.3086395263672,162.60435849941234,159.6866210280676,160.11047335808198,45390100
2023-04-10,159.71615600585938,159.71615600585938,157.79400566862077,159.11486640899105,47716900
2023-04-11,158.5037384033203,160.04145880285023,158.21787125365222,160.03160702009572,47644200
2023-04-12,157.813720703125,159.74572277857914,157.49828319805357,158.9177218890988,50133100
2023-04-13,163.1957244873047,163.4323025914085,159.11484619705487,159.32185391825652,68445600
2023-04-14,162.85073852539062,163.94488786146843,161.48058891002177,162.2395821576286,49386500
2023-04-17,162.87046813964844,163.02818690758198,161.68760746192598,162.73246797792896,41516200
2023-04-18,164.09275817871094,165.019337094876,163.28446081239204,163.72804670609275,49923000
2023-04-19,165.23623657226562,165.7586669315568,163.1760704888179,163.43236729662357,47720200
2023-04-20,164.27020263671875,165.47278202514906,163.19577163848064,163.71820194187683,52456400
2023-04-21,162.66346740722656,164.0730393438838,162.14103717495192,162.69303779464673,58337300
2023-04-24,162.96905517578125,163.23520373133107,161.54961626736943,162.643765839196,41949600
2023-04-25,161.43133544921875,163.93505711689548,161.3918982344198,162.83105575677226,48714100
2023-04-26,161.4214630126953,162.91976126426218,160.47518046288778,160.73146218660858,45498800
2023-04-27,166.00506591796875,166.1529178634098,162.83104713478986,162.83104713478986,64902300
2023-04-28,167.25694274902344,167.42452836533985,165.48265898999023,166.08394872105114,55275900
2023-05-01,167.16822814941406,168.01594783420873,166.23179728666088,166.8626573980738,52472900
2023-05-02,166.13320922851562,167.91737470896658,165.1474894240389,167.66107793363267,48425700
2023-05-03,165.0587615966797,168.47921017635485,164.77290950021637,167.07949000013943,65136000
2023-05-04,163.42245483398438,164.65460440159984,161.96359395737636,162.53531316165655,81235400
2023-05-05,171.09140014648438,171.81097141948842,168.32151475691046,168.53837432535954,113453200
2023-05-08,171.02236938476562,171.3673772990156,169.65221959190652,170.01693107088172,55962800
2023-05-09,169.31710815429688,171.06182151405454,169.14953757945023,170.5788283985824,45326900
2023-05-10,171.08152770996094,171.54481722364216,169.4452292165715,170.54924563088602,53724500
2023-05-11,171.26881408691406,172.09681510347738,169.71137500858376,171.36739208260082,49514700
2023-05-12,170.34097290039062,171.81171738299747,168.79124488441096,171.3773983196224,45533100
2023-05-15,169.84739685058594,170.97267098611968,169.25514096380277,170.9233138186056,37266700
2023-05-16,169.84739685058594,170.9035679392614,169.58088019536424,169.768428394902,42110300
2023-05-17,170.45938110351562,170.6962714054677,168.21869827349877,169.49204389326178,57951600
2023-05-18,172.78892517089844,172.97647339745131,170.35082834910114,170.76540150488879,65496700
2023-05-19,172.89752197265625,174.11163026725697,172.68036243226308,174.11163026725697,55809500
2023-05-22,171.94985961914062,172.45328160042612,171.20954735178353,171.7327001491139,43570900
2023-05-23,169.34397888183594,171.1404774028389,169.0675968111729,170.89370662105455,50747300
2023-05-24,169.62039184570312,170.19290197111815,168.31744971265542,168.88007936551583,45143500
2023-05-25,170.75555419921875,171.6537886011476,169.47234283142473,170.1830440486123,56058300
2023-05-26,173.16400146484375,173.49962120538788,170.87397623432938,171.08127033696854,54835000
2023-05-30,175.00987243652344,176.6780456265802,174.28930584342234,174.6742677286896,55964400
2023-05-31,174.96047973632812,177.03336027410137,174.47680359439627,175.0394481918492,99625300
2023-06-01,177.76380920410156,177.79342049505456,174.64462268903534,175.40468096744894,68901800
2023-06-02,178.61270141601562,179.43198227661338,176.94452840385708,178.69166987914852,61996900
2023-06-05,177.26039123535156,182.56102285189482,175.7402747725204,180.27099781019854,121946500
2023-06-06,176.8951873779297,177.79342164547316,175.13816542041533,177.64536518975015,64848400
2023-06-07,175.52316284179688,178.86937468745242,175.02962118278163,176.13514967923302,61944600
2023-06-08,178.2376251220703,178.50412674833163,175.1677956906412,175.60209965770608,50214900
2023-06-09,178.62257385253906,179.8761586114367,178.29683460490384,179.15559212759166,48900000
2023-06-12,181.416015625,181.51472997018058,178.63244881890137,178.92857679274874,54274900
2023-06-13,180.9422149658203,181.7713612206094,180.08345742062403,180.4388079672042,54929100
2023-06-14,181.57395935058594,182.00827838693002,179.66889592317074,181.00144926283193,57462900
2023-06-15,183.60731506347656,184.11073706491703,181.406124051015,181.58380683437406,65433200
2023-06-16,182.5314483642578,184.57471809579366,181.8898502216663,184.31806678939995,101256200
2023-06-20,182.62025451660156,183.69618663444365,182.02801364300083,182.02801364300083,49799100
2023-06-21,181.58383178710938,183.015099412311,180.23151756348105,182.51167734169172,49515700
2023-06-22,184.5845489501953,184.63390612000734,181.29756025506936,181.3666633051449,51245300
2023-06-23,184.2686767578125,185.13731475683954,182.6202496908907,183.15328303090953,53117000
2023-06-26,182.8769073486328,185.6209974197008,182.83741558637178,184.4167547195407,48088700
2023-06-27,185.630859375,185.9565986299679,183.27173119056016,183.48889069387212,50730800
2023-06-28,186.80551147460938,187.4471095844542,185.17683008088284,185.50255431027165,51216800
2023-06-29,187.14108276367188,187.61489349976054,186.49948476837957,186.6376758009822,46347300
2023-06-30,191.46449279785156,191.9678997111192,188.78949121160642,189.1547221675298,85213200
2023-07-03,189.97402954101562,191.37568580561538,189.28305928715224,191.27697146600818,31458200
2023-07-05,188.85865783691406,190.48733932830032,188.15782203618815,189.0955632614615,46920300
2023-07-06,189.33242797851562,189.53972207962792,186.756140199604,187.3878728511301,45094300
2023-07-07,188.21701049804688,190.1813114167851,187.7827065576724,188.9375920522482,46815000
2023-07-10,186.1737518310547,187.53593138541007,184.62402407003376,186.8153498480431,59922200
2023-07-11,185.65061950683594,186.85486227702734,184.18974051380027,186.71667122446578,46638100
2023-07-12,187.3187713623047,189.22383458950753,186.0355602702456,187.22992243297554,60750200
2023-07-13,188.0788116455078,188.72042471252908,187.32863389417258,188.0393349477294,41342300
2023-07-14,188.22691345214844,188.71057462083735,187.18060758311253,187.77284851528793,41616200
2023-07-17,191.48428344726562,191.81002272437502,189.33243414864154,189.42126802557274,50520200
2023-07-18,191.22763061523438,191.8198865800326,189.93455398917624,190.85254922844402,48288200
2023-07-19,192.57994079589844,195.66950100927124,190.16157487576123,190.6057743707706,80507300
2023-07-20,190.63539123535156,193.9322456468904,190.01352397351403,192.57006595398724,59581200
2023-07-21,189.4607696533203,192.4516308259383,188.75993388819955,191.5928731808388,71951700
2023-07-24,190.2602996826172,192.3924031537896,189.76675804919924,190.91177825353577,45377800
2023-07-25,191.11903381347656,191.92844922240585,190.4280786239598,190.83278632842445,37283200
2023-07-26,191.98765563964844,193.11292972833346,190.82290485561143,191.1683748904412,47471900
2023-07-27,190.72422790527344,194.6528150463848,190.06288393124004,193.48806403406496,47460200
2023-07-28,193.30050659179688,194.09017617119656,191.63233355900982,192.15548645475204,48291400
2023-07-31,193.91249084472656,193.95198260711592,192.7378594315981,193.52752900074864,38824100
2023-08-01,193.08335876464844,194.1888872056883,192.7576194786216,193.70522604358104,35175100
2023-08-02,190.0924835205078,192.65889079076135,189.37191700535638,192.52069974591456,50389300
2023-08-03,188.70068359375,189.8851803589987,188.22688789998924,189.09552588996192,61235200
2023-08-04,179.63929748535156,184.95967593788856,179.57019442385428,183.12370037395337,115956800
2023-08-07,176.53985595703125,180.76457131743229,175.0592309925441,179.77748800777417,97576100
2023-08-08,177.47755432128906,177.94148460917899,175.2862285117603,177.36897457174686,67823000
2023-08-09,175.88832092285156,178.59291868404023,174.72355515909632,178.53369611433408,60378500
2023-08-10,175.67120361328125,178.41529378720278,175.30598763799586,177.16169386807627,54686900
2023-08-11,175.73049926757812,176.5508864753638,174.5048729038775,175.2659575562626,52036700
2023-08-14,177.3811492919922,177.60848075837384,175.2560457553654,175.90840396188517,43675600
2023-08-15,175.39443969726562,177.40092323969566,174.99907927707545,176.8078826094104,43622600
2023-08-16,174.52467346191406,176.47183969890867,174.45547708148473,175.07818417720551,46964900
2023-08-17,171.98440551757812,175.4537406821077,171.47042491030345,175.08803154260252,66062900
2023-08-18,172.46875,173.0716844916875,169.96805819399307,170.30411608587545,61172200
2023-08-21,173.80307006835938,174.08971916130307,171.7274054668453,173.04200058882003,46311900
2023-08-22,175.177001953125,175.62178623446252,174.20835828322907,175.00897300604348,42038900
2023-08-23,179.02191162109375,179.44693836874362,176.26423745502308,176.45203891919172,52722800
2023-08-24,174.3368377685547,179.0021629998802,173.97111355320405,178.57713623123834,54945800
2023-08-25,176.541015625,177.07475372946672,173.78334110152613,175.3252679389123,51449600
2023-08-28,178.1027069091797,178.49806733287568,176.48170504077262,178.003859262239,43820700
2023-08-29,181.98719787597656,182.75816135607317,177.42071955816803,177.6183997947506,53003900
2023-08-30,185.47628784179688,185.67398314097,182.6000082560471,182.7976884731864,60813900
2023-08-31,185.6937255859375,186.9292456956689,185.30824391498263,185.66407430986655,60794500
2023-09-01,187.2653350830078,187.7199980774023,186.09899615427736,187.29498636168424,45766500
2023-09-05,187.5025177001953,187.77927298177536,185.43673181910435,186.09896874874457,45280000
2023-09-06,180.79119873046875,186.66239298088038,179.3678770840619,186.21759365485326,81755800
2023-09-07,175.503173828125,176.1456533918577,171.52973657694065,173.15073850258275,112488800
2023-09-08,176.11599731445312,178.15214742516778,175.73051558651892,176.2840413464044,65551300
2023-09-11,177.28228759765625,178.21140101532347,175.2856831308839,177.9840695669679,58953100
2023-09-12,174.2577667236328,178.043402311121,172.79491507430095,177.4108165912451,90370200
2023-09-13,172.1919708251953,175.24617287306006,171.96462426919445,174.46531572894506,84267900
2023-09-14,173.70425415039062,174.060084556446,171.56927171405846,171.98440467411754,60895800
2023-09-15,172.98272705078125,174.45547273170345,171.80652435113169,174.43570018321154,109259500
2023-09-18,175.908447265625,177.30211784571853,174.12929493806257,174.43570157296918,67257600
2023-09-19,176.9956817626953,177.54919237650395,175.07815207769175,175.46363376102514,51826900
2023-09-20,173.45713806152344,177.61836118650515,173.36816915467014,177.18345571133617,58436200
2023-09-21,171.9152069091797,174.25776334751873,171.846025624082,172.5280351536478,63149100
2023-09-22,172.76522827148438,175.02870938713053,172.03381007438438,172.64662317617766,56725400
2023-09-25,174.04029846191406,174.91998813589507,172.13264765845275,172.18207147695253,46172700
2023-09-26,169.96804809570312,173.1705067749598,169.67152023376326,172.7949188930673,64588900
2023-09-27,168.4557647705078,171.03553164114703,167.0917606780329,170.62039864934732,66921800
2023-09-28,168.71275329589844,170.03722730338785,165.67830850769053,167.37838547451082,56294400
2023-09-29,169.2267608642578,171.06521578016338,168.36682842998798,170.02737565179098,51861100
2023-10-02,171.7373046875,172.28093658205415,168.9499639274405,169.23661305458424,52164500
2023-10-03,170.40292358398438,171.61868620307462,168.84123947337378,170.26454593815689,49594600
2023-10-04,171.6483612060547,172.19199313339385,168.98951921036945,169.10812432832188,53020300
2023-10-05,172.88388061523438,173.41761872545223,170.67970163713667,171.77684421895017,48527900
2023-10-06,175.43399047851562,175.92819856079907,171.17390414032383,171.78673241813826,57266700
2023-10-09,176.91661071777344,176.9759132731787,173.76356081110382,174.76185568517045,42390800
2023-10-10,176.3235626220703,177.63815795783916,175.8886570875863,176.03692856454262,43698000
2023-10-11,177.7172393798828,177.7666632072918,175.54272671219826,176.13576739500243,47551100
2023-10-12,178.61668395996094,180.227791982292,176.96601576479657,177.98409824545533,56743100
2023-10-13,176.7782440185547,179.82255265296823,176.0764618780152,179.31846581874476,51427100
2023-10-16,176.64971923828125,177.00554962273654,174.46531311220224,174.7025383958498,52517000
2023-10-17,175.097900390625,176.35319301979084,172.7751316803463,174.60369235668924,57549400
2023-10-18,173.80307006835938,175.52291937992672,173.08153059369246,173.54608733160953,54764400
2023-10-19,173.427490234375,175.7799102245973,173.16061367257353,174.00075828264139,59302900
2023-10-20,170.87741088867188,173.38798159754705,170.6401855525277,173.2792552037354,64244000
2023-10-23,170.99598693847656,171.99428177951037,167.96154224302492,168.93020088937016,55980100
2023-10-24,171.43087768554688,171.65820914819068,169.46392436745393,171.04539603931104,43816600
2023-10-25,169.11801147460938,171.0552987076063,168.67321213575732,169.88897487497013,57157000
2023-10-26,164.95675659179688,169.39475015606334,163.75088778515044,168.39644027726376,70625300
2023-10-27,166.27134704589844,167.00278034322866,164.8974493569631,164.9765244498122,58499100
2023-10-30,168.31736755371094,169.18717852998205,166.91381853056686,167.06208999172168,51131000
2023-10-31,168.7918243408203,168.92030818010912,165.9550598323106,167.38827526603964,44846000
2023-11-01,171.95477294921875,172.21175573979943,168.1493644262673,169.01917553597846,56934900
2023-11-02,175.51304626464844,175.72060519042475,173.42748778366638,173.48679033388817,77334800
2023-11-03,174.6037139892578,174.77175801380423,171.34195262679097,172.2216424329047,79829200
2023-11-06,177.15383911132812,177.3515193436343,174.1688329148246,174.33686186638658,63841300
2023-11-07,179.7138214111328,180.32663456302825,176.89682951103612,177.1043884447924,70530000
2023-11-08,180.77142333984375,181.32493395317235,179.4864793691692,180.23768527185777,49340300
2023-11-09,180.29701232910156,181.9871956757889,179.70395654448856,180.84064428465763,53763500
2023-11-10,184.48350524902344,184.6517706680945,181.64301825007877,182.07849676599454,66133400
2023-11-13,182.89993286132812,184.1172820619318,182.31600272709323,183.9094496896321,43627500
2023-11-14,185.51278686523438,186.17589626502485,184.38450869065176,185.7701081675421,60108400
2023-11-15,186.07693481445312,187.55162053928348,185.84930383072194,185.91859136162876,53790500
2023-11-16,187.75949096679688,188.9966390106662,186.71037673999564,187.6209309899597,54412900
2023-11-17,187.73965454101562,188.42256253993392,186.63117494967102,188.2938943366879,50922700
2023-11-20,189.4815673828125,189.93684445013852,187.92771748948175,187.93760923589429,46505100
2023-11-21,188.67991638183594,189.5508734120303,187.78917585688575,189.442003783256,38134500
2023-11-22,189.34303283691406,190.9463718813115,188.8679722130009,189.52119000957208,39617700
2023-11-24,188.01678466796875,188.93721542830764,187.30418629136327,188.9075250877743,24048300
2023-11-27,187.838623046875,188.7095799535061,186.95777439426936,187.9672912540552,40552600
2023-11-28,188.44235229492188,189.1153685705385,187.45263402635211,187.82873180101734,38415400
2023-11-29,187.42294311523438,190.11497800569174,187.02706184977393,188.93721085337887,43014200
2023-11-30,187.99697875976562,188.36318478193425,186.2550800746654,187.888109148078,48794400
2023-12-01,189.27374267578125,189.5904446947665,187.28439912721964,188.37309535289532,45704800
2023-12-04,187.48233032226562,188.09596593756666,185.52269231677565,188.02667840765253,43389500
2023-12-05,191.4313201904297,192.40123993854135,188.22462732075607,188.25433276481266,66628400
2023-12-06,190.34262084960938,192.7575206909756,190.1347733725338,192.45071045016567,41089700
2023-12-07,192.27261352539062,192.99510378796072,191.5995971053443,191.63919430164995,47477700
2023-12-08,193.69776916503906,193.97488907234165,191.67873543823174,192.2032849129047,53406400
2023-12-11,191.19378662109375,191.50061200003438,189.45188773429211,191.12451418849048,60943700
2023-12-12,192.7080535888672,192.71794533501543,189.748790485074,191.09480795445688,52696900
2023-12-13,195.92465209960938,195.96423418895137,192.8466274130704,193.08415015292962,70404200
2023-12-14,196.07310485839844,197.567574144968,194.14315707722483,195.98403383047588,66831600
2023-12-15,195.5386505126953,196.36010340669733,194.97450383643803,195.4990533238864,128538400
2023-12-18,193.87591552734375,194.60831249977454,192.39133809002112,194.0738561652729,55751900
2023-12-19,194.91513061523438,194.92502236186388,193.87592334681435,194.1431515248431,40714100
2023-12-20,192.82684326171875,195.64753172216422,192.82684326171875,194.87555255598716,52242800
2023-12-21,192.6783447265625,195.0536776254948,191.51048442189503,194.08375795359612,46482500
2023-12-22,191.6094512939453,193.40083883584492,190.98592398969686,193.1731927744169,37149600
2023-12-26,191.06512451171875,191.89648427525853,190.84738527337694,191.6193643540786,28919300
2023-12-27,191.1641082763672,191.51051576683653,189.1252907315366,190.51090559150927,48087700
2023-12-28,191.5896759033203,192.65857351066379,191.18388776405135,192.14391575114956,34049900
2023-12-29,190.55047607421875,192.40124458871406,189.75869835988954,191.90638540499626,42672100
2024-01-02,183.73130798339844,186.5025222946912,181.99930092657837,185.22577720716953,82488700
2024-01-03,182.3555908203125,183.96883642924203,181.5440145919006,182.32590048043423,58414500
2024-01-04,180.0396728515625,181.2075332827541,179.02026413555495,180.277195595857,71983600
2024-01-05,179.31715393066406,180.88091065327836,178.31754388665928,180.1188384374096,62379700
2024-01-08,183.65213012695312,183.6917273170526,179.63387614033877,180.21780632812883,59144500
2024-01-09,183.23643493652344,183.24632668227045,180.8512103460259,182.0289774717032,42841800
2024-01-10,184.27566528320312,184.48349768333688,182.02900036017593,182.4545871112419,46792900
2024-01-11,183.6818389892578,185.12683453552387,181.73209248260326,184.6220684732307,49128400
2024-01-12,184.00843811035156,184.82001442518902,183.28594792653803,184.14699807850627,40477800
2024-01-16,181.74195861816406,182.36547081733983,179.06970738606304,180.28707165025173,65603000
2024-01-17,180.80174255371094,181.04917214343425,178.44622312883942,179.40625114511818,47317400
2024-01-18,186.69056701660156,187.1953179109023,183.91935276727983,184.17667408756796,78005800
2024-01-19,189.5904541015625,189.97644367310738,186.8786353534436,187.38338630026252,68903000
2024-01-22,191.896484375,193.32168117146784,190.2832386815117,190.32283587135973,60133900
2024-01-23,193.17320251464844,193.7373491711095,191.83709192633378,193.01485907067706,42355600
2024-01-24,192.5001983642578,194.36087349468033,192.3418398208385,193.41073733606618,53631300
2024-01-25,192.17359924316406,194.2520137003454,191.124500268323,193.21280647175473,54822100
2024-01-26,190.4416046142578,192.75754194727924,189.9665440310004,192.2725896171282,44594000
2024-01-29,189.75868225097656,190.22385105233468,187.63079398239137,190.03580216218106,47145600
2024-01-30,186.10662841796875,189.82797900977772,185.54249682198056,188.97682064057707,55859400
2024-01-31,182.50405883789062,185.17631048108575,182.45458500160478,185.11691469411622,55467800
2024-02-01,184.9387664794922,185.02783750412453,181.93002942176474,182.0982797244824,64885400
2024-02-02,183.9391326904297,185.40391139136472,177.4069865588012,178.01071526218476,102551700
2024-02-05,185.75035095214844,187.30421616342255,183.92927263345797,186.2155198305614,69668800
2024-02-06,187.35365295410156,187.3635446991359,184.84966718743948,184.93873819845098,43490800
2024-02-07,187.46255493164062,189.0856924097343,186.67077723703076,188.67990426473503,53439000
2024-02-08,186.38375854492188,187.59120098390878,185.42373058041275,187.44274927884152,40962000
2024-02-09,187.14683532714844,188.27655346933713,186.30449512518672,186.9486269587983,45155200
2024-02-12,185.46212768554688,186.96842336096995,185.1053738445565,186.72067805809255,41781900
2024-02-13,183.3711395263672,184.53060074172208,181.85493962465304,184.094566630165,56529500
2024-02-14,182.48919677734375,183.85675578337245,180.79462725534452,183.64865818230027,54630500
2024-02-15,182.20181274414062,182.82613576875198,179.71445525689393,181.8946109768474,65434500
2024-02-16,180.665771484375,183.18287207946292,180.0315441516518,181.76576116844507,49752500
2024-02-20,179.92254638671875,180.78469520216953,178.3766181157698,180.15046783149373,53665600
2024-02-21,180.6757049560547,181.24055639365764,179.03067248659073,180.2991272502037,41371400
2024-02-22,182.70721435546875,183.29190480468338,180.81445159653885,181.82524161821627,52292200
2024-02-23,180.8739013671875,183.3711632214272,180.58650833781007,183.34143499372246,45119700
2024-02-26,179.52615356445312,181.11171437415507,179.0207434868858,180.59641504961763,40867400
2024-02-27,180.98291015625,182.26126931281985,177.94059046680667,179.46671005654383,54318900
2024-02-28,179.7838134765625,181.46847854843006,178.50545433930714,180.8639793914523,48953900
2024-02-29,179.11984252929688,180.9234354771045,177.9108443188521,179.63515696026653,136682600
2024-03-01,178.03968811035156,178.90183692569335,175.78025215753124,177.93067957222544,73563100
2024-03-04,173.5208282470703,175.30458245485661,172.2226300679557,174.56134649455421,81510100
2024-03-05,168.58572387695312,170.48840604509627,168.0902332564625,169.21995126633416,95132400
2024-03-06,167.59475708007812,169.69564777442116,167.1587228770791,169.5172632726602,68587700
2024-03-07,167.47581481933594,169.1902079797121,166.97041987504164,167.62445594378354,71765100
2024-03-08,169.19021606445312,172.13343143853632,167.41636636953461,167.4758228221548,76267000
2024-03-11,171.19200134277344,172.8073055285168,170.49831753088682,171.3802901891083,60139500
2024-03-12,171.66766357421875,172.46045153320196,169.4676841705973,171.58838326620315,59825400
2024-03-13,169.58660888671875,171.6280276345068,169.21993557914925,171.21181736641944,52488700
2024-03-14,171.4397430419922,172.73792596009017,170.49831395125625,171.35055836544484,72913500
2024-03-15,171.06320190429688,171.06320190429688,168.75421346183686,169.62628191974133,121752700
2024-03-18,172.15325927734375,176.107279800922,171.95506605696912,173.98658058844927,75604200
2024-03-19,174.49197387695312,175.01719271038215,171.46947815172825,172.76766112194616,55215200
2024-03-20,177.05862426757812,177.05862426757812,173.51090945491785,174.1352325028599,53423100
2024-03-21,169.824462890625,175.88927881289044,169.29924400405602,175.45324461547284,106181300
2024-03-22,170.7262420654297,171.48930183291895,168.52626256417108,170.21092760104455,71160100
2024-03-25,169.30914306640625,170.3893089389317,167.92176032191367,169.03166954174233,54288300
2024-03-26,168.179443359375,169.8740129173693,168.05061095138228,168.46682128354186,57388400
2024-03-27,171.74696350097656,172.0343565405087,168.57582642397568,168.87312383270142,60273300
2024-03-28,169.93344116210938,170.67667701496117,168.97218824939392,170.2010103030642,65672700
2024-04-01,168.4965362548828,169.70553455748254,167.9514935576168,169.6460781034487,46240500
2024-04-02,167.31727600097656,167.81276664190898,166.71277681419204,167.5551169522469,49329500
2024-04-03,168.11997985839844,169.140689438472,167.05963767767048,167.26773529316293,47691700
2024-04-04,167.29745483398438,170.3694875068381,167.29745483398438,168.7541832986243,53704400
2024-04-05,168.05059814453125,168.85329051832247,167.42627513328318,168.06050251317026,42104800
2024-04-08,166.9307861328125,167.67402205960258,166.72268854116854,167.50555706407098,37425500
2024-04-09,168.1397705078125,168.54607640984824,166.83168324813985,167.17851757917794,42373800
2024-04-10,166.26683044433594,167.5650134431552,165.60287483124418,167.27763553824258,49709300
2024-04-11,173.46133422851562,173.87755961907308,166.6433941837476,166.82176353298163,91070300
2024-04-12,174.95773315429688,176.75140669942581,172.63884078505302,172.68837774790788,101670900
2024-04-15,171.13255310058594,175.0370216134587,170.94426424521788,173.77847120218846,73531800
2024-04-16,167.85240173339844,172.19288913903023,166.7524119884344,170.20102235595408,73711200
2024-04-17,166.48484802246094,169.11094225529814,166.48484802246094,168.08032842085646,50901200
2024-04-18,165.5334930419922,167.11906901091456,165.0479219314042,166.51456987389489,43122900
2024-04-19,163.5118865966797,164.89925413145542,162.60018577080248,164.71098041837104,68149400
2024-04-22,164.34432983398438,165.75152141981465,163.28398774037723,164.0272236912775,48116400
2024-04-23,165.39474487304688,165.54340111554177,163.4326064657252,163.85873621547074,49537800
2024-04-24,167.49563598632812,167.7731094949557,164.7109814111337,165.03799187966663,48251800
2024-04-25,168.3577880859375,169.07129572836638,166.63347542987228,168.00103426472305,50558300
2024-04-26,167.77313232421875,169.79472746518425,167.65420428921547,168.34790327634968,44838400
2024-04-29,171.93524169921875,174.44242297655094,171.53885525962073,171.80640930182136,68169400
2024-04-30,168.79383850097656,173.41181476528868,168.46681287321124,171.76678225756265,65934800
2024-05-01,167.77313232421875,171.1523820898212,167.58484346320657,168.05060587060277,50383100
2024-05-02,171.46949768066406,171.85597979307556,169.34879824722077,170.95418315705703,94214900
2024-05-03,181.72613525390625,185.31348231884328,181.01262758822543,184.9666328542693,163224100
2024-05-06,180.07122802734375,182.53876191493006,178.7928536161005,180.70545548743195,78569700
2024-05-07,180.75497436523438,183.23242749590466,179.68472791941784,181.79550770435065,77305800
2024-05-08,181.09190368652344,181.41892928578648,179.81352951475225,181.20091221961113,45057100
2024-05-09,182.90542602539062,182.99461071341904,180.46760537105857,180.9135439323752,48983000
2024-05-10,181.6451416015625,183.669478466616,180.73220418072017,183.48093424482693,50759500
2024-05-13,184.85035705566406,185.6640710757596,183.2030934113359,184.01680743143146,72044800
2024-05-14,185.9915313720703,186.8548647149755,184.8602810891409,186.07091921634225,52393600
2024-05-15,188.2639617919922,189.1868170758504,185.93199122253947,186.46785537715886,70400000
2024-05-16,188.38302612304688,189.63336565724362,188.2044148419799,189.00819589014523,52845200
2024-05-17,188.41281127929688,189.34559954047234,187.72810435814964,188.0555735439889,41282900
2024-05-20,189.57382202148438,190.44707314635468,187.5594028379898,187.87695420764547,44361300
2024-05-21,190.873779296875,191.25085261805762,189.4547462309282,189.62343971650407,42309400
2024-05-22,189.4348907470703,191.34016861791716,188.80973611420333,190.79438668312676,34648500
2024-05-23,185.4457550048828,189.5341303535584,185.1976736824305,189.5142796080912,51005900
2024-05-24,188.52195739746094,189.11735863774422,186.59684388111853,187.37087155015982,36327000
2024-05-28,188.5319061279297,191.51880009814326,187.64873713728954,190.04022981736387,52280100
2024-05-29,188.82957458496094,190.7745388343773,188.05556206266323,188.15480064928906,53068000
2024-05-30,189.82188415527344,190.70505299300459,189.16696101953212,189.2959530014381,49889100
2024-05-31,190.77455139160156,191.09210277636024,188.45251367186646,189.9707702687458,75158300
2024-06-03,192.54087829589844,193.49351725389894,191.04247253185534,191.41954585254337,50080500
2024-06-04,192.85842895507812,193.82098571162214,191.54855228534223,193.14619663099631,47471400
2024-06-05,194.36676025390625,195.38885414673365,193.3744349100596,193.90036613096368,54156800
2024-06-06,192.9874267578125,194.9919281725913,192.67980832687616,194.1881470745491,41181800
2024-06-07,195.3789520263672,195.4285713258788,192.65005711175448,193.15613762673084,53103900
2024-06-10,191.6378631591797,195.7857909182053,190.6753063763642,195.3888517006261,97010200
2024-06-11,205.5601806640625,205.57011360777915,192.14395345618084,192.16378906024917,172373300
2024-06-12,211.43475341796875,218.51002232587345,205.3120931521647,205.7784872423207,198134300
2024-06-13,212.5957794189453,215.08651049080893,209.97604121171418,213.09194207290335,97862700
2024-06-14,210.8592071533203,213.51863167298376,209.67833763090172,212.20877015870124,70122700
2024-06-17,215.00714111328125,217.26964179829142,211.08745883873982,211.7324642876032,93728300
2024-06-18,212.64540100097656,216.95210469802018,211.36530791117931,215.92007781385274,79943300
2024-06-20,208.07078552246094,212.59580212894483,207.2471687535905,212.28816853161533,86172500
2024-06-21,205.8975830078125,210.26380829361358,205.52049454653314,208.77532033595196,241805100
2024-06-24,206.54258728027344,211.0675882243761,205.00448003735443,206.12581247138846,80727000
2024-06-25,207.4654998779297,209.75776936385003,207.00902348487315,207.54487259337077,55549700
2024-06-26,211.61337280273438,213.21101716086312,209.02340313251779,209.87680350658064,66213200
2024-06-27,212.45684814453125,214.0842609953053,210.72027890747495,213.0423164247351,49772700
2024-06-28,209.0035400390625,214.41172478378184,208.6860038316288,214.11402417940656,82542700
2024-07-01,215.08653259277344,215.84069445328046,210.29359904602236,210.46229254870087,60402900
2024-07-02,218.57949829101562,218.68865467979296,213.4491783018458,214.49110775455017,58046200
2024-07-03,219.8496856689453,219.8496856689453,217.34902153194005,218.31157833867707,37369800
2024-07-05,224.60292053222656,224.71207692855523,219.94891212590596,219.94891212590596,60412400
2024-07-08,226.07156372070312,226.1013322692385,221.53662969916704,225.34715532852172,59085900
2024-07-09,226.92495727539062,227.63943274976205,224.63268810415036,226.180713251394,48076100
2024-07-10,231.19192504882812,231.2911636273001,227.49055622537713,227.5401755146131,62627700
2024-07-11,225.82347106933594,230.6064710416972,224.0372825383305,229.61414576243664,64710600
2024-07-12,228.7706756591797,230.8545649156238,226.92494993371525,227.16311346469493,53046500
2024-07-15,232.60105895996094,235.409341553401,231.30111515749465,234.66509753137677,62631300
2024-07-16,233.01785278320312,234.4567215545301,230.54695713829173,233.19646408342908,43234300
2024-07-17,227.12342834472656,229.6836295353235,224.9006141352506,227.68904591405493,57345900
2024-07-18,222.45950317382812,228.67146993188885,220.5641731481692,228.51269423226466,66034600
2024-07-19,222.58848571777344,225.05938116686082,221.5663918696606,223.09458131167176,49151500
2024-07-22,222.24119567871094,226.03187070395737,221.3778623137636,225.26777593230437,48201800
2024-07-23,223.28311157226562,225.19830728583617,220.97099179310993,222.64802398231987,39960300
2024-07-24,216.86276245117188,223.07472846403482,215.4635952984219,222.2808652028311,61777600
2024-07-25,215.8208465576172,219.15506035064124,212.97286249707204,217.24978234747041,51391200
2024-07-26,216.28724670410156,217.80550332568987,214.35220009781358,217.02155779536062,41601300
2024-07-29,216.56509399414062,217.61695646267233,214.0941983741811,215.29491873308154,36311800
2024-07-30,217.1207733154297,218.63902977566391,214.4613337033208,217.50777956722112,41643800
2024-07-31,220.37562561035156,222.10227724921992,218.93675681546986,219.74053796301214,50036300
2024-08-01,216.68417358398438,222.7572001483694,215.35446119036925,222.64804374939,62501000
2024-08-02,218.17263793945312,223.86859053089324,216.03914463167754,217.46808032420208,105568600
2024-08-05,207.66395568847656,211.86148819381572,194.49579244022425,197.5620745135683,119548600
2024-08-06,205.6395721435547,208.3783997216886,199.52685967053256,203.72439154098564,69660500
2024-08-07,208.209716796875,212.00039184379946,204.80603289763474,205.31211338628992,63516400
2024-08-08,211.6729278564453,212.55609685346144,207.22731432081122,211.4744658055274,47161100
2024-08-09,214.5804443359375,215.11629337558463,210.3432107490655,210.47221789303094,42201600
2024-08-12,216.1103973388672,218.07747160820446,214.1929998012183,214.65993379251097,38028100
2024-08-13,219.8259735107422,220.44192247615112,217.58071280084246,217.58071280084246,44155300
2024-08-14,220.27305603027344,221.57450454206742,218.2662343099079,219.13056699635618,41960600
2024-08-15,223.25344848632812,223.87934187315213,221.30623303799138,223.1342364732981,46414000
2024-08-16,224.57479858398438,225.34970708383625,222.19045191126241,222.45869413327577,44340200
2024-08-19,224.41583251953125,224.51518597934856,221.58442566604344,224.2469437652095,40687800
2024-08-20,225.03176879882812,225.68746521443902,223.97868888483964,224.2966078109087,30299000
2024-08-21,224.92250061035156,226.4921913011218,223.58131984717622,225.04172779494317,34765500
2024-08-22,223.06471252441406,226.84984597984075,222.43881906323927,226.30343225653021,43695300
2024-08-23,225.35963439941406,226.73063334528243,222.866020162344,224.187342377279,38677300
2024-08-26,225.6973876953125,225.7967411465175,222.4288653159012,225.2801304868265,30602200
2024-08-27,226.54185485839844,227.356510742363,223.42234738221904,224.52510403050715,35934600
2024-08-28,225.0119171142578,228.35991942602843,224.20719049274723,226.43257756563742,38052200
2024-08-29,228.2903594970703,231.39993763712056,227.38630977427198,228.59834913803303,51906300
2024-08-30,227.5055389404297,228.89639643358683,225.99545426270925,228.68777538921813,52990800
2024-09-03,221.3162078857422,227.50554667965343,219.72664341730942,227.05848641015993,50190600
2024-09-04,219.40872192382812,220.33264539565292,216.06070449558098,220.2134333758585,43840200
2024-09-05,220.92874145507812,224.00850159902006,220.07435325324454,220.1836359939166,36615400
2024-09-06,219.37893676757812,223.77009004470926,218.33578603187902,222.48850009081283,48423000
2024-09-09,219.46832275390625,219.82597396405737,215.29573540828238,219.37891374117063,67180000
2024-09-10,218.6735382080078,220.0345925843304,215.31559161387113,217.49130185519834,51591000
2024-09-11,221.2069091796875,221.63409569372266,216.46803428284608,220.01474349397893,44587100
2024-09-12,221.3162078857422,222.09111639532034,218.38546260882887,221.04796566036197,37455600
2024-09-13,221.04795837402344,222.57790161811045,220.46181236980377,222.12091208096655,36766600
2024-09-16,214.90829467773438,215.80241517960704,212.52394807405793,215.126845002842,59357400
2024-09-17,215.37521362304688,215.48449636527135,213.10016491936787,214.34200737227792,45519300
2024-09-18,219.24977111816406,221.25659276615585,216.12031904206836,216.13026348358338,59894900
2024-09-19,227.3763885498047,228.32020097310811,223.16406850984052,223.52171975466862,66781300
2024-09-20,226.71075439453125,231.56884144729943,226.1345376792504,228.46920754640476,318679900
2024-09-23,224.99205017089844,227.95259834339626,224.33635371548323,225.8563676699032,54146000
2024-09-24,225.8861846923828,227.8532741806864,224.2568878942957,227.15783023434298,43556100
2024-09-25,224.8927001953125,225.80669443859438,222.55804543582803,223.462095237407,42308700
2024-09-26,226.0352020263672,227.00880227293717,223.9389713421174,225.81663654010723,36636700
2024-09-27,226.30343627929688,228.02215721764472,225.81664372013879,226.9690772008412,34026000
2024-09-30,231.47946166992188,231.47946166992188,228.1513174234294,228.53877170998481,54541900
2024-10-01,224.73374938964844,228.15128705136544,222.2798675150603,228.02214574584622,63285000
2024-10-02,225.30003356933594,225.8861795938886,221.56457676904253,224.41584231153624,32880600
2024-10-03,224.19725036621094,225.3298099915582,221.86259582618194,223.6707104185886,34044200
2024-10-04,225.31988525390625,226.51205091107013,222.66731173997377,226.41269745663615,37245100
2024-10-07,220.24322509765625,224.2171205854488,219.8855738973866,223.0348842523572,39505400
2024-10-08,224.296630859375,224.50525191173782,221.79307211654884,222.83622285599392,31855700
2024-10-09,228.0419921875,228.25062837641602,223.3627386107029,223.76012210676075,33591100
2024-10-10,227.54527282714844,228.00227752622936,225.68748134269669,226.29350107451606,28183500
2024-10-11,226.0650177001953,227.91287999534921,225.8563814846346,227.80359724609562,31759200
2024-10-14,229.79052734375,230.21771386522883,227.1081507143634,227.20748901369805,39882100
2024-10-15,232.3238983154297,235.9401430278398,230.85354589755886,232.08545910083197,64751400
2024-10-16,230.2673797607422,230.60515724916505,228.34003796565733,230.0885617348273,34082200
2024-10-17,230.63497924804688,232.3238971476739,229.0156269629083,231.9066247344228,32993800
2024-10-18,233.4663848876953,234.63867690560429,232.4828401919167,234.63867690560429,46431500
2024-10-21,234.9366912841797,235.30428691612863,232.91994058587363,232.91994058587363,36254500
2024-10-22,234.32077026367188,234.67842149785605,231.0820505913223,232.36362533760988,38846600
2024-10-23,229.25405883789062,233.60547988580885,226.27363678517082,232.55239985265487,52287000
2024-10-24,229.06529235839844,229.31366084202813,226.91938502162782,228.4791312160334,31109500
2024-10-25,229.89981079101562,231.69799621804017,228.07182235817814,228.2407111108546,38802300
2024-10-28,231.87680053710938,233.19812263375962,231.03235682367705,231.79733596578163,36087100
2024-10-29,232.14505004882812,232.80074647701065,230.80386934668286,231.57877779482254,35417200
2024-10-30,228.59835815429688,231.94636045913163,228.05194445904854,231.09197226998216,47070900
2024-10-31,224.4357147216797,228.33013097812315,223.89923027313517,227.84332326136388,64370100
2024-11-01,221.4552764892578,223.87935529424118,218.83250593091054,219.5279346472888,65276700
2024-11-04,220.56114196777344,221.33605042122997,218.2761640538016,219.54780947276666,44944500
2024-11-05,221.99176025390625,222.48849724939907,219.69683776020295,220.3525342324639,28111300
2024-11-06,221.26651000976562,224.59465366535846,219.7464961432124,221.15722727351368,54561100
2024-11-07,225.99545288085938,226.39285156162418,223.10445516924474,223.16406118155706,42137700
2024-11-08,225.72691345214844,227.41767417057122,225.17989861433574,225.93576400556717,38328800
2024-11-11,223.01174926757812,224.47376393957063,220.29658566640109,223.77757009002366,42005600
2024-11-12,223.01174926757812,224.36436096493557,222.14648085284745,223.33001798502116,40398300
2024-11-13,223.89691162109375,225.4185978724207,221.54973296285615,222.79294167641658,48566200
2024-11-14,226.98008728027344,227.62654977508777,223.77758025105393,223.79747584076947,44923900
2024-11-15,223.77757263183594,225.68713943052106,223.0515429787679,225.16996034674554,47923700
2024-11-18,226.7811737060547,228.49183017609323,223.94665165924164,224.0262188410909,44633700
2024-11-19,227.0397491455078,228.90953992555222,225.4285554930197,225.74680903538962,36211800
2024-11-20,227.75584411621094,228.68078414631773,224.6627401240164,226.82094870348703,35169600
2024-11-21,227.27845764160156,228.90954693288327,224.48372676835862,227.63650237265796,42108300
2024-11-22,228.62110900878906,229.46649702017746,226.82094518602503,226.82094518602503,38168300
2024-11-25,231.6048126220703,231.98275293866183,228.49182822914253,230.20248468460477,90152800
2024-11-26,233.7829132080078,234.29015208323423,232.06231657216094,232.06231657216094,45986200
2024-11-27,233.6536102294922,234.40949083683986,232.53970008294309,233.19611792325418,33498400
2024-11-29,236.0405731201172,236.51796100091357,232.69882760276832,233.53426018813377,28481400
2024-12-02,238.28829956054688,239.4817769036961,235.8715090788613,235.9809120539101,48137100
2024-12-03,241.33168029785156,241.441083276618,237.60205398884364,238.50711361537608,38861000
2024-12-04,241.68971252441406,242.78374225546824,239.9392801306149,241.55047375645148,44383900
2024-12-05,241.7195587158203,243.21140922639395,240.81451427308068,242.6644095132275,40033900
2024-12-06,241.52066040039062,243.30094393033409,240.76479490063875,241.59028737878447,36870600
2024-12-09,245.40939331054688,245.89673657618508,240.43655859300793,240.51612576959502,44649200
2024-12-10,246.42385864257812,246.86147053083658,244.00705305092782,245.54863486606115,36914800
2024-12-11,245.1508026123047,249.43738355757404,244.92204129682997,246.61281718111218,45205800
2024-12-12,246.61282348632812,247.38858448031883,244.3451969163318,245.54862958315107,32777500
2024-12-13,246.7819061279297,247.9355922748061,244.90217516923994,246.47359279661413,33155300
2024-12-16,249.6760711669922,250.0142354510927,246.304489938892,246.6426542229925,51694800
2024-12-17,252.1028289794922,252.45093348613432,248.42293425963442,248.72130738305802,51356400
2024-12-18,246.7023468017578,252.89849494785605,246.39403346062903,250.7900177691265,56774100
2024-12-19,248.43287658691406,250.6308762664829,245.7475488049507,246.15532490458142,60882300
2024-12-20,253.1073455810547,253.61456925624782,244.35515348919105,246.6923766885693,147495300
2024-12-23,253.88311767578125,254.26104280923545,252.07299848460428,253.38583418491564,40858800
2024-12-24,256.79718017578125,256.80710520536127,253.90297174117552,254.10189725758943,23234700
2024-12-26,257.6127014160156,258.6868506395932,256.2302692406472,256.7872242633273,27237100
2024-12-27,254.20135498046875,257.29447387899233,251.68510189149424,256.4291751646687,42355300
2024-12-30,250.82977294921875,252.1227129740064,249.3876539575231,250.85960874260036,35557500
2024-12-31,249.05946350097656,251.90392569582917,248.07483671879714,251.0684930674946,39480700
2025-01-02,242.52517700195312,247.74665392379396,240.5062071395791,247.57756417344766,55740700
2025-01-03,242.03782653808594,242.85336358935695,240.5758118291158,242.03782653808594,40244100
2025-01-06,243.6688995361328,245.98624232017474,241.8786760145675,242.9826459215422,45045600
2025-01-07,240.89407348632812,244.215923537777,240.0387452815234,241.6598791297847,40856000
2025-01-08,241.38140869140625,242.38593107741448,238.74581220273618,240.6056476428208,37628900
2025-01-10,235.5631866455078,238.85520080045117,231.73409784256125,238.70600665338932,61710900
2025-01-13,233.1265106201172,233.39504797306242,228.4719441071402,232.26124214226888,49630700
2025-01-14,232.01258850097656,234.8371551382162,231.20699165927476,233.47460320476435,39435300
2025-01-15,236.57763671875,237.66172623332486,233.15632396556444,233.36518970349533,39832000
2025-01-16,227.0198516845703,236.7168796666606,226.79110553013876,236.06047699847062,71759100
2025-01-17,228.7305145263672,231.0279618693864,227.2386640256131,230.85888730040747,68488300
2025-01-21,221.4303741455078,223.20070201452856,218.18809151282764,222.78298573737737,98070400
2025-01-22,222.61392211914062,222.90233985709415,218.59586314481808,218.59586314481808,64126500
2025-01-23,222.4448699951172,225.79655609657794,221.09225820038625,223.51900422998196,60234800
2025-01-24,221.5696258544922,224.4041477572621,220.2070739772995,223.55875977197638,54697900
2025-01-27,228.6111602783203,230.88871192185238,222.76310174211312,222.80289291870474,94863400
2025-01-28,236.9655303955078,238.88505261672515,229.5560092044273,229.59580038333414,75707600
2025-01-29,238.05953979492188,238.5568232574634,232.73860067537262,232.84800364416722,45486100
2025-01-30,236.29916381835938,239.48177510143526,235.9212386876704,237.37329797187644,55658300
2025-01-31,234.71780395507812,245.8470107317681,232.1717149504871,245.8470107317681,100959800
2025-02-03,226.77120971679688,230.5704628324937,224.47376244068877,228.7404632470789,73063300
2025-02-04,231.5352020263672,231.86341095944582,225.4186058340825,226.0153521080233,45067300
2025-02-05,231.2069854736328,231.4058958330951,227.0298072213747,227.2883891710869,39620300
2025-02-06,231.95291137695312,232.5297620441898,229.17806101517482,230.03338922164468,29925300
2025-02-07,226.39328002929688,232.72866665415378,226.0252799376335,231.33627899238985,39707200
2025-02-10,226.662109375,229.58935370973873,226.21406518332185,228.57379092662126,33115600
2025-02-11,231.61053466796875,234.2092091135714,227.1400288616486,227.20971719471092,53718400
2025-02-12,235.84210205078125,235.93172304376256,229.67896101319025,230.19670873650108,45243300
2025-02-13,240.4818878173828,241.28837041996871,234.54775953627293,235.88194100703416,53614100
2025-02-14,243.53855895996094,244.484433375407,239.94422402720738,240.2030902821229,40896200
2025-02-18,243.40911865234375,244.11602908498713,240.7905267294893,243.0905000064508,48822500
2025-02-19,243.807373046875,244.94242536854557,242.10480216065562,243.5982928571997,32204200
2025-02-20,244.7632293701172,245.7091038330044,243.2299036494767,243.87709210808563,32316900
2025-02-21,244.48443603515625,247.61080936192474,244.15586625078134,244.88269415360097,53197400
2025-02-24,246.0277099609375,247.7800669312537,243.3593319822528,243.86711335623195,51326400
2025-02-25,245.96795654296875,248.91511822751468,243.84721006662005,246.92379728169456,48013300
2025-02-26,239.31695556640625,243.91690216055417,238.0922974197643,243.26972892021308,44433600
2025-02-27,236.27023315429688,241.4078448384303,236.0312691715791,238.3710773588995,41153600
2025-02-28,240.79052734375,241.03944246427386,229.2010399398617,235.92174819400608,56833400
2025-03-03,236.9970703125,242.97103338088397,235.08540395372597,240.7407483660274,47184000
2025-03-04,234.9061737060547,239.02822274747484,233.6615980851158,236.6784633674393,53798100
2025-03-05,234.71701049804688,235.5234930679701,228.235250954078,234.39839184729655,47227600
2025-03-06,234.3087921142578,236.82781201573715,232.1482106078643,233.42265485870865,45170400
2025-03-07,238.03256225585938,240.32256924437755,233.74125275300776,234.08974000390756,46273600
2025-03-10,226.4928436279297,235.13518456664028,223.24699590534985,234.5178647329352,72071200
2025-03-11,219.88165283203125,224.8599551431671,216.50636447278404,222.8387656202518,76137400
2025-03-12,216.03842163085938,220.78772670269151,213.97741219492326,219.18471261137486,62547500
2025-03-13,208.77008056640625,215.899013195213,207.51555384047248,215.01287598245443,61368300
2025-03-14,212.5635528564453,213.02154815111564,208.67051688888432,210.3332680009786,60107600
2025-03-17,213.07135009765625,214.28605714072168,209.0588394397278,212.3843419118567,48073400
2025-03-18,211.7670440673828,214.2163605039484,210.57225445008928,213.23066628615402,42432400
2025-03-19,214.3059539794922,217.81066771448715,212.82241448637808,213.29037609854922,54385400
2025-03-20,213.17092895507812,216.54621759798974,211.29908226715483,213.0614056873257,48862900
2025-03-21,217.32281494140625,217.89033350890864,210.36314278996363,210.64192650603025,94127800
2025-03-24,219.77212524414062,220.5188705761007,217.63146136955083,220.0409578175666,44299500
2025-03-25,222.77903747558594,223.12752472855482,219.1249652538438,219.81197343150768,34493600
2025-03-26,220.56866455078125,224.04352508950674,219.51326687455483,222.5400680439697,34466100
2025-03-27,222.87863159179688,224.0136840691367,219.6028997069453,220.42929982881355,37094800
2025-03-28,216.9544219970703,222.8387793372666,216.73537546649092,220.7080664246457,39818600
2025-03-31,221.16607666015625,224.64092215942225,215.29167046357225,216.06828445549021,65299300
2025-04-01,222.22146606445312,222.70932997882656,217.95007407622174,218.85612876373423,36412700
2025-04-02,222.91842651367188,224.21278818927524,220.06088576879955,220.3595869543347,35905900
2025-04-03,202.30824279785156,206.58958563447752,200.37665915579902,204.64803566499702,103419000
2025-04-04,187.56253051757812,199.01262630823254,186.52703508606032,193.0486144227304,125910900
2025-04-07,180.6725616455078,193.30748067285785,173.86223225537526,176.43103817745248,160466300
2025-04-08,171.67176818847656,189.51400113284038,168.4757067407598,185.88979780340043,120859500
2025-04-09,197.9871063232422,199.73946342084193,171.1440912269536,171.2038284291051,184395900
2025-04-10,189.59365844726562,193.9347385570105,182.205859833413,188.24952597387417,121880000
2025-04-11,197.29013061523438,198.67409816298056,185.25259829067514,185.29243322025624,87435900
2025-04-14,201.64117431640625,212.01595519155484,200.28707539108044,210.52246440005902,101352900
2025-04-15,201.26280212402344,202.62685207462172,198.93296032454862,200.98401841430368,51343900
2025-04-16,193.42697143554688,199.82906121923162,191.5352073519423,197.49921927320653,59732400
2025-04-17,196.1251983642578,197.9671763411939,193.5763099497932,196.34424488667963,52164700
2025-04-21,192.32179260253906,192.9590147372882,188.98632373298676,192.43131586910098,46742500
2025-04-22,198.8732452392578,200.715208155226,195.1196006832811,195.26894368988752,52976400
2025-04-23,203.71214294433594,207.09738254349836,201.9199510184256,205.10606155750318,52929200
2025-04-24,207.4657745361328,207.92378505310097,202.0593452871763,204.00088023313933,47311000
2025-04-25,208.37181091308594,208.8397725246136,205.3051750047529,205.47443545258193,38222300
2025-04-28,209.2281036376953,210.5822025692478,206.55974070372147,209.08871177088434,38743100
2025-04-29,210.29345703125,211.31898611202763,207.46576971677675,207.78438836336602,36827600
2025-04-30,211.57785034179688,212.65316547487808,205.7731479657814,208.39173986928208,52286500
2025-05-01,212.39430236816406,213.62891164873253,207.99346964638974,208.1726964341785,57365700
2025-05-02,204.45889282226562,206.0917754590827,201.2827333487594,205.19567188008233,101010600
2025-05-05,198.0269012451172,203.21429874212313,197.34985944880984,202.21863831750238,69018500
2025-05-06,197.6485595703125,199.77927242381972,196.16503515467957,197.3498735756035,51216500
2025-05-07,195.3983612060547,198.5745204381265,192.4113798882551,198.30568786560423,68536700
2025-05-08,196.63299560546875,199.18188402861682,193.83517686729027,196.86199326420865,50478900
2025-05-09,197.66847229003906,199.6697443694255,196.6827629534363,198.1364339272832,36453900
2025-05-12,210.15049743652344,210.6290521628615,206.1227607044075,210.32995926202443,63775800
2025-05-13,212.28399658203125,212.75257189298435,208.36592688565332,209.79158118866218,51909300
2025-05-14,211.68582153320312,213.29093762104833,209.94113079478424,211.78550901932945,49325800
2025-05-15,210.80850219726562,212.31393091132972,208.90429308394448,210.31001909194578,45029500
2025-05-16,210.6190643310547,211.92510277199543,209.1335944967917,211.71573318604425,54737900
2025-05-19,208.14659118652344,208.84446444770495,203.64029993754312,207.27923550566183,46140500
2025-05-20,206.232421875,207.83753801206538,204.40797196423648,207.03996203611737,42496600
2025-05-21,201.4768829345703,206.41186226922272,200.10108001028593,204.5475404614086,59211800
2025-05-22,200.74908447265625,202.13486667390606,199.09411717835945,200.1010626250374,46742400
2025-05-23,194.67759704589844,197.1002176461426,192.8730906309023,193.082445017036,78432900
2025-05-27,199.60260009765625,200.1309909415137,196.83102019804124,197.6983910952664,56288500
2025-05-28,199.81195068359375,202.11494001836002,199.2935240345892,199.98143310081724,45339700
2025-05-29,199.3433837890625,203.19167383577107,197.90775006205254,202.9623758748587,51396800
2025-05-30,200.24066162109375,201.3472946799051,196.18300200128658,198.7651407343476,70819900
2025-06-02,201.08807373046875,201.51677709467234,199.51286535414474,199.67238359256916,35423300
2025-06-03,202.65330505371094,203.1517881077627,200.35031577799097,200.73913195165156,46381600
2025-06-04,202.20468139648438,205.6143037964219,201.48686455307688,202.29440469878628,43604000
2025-06-05,200.02133178710938,204.12882762641604,199.54277706238673,202.88261988754903,55126100
2025-06-06,203.30133056640625,205.07592905349443,201.4370087789868,202.3841235560851,46607700
2025-06-09,200.83883666992188,205.37503589356555,199.4131823149893,203.76991971327615,72862600
2025-06-10,202.05511474609375,203.73002568042446,199.96149509379936,199.9914028593682,54672600
2025-06-11,198.1769256591797,203.8795731269679,197.80805305990708,202.88260699920767,60989900
2025-06-12,198.5956573486328,199.07419684911244,196.7612432530472,198.47602627663701,43904600
2025-06-13,195.85400390625,199.76210952406473,195.1062792678608,199.12405177447246,51447300
2025-06-16,197.81802368164062,198.08720880439395,195.96366601516638,196.701426450214,43020700
2025-06-17,195.04644775390625,197.78810453675544,194.61775963167673,196.6017124403596,38856200
2025-06-18,195.9835968017578,196.97059871241268,194.4781834746436,195.34553910938874,45394700
2025-06-20,200.3901824951172,201.08805571006383,196.26274352386682,197.63856158511533,96813500
2025-06-23,200.88868713378906,201.68626312768808,198.35639970659372,201.01829760639046,55814300
2025-06-24,199.69232177734375,202.8227948624406,199.59261907789957,201.97536755465325,54064000
2025-06-25,200.94850158691406,203.05210084338043,200.01135094007643,200.83883469818846,39525700
2025-06-26,200.3901824951172,202.0252062612044,198.85486142223453,200.81887060840756,50799100
2025-06-27,200.46995544433594,202.60346239871808,199.39323017588663,201.2774955925489,73188600
2025-06-30,204.54754638671875,206.7608124915243,198.6554726965608,201.39712965217615,91912800
2025-07-01,207.18951416015625,209.55231908550664,205.51460310500556,206.04299395149746,78788900
2025-07-02,211.7954864501953,212.69274987948137,207.5085290616707,208.2761972389462,67941800
2025-07-03,212.90213012695312,213.9987837940836,211.16740350258758,211.5063683517463,34955800
2025-07-07,209.3130340576172,215.57398008038285,208.16652910348648,212.03474730839852,50229000
2025-07-08,209.37286376953125,210.78855393169587,207.8175989494771,209.46260228799343,42848900
2025-07-09,210.4994354248047,210.6888614301138,206.59132988433592,208.8943192909964,48749400
2025-07-10,211.7655792236328,212.83232507172787,209.39279496736208,209.87133445003573,44443600
2025-07-11,210.5193634033203,211.48642172848318,209.22330444266433,209.93115706069412,39765800
2025-07-14,207.98707580566406,210.27013683517245,206.91035052542594,209.29309904361602,38840100
2025-07-15,208.47560119628906,211.2471659954246,208.2861751856472,208.5852680860029,42296300
2025-07-16,209.5224151611328,211.7556096589697,208.0070223143888,209.66198981724762,47490500
2025-07-17,209.38282775878906,211.15742622671814,208.95412441878605,209.93116216460888,48068100
2025-07-18,210.539306640625,211.1474566075158,209.06380098140497,210.23024956462245,48974600
2025-07-21,211.83535766601562,215.12534891613055,210.98794558852114,211.45652088357517,51377400
2025-07-22,213.74954223632812,214.29787667610697,211.5861274580158,212.49337032996837,46404100
2025-07-23,213.50030517578125,214.49727137359017,211.76559372759175,214.3477325289176,46989300
2025-07-24,213.11146545410156,215.0356179140754,212.88216751340357,213.25104009789538,46022600
2025-07-25,213.2311248779297,214.58699944946258,212.7525701732737,214.04862920984866,40268800
2025-07-28,213.40061950683594,214.1981955143971,212.41361748607306,213.38067592321022,37858000
2025-07-29,210.62904357910156,214.1582970701604,210.18041185237743,213.53020352524888,51411700
2025-07-30,208.415771484375,211.74563469104578,207.0898047125579,211.25711581327238,45512500
2025-07-31,206.94027709960938,209.20337937318874,206.5315173151756,207.85748415888986,80698400
2025-08-01,201.76602172851562,212.93203997684435,200.88868661623732,210.23025491744008,104434500
2025-08-04,202.7330780029297,207.24933356384108,201.06813110178,203.8895472057539,75109300
2025-08-05,202.3043670654297,204.71702329589334,201.54667827641916,202.78290655256814,44155100
2025-08-06,212.60304260253906,214.72658548105818,204.96627784328447,205.00616501036765,108483100
2025-08-07,219.36245727539062,220.1799768073744,215.92292715514498,218.2159523061407,90224800
2025-08-08,228.65419006347656,230.29917810781973,218.58482597462978,220.16003429974123,113854000
2025-08-11,226.747802734375,229.12327986736793,224.3324083989562,227.48640043221798,61806100
2025-08-12,229.21310424804688,230.36092560837628,226.63802588155738,227.57622481823222,55626200
2025-08-13,232.88612365722656,234.55294488479396,229.99163136972763,230.6304284784954,69878500
2025-08-14,232.337158203125,234.67270293292236,230.41083714463488,233.6147219132583,51916300
2025-08-15,231.1494140625,233.834298979768,228.9036945156081,233.5548328767578,56038700
2025-08-18,230.4507598876953,232.67651332576617,229.672244959047,231.25921652669462,37476200
2025-08-19,230.1213836669922,232.42698672077375,228.9136940815642,230.84001516813981,39402600
2025-08-20,225.5800323486328,230.0315543310328,225.3404986724704,229.54248102593337,42263900
2025-08-21,224.47215270996094,226.08908123987146,223.35428822884654,225.83955683035407,30621200
2025-08-22,227.3267059326172,228.65417758009713,224.98118568943215,225.73973438952316,42477800
2025-08-25,226.72784423828125,228.86377239669042,225.79960559269966,226.04912998143794,30983100
2025-08-26,228.87376403808594,229.0534295301293,224.26255788237486,226.43840339540802,54575100
2025-08-27,230.05152893066406,230.46073738560713,227.82576024347395,228.17510050695543,31259500
2025-08-28,232.11758422851562,232.9659733126178,228.90370861616245,230.3809040856524,38074700
2025-08-29,231.69837951660156,232.9360260407387,230.92984008944924,232.0676707602769,39418400
2025-09-02,229.28298950195312,230.4108447009183,226.53822101083426,228.81388239599917,44075600
2025-09-03,238.01634216308594,238.395624134605,233.9141603097862,236.75874463665696,66427800
2025-09-04,239.32383728027344,239.44360411673358,236.28962732845326,237.99636566705198,47549400
2025-09-05,239.2340087890625,240.86091270031892,238.03629475202086,239.54341659874092,54870400
2025-09-08,237.42745971679688,239.69313028194867,235.89038089866295,238.84475646782593,48999500
2025-09-09,233.9041748046875,238.3257397896772,232.9160527142261,236.54912730927947,66313900
2025-09-10,226.35855102539062,231.97784546194652,225.52015268533836,231.7482872752143,83440800
2025-09-11,229.59239196777344,230.01159113632517,226.21881717306923,226.44839058875493,50208600
2025-09-12,233.6247100830078,234.06386022938602,228.58431421011397,228.78393068206054,55824200
2025-09-15,236.24969482421875,237.7368657054393,234.58287368836292,236.54912714503797,42699500
2025-09-16,237.6969451904297,240.76111223381088,235.87043992435724,236.72878926810645,63421100
2025-09-17,238.5353546142578,239.6432435766681,237.27774187166392,238.5153883976145,46508000
2025-09-18,237.42745971679688,240.74113579799257,236.199788714976,239.5134800259323,44249600
2025-09-19,245.032958984375,245.83144010441063,239.7530294205925,240.77107799962133,163741300
2025-09-22,255.5928192138672,256.15178189089505,247.64797087114997,247.82763635806887,105517400
2025-09-23,253.9459686279297,256.8504363399061,253.0975947938589,255.39322235208516,60275200
2025-09-24,251.8300018310547,255.2534845023776,250.56241362070242,254.73446948849343,42303700
2025-09-25,256.3813171386719,256.6807646844572,251.2311452680336,252.72829161839874,55202100
2025-09-26,254.97401428222656,257.10994249251326,253.2972024297037,253.61660096533106,46076300
2025-09-29,253.9459686279297,254.5148915782133,252.52867184357527,254.0757261912774,40127700
2025-09-30,254.14559936523438,255.4331385813304,252.6284867333586,254.37515755125318,37704300
2025-10-01,254.9640350341797,258.29769267334166,254.44502000530687,254.55481135314994,48713900
2025-10-02,256.6408386230469,257.68882891050583,253.66649683440303,256.09186667190835,42630200
2025-10-03,257.5291442871094,258.7468246365968,253.46689477740222,254.18552630266564,49155600
2025-10-06,256.20166015625,258.57713717661323,254.56478079871025,257.49917477533796,44664100
2025-10-07,255.99209594726562,256.9103287268919,254.94407514023973,256.32145476920215,31955800
2025-10-08,257.569091796875,258.0282082133661,255.62278908467795,256.03201279963565,36496900
2025-10-09,253.55670166015625,257.50917476461467,252.65841993311406,257.3195337882977,38322000
2025-10-10,244.80340576171875,255.8922708493858,243.53581752909898,254.45500785015722,61999100
2025-10-13,247.18885803222656,249.2149949644775,245.09284695690994,248.90558714178317,38142900
2025-10-14,247.29864501953125,248.37659224814226,244.23447809703134,246.13087266264282,35478000
2025-10-15,248.86566162109375,251.3409547309234,246.99922390992754,249.01538540478128,33893600
2025-10-16,246.97926330566406,248.56623493239263,244.66368465033412,247.77774448085987,39777000
2025-10-17,251.81002807617188,252.89796599708643,246.79958926324147,247.5481624372989,49147000
2025-10-20,261.7411193847656,263.87706298772724,255.14370850365398,255.4032084113237,90483000
2025-10-21,262.27008056640625,264.7853058703715,261.3318664386604,261.3817895915523,46695900
2025-10-22,257.9583435058594,262.349966966352,254.94406918261987,262.15033525743416,45015300
2025-10-23,259.0861511230469,260.12418111371363,257.51916110368444,259.4454820834593,32754900
2025-10-24,262.3200378417969,263.62754335723145,258.68694768993146,260.69313376057823,38253700
2025-10-27,268.2986145019531,268.60802232244004,264.1465248140549,264.37609822840903,44888200
2025-10-28,268.4882507324219,269.3765722048576,267.63986169210665,268.4782600095115,41534800
2025-10-29,269.1869201660156,270.8936584399069,266.6018207191691,268.76770579477784,51086700
2025-10-30,270.8836669921875,273.6184749716116,267.969239224885,271.4725408872279,69886500
2025-10-31,269.85565185546875,276.79244258078194,268.647962249571,276.4630533049319,86167100
2025-11-03,268.53814697265625,270.33474092754267,265.74348587775046,269.90556627002525,50194600
2025-11-04,269.5262756347656,270.9734988318123,267.11086611942017,267.8195068636227,49274800
2025-11-05,269.6260986328125,271.18312844251227,266.4221834255846,268.0989800730272,43683100
2025-11-06,269.25677490234375,272.8798740142925,267.38037702601645,267.38037702601645,51204000
2025-11-07,267.9592590332031,271.7719991063764,266.26248096015127,269.28671541495146,48227400
2025-11-10,269.1781311035156,273.4741297822401,267.20997142836535,268.7085692371889,41312400
2025-11-11,274.99267578125,275.65206242273547,269.5477586519058,269.55775905965567,46208300
2025-11-12,273.21435546875,275.4722525277038,271.4460210796085,274.74292397164845,48398000
2025-11-13,272.6948547363281,276.4413491841305,271.83564282199285,273.85374352181776,49602800
2025-11-14,272.15533447265625,275.70200347225597,269.3479639093673,270.7965900477885,47431300
2025-11-17,267.2099609375,270.2371271729127,265.48159771217263,268.5687054184609,45018300
2025-11-18,267.19000244140625,270.4569347049811,265.0719890725528,269.7376065335732,45677300
2025-11-19,268.3089294433594,271.9555110777923,265.2517925781922,265.2817633125939,40424500
2025-11-20,266.0010986328125,275.17250947675234,265.67142054546326,270.5768036466949,45823600
2025-11-21,271.2361755371094,273.0744516711978,265.4216397990326,265.70137680880595,59030800
2025-11-24,275.6620788574219,276.7410558404627,270.64675212306133,270.64675212306133,65585800
2025-11-25,276.7110900878906,280.1179060838009,274.9926967216935,275.012667049666,46914200
2025-11-26,277.29052734375,279.26868736786383,276.3714044558947,276.70108254872224,33431400
2025-11-28,278.5893249511719,278.73917862681736,275.73198274965245,277.0008150112318,20135600
2025-12-01,282.8353576660156,283.1550658399818,275.88187257202503,277.75011957449965,46587700
2025-12-02,285.9224548339844,287.1313151163589,282.36578537497866,282.7354345985028,53669500
2025-12-03,283.8843688964844,288.35019153510143,283.0351573834178,285.9324708384744,43538700
2025-12-04,280.4375915527344,284.46382276925783,278.32954829392816,283.83440686502166,43989100
2025-12-05,278.5193786621094,280.8771882481053,277.79005013345267,280.27774306596746,47265800
2025-12-08,277.6302185058594,279.4085531850005,275.8918244790692,277.86998437615557,38211800
2025-12-09,276.9208679199219,279.7682096639769,276.6611317163261,277.8999627322321,32193300
2025-12-10,278.5193786621094,279.48847306800184,276.1815698919154,277.490342786908,33038300
2025-12-11,277.77008056640625,279.3286197507982,273.5540244422053,278.83908758708685,33248000
2025-12-12,278.0198669433594,278.9589906850317,276.5612402656973,277.64021728323,39532900
2025-12-15,273.8537292480469,279.8880911943856,272.5849275039148,279.8880911943856,50409100
2025-12-16,274.353271484375,275.2424541197232,271.53593087885605,272.5649667835892,37648600
2025-12-17,271.58587646484375,275.90184538512057,271.38608172110213,274.75292651919426,50138700
2025-12-18,271.935546875,273.374203136776,266.7004552212896,273.35420232069225,51630700
2025-12-19,273.4141845703125,274.34330788170604,269.64768928264715,271.8955859651445,144632000
2025-12-22,270.7166748046875,273.62395794129594,270.25711338978425,272.6048920133635,36571800
2025-12-23,272.1053771972656,272.2452609569047,269.30800689497966,270.5868091030317,29642000
2025-12-24,273.55401611328125,275.17249671786806,271.9455359163183,272.085389177814,17910600
2025-12-26,273.1444091796875,275.1125687682936,272.6049054553,273.9037084592662,21521800
2025-12-29,273.50408935546875,274.10350406329195,272.0954038139857,272.4350823114352,23715200
2025-12-30,272.82470703125,273.82377221524894,272.02546707967076,272.5549704076282,22139600
2025-12-31,271.6058349609375,273.42414083736213,271.49595243002375,272.80472532736104,27293600
2026-01-02,270.75665283203125,277.58025431004916,268.7485221479618,272.0054842546519,37838100
2026-01-05,267.0101623535156,271.25618925068443,265.89121426121545,270.38700744645297,45647200
2026-01-06,262.1147155761719,267.2998660934885,261.8749496989937,266.7503924619391,52352100
2026-01-07,260.08660888671875,263.4334831315393,259.56710600115036,262.95395138764474,48309800
2026-01-08,258.7978515625,259.0476178563403,255.46096229095477,256.7797203952787,50419300
2026-01-09,259.1275329589844,259.9667440583015,255.98048371428257,258.8377955175017,39997000
2026-01-12,260.0067138671875,261.05572011368304,256.5599267903311,258.9177364764393,45263800
2026-01-13,260.8059387207031,261.56523797230057,258.148452318208,258.4781303943212,45730800
2026-01-14,259.71697998046875,261.57525710051715,256.4700180914029,259.247418118488,40019400
2026-01-15,257.9685974121094,260.7959687899761,256.8096782083212,260.40631875644857,39388600
2026-01-16,255.29112243652344,258.6579671912775,254.69167723491495,257.6589020182799,72142800
2026-01-20,246.46937561035156,254.55180921698133,243.19244305608962,252.49373739571587,80267500
2026-01-21,247.41848754882812,251.3248360900433,244.9507953165175,248.46750904444812,54641700
2026-01-22,248.1178436279297,250.76536025794266,247.9180183962477,248.96703988447874,39708300
2026-01-23,247.80812072753906,249.17685039145397,244.45126111041233,247.08880782235642,41689000
2026-01-26,255.17123413085938,256.32015295784896,249.5664780183616,251.24490015634893,55969200
2026-01-27,258.0285339355469,261.70511669708895,257.96859246831417,258.92771692213245,49648300
2026-01-28,256.2002868652344,258.61800761819165,254.27208306792676,257.409147241713,41288000
2026-01-29,258.0385437011719,259.4072580677027,254.17216647920577,257.75880668092503,67253000
2026-01-30,259.2374267578125,261.6551472598355,251.94423313215475,254.93144331105526,92443400
2026-02-02,269.7575988769531,270.2371306501278,258.9676766447768,259.7869174093499,73913400
2026-02-03,269.22808837890625,271.6258386480508,267.3598109321867,268.9483513556569,64394700
2026-02-04,276.23150634765625,278.68922850453845,272.03545112075,272.03545112075,90545700
2026-02-05,275.6520690917969,279.2387093202658,272.97458180817284,277.86999494352693,52977400
2026-02-06,277.8599853515625,280.6473855638201,276.67109542368036,276.8609202349588,50453400
2026-02-09,274.6199951171875,278.20001220703125,271.70001220703125,277.9100036621094,44623400
2026-02-10,273.67999267578125,275.3699951171875,272.94000244140625,274.8900146484375,34376900
2026-02-11,275.5,280.17999267578125,274.45001220703125,274.70001220703125,51931300
2026-02-12,261.7300109863281,275.7200012207031,260.17999267578125,275.5899963378906,81077200
2026-02-13,255.77999877929688,262.2300109863281,255.4499969482422,262.010009765625,56290700
2026-02-17,263.8800048828125,266.2900085449219,255.5399932861328,258.04998779296875,58469100
2026-02-18,264.3500061035156,266.82000732421875,262.45001220703125,263.6000061035156,34203300
2026-02-19,260.5799865722656,264.4800109863281,260.04998779296875,262.6000061035156,30845300
2026-02-20,264.5799865722656,264.75,258.1600036621094,258.9700012207031,42070500
2026-02-23,266.17999267578125,269.42999267578125,263.3800048828125,263.489990234375,37308200
2026-02-24,272.1400146484375,274.8900146484375,267.7099914550781,267.8599853515625,47014600
2026-02-25,274.2300109863281,274.94000244140625,271.04998779296875,271.7799987792969,33714300
2026-02-26,272.95001220703125,276.1099853515625,270.79998779296875,274.95001220703125,32345100
2026-02-27,264.17999267578125,272.80999755859375,262.8900146484375,272.80999755859375,72366500
2026-03-02,264.7200012207031,266.5299987792969,260.20001220703125,262.4100036621094,41827900
2026-03-03,263.75,265.55999755859375,260.1300048828125,263.4800109863281,38568900
2026-03-04,262.5199890136719,266.1499938964844,261.4200134277344,264.6499938964844,39803100
2026-03-05,260.2900085449219,261.55999755859375,257.25,260.7900085449219,49658600
2026-03-06,257.4599914550781,258.7699890136719,254.3699951171875,258.6300048828125,41120000
2026-03-09,259.8800048828125,261.1499938964844,253.67999267578125,255.69000244140625,38218500
2026-03-10,260.8299865722656,262.4800109863281,256.95001220703125,257.6499938964844,30590800
2026-03-11,260.80999755859375,262.1300048828125,259.54998779296875,261.0899963378906,26218900
2026-03-12,255.75999450683594,258.95001220703125,254.17999267578125,258.6600036621094,40794000
2026-03-13,250.1199951171875,256.3299865722656,249.52000427246094,255.47999572753906,36930000
2026-03-16,252.82000732421875,253.88999938964844,249.8800048828125,252.11000061035156,32074200
2026-03-17,254.22999572753906,255.1300048828125,252.17999267578125,252.9600067138672,32361600
2026-03-18,249.94000244140625,254.94000244140625,249.0,252.6300048828125,35757900
2026-03-19,248.9600067138672,251.8300018310547,247.3000030517578,249.39999389648438,34864100
2026-03-20,247.99000549316406,249.1999969482422,246.0,247.97999572753906,88331100
2026-03-23,251.49000549316406,254.60000610351562,250.27999877929688,253.97000122070312,40546100
2026-03-24,251.63999938964844,254.8300018310547,249.5500030517578,250.35000610351562,45152300
2026-03-25,252.6199951171875,255.0,251.60000610351562,254.10000610351562,28476700
2026-03-26,252.88999938964844,257.0,250.77000427246094,252.1199951171875,41796700
2026-03-27,248.8000030517578,255.49000549316406,248.07000732421875,253.89999389648438,47900000
2026-03-30,246.6300048828125,250.8699951171875,245.50999450683594,250.07000732421875,39446200
2026-03-31,253.7899932861328,255.47999572753906,247.10000610351562,247.91000366210938,49549600
