Date,Close,High,Low,Open,Volume
2016-04-04,37.942405700683594,38.30540661925344,37.77727045556589,38.16010409929226,26924000
2016-04-05,37.61758804321289,37.83082576493934,37.47030301865532,37.59576902046318,24478000
2016-04-06,38.08869552612305,38.10605388984193,37.50501865436197,37.58138713118536,25312000
2016-04-07,37.694454193115234,38.15266504605509,37.56452752396481,37.952321232202195,25498000
2016-04-08,37.6622200012207,38.0420798690037,37.47873891888084,37.979596569868875,23434000
2016-04-11,37.5665168762207,38.046550623881764,37.55660051205497,37.95877509978983,31774000
2016-04-12,37.90273666381836,37.93248953810477,37.27046160123936,37.610652273204835,27388000
2016-04-13,38.27912521362305,38.46954889611931,37.9161242754914,38.19977917501242,35426000
2016-04-14,38.45170211791992,38.66097107077906,38.344090083891636,38.45021523083442,26992000
2016-04-15,38.6803092956543,38.72642927613029,38.42888540865253,38.45715517847342,31712000
2016-04-18,39.061161041259766,39.10430724842004,38.56179022953772,38.68973061373029,33540000
2016-04-19,38.494346618652344,39.22332229040227,38.19779778990652,39.20100763516768,43952000
2016-04-20,38.42838668823242,38.66344723265266,38.24738375070553,38.63865065121516,34262000
2016-04-21,38.6803092956543,38.76362036785129,38.26127200626965,38.54691321102571,77628000
2016-04-22,36.58611297607422,37.38699257212472,36.21914704781553,36.89059560857762,140798000
2016-04-25,36.806297302246094,36.93870212553624,36.45371214131184,36.46611043271434,49442000
2016-04-26,35.97119903564453,36.97390939873623,35.72076642178343,36.91589054247626,55864000
2016-04-27,35.777305603027344,36.05946984793487,35.163376377740676,35.96872055418795,66262000
2016-04-28,34.964019775390625,36.1641039461714,34.87178360521308,35.86805077268634,62590000
2016-04-29,35.10386657714844,35.31363112782292,34.90054520288574,34.91740793762874,58278000
2016-05-02,35.42768859863281,35.47727797598857,35.02848786826442,35.30420889246359,33476000
2016-05-03,35.13163375854492,35.376111231101774,35.07658868212303,35.33296881537294,38620000
2016-05-04,35.27693176269531,35.459421566947285,34.9139308863642,35.048817615667,34172000
2016-05-05,35.44257354736328,35.58340786689551,35.18172889536913,35.45695435674814,29668000
2016-05-06,35.96177673339844,36.001945382557324,35.30570014741897,35.31809843914861,39952000
2016-05-09,36.157657623291016,36.41354215536826,35.87846339621092,36.03715168342154,38074000
2016-05-10,36.665958404541016,36.69670253493839,36.28064281605223,36.44676932621939,32634000
2016-05-11,36.22807312011719,36.73637275837127,36.0966595656053,36.72248758116569,29834000
2016-05-12,36.1050910949707,36.467100764219005,35.91664993409312,36.29997921587671,27094000
2016-05-13,35.944419860839844,36.26477020884887,35.87895900339875,36.03318662984244,25244000
2016-05-16,36.215675354003906,36.33369936195989,35.70489756365002,35.91912655555551,22538000
2016-05-17,35.71432113647461,36.49090365851421,35.60572163675657,36.25336873687271,33404000
2016-05-18,35.79317092895508,35.98111646459101,35.45794035111021,35.63051382153782,32536000
2016-05-19,35.472320556640625,35.72969576269237,35.224369867887525,35.62059685429264,30598000
2016-05-20,35.789695739746094,36.086740169008664,35.45744273779759,35.5293505534508,34798000
2016-05-23,35.56853103637695,35.87846944516976,35.55315896905609,35.70391343483683,24816000
2016-05-24,36.35106658935547,36.40908545787076,35.687547902308204,35.697468050547336,37884000
2016-05-25,36.60247802734375,36.69124479417943,36.32973455046976,36.44874981704337,32216000
2016-05-26,36.54446029663086,36.75125107849786,36.34957217681544,36.49834031875138,27202000
2016-05-27,37.07359313964844,37.088965206709794,36.5484306635179,36.57322724917385,34802000
2016-05-31,37.13557434082031,37.3651753988846,36.97291724217647,37.131109896821435,42484000
2016-06-01,37.11623764038086,37.26054513375174,36.911924986167286,37.11673326938908,20788000
2016-06-02,36.908447265625,37.05870605666059,36.54792453623356,36.99919653823685,33916000
2016-06-03,36.49140548706055,36.77059977509349,36.39470485004624,36.77059977509349,24608000
2016-06-06,36.203773498535156,36.622315129272636,36.116001771606534,36.622315129272636,29992000
2016-06-07,36.254852294921875,36.53354709751744,36.24047148874412,36.36295993915317,24314000
2016-06-08,36.842002868652344,36.88564092123862,36.4869395496768,36.67190753588196,32314000
2016-06-09,36.8216667175293,36.89158823322022,36.52313540452718,36.5514013881713,19180000
2016-06-10,36.35898971557617,36.67884440854448,36.22608927910277,36.49585896686042,29050000
2016-06-13,36.29403305053711,36.64711384493055,36.19187672755759,36.19187672755759,23354000
2016-06-14,36.361968994140625,36.498342637148184,36.02723781595203,36.16658523294777,26584000
2016-06-15,36.30939865112305,36.555363005433556,36.26575682394039,36.44477722591714,23234000
2016-06-16,35.9156608581543,36.22014353461452,35.483729643717986,36.099637586057966,45002000
2016-06-17,34.923858642578125,35.77383212371017,34.76863974427127,35.77383212371017,82262000
2016-06-20,35.017086029052734,35.5000935219661,34.98138182339865,35.22437245687685,45654000
2016-06-21,35.15345764160156,35.475794298716586,34.944188709851076,35.2114764995057,30318000
2016-06-22,35.232303619384766,35.41777100647632,35.00468506933066,35.40983715953866,29058000
2016-06-23,35.450496673583984,35.45099230248681,34.72548995784813,35.23626770133524,42500000
2016-06-24,33.979156494140625,34.96104276413913,33.964775688923886,34.225620265315094,95436000
2016-06-27,33.777828216552734,33.88643150426429,33.35730402822835,33.84477596698144,58146000
2016-06-28,34.27968215942383,34.35307687295187,33.961809916190404,34.28513786213569,38246000
2016-06-29,34.47457504272461,34.688308468505355,34.350104038427354,34.42845883641502,43124000
2016-06-30,34.88814926147461,34.900051924044455,34.46018687222227,34.59656051250518,42250000
2016-07-01,35.22139358520508,35.33445751731709,34.898065698230106,34.9660046966552,30984000
2016-07-05,34.955596923828125,35.11577212546143,34.66995947112333,34.9615482558427,28440000
2016-07-06,35.157920837402344,35.35776902803737,34.663506356617944,34.705161889897475,28902000
2016-07-07,35.0731201171875,35.21742760096614,34.74632280139746,35.214453827114475,21174000
2016-07-08,35.59480667114258,35.600758001827025,35.115268648090144,35.23676583961564,29946000
2016-07-11,36.061954498291016,36.14774372496594,35.648868494496156,35.67614322592282,28822000
2016-07-12,36.32527542114258,36.47850802491074,36.07682907681419,36.2960181750267,26468000
2016-07-13,36.17501449584961,36.47454087970051,36.15220421179245,36.47454087970051,20436000
2016-07-14,36.48841857910156,36.50527752833431,36.23005215536842,36.39617863693498,21408000
2016-07-15,36.4799919128418,36.74628841937157,36.43089438119106,36.74628841937157,32342000
2016-07-18,37.35129165649414,37.44749664493927,36.52363289185408,36.59305878213125,38698000
2016-07-19,37.3617057800293,37.519399021382256,37.11772013347532,37.18615476278416,30436000
2016-07-20,37.543701171875,37.72024345265381,37.39344235996958,37.39344235996958,22502000
2016-07-21,37.411293029785156,37.59676039889288,37.2679768195528,37.539729022096616,19062000
2016-07-22,37.652801513671875,37.661230989831516,37.32451352158369,37.555605264775416,20920000
2016-07-25,37.565521240234375,37.67958022370046,37.394434656748906,37.5734550873279,21466000
2016-07-26,37.57196807861328,37.651809745123494,37.328977459667236,37.56552111847807,23792000
2016-07-27,37.78620147705078,37.90918557947103,37.486678852418294,37.637433314518745,32172000
2016-07-28,37.97811508178711,38.133333985493536,37.643380101859194,38.126887024739,73464000
2016-07-29,39.24266815185547,39.86750127828539,39.17621602328983,39.55855790193124,101810000
2016-08-01,39.71873092651367,40.04354576529259,38.9302456672801,39.0110786010558,60594000
2016-08-02,39.678062438964844,39.78716134985954,39.40085450088941,39.539706284418166,39928000
2016-08-03,39.618553161621094,39.649301075841734,39.32597315639033,39.497059741976315,29206000
2016-08-04,39.535736083984375,39.68202608054632,39.37060083648168,39.5848298354815,21520000
2016-08-05,40.015769958496094,40.03015076539793,39.56350663425749,39.67756561496506,36146000
2016-08-08,39.93146896362305,40.048997351017164,39.7559179342937,39.96965131250218,24426000
2016-08-09,40.04304885864258,40.3331507386035,39.87344914852079,39.894772546612266,32154000
2016-08-10,40.093135833740234,40.21165549329873,39.99395705714359,40.02172741726488,18370000
2016-08-11,40.07875061035156,40.36042299631303,39.969651698054754,40.1913189255675,25646000
2016-08-12,40.02172088623047,40.02866347512785,39.8526168244554,39.92452464166716,17946000
2016-08-15,39.967674255371094,40.23546149679263,39.87196488046836,40.029661937641976,18596000
2016-08-16,39.73112487792969,39.88336621033289,39.523339048868735,39.84567570725377,21158000
2016-08-17,39.940887451171875,39.951303226097735,39.48862413730073,39.67210900347558,21322000
2016-08-18,39.8084831237793,40.06883209899758,39.752942412631626,39.93791416794562,17292000
2016-08-19,39.65475082397461,39.73310560047904,39.517389717467125,39.661693412815055,22416000
2016-08-22,39.52085494995117,39.63739206106753,39.39092829152487,39.5982146769493,17056000
2016-08-23,39.50300979614258,39.72170326217692,39.473256921432025,39.69591541959972,18350000
2016-08-24,39.354732513427734,39.59574060637693,39.2138944377298,39.516394572165055,25672000
2016-08-25,39.24067306518555,39.41027275205477,39.038842362802484,39.27538600888076,24054000
2016-08-26,39.33588790893555,39.64235686348644,39.14695112076273,39.29968807735964,24978000
2016-08-29,39.464820861816406,39.59871255910778,39.192073611039746,39.32745597856009,15474000
2016-08-30,39.27142333984375,39.57293223089355,39.1499261378877,39.31903020597937,23348000
2016-08-31,39.16876983642578,39.25406341884714,39.037356276639436,39.15637154554596,21428000
2016-09-01,39.245635986328125,39.31952632306583,38.99421588662354,39.27439760127334,26070000
2016-09-02,39.51688766479492,39.528294696923204,39.337867253778704,39.437545419102655,26998000
2016-09-06,40.069828033447266,40.21214923065979,39.4454868057042,39.59227244752184,39790000
2016-09-07,40.068336486816406,40.19776374760975,39.85658563376365,40.065358929616714,22906000
2016-09-08,39.81294250488281,40.08965857723117,39.72219322322258,39.930970295705485,23554000
2016-09-09,39.100833892822266,39.758896784574546,39.07951049554909,39.61111610723417,37752000
2016-09-12,39.61359786987305,39.68054183541113,38.85387428493225,38.90445871011842,37274000
2016-09-13,39.11273193359375,39.463334549811115,38.89502975873551,39.375063413723495,36180000
2016-09-14,39.19902038574219,39.490117288444864,39.053721640598,39.053721640598,25842000
2016-09-15,39.73310470581055,39.85311122922831,39.109754827653475,39.17670256976002,31144000
2016-09-16,39.571441650390625,39.623512960897855,39.35572575706211,39.623512960897855,42612000
2016-09-19,39.44350051879883,39.86997600750059,39.352751232306396,39.72715541149446,22990000
2016-09-20,39.661197662353516,39.8084826978531,39.58582044325571,39.67210906625243,20984000
2016-09-21,39.921546936035156,39.96518876853298,39.475234948986504,39.73459266546319,26970000
2016-09-22,40.463069915771484,40.617293747399934,40.054448457896264,40.168008016965224,35186000
2016-09-23,40.41398239135742,40.515143675980205,40.30339658882024,40.4229074968412,28234000
2016-09-26,39.803524017333984,40.171980650024054,39.694425108236764,40.15908672984777,29454000
2016-09-27,40.20420837402344,40.341077628158295,39.76285648404533,39.76285648404533,27346000
2016-09-28,40.17098617553711,40.180410693029,39.80997153921569,39.874437357579566,29406000
2016-09-29,39.80303192138672,40.36191228220349,39.71476077164047,40.03065049371682,27000000
2016-09-30,39.87344741821289,40.07329562351984,39.74649829321063,39.85063713405486,33204000
2016-10-03,39.690956115722656,39.84765810849905,39.485156586603146,39.79856435558325,29784000
2016-10-04,39.81046676635742,39.99444726895475,39.655747290474906,39.920061304868916,25174000
2016-10-05,39.73310470581055,40.093623688437845,39.707316866861795,39.96964835001755,24276000
2016-10-06,39.82484817504883,40.01676252758669,39.697403424625215,39.87443755737931,21998000
2016-10-07,39.70732116699219,39.966678904553675,39.51441554978678,39.966183275553064,23262000
2016-10-10,40.37479782104492,40.53398172157864,39.783187150736495,39.86699383849432,29922000
2016-10-11,40.14668655395508,40.65696871777446,40.03758764997952,40.3748007243462,34432000
2016-10-12,40.25578689575195,40.39116548922834,40.09610734911758,40.265207629577795,18158000
2016-10-13,39.87443923950195,39.9974233342632,39.603678249481995,39.973126162770036,27380000
2016-10-14,39.90021896362305,40.17247056869305,39.78715503880597,40.041552653071136,22238000
2016-10-17,40.01130676269531,40.34108164064635,39.86204298695418,39.96915559860903,21128000
2016-10-18,40.7378044128418,41.10080156765005,40.333147939351875,40.3767859905438,45786000
2016-10-19,41.003108978271484,41.1498983905107,40.80673396788785,40.80673396788785,30002000
2016-10-20,40.744747161865234,41.083942776470344,40.69118896392038,41.038814054720824,27878000
2016-10-21,40.86524963378906,40.8766566674164,40.58010784395228,40.66391454440971,32316000
2016-10-24,41.44446563720703,41.55356455917544,41.112212580977946,41.16428389680023,28952000
2016-10-25,41.08790969848633,41.58132914051226,40.92673948309203,41.58132914051226,37814000
2016-10-26,40.76805877685547,41.04626179763355,40.48291694929793,41.01700076620917,35898000
2016-10-27,40.53249740600586,40.9902126297614,40.39661940613847,40.81317851020371,59470000
2016-10-28,40.642093658447266,41.60612605093556,40.515140757668846,41.156840283677674,87098000
2016-10-31,40.163047790527344,40.79433148720963,40.06882911024519,40.78441134185767,44854000
2016-11-01,39.94386291503906,40.3643908598248,39.58582205559819,40.21115448717782,47118000
2016-11-02,39.09786605834961,40.0073491945455,38.92826632897164,40.0073491945455,47014000
2016-11-03,38.788909912109375,39.17620800207094,38.6123676331153,38.90346073678692,43504000
2016-11-04,38.734859466552734,39.1008341928585,38.233997982720915,38.24887441968357,39412000
2016-11-07,39.77278137207031,39.92006263479361,39.32002239578502,39.42168309064155,39852000
2016-11-08,40.26620101928711,40.46753611048518,39.65326685693545,39.772781546324836,35382000
2016-11-09,39.949317932128906,40.25280933150319,39.277373687692986,39.76285928752729,61970000
2016-11-10,38.69468688964844,40.17098393698969,38.096629213823995,40.16801016326997,118192000
2016-11-11,38.27118682861328,38.54591280698842,37.96323101166834,38.52211126828381,71852000
2016-11-14,37.35227966308594,38.272673933254644,36.87472794865656,38.271682675398004,73766000
2016-11-15,38.44028854370117,38.692208034147285,37.94736474986214,37.95975925689377,58878000
2016-11-16,38.679317474365234,38.85387346355575,38.002413130908955,38.20523510608127,35968000
2016-11-17,38.985782623291016,39.121660634215026,38.67287047840376,38.80428404501941,30674000
2016-11-18,38.48046112060547,39.240180917697,38.44971698921651,39.035872052433014,36126000
2016-11-21,38.91834259033203,39.005123063165335,38.49682338384016,38.58608578500666,32616000
2016-11-22,38.928260803222656,39.363165796299874,38.865777497779675,39.126126495505844,27884000
2016-11-23,38.630714416503906,39.15240358493448,38.31581601216383,39.15240358493448,26260000
2016-11-25,38.69171905517578,38.82412389114326,38.59055398176927,38.8097430824362,12270000
2016-11-28,38.96743392944336,39.659214658057756,38.586083394615024,38.59848168523095,51508000
2016-11-29,39.1484375,39.49556694230976,38.94511612419917,39.09587056298145,31240000
2016-11-30,38.475990295410156,39.25108581308266,38.340611717152385,39.131574926882706,45582000
2016-12-01,37.90322494506836,38.610877097627665,37.35922113621521,38.60839895306005,57342000
2016-12-02,37.90967559814453,38.20920196187701,37.638914631333265,37.78272648223054,34376000
2016-12-05,38.592037200927734,38.680308344325674,38.034148138269195,38.184406955295856,33770000
2016-12-06,38.49087142944336,38.942143501208534,38.34904587457742,38.689728367066834,34682000
2016-12-07,39.249114990234375,39.27539468071332,38.35946461045026,38.67783628826663,40588000
2016-12-08,39.43259048461914,39.6225223235874,39.07256709997459,39.32250031409867,32250000
2016-12-09,40.1407356262207,40.165532207710385,39.57540837578578,39.63739604608283,38090000
2016-12-12,40.06386947631836,40.23495604295762,39.89675172454873,39.91113253038233,32572000
2016-12-13,40.432823181152344,40.87715268327736,40.264218520661544,40.2865331757099,42564000
2016-12-14,40.55927658081055,40.87516625794876,40.305870201888204,40.46158471019402,35994000
2016-12-15,40.448204040527344,40.8126919185087,40.267197282463194,40.533002010271325,35394000
2016-12-16,40.16007614135742,40.62423832922647,40.074778777211556,40.580104652013716,51978000
2016-12-19,40.291988372802734,40.47646450909607,39.89526574314572,40.13230881964824,25272000
2016-12-20,40.42588424682617,40.489858227213944,40.21760654735566,40.335134948016005,25438000
2016-12-21,40.277103424072266,40.45165937684821,39.92501396179075,40.45165937684821,29192000
2016-12-22,40.15214538574219,40.22107564952607,39.97113865211529,40.123383770654364,22632000
2016-12-23,40.05891799926758,40.216119422735204,39.92552190327187,40.06933377589348,15310000
2016-12-27,40.1645393371582,40.46555260028408,39.95973484802999,40.10255166351089,19520000
2016-12-28,39.898738861083984,40.33314821026562,39.79311313528553,40.33314821026562,24296000
2016-12-29,39.8149299621582,39.95725114232601,39.579873198421986,39.787655235629515,21148000
2016-12-30,39.297706604003906,39.83526352357039,39.15736415123438,39.83129470831845,34718000
2017-01-03,40.06932830810547,40.23941984674428,39.51788622033972,39.702854194904596,39180000
2017-01-04,40.05741882324219,40.33809989243603,39.875920282374295,40.16254889818374,30306000
2017-01-05,40.317771911621094,40.353476112126216,39.96568241249987,40.04403340203686,26810000
2017-01-06,40.922279357910156,41.108242374195086,40.24239748074538,40.41546657695587,40342000
2017-01-09,41.01996994018555,41.18113636918223,40.744248904466446,40.979801294318186,28178000
2017-01-10,40.96194839477539,41.130556829441424,40.81962721252851,41.01451533275923,23948000
2017-01-11,41.152870178222656,41.154852694030204,40.73681048196341,40.99219937898795,26508000
2017-01-12,41.13650131225586,41.17865246804842,40.71399092970686,41.079469939630684,26990000
2017-01-13,41.20642852783203,41.390405238780495,41.13601138212753,41.20940230155456,25804000
2017-01-17,41.033851623535156,41.16873457275538,40.82259642071869,41.15980946890948,28818000
2017-01-18,41.11121368408203,41.15039107092733,40.866236784204396,41.149895441987034,20554000
2017-01-19,40.88062286376953,41.308589050350946,40.86029450774119,41.11022772926218,21410000
2017-01-20,41.06906509399414,41.12212766134273,40.892027182126576,41.114685659918514,26124000
2017-01-23,41.875404357910156,41.93044944626472,41.09535238618774,41.23965988223693,49148000
2017-01-24,42.12831115722656,42.2269942903419,41.768779631954004,42.00185388462575,33768000
2017-01-25,42.57065200805664,42.58751095898606,42.13872084245832,42.327661405847955,33108000
2017-01-26,42.49775695800781,42.69710953150405,42.17740659261196,42.600408910411446,69866000
2017-01-27,41.905147552490234,42.99464203365003,41.7499324704852,42.5979232559827,75050000
2017-01-30,40.85384750366211,41.51835357765872,40.71499193064889,41.509924101168345,70338000
2017-01-31,40.673336029052734,40.81615663281486,40.336618550613004,40.639118710966834,40404000
2017-02-01,40.42786407470703,40.86227339981706,40.279587780187946,40.86227339981706,45020000
2017-02-02,40.5776252746582,40.890045571153436,40.26967320585819,40.415963207605486,33784000
2017-02-03,40.67036056518555,40.967900639756444,40.63167880428613,40.81913249418466,30562000
2017-02-06,40.7442512512207,40.782433600042616,40.380754685087716,40.70953830527926,27018000
2017-02-07,41.12163162231445,41.255031495086214,40.82706908524538,40.93666363173222,33332000
2017-02-08,41.15386199951172,41.37057292412029,40.91731834970197,41.18609679896117,26044000
2017-02-09,41.16278839111328,41.258002122135224,40.98624989062791,41.24560383092649,23884000
2017-02-10,41.40032958984375,41.514384795626334,41.18510931581262,41.30610711108008,28302000
2017-02-13,41.60414505004883,41.74200557655793,41.46975392643804,41.54165796360543,25914000
2017-02-14,41.657203674316406,41.75489555205995,41.44892599840214,41.64430975388923,27266000
2017-02-15,41.52281188964844,41.74348783338302,41.46826243987792,41.596698434562335,27144000
2017-02-16,41.76333236694336,41.78911642656534,41.51984231190419,41.58133436194617,20102000
2017-02-17,41.980525970458984,41.99986684850953,41.64479980561299,41.72067264763677,29224000
2017-02-21,42.11541748046875,42.26071622164338,41.98053073116248,42.051942921029976,25206000
2017-02-22,42.21905517578125,42.33955731884643,41.98845909673322,42.052433060221105,24488000
2017-02-23,42.20120620727539,42.28154350116454,41.77969079569566,42.205175022443974,27734000
2017-02-24,42.04301834106445,42.07029307110475,41.802505844371204,42.03508449324998,26924000
2017-02-27,42.135257720947266,42.184847106668066,41.80498719091664,41.90119218825459,20206000
2017-02-28,41.90019226074219,42.09359727432697,41.727123168204734,42.02020257062519,27662000
2017-03-01,42.486351013183594,42.548338683886556,42.103017956057506,42.22005070861212,36374000
2017-03-02,42.1441764831543,42.47345570558734,42.08814014521589,42.46452681776513,25018000
2017-03-03,42.10599136352539,42.19227998617091,41.88928422414319,42.09904877473447,20100000
2017-03-06,42.016231536865234,42.09904696985124,41.71373141676095,41.99589940031871,20958000
2017-03-07,42.208648681640625,42.31675634233,41.929458207599495,42.01574305780184,20774000
2017-03-08,42.332122802734375,42.495275530197596,42.21360316494218,42.30633496352121,20576000
2017-03-09,42.5404052734375,42.6827302507208,42.284025089466375,42.334609515705885,26954000
2017-03-10,42.717437744140625,42.85728077510068,42.528996592605864,42.78140792885662,26732000
2017-03-13,42.8746452331543,43.00109873372764,42.6881865708931,42.68868219990831,23332000
2017-03-14,42.94060516357422,43.023420616873025,42.65397266588509,42.83348875287498,21234000
2017-03-15,43.063575744628906,43.13746607479491,42.711981869445765,43.0412610919244,26658000
2017-03-16,43.1434211730957,43.27781229685549,43.0204370828692,43.169704643064435,22090000
2017-03-17,43.260948181152344,43.362608871455045,43.062586873676324,43.325909627095676,37366000
2017-03-20,43.03977584838867,43.16027800433553,42.8791050459838,43.11763121306919,30844000
2017-03-21,42.15856170654297,43.31549976676178,42.03706450117131,43.14639569391614,50760000
2017-03-22,42.141700744628906,42.416926160608924,42.002845180784206,42.12582926727601,27334000
2017-03-23,41.63835525512695,41.73952031148687,41.30858418506288,41.72464387625716,65754000
2017-03-24,41.414710998535156,41.85408044189922,41.11518838833277,41.75489788822843,42114000
2017-03-27,41.581817626953125,41.72414256700515,40.877143081269935,41.065088578692034,38692000
2017-03-28,41.68696594238281,41.92350963591281,41.272389267250674,41.64035032766163,30384000
2017-03-29,42.145172119140625,42.230465707265346,41.72415231402535,41.7920913204996,29146000
2017-03-30,42.12582778930664,42.25079438729793,41.99144045777014,42.24980312939076,18988000
2017-03-31,42.04252243041992,42.12980232264976,41.91557329938347,41.994419931403485,28820000
2017-04-03,42.486351013183594,42.5979280637635,42.02912762348738,42.08962840731375,39388000
2017-04-04,42.2790641784668,42.300387573764205,42.02813594100939,42.05243689345709,26970000
2017-04-05,42.09756088256836,42.67677329553745,42.02863062525979,42.385184573282025,37104000
2017-04-06,41.90863037109375,42.32965019548455,41.854080911819246,42.126824424764145,30672000
2017-04-07,41.759857177734375,41.947307093025614,41.521826620248596,41.9036690402863,22232000
2017-04-10,41.740020751953125,41.9899577562754,41.694895812116435,41.73208690447786,20924000
2017-04-11,41.64976501464844,41.88531741587086,41.38792914386672,41.740018673254596,19486000
2017-04-12,41.72811508178711,41.84018775306361,41.53620075289303,41.579343169696955,22716000
2017-04-13,41.66463851928711,41.84068516330789,41.54909644063523,41.707285308984346,21474000
2017-04-17,42.40602111816406,42.43131333318704,41.70679825461488,41.7241566214848,20982000
2017-04-18,42.3494873046875,42.518091975061296,42.21360928359863,42.27757947852458,18724000
2017-04-19,42.474449157714844,42.657434616117435,42.326668489768906,42.518087207486694,21606000
2017-04-20,42.6514892578125,42.84240857293472,42.52354509231196,42.634626521743776,23776000
2017-04-21,42.5954475402832,42.76852042174209,42.534950537888896,42.678262980271256,23458000
2017-04-24,43.58625793457031,43.63733798513272,42.95051352925195,43.06605939579338,33930000
2017-04-25,44.07769775390625,44.24679802898391,43.603615418776904,43.75139229861264,40760000
2017-04-26,44.09257888793945,44.28350199098391,43.894713195392065,44.20415594899179,26466000
2017-04-27,44.20663070678711,44.30283569444593,43.995379263853415,44.135222301207726,46846000
2017-04-28,45.84708023071289,46.41141251059914,45.782610624123535,46.06924310036823,76918000
2017-05-01,46.258670806884766,46.40744273241571,45.662599413681235,45.82872591991536,46556000
2017-05-02,46.47042465209961,46.76300844888873,46.168420120902084,46.28099222194127,35026000
2017-05-03,47.03376388549805,47.120544351210995,46.37719174269999,46.41884727426469,36496000
2017-05-04,47.344696044921875,47.56388511814019,46.98020823231259,47.12501134273626,38752000
2017-05-05,47.12451934814453,47.52917583887681,47.01641169009971,47.443878465368705,32310000
2017-05-08,47.54157257080078,47.6556277731692,46.98169720087836,46.98417912925206,37534000
2017-05-09,47.44337844848633,47.71563008444086,47.328827623964095,47.67248766438514,33758000
2017-05-10,47.350650787353516,47.44338259547366,47.10270008245912,47.41908542404373,22920000
2017-05-11,47.402713775634766,47.506856391130086,47.041699157798405,47.174599602995826,20622000
2017-05-12,47.36552429199219,47.506358588677905,47.212787333116125,47.49991541203768,24298000
2017-05-15,47.567848205566406,47.74042166481398,47.25047164181392,47.3729600934207,26754000
2017-05-16,47.835140228271484,47.899110413907586,47.62388879195865,47.78257707538277,22030000
2017-05-17,46.72234344482422,47.65562796915042,46.61770519282144,47.59165777842609,48982000
2017-05-18,47.13542938232422,47.31791922016584,46.67771033389201,46.77341969716023,36010000
2017-05-19,47.341224670410156,47.584714706053184,47.20981110392905,47.250475381367266,27206000
2017-05-22,47.80836486816406,47.84555974302487,47.43594319112979,47.457762216999214,27748000
2017-05-23,48.12970733642578,48.326082340687556,47.82968534461485,48.10045009405609,30908000
2017-05-24,48.47981643676758,48.505104865122426,48.18326761826349,48.36327930777506,22660000
2017-05-25,49.18647384643555,49.38087012749625,48.490228626953694,48.54874689789366,39082000
2017-05-26,49.25640106201172,49.41112054637644,48.96332163381129,49.19341834434606,32728000
2017-05-30,49.400203704833984,49.47211152006887,49.16167754406984,49.218209511619015,30324000
2017-05-31,48.94993209838867,49.57030448989573,48.68164925397249,49.402195455543115,34482000
2017-06-01,49.00944137573242,49.24995386101215,48.66230812047207,49.14184620402956,26128000
2017-06-02,49.39772415161133,49.41557814353062,48.94893404322692,49.02431125895228,34710000
2017-06-05,49.78254318237305,49.9570991498203,49.36449720913862,49.485498768643964,27578000
2017-06-06,49.42550277709961,50.01711356956461,49.332275337280144,49.754286420123485,31042000
2017-06-07,49.66452407836914,49.78403497945871,49.38532984527418,49.54500939385229,27482000
2017-06-08,49.8023796081543,49.86783667705478,49.42251976336628,49.799897680103975,33758000
2017-06-09,48.10837936401367,49.862879232765955,47.27774313975297,49.86238360385275,72958000
2017-06-12,47.6962890625,48.00325364185304,46.456040021132644,47.543056479016165,84042000
2017-06-13,48.12723159790039,48.4946931975367,47.70620801702307,48.20360007931239,40108000
2017-06-14,47.99978256225586,48.583459462990916,47.582232172063065,48.375181788588144,30110000
2017-06-15,47.61545944213867,47.640256025476745,46.63308116116803,47.012445428990574,48552000
2017-06-16,47.53809356689453,47.604050048668704,47.046161046403334,47.502884995828715,51184000
2017-06-19,48.36129379272461,48.56362012415284,48.013169314281434,48.08507334645963,29376000
2017-06-20,48.052345275878906,48.63750901209517,48.013167889343364,48.36575301788225,25946000
2017-06-21,48.528411865234375,48.57601872883594,48.0751572948245,48.1416094089704,23232000
2017-06-22,48.430721282958984,48.62313125830623,48.266577292467396,48.44311579057337,20190000
2017-06-23,48.900333404541016,48.92661687041805,48.32359917567992,48.37517484961626,31280000
2017-06-26,48.206077575683594,49.29210282004451,48.118797690918115,49.09423713824361,30358000
2017-06-27,47.01591873168945,47.96457918614276,46.96632934432752,47.68588433210636,48872000
2017-06-28,47.6566162109375,47.76720200383688,46.42430101204504,47.14336026379813,54912000
2017-06-29,46.50661849975586,47.19294728876861,46.09898829283087,47.177575224923494,64134000
2017-06-30,46.102962493896484,46.86268228834561,46.09948930751734,46.812597276050326,45754000
2017-07-03,45.59614944458008,46.32909391918535,45.390349910724595,46.278509494741044,33896000
2017-07-05,46.23089599609375,46.43074416996938,45.55498300319201,45.831199648342476,41882000
2017-07-06,46.0042724609375,46.42330972083625,45.61548748470871,45.87087638569543,40298000
2017-07-07,46.6548957824707,46.84581886255221,46.10841001006058,46.167919534397264,33266000
2017-07-10,47.160221099853516,47.26585060737463,46.71143095041568,46.71143095041568,29030000
2017-07-11,47.285682678222656,47.35312605280559,46.868631706403306,47.136418905416306,29224000
2017-07-12,47.986385345458984,48.08407720688392,47.45973991241502,47.649172305028976,32042000
2017-07-13,48.04540252685547,48.533865650869195,47.84456308891189,48.14210313710338,30492000
2017-07-14,48.445106506347656,48.476346267856194,48.10987590583128,48.30079901168149,21592000
2017-07-17,48.397987365722656,48.7644576679254,48.14210285013473,48.41584135754705,33210000
2017-07-18,48.94298553466797,49.136386766190476,48.20359792415932,48.26905499811704,28266000
2017-07-19,49.231597900390625,49.3719365580607,48.94595672882791,49.09472864527853,28242000
2017-07-20,49.20283508300781,49.52467229278483,48.82743589851954,49.441361232310015,28368000
2017-07-21,49.2846565246582,49.34763544544785,48.80511854115917,49.04463971846007,29266000
2017-07-24,49.50632858276367,49.897099847561435,49.1076234714027,49.29755529368195,79690000
2017-07-25,48.05432891845703,48.43617129690385,47.794971208425736,48.13714435389743,118672000
2017-07-26,47.86985397338867,48.298311967463555,47.617938258242155,48.24029311170584,44432000
2017-07-27,47.23509979248047,48.07862999676689,46.46893310540947,48.06176726220952,74358000
2017-07-28,47.52371597290039,47.69529817946804,46.87805142208544,47.010955652473044,36276000
2017-07-31,46.88747787475586,47.665547275688176,46.70051981236371,47.606533375916996,45670000
2017-08-01,46.94003677368164,47.33328617654758,46.86069452596659,47.002024441726235,28052000
2017-08-02,46.993595123291016,47.06599856612127,46.24379177357356,47.02979495299263,40788000
2017-08-03,46.629600524902344,47.110625410760505,46.58695373779055,47.06599610799518,22478000
2017-08-04,46.90185546875,46.98863593588124,46.604811041169754,46.81060677422712,25092000
2017-08-07,46.89987564086914,47.05906335758708,46.78829857720358,46.98765116143613,28916000
2017-08-08,46.82251739501953,47.23411649795452,46.73771942926825,46.82747746877583,30102000
2017-08-09,46.61869430541992,46.80118412012238,46.313216631395555,46.53786138898923,28018000
2017-08-10,45.800960540771484,46.43124931832855,45.711202503418164,46.36678349475481,54148000
2017-08-11,46.12329864501953,46.28545635870028,45.683433550520284,45.806913282237474,32334000
2017-08-14,46.56166458129883,46.66629904028285,46.34148425966757,46.56860716996804,23012000
2017-08-15,46.51951217651367,46.766967217259534,46.448103775947395,46.665802163601505,22130000
2017-08-16,46.826480865478516,47.1056713162166,46.616712522265445,46.676717679241115,26906000
2017-08-17,46.002784729003906,46.80366436155835,46.001793471102964,46.76101757125523,33914000
2017-08-18,45.92939376831055,46.16941061984023,45.79401516868831,45.96906678814283,26748000
2017-08-21,45.66606521606445,46.03203988657804,45.553496914570715,45.90905959416874,26024000
2017-08-22,46.63456344604492,46.71192317895294,45.928893766235085,45.96807115334627,35502000
2017-08-23,46.74267578125,46.88400571291574,46.3786835784454,46.46595968241181,22690000
2017-08-24,46.460506439208984,46.927642427308555,46.155524362730624,46.79871079100748,25892000
2017-08-25,46.14362716674805,46.650931821234515,46.12379065657195,46.57555459593632,23746000
2017-08-28,46.02609634399414,46.35934061711738,45.92592254041235,46.2120593607125,20988000
2017-08-29,46.403968811035156,46.524970378782186,45.58870835761556,45.620447528143664,23172000
2017-08-30,46.79474639892578,46.905332206592256,46.319672735397916,46.40001003876067,22406000
2017-08-31,47.370479583740234,47.467675820487095,46.92466325984651,46.927141404458006,33866000
2017-09-01,47.209312438964844,47.52371523369903,47.1245144866378,47.48106844305831,20858000
2017-09-05,46.68812561035156,47.17956255863434,46.39653307931731,46.954917774958375,29148000
2017-09-06,46.714900970458984,46.837881267362846,46.25172626171987,46.806641510047506,27830000
2017-09-07,47.10517883300781,47.135431119717744,46.492244652362224,46.825492734615516,22332000
2017-09-08,46.68464660644531,47.14533936648933,46.615220722809426,47.09574999009611,19998000
2017-09-11,46.77788162231445,47.24353070952721,46.664318271199875,46.97177848336426,26748000
2017-09-12,46.94450378417969,47.0159121893701,46.49075357527375,46.957893333081294,25696000
2017-09-13,47.132442474365234,47.25195713920598,46.84977888498548,46.887469381397004,21908000
2017-09-14,46.62117385864258,47.012936379145025,46.53339835113722,46.912266952261305,28548000
2017-09-15,46.38115310668945,46.70150719799525,46.180809311183026,46.6191873992562,39886000
2017-09-18,46.10642623901367,46.45901136464132,45.89071036723513,46.367270827618626,29474000
2017-09-19,46.45901870727539,46.51257690784219,45.95320092623724,46.287935896352124,24854000
2017-09-20,46.98863983154297,47.11063266470182,46.49075591911363,46.50216295273148,40080000
2017-09-21,46.989139556884766,47.249488569413614,46.58399119819306,47.017904957931904,27414000
2017-09-22,46.776397705078125,47.11063706328396,46.65639116010081,46.75210053203218,21496000
2017-09-25,46.331077575683594,46.60233419380158,45.84657941674929,46.58745775686731,37468000
2017-09-26,46.487281799316406,46.817056675358884,46.37273097015795,46.4505863376786,33454000
2017-09-27,47.60157775878906,47.87581194891243,46.711435589630995,46.750612983485105,46692000
2017-09-28,47.84506607055664,47.913001295896066,47.38586011682963,47.42057306472946,28018000
2017-09-29,48.28691101074219,48.39055421974736,47.904073563388195,47.904073563388195,40622000
2017-10-02,47.97697067260742,48.4862615915967,47.70323214774161,48.38261838684529,30782000
2017-10-03,48.2055778503418,48.223431842331415,47.740920047372285,47.981428718020325,21666000
2017-10-04,47.94275665283203,48.32063403738987,47.88473400928468,48.18971609694457,21156000
2017-10-05,48.855709075927734,48.92116993789947,48.115825784612824,48.2407923937289,35618000
2017-10-06,49.274742126464844,49.30549003881309,48.52444312392938,48.598333455929044,31060000
2017-10-09,49.20878982543945,49.61294686586422,49.16862117919108,49.342185900547776,25910000
2017-10-10,48.985137939453125,49.46467599871771,48.65338055030203,49.3570639761873,23268000
2017-10-11,49.870323181152344,49.965536911405124,48.99207999630579,49.04662945044171,36300000
2017-10-12,49.870323181152344,50.16240754852281,49.64468714662896,49.780565152998605,30614000
2017-10-13,49.98041534423828,50.32208910626672,49.94024669548672,50.04190738984053,26552000
2017-10-16,50.053802490234375,50.18521604777467,49.665513148471184,50.067687667759934,21420000
2017-10-17,50.135623931884766,50.31216619846016,49.89015519382357,49.95908544873628,20260000
2017-10-18,50.22191619873047,50.398950323668224,49.85395520422401,50.138109503109504,25596000
2017-10-19,49.68138885498047,49.95314490189301,49.45625220454362,49.82569635541677,34284000
2017-10-20,49.841556549072266,50.019086288197954,49.70270099943452,49.9397440432604,32120000
2017-10-23,48.87306594848633,49.87726701857971,48.752064375047425,49.84701473350631,32786000
2017-10-24,49.019351959228516,49.05753808834129,48.45352909514422,48.920668831749225,28902000
2017-10-25,49.1666374206543,49.31391866974858,48.48526868881252,48.90926222716537,30574000
2017-10-26,49.16465377807617,49.91297029240875,49.117542541618604,49.51426515906701,47396000
2017-10-27,51.25983810424805,52.74506415043374,50.92163374493934,51.126937649734316,103682000
2017-10-30,51.233062744140625,51.56531577185104,50.697488327772334,51.03618831577811,46804000
2017-10-31,51.22860336303711,51.6233397333286,50.89436400290502,51.226620846881794,30326000
2017-11-01,51.70268249511719,51.96352712322104,51.27620697630303,51.39125722427254,43262000
2017-11-02,51.72102355957031,51.84748082988711,51.01138882256397,51.57324667705165,26694000
2017-11-03,52.06914138793945,52.10236744125235,51.45719860258452,51.710109327454354,27770000
2017-11-06,51.706642150878906,52.19808285283064,51.67292046474881,52.02501376157799,18294000
2017-11-07,52.18815994262695,52.23874436085637,51.7225108881764,52.052281947392004,26104000
2017-11-08,52.480751037597656,52.6989450833473,51.923357585254784,52.072125736889426,24276000
2017-11-09,51.956581115722656,52.11328310713722,51.36794414797307,51.970466293869634,35892000
2017-11-10,51.779544830322266,51.90252892161213,51.63424608418629,51.76565965173881,19442000
2017-11-13,51.63325500488281,52.00716356994942,51.53705001244632,51.61341849491961,18814000
2017-11-14,51.65507125854492,51.68780168739899,51.04461527708576,51.460678768136674,21012000
2017-11-15,51.39571762084961,51.55539717922264,51.11553211261901,51.325796096900035,18106000
2017-11-16,51.993770599365234,52.15692332926445,51.474563321821236,51.51175441091312,23768000
2017-11-17,51.369930267333984,52.119238094285166,51.26281764986963,52.059732345725266,26712000
2017-11-20,51.30893325805664,51.509277080214154,51.21074197113325,51.37538159051283,17526000
2017-11-21,52.08452224731445,52.08898669157897,51.531097629318225,51.57572693825396,22206000
2017-11-22,52.16486358642578,52.338923958249026,51.93327619739667,52.127173080315636,14538000
2017-11-24,52.39297103881836,52.56901768746949,52.1648568657483,52.287345319683965,16492000
2017-11-27,53.16111755371094,53.212197601050654,52.30618413120441,52.49462906105379,35430000
2017-11-28,52.728694915771484,53.55734487691001,52.29478124200022,53.25930919978897,36424000
2017-11-29,51.443817138671875,52.50455016630256,51.060484068236356,52.37611037638018,55866000
2017-11-30,51.38380813598633,51.77904383912151,51.08131179584592,51.5707661819388,45092000
2017-12-01,50.83336639404297,51.436876033513535,50.42821428668972,51.09817604514459,37762000
2017-12-04,50.17877197265625,51.14429506199588,50.04735840756122,50.96874403359691,38778000
2017-12-05,50.562103271484375,51.409102902921646,49.705187277347164,50.13513216130668,38998000
2017-12-06,51.21272659301758,51.552913441340976,50.34935987748786,50.40936503140444,28710000
2017-12-07,51.80036544799805,52.016081315255846,51.34364150475825,51.37885007534723,30866000
2017-12-08,52.03890609741211,52.38801810167434,51.864346311853325,52.159408268508535,31170000
2017-12-11,52.16733932495117,52.36718753032225,51.778058690010525,52.12469253060521,23254000
2017-12-12,52.00865173339844,52.68952491547265,51.81525048579467,52.06964815176121,33882000
2017-12-13,52.13857650756836,52.34139848224902,51.900046545329204,52.17279382474139,27680000
2017-12-14,52.440086364746094,52.916646885561256,52.24817200766171,52.34189885572581,30962000
2017-12-15,53.16062927246094,53.32179949965731,52.570013542356556,52.752999012399336,63760000
2017-12-18,53.80976104736328,53.87918693385484,53.079794197885974,53.3812992834663,30292000
2017-12-19,53.546443939208984,53.803819176853175,53.17402223139435,53.70711854770669,26350000
2017-12-20,53.23798751831055,53.618343011955645,52.99201935540864,53.60297094763105,28728000
2017-12-21,53.10360336303711,53.434369520971565,53.011862810591076,53.32874378923334,25640000
2017-12-22,53.00490951538086,53.14673505375143,52.94440873684797,53.06144147916289,17788000
2017-12-26,52.85565185546875,53.00491942232456,52.49810660236824,52.99400801729041,18376000
2017-12-27,52.575462341308594,52.97565814262383,52.48520868414274,52.89284270344113,22324000
2017-12-28,52.36471176147461,52.80556809957497,52.2372632182235,52.67712829828397,19884000
2017-12-29,52.23824691772461,52.46884301517318,52.20353397421298,52.34189390273837,23606000
2018-01-02,53.22063064575195,53.357995537474515,52.21940716939454,52.21940716939454,31766000
2018-01-03,54.128623962402344,54.3557468698066,53.23153936524892,53.25633216250734,31318000
2018-01-04,54.33889389038086,54.75148424777262,54.26451170182566,54.4048503854512,26052000
2018-01-05,55.0594367980957,55.22258954087465,54.638416989259554,54.720241175148296,30250000
2018-01-08,55.25382614135742,55.49929868498433,55.04505284208835,55.094642223098475,24644000
2018-01-09,55.18340301513672,55.46358847346012,54.95578448937712,55.46358847346012,26808000
2018-01-10,55.05199432373047,55.182912254345965,54.74652041343671,54.89627981139507,20734000
2018-01-11,55.14672088623047,55.28557268494568,54.870504175908906,55.15961480802942,22424000
2018-01-12,56.069091796875,56.10132281445176,54.94637108166763,55.05001429043601,38586000
2018-01-16,56.07156753540039,56.97311661601301,55.87122371564505,56.54812802368967,36462000
2018-01-17,56.488121032714844,56.49902865220567,55.71401677385196,56.352243042290404,27830000
2018-01-18,56.33291244506836,56.562017897308706,55.762129438763544,56.50052585015715,27498000
2018-01-19,56.70632553100586,56.72021070996429,56.16083473617007,56.43506891231279,30552000
2018-01-22,57.73085403442383,57.86574078088286,56.62300979947485,56.722192343467434,29550000
2018-01-23,58.32643508911133,58.44247659523314,57.884091874682795,58.051209652613295,39138000
2018-01-24,58.084434509277344,58.86597712030096,57.891528893223416,58.763325166375935,37128000
2018-01-25,58.62248611450195,58.764315457472286,58.11170828169678,58.551573334730485,29984000
2018-01-26,58.891265869140625,58.891265869140625,57.922772751632536,58.88977898213961,42170000
2018-01-29,58.83770751953125,59.408986114209235,58.71769720777798,58.913084740245644,31494000
2018-01-30,58.385948181152344,58.9096199859428,58.24411882426002,58.40330654777069,37338000
2018-01-31,58.62644577026367,58.82976712701153,58.12459312110439,58.705292384975714,36022000
2018-02-01,58.595211029052734,58.8858123025016,57.98872383699025,58.31750745953423,73514000
2018-02-02,55.50128173828125,56.10132195619659,55.10307223257932,55.908911977935325,117842000
2018-02-05,52.6840705871582,55.29251313625169,52.40388885538336,54.57940513316768,83550000
2018-02-06,53.77703094482422,53.92332093628484,51.07833510949319,51.275209521008335,76630000
2018-02-07,52.33793258666992,53.881177582348684,52.29875519358381,53.803817837642576,51942000
2018-02-08,49.972476959228516,52.760431392321244,49.823209411400484,52.55909632128308,66792000
2018-02-09,51.88467025756836,52.15493558662901,49.44136332550892,50.87352667351269,98360000
2018-02-12,52.2957763671875,52.84176275541114,51.84599496738983,52.400410831553884,56240000
2018-02-13,52.27495193481445,52.6260502237265,51.9169110564332,52.06964802475591,31586000
2018-02-14,53.19533920288086,53.33270409658668,52.05972837561951,52.28387374049977,41304000
2018-02-15,54.12070083618164,54.25657886107271,52.924089651727876,53.72844261196111,37396000
2018-02-16,54.32600021362305,54.96124903312961,54.130117040712896,54.22086633158134,39948000
2018-02-20,54.72718048095703,55.35697356321542,54.053249936484505,54.19011920041888,33754000
2018-02-21,55.23101806640625,56.3443180642119,54.92157532240857,55.000425732948564,41486000
2018-02-22,55.04010009765625,55.811722621872775,54.80454766892345,55.49980170386178,28010000
2018-02-23,55.942134857177734,55.987263575328406,54.96769051344741,55.47449948727988,25292000
2018-02-26,56.71623992919922,56.74103272715342,56.004123275614624,56.12908987357392,30912000
2018-02-27,55.417476654052734,56.74351877326241,55.381772449677165,56.71624404513445,42964000
2018-02-28,54.7435417175293,55.920316181710014,54.69792115357458,55.64013070449734,49292000
2018-03-01,53.13136672973633,55.108029569544456,52.92705409936514,55.02224036000283,55338000
2018-03-02,53.76265335083008,53.899026988063376,52.07510100225839,52.46537287912138,50162000
2018-03-05,54.289302825927734,54.60767069007468,53.174020259959434,53.4646215490841,28648000
2018-03-06,54.593780517578125,54.82834543933603,54.27640394048558,54.65329004456819,23382000
2018-03-07,55.29499053955078,55.35251755561298,54.04879003585915,54.19309752988377,30748000
2018-03-08,56.00611114501953,56.108263680275236,55.40210212118872,55.40210212118872,33862000
2018-03-09,57.566219329833984,57.57415317734512,56.24960168630339,56.507964384844236,42662000
2018-03-12,57.818634033203125,58.42512124352599,57.48489032731857,57.7749921970881,44306000
2018-03-13,56.52829360961914,58.41718483569654,56.26348396423701,58.11121150101052,43140000
2018-03-14,56.973609924316406,57.51265369061829,56.64929077575586,56.82037734611677,41870000
2018-03-15,57.05890655517578,57.648534772424746,56.31753642186147,57.00733465855208,33382000
2018-03-16,56.256046295166016,57.36636872328307,56.104300590504835,57.29396905727139,58656000
2018-03-19,54.55261993408203,55.50970587675542,53.9996872225219,55.429868001758216,63656000
2018-03-20,54.34087371826172,54.82437680342682,53.6773551646342,54.46980535202091,54598000
2018-03-21,54.25161361694336,54.980589276264126,53.91489614445986,54.18070083702967,44898000
2018-03-22,52.22584915161133,53.75173546748775,52.05178503253973,53.557838624870314,69312000
2018-03-23,50.90675735473633,52.90176997836697,50.823446283165815,52.13758574321913,49880000
2018-03-26,52.27246856689453,52.529348153609014,50.11480262154062,52.09939946393313,65984000
2018-03-27,49.93429183959961,52.790684742551996,49.472112163939144,52.75894557229753,60816000
2018-03-28,49.84701156616211,50.82939354831861,48.79669436686432,49.68485388033702,77698000
2018-03-29,51.43191146850586,51.972941540520445,49.79047919799269,50.14604189126443,69338000
2018-04-02,50.21646499633789,51.550441007196596,49.30499947102769,50.95982148638136,65068000
2018-04-03,50.5164794921875,50.82989103838948,49.45376396334763,50.39101726128376,51322000
2018-04-04,51.06346130371094,51.2137201179156,49.41706887438984,49.50236245886498,50724000
2018-04-05,51.208763122558594,51.90649525559335,50.78030509168495,51.89062756065063,35836000
2018-04-06,50.08356475830078,51.37538582535566,49.90007987275958,50.73567254614326,40134000
2018-04-09,50.58640670776367,51.80136361150486,50.542269243842824,50.58392477939644,33220000
2018-04-10,51.40017318725586,51.63374304470103,50.354316715830805,51.09073048748129,36620000
2018-04-11,50.83286666870117,51.36893671133409,50.54226917817933,51.177022357273046,34060000
2018-04-12,51.439353942871094,51.804337399767896,50.881964286050106,51.15074275127111,32896000
2018-04-13,51.37736129760742,52.21741830032065,51.0852769479233,51.91541758840648,25410000
2018-04-16,51.87624740600586,52.140561438040635,51.272238331440306,51.8489726768016,29776000
2018-04-17,53.52560806274414,53.80529791473153,52.42123702824209,52.625054032184096,54584000
2018-04-18,53.3287353515625,53.65652390011302,53.087231639206756,53.5082513959267,31126000
2018-04-19,54.025978088378906,54.42567449731254,53.012851887323954,53.012851887323954,39884000
2018-04-20,53.4244499206543,54.28880417094214,53.16558781994128,53.76910123700116,42434000
2018-04-23,53.25038528442383,53.954072501464275,52.89680886618381,53.70512676619585,69590000
2018-04-24,50.71285629272461,52.788202259057215,50.22786633995534,52.525870774400595,128220000
2018-04-25,50.730220794677734,51.37885918160674,50.43366817604129,51.06544760978405,57860000
2018-04-26,51.73788833618164,52.16981953466603,50.604256219813294,51.23752250402827,50926000
2018-04-27,51.14973831176758,52.15393920856987,50.9583234049896,51.848465337219004,40746000
2018-04-30,50.51152420043945,51.49291119658889,50.4976390221724,51.297031813913144,34492000
2018-05-01,51.61093521118164,51.65953333511568,50.11628846472264,50.3984564742984,35326000
2018-05-02,50.881961822509766,51.77111261726517,50.7386455999112,51.27620250432645,34698000
2018-05-03,50.89435958862305,51.11206178747579,49.98140719485577,50.8482433914451,39282000
2018-05-04,52.11922836303711,52.162870191717175,50.48523440950403,50.5625941382445,36892000
2018-05-07,52.53876876831055,52.81349856487074,52.08303602194404,52.262552084785746,34400000
2018-05-08,52.49562072753906,52.82489994498031,52.150969446253896,52.79464766280065,26030000
2018-05-09,54.00117874145508,54.25161135803758,52.670180384918446,52.76886730132735,47160000
2018-05-10,54.820411682128906,55.01579922866569,54.24566364329505,54.30120435903891,36414000
2018-05-11,54.71677017211914,54.99596442996426,54.41129622602034,54.56948890169885,30504000
2018-05-14,54.87644958496094,55.44921508455651,54.78718718350271,54.8253695323145,39338000
2018-05-15,53.79884719848633,54.505508105175096,53.49684271426111,54.39541794968125,35738000
2018-05-16,53.76017379760742,54.27045979457805,53.638184745600924,53.80976696492129,25628000
2018-05-17,53.61983108520508,54.10283853372992,53.379814247827525,53.62975123129193,25738000
2018-05-18,53.04359817504883,53.24642394515958,52.797633763463644,52.86309084433973,35482000
2018-05-21,53.75620651245117,54.21689932279822,53.45817080919839,53.50776019100628,25180000
2018-05-22,53.324764251708984,54.14250656190594,53.173514196953484,54.04332781074,22226000
2018-05-23,53.8529052734375,53.954070332903406,52.91069191788155,53.06144635744468,23740000
2018-05-24,53.827613830566406,53.910429269372564,53.1755060953026,53.89952164864626,20604000
2018-05-25,53.75967788696289,54.03192954305403,53.686286961229406,53.88216635075408,22224000
2018-05-29,52.96573257446289,53.62379535982759,52.7182775401866,53.358981963082684,36076000
2018-05-30,53.431888580322266,53.50726580445433,52.89036283283215,53.234022894047186,28686000
2018-05-31,54.549156188964844,55.045057608864525,53.45817457855658,53.65653211977439,79368000
2018-06-01,56.28480911254883,56.4415148938306,55.14473000386579,55.187380581436216,63202000
2018-06-04,57.179412841796875,57.418438425591134,56.38398509535584,56.45837105864911,44754000
2018-06-05,57.0792350769043,57.579105234789964,56.902696589933235,57.259746162219145,32964000
2018-06-06,56.87740707397461,57.26222701862071,56.35026594935218,57.16602203245919,34934000
2018-06-07,56.256046295166016,56.82385172347052,55.84444723238327,56.759881533622824,36108000
2018-06-08,56.17124938964844,56.472258876258145,55.70113204704333,56.096863422878286,27284000
2018-06-11,56.57738494873047,56.9165843277191,56.1062801650855,56.182648642397005,24796000
2018-06-12,56.938899993896484,56.96667034977643,56.5833372860979,56.5833372860979,26092000
2018-06-13,56.742515563964844,57.30834218392374,56.70036440536687,57.1417162817773,34302000
2018-06-14,57.53001403808594,57.821602769454735,57.05840984235322,57.138251505751114,35422000
2018-06-15,57.48836135864258,57.71845805977032,57.21164904913898,57.520592376234816,44438000
2018-06-18,58.69389724731445,58.721171974953876,57.07824892326905,57.16205562210949,33038000
2018-06-19,58.45140075683594,58.65570961097429,57.604401118221695,58.025916529943856,47282000
2018-06-20,58.718196868896484,59.58205930091618,58.61703558465915,58.68001451866374,51686000
2018-06-21,57.99269104003906,59.028627478081944,57.69713348494236,58.7896056767175,44966000
2018-06-22,57.98525619506836,58.26841547546482,57.50720499767632,58.09435511024316,34220000
2018-06-25,56.49705505371094,57.32570510767071,55.535996390812166,57.27661135364629,57682000
2018-06-26,56.16678237915039,56.87343957261279,55.98726632248707,56.73806097837221,34688000
2018-06-27,55.38920974731445,56.84071407841611,55.377307084911294,56.33439691500152,34538000
2018-06-28,55.877174377441406,56.235215221429016,54.8501630802286,55.163570834243025,29726000
2018-06-29,55.99668502807617,56.600198405698514,55.88907679382652,56.151408280296124,31562000
2018-07-02,56.63739013671875,56.681031969084565,54.876446930042064,55.31036062491598,23216000
2018-07-03,55.356475830078125,57.02419157816207,55.264735289782664,56.999894409332576,16448000
2018-07-05,56.59672927856445,56.73806299233003,55.69567577703907,55.76907048507362,28594000
2018-07-06,57.28057861328125,57.336119326097574,56.39588845660684,56.62053323618329,21820000
2018-07-09,57.88557434082031,57.91780914101105,57.387194819139,57.5245597123931,21584000
2018-07-10,57.878631591796875,58.19402565354228,57.65150867103395,58.019965299848046,21334000
2018-07-11,58.092864990234375,58.53818194817805,57.29495909360109,57.30735360137686,33252000
2018-07-12,59.570648193359375,59.60684802511169,58.17418898558907,58.261468868395724,44148000
2018-07-13,59.72735595703125,60.02588729269595,59.27459698855449,59.6470186605164,32612000
2018-07-16,59.33509826660156,59.94009857353567,59.18087063251283,59.69710416604418,26784000
2018-07-17,60.15679931640625,60.43847167207757,58.61553709831687,58.652236340079845,40162000
2018-07-18,60.148372650146484,60.57881315843189,59.73429546433919,59.93116609674343,38948000
2018-07-19,59.463539123535156,60.32541524847211,59.39560011669375,59.83794332123069,38338000
2018-07-20,59.40303421020508,60.04225180149662,59.33906023978065,59.47047758336647,37938000
2018-07-23,60.05366134643555,60.256982745158574,59.111943518550284,59.29295026134349,65446000
2018-07-24,62.3918342590332,63.22742688600643,61.697075931089444,63.02906557438447,107600000
2018-07-25,63.274044036865234,63.38809924001521,61.94056369068938,62.117601610181076,51104000
2018-07-26,63.748130798339844,63.842353281414326,62.6323525728153,62.839639008837025,54686000
2018-07-27,62.1309928894043,64.04269071871154,61.71443373490334,63.927644254373654,48362000
2018-07-30,60.99785614013672,62.13099268163809,60.70676301036518,61.7422038865088,43896000
2018-07-31,60.85800552368164,61.551772541292095,60.31102790864113,61.0806639888253,39382000
2018-08-01,61.14414978027344,61.784354899209696,60.744948993606215,61.44764120126705,36994000
2018-08-02,61.54780578613281,61.71046288718155,60.40376172708883,60.425580751599156,34704000
2018-08-03,61.40052795410156,61.815100793177606,60.967109863223676,61.74864867459752,21264000
2018-08-06,61.376224517822266,61.61376321311959,61.022152480370046,61.571612050334366,22114000
2018-08-07,62.27728271484375,62.78508678959442,62.07693887742796,62.08735086996037,42506000
2018-08-08,62.549530029296875,63.06476850332,62.09280225778998,62.32091643734452,34344000
2018-08-09,62.70474624633789,63.076672285932354,62.48853472509049,62.61895703178096,27326000
2018-08-10,62.112144470214844,62.54308441078744,61.84683919504169,62.44291060517788,26602000
2018-08-13,61.920230865478516,62.77962882865743,61.840392980843816,62.047183771312895,27500000
2018-08-14,62.39133834838867,62.5128317663453,61.468961469423846,62.11164848408736,28080000
2018-08-15,61.10595703125,62.08585708292371,60.80940823183751,61.70401470300121,37052000
2018-08-16,60.70130157470703,61.675254094846835,60.481616876650435,61.590452358478274,32176000
2018-08-17,60.294166564941406,60.844617378706886,59.70652466244601,60.60113114205357,33092000
2018-08-20,60.5966682434082,60.79304703382085,59.93960043624194,60.5326980557905,22218000
2018-08-21,60.37152862548828,61.13273906052275,60.25350461148751,60.64973160024402,23082000
2018-08-22,60.586753845214844,60.823793135762685,60.163747749963264,60.21333713228483,22296000
2018-08-23,60.557491302490234,61.252249616869754,60.46773327420355,60.49401674337012,24666000
2018-08-24,61.330604553222656,61.36283557012292,60.57038537845587,60.7975083008106,24454000
2018-08-27,62.29859924316406,62.37794527634453,61.52548996574035,61.69707216823736,28580000
2018-08-28,61.782371520996094,62.31298587132638,61.639055288987485,62.28025544041016,27330000
2018-08-29,62.71416473388672,62.83913511732767,62.126522823074154,62.235621729462196,36926000
2018-08-30,62.20785140991211,62.95418160769552,61.84931493225059,62.65217709910716,30104000
2018-08-31,61.08513641357422,62.11413033569713,60.7851143929751,62.09727138257301,42308000
2018-09-04,60.06903076171875,60.89024638459833,59.83347835374634,60.62493731993848,41458000
2018-09-05,59.463539123535156,60.245573578851676,58.28527387752493,59.965388075112344,53988000
2018-09-06,58.714229583740234,59.45808166722043,57.70358155416032,59.437253899685246,46854000
2018-09-07,58.3968505859375,58.94035881876421,57.98426028412957,58.11963887580411,32658000
2018-09-10,58.27138137817383,58.84662875014471,58.05070543262553,58.724635930554136,27670000
2018-09-11,59.01176834106445,59.05887957731326,57.81962176153576,58.0750106684798,29254000
2018-09-12,58.09980773925781,59.04648178265225,57.83003423960073,58.61554184719363,35716000
2018-09-13,58.62248611450195,58.906144800442625,57.98178160132907,58.50148832279991,40068000
2018-09-14,58.41618728637695,58.913083692868184,58.195015701265106,58.913083692868184,24176000
2018-09-17,57.51613235473633,58.60661828158501,57.44819334906225,58.40577882192011,34096000
2018-09-18,57.87714385986328,58.58231793606274,57.5954714892381,57.656467902342634,32314000
2018-09-19,58.232208251953125,58.3313870076574,57.456121435743995,57.96888551531386,25962000
2018-09-20,59.09012222290039,59.21062817046431,58.33040242500614,58.54959151062882,29244000
2018-09-21,58.12559509277344,59.33856951836281,58.12262131875296,59.256249702666175,91222000
2018-09-24,58.494544982910156,58.773735437507995,57.10304580391449,57.495303984931574,31150000
2018-09-25,59.205169677734375,59.352450934388095,58.223283283094446,58.72712229225433,33152000
2018-09-26,59.213600158691406,59.86719858045819,58.784150889168416,59.195254319561855,37650000
2018-09-27,59.87314987182617,60.344254675953586,59.41146580174746,59.50816642084424,36274000
2018-09-28,59.859256744384766,59.9271957399059,59.40054650910195,59.71098046363248,35612000
2018-10-01,59.9311637878418,60.70824186282409,59.66635416408133,60.152834776756606,33164000
2018-10-02,59.88703918457031,60.72412253885722,59.49131157579455,59.83893668619109,40180000
2018-10-03,60.07994079589844,60.21135436103565,59.61478353847458,60.103246708296815,26246000
2018-10-04,58.371063232421875,59.80074471048589,57.715482313943795,59.75760228989109,46576000
2018-10-05,57.912845611572266,58.61553772980196,57.24288392054998,58.317997678146384,31852000
2018-10-08,57.32223129272461,58.31105645324983,56.30464073584316,57.524557624559634,46190000
2018-10-09,56.78913497924805,57.601421645972316,56.73954560012242,57.09361762617503,33690000
2018-10-10,54.160369873046875,56.38498361968212,54.12813507082892,56.354235704467875,58980000
2018-10-11,54.08994674682617,55.34557169434692,53.35353288306622,53.50974303096298,67696000
2018-10-12,55.5677375793457,55.83006909493526,54.302691828734865,55.52310448461403,49370000
2018-10-15,54.6701545715332,55.63021818118948,54.460881853987075,55.44177701468576,30074000
2018-10-16,56.18959426879883,56.35274700722505,55.13183877872976,55.217627994318065,38378000
2018-10-17,55.91734313964844,56.87988484039314,55.243412612041226,56.5327553995562,35652000
2018-10-18,54.44551086425781,56.15339540928809,53.871754093826716,56.036858277452815,46152000
2018-10-19,54.806026458740234,55.588064644030325,54.40186941514952,54.73313116691298,41286000
2018-10-22,55.11299133300781,55.62476039910742,54.54915095810386,55.16952330250244,27116000
2018-10-23,55.28853988647461,55.44177625930868,53.50825573348647,54.11722105929459,37686000
2018-10-24,52.422725677490234,55.3733411581951,52.32056935760662,55.29300386341311,49286000
2018-10-25,54.72718048095703,55.43284641314189,53.3366726001315,53.57222499683899,72956000
2018-10-26,53.74331283569336,55.39218343469779,51.68433006424773,51.98683021310207,106438000
2018-10-29,51.31239700317383,54.987027595454904,49.9471814882782,54.377562936883656,81290000
2018-10-30,52.045352935791016,52.11428320924912,50.28292248655032,50.58244512549087,59768000
2018-10-31,54.08201217651367,54.94587456200168,52.97218539969845,52.97218539969845,70916000
2018-11-01,53.85390090942383,54.544194822068334,53.44924442209076,54.12267938183399,40132000
2018-11-02,53.13534164428711,54.44997677724087,52.945409798528566,54.00366474790069,43438000
2018-11-05,52.353797912597656,53.2275767002685,51.276205887840575,53.186912421965125,45358000
2018-11-06,53.04012680053711,53.54842649603223,52.248667827263624,52.318589350106706,28660000
2018-11-07,54.95777130126953,55.04157799583169,53.58660433801506,53.73041618700617,43388000
2018-11-08,54.28285598754883,54.956786593916036,53.77356501619863,54.91116602403288,33694000
2018-11-09,53.40957260131836,53.97142669030988,52.77680195086009,53.75670205685472,34860000
2018-11-12,52.037906646728516,53.26476998164376,51.59110279461373,53.21666748640021,34002000
2018-11-13,51.96897888183594,52.89631588540383,51.59358341935655,52.308178293181584,25750000
2018-11-14,52.2967643737793,52.85267087372335,51.628785198438855,52.565542813210634,34666000
2018-11-15,53.113521575927734,53.50131532395517,51.63771624229382,52.14205090644146,41584000
2018-11-16,52.97565841674805,53.18244920128964,52.312635487457975,52.824903973568865,35366000
2018-11-19,50.94989776611328,52.96226867525788,50.724265514564266,52.7336550830274,45684000
2018-11-20,51.10015869140625,51.44233186700774,49.699734383253194,49.95165011439261,54458000
2018-11-21,51.74383544921875,52.30321135194461,51.546961040367535,51.83706287462621,29698000
2018-11-23,51.08280944824219,51.72252277305887,51.004454658245834,51.251414125277314,14178000
2018-11-26,52.36421585083008,52.41677901065507,51.56234106885723,51.77210942942277,31558000
2018-11-27,52.18270492553711,52.90077288477134,51.84648690239975,52.13609310498648,33048000
2018-11-28,54.14201736450195,54.195079932226704,51.72003368504357,52.439588587382175,46042000
2018-11-29,54.28036880493164,54.556585457023125,53.656523316872786,53.73239616113488,31004000
2018-11-30,55.0276985168457,55.0276985168457,53.715049685217814,54.33244830687817,59668000
2018-12-03,55.360450744628906,56.28481018843585,55.13084587897713,56.14397588258745,57532000
2018-12-04,52.68803787231445,55.25532043785084,52.60423116972486,55.193332761663406,45630000
2018-12-06,53.46213912963867,53.528591251073834,51.6967313013768,51.821697913253566,47436000
2018-12-07,51.90004348754883,53.80678483588291,51.542498271462186,53.17203169584198,42682000
2018-12-10,52.22734069824219,52.5457085291918,51.22661285694276,51.719536668028816,33652000
2018-12-11,52.647369384765625,53.081283083389565,52.07460390793039,52.90970087647782,33852000
2018-12-12,53.246421813964844,54.13904206804826,53.15914192619585,53.41254832972403,28960000
2018-12-13,53.236995697021484,53.97490023035937,52.81300212951065,53.34262520473422,24986000
2018-12-14,52.15444564819336,53.14674409029984,52.038404143978894,52.56654035265501,36358000
2018-12-17,50.86212921142578,52.683573360961546,50.4148259287533,51.92137162429705,49932000
2018-12-18,51.74284362792969,52.55017019559987,51.10163977241483,51.27619952675167,43640000
2018-12-19,51.348609924316406,53.344614000266844,50.55368148063687,51.93526066879097,58264000
2018-12-20,50.75947952270508,51.94270112404546,49.97992316930965,50.87948606483592,53674000
2018-12-21,49.156219482421875,51.45819261563944,48.65734437739883,51.17900219393605,104656000
2018-12-24,48.82992172241211,50.19116856445792,48.48229286368024,48.81256335838148,36360000
2018-12-26,51.9630241394043,51.99277700934326,49.225646602209785,49.49046000831835,46318000
2018-12-27,52.21345901489258,52.23527804094149,49.93726961475843,50.8894031809876,45996000
2018-12-28,51.90501022338867,52.77531586616497,51.672927205277276,52.54075470295131,34398000
2018-12-31,51.8197135925293,52.71382450957579,51.22859846003051,52.457936179774954,33110000
2019-01-02,52.30173110961914,52.60472690168377,50.843779752140335,50.93899348883383,31868000
2019-01-03,50.85319519042969,52.8759780134997,50.699466979891106,52.1028687333839,41960000
2019-01-04,53.461639404296875,53.55734876361941,51.41802873823579,51.700692372040024,46022000
2019-01-07,53.35502243041992,53.69124047708747,52.696463948265446,53.60545126402301,47446000
2019-01-08,53.82365036010742,54.21937794351435,52.9796244703007,53.85489011971535,35414000
2019-01-09,53.63917541503906,54.13458118632317,53.27815698611534,53.95357823458152,26998000
2019-01-10,53.499332427978516,53.54793055338616,52.79763149181819,53.306426813330056,26598000
2019-01-11,52.78721618652344,53.228568134505245,52.388511032973454,53.056490286355086,30864000
2019-01-14,52.14453125,52.48868696018829,51.99774560855751,52.2352805449362,28490000
2019-01-15,53.88017654418945,53.96745642029301,52.28982059636427,52.46685849321779,37518000
2019-01-16,54.02894973754883,54.666184830089556,53.95456755691764,54.05325069106837,38280000
2019-01-17,54.50551223754883,54.58386323084634,53.71900961368092,53.95357453146832,24896000
2019-01-18,54.911163330078125,55.44177767329486,54.51344944130372,54.97513352063556,44892000
2019-01-22,53.48941421508789,54.498079789258604,53.105585487890245,54.350794737301214,39632000
2019-01-23,53.77604293823242,54.19954087399449,52.94094594559311,53.89753635595871,25194000
2019-01-24,53.75571060180664,53.95407191142613,53.06243916780323,53.68182026674649,29114000
2019-01-25,54.62403106689453,54.7157716075917,54.14251051447495,54.263012668104324,23260000
2019-01-28,53.55039978027344,54.220361432105335,53.29005083151917,54.05671687249497,29334000
2019-01-29,53.06441879272461,53.7919075035448,52.8640749781177,53.608918268991935,19704000
2019-01-30,54.4494743347168,54.52534718103893,53.39072388882378,53.42642809001765,29452000
2019-01-31,55.833038330078125,55.92130947092157,54.80950019306475,55.15613401300113,40232000
2019-02-01,55.47251892089844,56.25505273717581,55.25581177728074,55.65451311988307,33116000
2019-02-04,56.60317611694336,56.64880046780075,55.41747645791283,55.491862423764644,78408000
2019-02-05,57.121395111083984,57.16602820626715,55.71948385490271,56.018510837262355,82296000
2019-02-06,55.68427276611328,57.22702204444144,55.45962798014585,56.99246089522924,48256000
2019-02-07,54.842227935791016,55.143733020887844,54.23127635221797,55.13530354541889,38298000
2019-02-08,54.66717529296875,54.80206204094916,54.263513873819036,54.29524926151284,21766000
2019-02-11,54.6542854309082,55.21515207697365,54.54915533036909,54.73511835990443,18498000
2019-02-12,55.916847229003906,56.178683086895354,55.0951360411319,55.0951360411319,35036000
2019-02-13,55.96891784667969,56.67409195109993,55.83849553947913,56.187611297106514,28042000
2019-02-14,55.9971809387207,56.340840976368156,55.39664511522368,55.78890327451835,21106000
2019-02-15,55.522605895996094,56.49804534986026,55.37829841032092,56.49804534986026,27826000
2019-02-19,55.86378479003906,56.01899988835893,55.37433038810258,55.37433038810258,21980000
2019-02-20,55.57021713256836,56.082981297116646,55.131842722267116,55.98132059644437,24090000
2019-02-21,54.757930755615234,55.49880912828921,54.448983619155534,55.480459504102605,33272000
2019-02-22,55.37036895751953,55.40458627711535,54.57395365541435,55.030182061073496,29436000
2019-02-25,55.40855026245117,55.808742286415196,55.24887071273336,55.63666444539481,26208000
2019-02-26,55.640625,55.86030968921441,54.881400918895295,55.2617564028547,35026000
2019-02-27,55.68427276611328,55.82510706806781,54.97364672917715,55.24391208286884,22092000
2019-02-28,55.86576843261719,56.23472068766266,55.46210701631137,55.49136425895649,27422000
2019-03-01,56.95526885986328,57.02866357187226,56.08645011269494,56.08645011269494,34086000
2019-03-04,57.19826126098633,57.798301506845725,56.44597589388642,57.25479323418652,35490000
2019-03-05,57.98029708862305,58.34230678742909,57.178426102198614,57.32620299909426,40094000
2019-03-06,57.7695426940918,58.25552397570588,57.67581584092383,58.10774707513317,23602000
2019-03-07,57.0708122253418,57.70209600970842,56.61755761884441,57.54935904423013,30086000
2019-03-08,57.02717208862305,57.19974555782496,56.04677257369768,56.23025744721806,23694000
2019-03-11,58.47967529296875,58.51190631430006,57.1065217947922,57.1278451938089,30032000
2019-03-12,59.37179183959961,59.791324739143484,58.63042169944413,58.63042169944413,42220000
2019-03-13,59.461551666259766,59.861248068720826,59.404524065314185,59.80223795182649,25888000
2019-03-14,59.13772201538086,59.74123537213367,59.073256202850935,59.45956301594842,27302000
2019-03-15,59.02714157104492,59.593460108295844,58.86398883406654,59.40898775828328,51886000
2019-03-18,58.94035339355469,59.25772993751267,58.58975079508178,58.99688535740825,24442000
2019-03-19,59.630157470703125,59.677268706394294,58.985484173693706,59.0975568546802,29788000
2019-03-20,60.81883239746094,60.99537468269679,59.48783401935632,59.57759204890789,41508000
2019-03-21,61.29985809326172,61.31523015861807,60.33036996643317,60.499969664619066,28150000
2019-03-22,59.887535095214844,61.175886781357356,59.80571090634118,60.93884747487413,34422000
2019-03-25,59.37823486328125,59.976292522278534,59.012260184414735,59.486342506890146,27576000
2019-03-26,59.00433349609375,59.88753302286627,58.60364582572859,59.76554018730215,30752000
2019-03-27,58.41767883300781,59.10747706719448,57.73432377537689,59.10747706719448,29428000
2019-03-28,58.133026123046875,58.37998553960002,57.69465178230228,58.293205073603154,22402000
2019-03-29,58.36213684082031,58.713235095709805,57.8409432687041,58.525285785823435,30890000
2019-04-01,59.457584381103516,59.518081382666765,58.831756331098426,58.89027081678806,27706000
2019-04-02,59.78289794921875,59.79628749892426,59.07375879410385,59.51064629415848,18288000
2019-04-03,60.04423522949219,60.52972083098244,59.76008470919259,60.13795828936731,22180000
2019-04-04,60.472694396972656,60.527243852136195,59.956460872264365,60.06803792748894,21022000
2019-04-05,60.07596969604492,60.51930791115467,60.00555254911908,60.465254086840815,20012000
2019-04-08,59.91876983642578,60.19994278464062,59.741236305443195,60.059108496061306,21750000
2019-04-09,59.64156723022461,59.862738842546925,59.42783383662045,59.601897991537015,19668000
2019-04-10,59.82801818847656,59.951497900092924,59.540893902709925,59.76057859967975,15510000
2019-04-11,59.98373794555664,60.139948099036154,59.73330909773251,59.94952062749646,16998000
2019-04-12,60.635353088378906,60.65122078299202,60.16722204644514,60.282764136523824,24312000
2019-04-15,60.82379150390625,60.961156397142275,60.23019825206835,60.70278993353485,23796000
2019-04-16,61.0905876159668,61.29241832671857,60.74990134124958,60.99586951444709,22622000
2019-04-17,61.49871063232422,61.7446787941257,61.139678535444986,61.342996123690995,30366000
2019-04-18,61.564666748046875,61.786333956338936,61.46251043387367,61.73971835147511,24750000
2019-04-22,62.17413330078125,62.20289491593463,61.1629896255075,61.3266379946004,19084000
2019-04-23,63.008731842041016,63.199159301729445,62.08536372430836,62.316951088907196,31868000
2019-04-24,62.48605728149414,63.177841883509664,62.47415840170821,63.0087378037284,23396000
2019-04-25,62.84756851196289,63.118329495542696,62.38439754332146,62.99435414572165,31344000
2019-04-26,63.34743118286133,63.42132151606078,62.73152328568411,63.14708736238461,27228000
2019-04-29,64.27873229980469,64.31692221345482,63.06427110185339,63.50066293959323,72368000
2019-04-30,59.45659637451172,59.55676639958848,58.66513740352542,59.043510415607194,133178000
2019-05-01,58.18510055541992,59.470973972298495,58.10377200341703,59.38418971821205,74340000
2019-05-02,57.847389221191406,58.48561553382337,57.44174152090412,58.149393720291656,45098000
2019-05-03,58.98994445800781,59.081684994667306,58.196503075397025,58.38791799502808,41588000
2019-05-06,59.18384552001953,59.281537394226156,58.077983794922574,58.119639328597295,31774000
2019-05-07,58.4598274230957,59.2488043837092,57.77250736398423,58.80447871053947,36604000
2019-05-08,58.05914306640625,58.72811354197233,57.902932921424046,58.38197156478098,25520000
2019-05-09,57.9197883605957,58.22228848592108,57.25875177209827,57.65349184858847,29556000
2019-05-10,57.9034309387207,58.33188896062332,56.84864920756702,57.962940468651176,31650000
2019-05-13,56.363651275634766,57.126348570122865,55.81369987286874,56.79260867834261,45626000
2019-05-14,55.78196334838867,56.774261749590714,55.716006859862674,56.64780825816616,40392000
2019-05-15,58.06013488769531,58.43206092531707,55.61038084252998,55.66740844227234,59302000
2019-05-16,58.73951721191406,59.21855964212482,57.94359761215228,58.11170663709032,35308000
2019-05-17,57.959964752197266,58.828287857261444,57.842931988016005,58.30957615771675,25362000
2019-05-20,56.763851165771484,57.1774327504438,56.44052324213396,57.1774327504438,30602000
2019-05-21,57.248836517333984,57.42537879315505,56.69689882020132,57.250819033139784,20562000
2019-05-22,57.318756103515625,57.71200550411785,57.078243650212926,57.09064194043587,18826000
2019-05-23,56.797569274902344,57.03113916733557,56.19356400273092,56.83377289198655,25214000
2019-05-24,56.46382522583008,57.24486836060925,56.36960275599148,57.12783560846031,18554000
2019-05-28,56.51094055175781,57.35050201510359,56.46680308738616,56.606154286403545,20948000
2019-05-29,55.53798294067383,56.28480881348524,55.14175593690512,56.170749826952495,36230000
2019-05-30,55.610877990722656,55.878169570146916,55.33763507998775,55.548394687102004,18088000
2019-05-31,54.871490478515625,55.21365987061157,54.715280327354535,54.82884368467994,31582000
2019-06-03,51.511260986328125,52.912676521319256,50.930561642121816,52.90920711845489,96890000
2019-06-04,52.292301177978516,52.488184333554216,51.376866936082195,51.79639981884811,60512000
2019-06-05,51.803836822509766,52.4073501849964,51.22661071101869,52.317592162166996,46988000
2019-06-06,51.95856857299805,52.06965000873795,51.35109007958164,51.881704456905,29020000
2019-06-07,52.98061752319336,53.23154578365972,52.126675241378294,52.281894136993586,43828000
2019-06-10,53.694217681884766,54.29326663277335,53.323282909136985,53.40857649267084,28510000
2019-06-11,53.608924865722656,54.748012749647344,53.53602956704234,54.3998882301336,33508000
2019-06-12,53.51272201538086,53.68231793371937,53.04161341422099,53.5548731804683,23670000
2019-06-13,54.103336334228516,54.380048643008536,53.68479846818787,53.79091982164258,20814000
2019-06-14,53.8697624206543,54.28929529672534,53.63074063290041,54.04035336322797,24582000
2019-06-17,54.246158599853516,54.61262895010507,53.954074216816096,54.00862367387797,19770000
2019-06-18,54.80900192260742,55.48045050525,54.588325972847784,55.11943589578843,34526000
2019-06-19,54.772796630859375,55.01678226722083,54.35227251015568,54.908178996972794,26714000
2019-06-20,55.20374298095703,55.675842832879255,54.896282754909315,55.62525840880668,24018000
2019-06-21,55.807254791259766,55.8667605353799,55.031167921989905,55.03811051103241,50774000
2019-06-24,55.37730407714844,55.71799034008654,55.20919505940072,55.54095243430775,24236000
2019-06-25,53.93324279785156,55.32771569465771,53.78546213142027,55.29697156523066,31644000
2019-06-26,53.57321548461914,54.30715117461106,53.244435661949076,54.10283853958426,34698000
2019-06-27,53.390235900878906,53.97688661837834,53.35155413705044,53.89208865547855,24078000
2019-06-28,53.69620132446289,53.69620132446289,53.24988932159318,53.41998464668975,33672000
2019-07-01,54.549156188964844,54.97513608373966,54.31756880330292,54.60072809032175,29196000
2019-07-02,55.173988342285156,55.18836914929686,54.5327882241278,54.78867275994016,20630000
2019-07-03,55.689231872558594,55.937182567074046,55.28556665878392,55.46656960642054,20154000
2019-07-05,56.16926193237305,56.267449439103345,55.41698037071205,55.509712175195695,29794000
2019-07-08,55.381771087646484,55.89850023897379,55.132333508714034,55.83204812175117,29888000
2019-07-09,55.75369644165039,55.93073435346147,54.903719240110554,55.060920642793654,29472000
2019-07-10,56.577884674072266,56.64879744980509,56.06958501516339,56.15190482385969,30710000
2019-07-11,56.73508834838867,57.18933423160669,56.509456077249816,56.838235934753826,26004000
2019-07-12,56.797569274902344,56.90468567231984,56.46135121284725,56.67805836922192,21878000
2019-07-15,57.053951263427734,57.06238073945204,56.53275766886727,56.797567312446006,21164000
2019-07-16,57.20024108886719,57.454143110765386,56.86649740090158,56.86649740090158,25352000
2019-07-17,56.867000579833984,57.447204326650706,56.861049248315126,57.07428700784104,19538000
2019-07-18,56.89179229736328,56.937912278185706,56.178688104960315,56.63193893207649,25450000
2019-07-19,56.11371994018555,57.10700958518703,56.09884350416264,56.99493690261568,23184000
2019-07-22,56.49357986450195,56.533748511850774,55.79932096005546,56.30811247619203,28914000
2019-07-23,56.93196105957031,56.97212970906677,56.178192587258984,56.703846866852054,20648000
2019-07-24,56.51936721801758,56.80351773742075,55.9629650578798,56.166782066704464,27192000
2019-07-25,56.3314208984375,56.710785142445566,55.72493373698606,56.480684667806266,54762000
2019-07-26,61.75063705444336,62.899637505813864,60.89669476444316,60.89669476444316,121216000
2019-07-29,61.58301544189453,61.937586892558215,61.0057855147217,61.615745870948935,41382000
2019-07-30,60.896690368652344,61.33853791873472,60.76378613660804,60.847097204406246,28616000
2019-07-31,60.410701751708984,61.23935171953119,59.91380914837889,60.74146785832368,39960000
2019-08-01,60.09233856201172,61.30828669649501,59.85529549111367,60.38244041742566,35426000
2019-08-02,59.3256721496582,59.97926673867572,59.012260620037516,59.656933888081014,34910000
2019-08-05,57.26421356201172,58.36164587535304,56.66913339378549,58.16774521908615,47840000
2019-08-06,58.07402038574219,58.585789466166396,57.60043365387298,57.79829933606973,36014000
2019-08-07,58.313541412353516,58.50991642354329,57.07031476456262,57.41546170450556,30686000
2019-08-08,59.81513214111328,59.81959280201801,58.21882466903236,58.83522822791274,30116000
2019-08-09,58.95771408081055,59.72933649805951,58.75885714546131,59.5076692799245,20418000
2019-08-12,58.24361038208008,58.7945567964756,57.95698174055042,58.51635763016774,22064000
2019-08-13,59.34600067138672,59.777436208924264,58.16873437476789,58.23617396205058,28434000
2019-08-14,57.735321044921875,58.65472037886696,57.57762400887697,58.32147609646405,35430000
2019-08-15,57.98674392700195,58.338833478015275,57.673336139235964,57.94261024465843,28506000
2019-08-16,58.4771842956543,58.706789142255424,58.169232238556425,58.55553907300545,24916000
2019-08-19,59.52997970581055,59.973813522953364,59.03209585106052,59.10300862264613,24450000
2019-08-20,58.6914176940918,59.40899011785179,58.667616151780344,59.2775765475695,20206000
2019-08-21,59.09061813354492,59.53593889627519,58.909119551268375,59.30088211482607,14152000
2019-08-22,59.087642669677734,59.44766604994805,58.46231022954829,59.20070661276185,17352000
2019-08-23,57.20619201660156,59.29344073521031,57.02865847577189,58.7727427748867,36254000
2019-08-26,58.0789794921875,58.11270118156277,57.26917466846016,57.49728886317607,21166000
2019-08-27,58.06112289428711,58.76431065349717,57.750688918009565,58.665131895722865,23460000
2019-08-28,58.20642852783203,58.44198094303764,57.53696237493225,57.7660678296099,16810000
2019-08-29,59.22252655029297,59.467995305199445,58.77819707980944,58.8347290486105,19636000
2019-08-30,59.03854751586914,59.52552378949316,58.80001756048857,59.52552378949316,18064000
2019-09-03,57.998146057128906,58.96663910917383,57.70853983655242,58.6081026279347,25908000
2019-09-04,58.628936767578125,58.75836782710865,58.096339875407075,58.48909371518504,21312000
2019-09-05,60.11267852783203,60.20243656888762,59.14566843377376,59.19377093478458,26394000
2019-09-06,59.821571350097656,60.150351148565804,59.66982188016948,59.96141437554046,18972000
2019-09-09,59.76950454711914,60.52724177884461,59.16946434430124,59.859262573889204,31854000
2019-09-10,59.790828704833984,60.00406644767936,59.31029939412183,59.31426820929978,27922000
2019-09-11,60.499969482421875,60.62245794277462,59.62123064685338,59.70107231415297,23522000
2019-09-12,61.242332458496094,61.611776558659884,60.626916405154056,60.67204512491026,31644000
2019-09-13,61.49325942993164,61.543843853790506,60.85106803599327,61.1005056186852,23676000
2019-09-16,61.076698303222656,61.443168609925806,60.75733544617738,61.017684408775345,28218000
2019-09-17,60.98991394042969,61.24381594293351,60.666090423549655,61.076698188942295,20806000
2019-09-18,61.127281188964844,61.30531035330873,60.324914660454276,61.007770292284484,17440000
2019-09-19,61.429779052734375,61.7069869660326,61.11041997916298,61.110915608100754,16554000
2019-09-20,60.987937927246094,61.63062495673353,60.677503925418364,61.1763790958977,37692000
2019-09-23,61.22844696044922,61.47590201579958,60.687416872304546,60.82577302120918,20798000
2019-09-24,60.41714859008789,61.84435184221623,60.035801848501244,61.49176671272495,35804000
2019-09-25,61.78634262084961,61.8894902073785,59.964399011515845,60.302107758666516,26798000
2019-09-26,61.60533142089844,61.72335921962047,61.08612412271206,61.597893202784334,23166000
2019-09-27,60.79502868652344,61.73922455625371,60.261932446996404,61.63210816601724,34122000
2019-09-30,60.556495666503906,60.8674252630036,60.17366204015003,60.52971657030249,24470000
2019-10-01,59.80570602416992,61.1376994390325,59.78339136996081,60.62344843370685,24504000
2019-10-02,58.413211822509766,59.446670055970316,58.15088034087869,59.33459737978191,33030000
2019-10-03,58.9839973449707,59.06185271029427,57.68027372624603,58.68199283402586,28368000
2019-10-04,60.05167007446289,60.12605603347726,59.06036300568549,59.22500261671592,24282000
2019-10-07,59.91728591918945,60.44591775673963,59.72438030235349,59.85529824338502,17040000
2019-10-08,59.018714904785156,59.84885186964598,58.98648010235407,59.44717293719252,20086000
2019-10-09,59.62718200683594,59.927699641137494,59.41493551600524,59.57412322169878,15948000
2019-10-10,59.977783203125,60.28276149090134,59.402043943686515,59.43873940465418,12842000
2019-10-11,60.287227630615234,60.933883468749734,60.18457567938561,60.699817951472276,22330000
2019-10-14,60.38938522338867,60.791559777175,60.09730084134501,60.19697523733652,13296000
2019-10-15,61.60285186767578,61.8453468528773,60.545592043984996,60.57435365782563,27584000
2019-10-16,61.64054489135742,62.19545640319099,61.41887388058944,61.58153099093143,22986000
2019-10-17,62.12651824951172,62.66953081324182,61.98121952248703,62.0570923657261,20958000
2019-10-18,61.71046447753906,62.389846945762145,61.49871362002821,62.22025103490627,31624000
2019-10-21,61.70401382446289,62.16172904490306,61.491271721739686,61.92320288687026,18094000
2019-10-22,61.5512809753418,61.92469389924961,61.48433322932572,61.71393429825658,22862000
2019-10-23,62.366050720214844,62.38638286010281,61.502192048052436,61.502192048052436,21282000
2019-10-24,62.4394416809082,62.62738721875629,62.10421109911762,62.4394416809082,20224000
2019-10-25,62.69681167602539,62.880296548809305,61.945521387384986,62.086851313418414,27104000
2019-10-28,63.92070388793945,64.42949927000939,63.09404002862394,63.22743612901821,65428000
2019-10-29,62.51630401611328,63.515049360480866,62.26587139899458,63.27701503448946,52654000
2019-10-30,62.518287658691406,62.881288593585026,62.01990812718135,62.243062237785296,29204000
2019-10-31,62.4240608215332,62.80689823914488,61.961881154991474,62.48357034580104,31904000
2019-11-01,63.09105682373047,63.12825169994562,62.46919753838538,62.771202075474406,28812000
2019-11-04,63.951942443847656,64.09525868097215,63.28247628200852,63.28247628200852,30632000
2019-11-05,64.04268646240234,64.3303101709865,63.94053392587644,64.03078380018343,25148000
2019-11-06,64.0213623046875,64.11954980825729,63.58794801450021,63.97574173910318,24626000
2019-11-07,64.81133270263672,65.59039331831046,64.15723868532784,64.1835183702277,45140000
2019-11-08,64.91349792480469,65.31567630818235,64.54256308883937,64.54256308883937,30392000
2019-11-11,64.38189697265625,64.7101850143391,64.26238605113178,64.6655481315942,17234000
2019-11-12,64.32882690429688,64.93085348903183,64.18154563023947,64.39627028672976,28852000
2019-11-13,64.27774810791016,64.59215093862099,64.077899897034,64.12897616917114,20538000
2019-11-14,64.9209213256836,65.2467349264143,64.16665731618855,64.21922425111995,28948000
2019-11-15,66.13043975830078,66.13043975830078,65.05680894885906,65.21351851896138,39286000
2019-11-18,65.45103454589844,66.14926594329124,65.26854474247473,66.0709111763446,27984000
2019-11-19,65.09150695800781,65.78774823356906,65.05084269014203,65.78774823356906,21864000
2019-11-20,64.5594253540039,65.12227074851963,63.93211035270607,65.03053019539448,28892000
2019-11-21,64.47413635253906,65.01863216183038,64.00847961377508,64.42999888268726,25546000
2019-11-22,64.15327453613281,64.80935107828645,63.93954116731855,64.61594984719095,27776000
2019-11-25,64.74686431884766,64.9834117548011,64.2494798442598,64.28171464407943,23590000
2019-11-26,65.11185455322266,65.1619395649303,64.66752884126126,64.95861817732126,21910000
2019-11-27,65.06868743896484,65.34193404368081,64.93678206903854,65.23184390904005,18808000
2019-11-29,64.66999816894531,64.9605956368257,64.62735137879393,64.79447292018561,12802000
2019-12-02,63.91475296020508,64.73695989800211,63.494224972941524,64.59413550286762,26538000
2019-12-03,64.20632934570312,64.32981283468685,63.32908127116737,63.40891914678887,25270000
2019-12-04,65.40641021728516,65.67072799346127,64.61842074496396,64.76967458905614,35506000
2019-12-05,65.80413818359375,65.85472261326721,65.17732256641182,65.80612069976046,24408000
2019-12-06,66.4205322265625,66.57326918477894,66.01587954811114,66.09125298585175,32968000
2019-12-09,66.59905242919922,67.32108920325197,66.25588803414921,66.39424795925537,30842000
2019-12-10,66.59410095214844,66.84750734354655,66.15324087344685,66.44781095349515,17606000
2019-12-11,66.66155242919922,66.94123854037991,66.50534226526831,66.86239190658026,20480000
2019-12-12,66.87181854248047,67.17381933703521,66.3615400332576,66.60998262020395,29114000
2019-12-13,66.79147338867188,67.01363625823237,66.53311068368981,66.84254966147614,33170000
2019-12-16,67.4773178100586,67.61765272247395,66.97695188649675,67.19465033522908,28128000
2019-12-17,67.18917846679688,67.65730947093114,66.98486583558378,67.56209574408568,32948000
2019-12-18,67.04139709472656,67.4143143680724,66.96949684654093,67.29381221564596,23330000
2019-12-19,67.26605224609375,67.32010986052664,66.88470543834259,67.04140744524219,28922000
2019-12-20,67.0071792602539,67.64094112513031,66.98288209174912,67.59631181966746,50090000
2019-12-23,66.97794342041016,67.53434191535786,66.84752108889123,67.37962240894294,19936000
2019-12-24,66.67046356201172,67.04636218280068,66.65757720914816,66.9570960026882,13468000
2019-12-26,67.56507873535156,67.60128613780807,66.72403033918864,66.7756060246941,23662000
2019-12-27,67.1767807006836,67.79219292580306,67.09545215530571,67.64093908382699,23212000
2019-12-30,66.4364013671875,67.29381680371453,66.34366956318935,67.28439606964862,19994000
2019-12-31,66.4205322265625,66.48351115662122,66.06050885599129,66.24200742818745,19514000
2020-01-02,67.87301635742188,67.87301635742188,66.77261429289413,66.86782800712254,27278000
2020-01-03,67.51797485351562,68.12446593619062,66.81379565868565,66.8475211362902,23408000
2020-01-06,69.3176040649414,69.34289249663834,66.99628947924452,67.02752545950933,46768000
2020-01-07,69.1836929321289,69.59975639798446,69.00765007438353,69.44900196622598,34330000
2020-01-08,69.6761245727539,70.01383328257931,69.06071230813146,69.16931180182212,35314000
2020-01-09,70.4075698852539,70.84842231020016,69.93249258400905,70.51368743228274,33200000
2020-01-10,70.86231994628906,71.15887253591534,70.39816153236073,70.88761594044897,26258000
2020-01-13,71.41129302978516,71.48319328541425,70.68429987467893,71.17424616511539,30730000
2020-01-14,70.94315338134766,71.54021599791382,70.80330278532237,71.4097937019993,26076000
2020-01-15,71.37012481689453,71.44847959482189,70.99621627063644,71.06365964443332,21550000
2020-01-16,71.91364288330078,71.94042198348346,71.40980383677255,71.6800692002155,26080000
2020-01-17,73.3696060180664,73.42068229124506,72.23052189077428,72.52756636187075,52424000
2020-01-21,73.50497436523438,73.88334730517278,72.90790422686986,73.34380038673889,48930000
2020-01-22,73.58531951904297,74.41397338110437,73.52532192544703,73.8759245867756,28458000
2020-01-23,73.62598419189453,74.06287927041319,73.40927702930324,73.7678173234847,26650000
2020-01-24,72.70757293701172,74.097581382054,72.559292859008,74.02914675123824,29786000
2020-01-27,70.99969482421875,71.2402073113937,70.3932038265922,70.99027408970458,34132000
2020-01-28,71.93049621582031,72.14373017574707,70.93174708981847,71.49608309873746,29724000
2020-01-29,72.23795318603516,72.60690544755049,71.67709035915647,72.32522928653594,21566000
2020-01-30,72.116455078125,72.16604067283447,71.16184346943253,71.31557167668379,27110000
2020-01-31,71.05176544189453,72.88114352752272,70.7681067350012,72.79138548923828,43822000
2020-02-03,73.5223388671875,73.70582753071683,72.23349161238843,72.48342482845398,71636000
2020-02-04,71.67808532714844,72.76559372087249,70.51866911081403,72.12836616478646,95880000
2020-02-05,71.70980834960938,72.62871192281361,70.89802115663437,72.5806094341786,36376000
2020-02-06,73.19356536865234,73.47077712052415,71.92951458765228,72.00389677738615,37822000
2020-02-07,73.3492660522461,73.65374870960305,72.66988358975605,72.76807109346798,28360000
2020-02-10,74.81465148925781,74.82556289282728,73.15536902814524,73.25603845469743,38302000
2020-02-11,74.88407135009766,75.86695264677628,74.6554615733179,75.04325524636788,34852000
2020-02-12,75.30907440185547,75.39188605793423,74.81515553865327,75.17170572454793,31042000
2020-02-13,75.0492172241211,75.67206769006663,74.58356058636251,74.88110442539049,22914000
2020-02-14,75.31402587890625,75.37948673334321,74.66042372612603,75.1057482210196,23198000
2020-02-18,75.34923553466797,75.90067759877253,74.9311895426324,75.09632856792217,25642000
2020-02-19,75.61852264404297,75.90961957394465,75.42562079756561,75.73406852705827,22746000
2020-02-20,75.22774505615234,75.72761146175247,74.59645752229817,75.32791507548832,25962000
2020-02-21,73.56497192382812,74.92820867419994,73.31851194016726,74.6123152432985,42520000
2020-02-24,70.41104888916016,71.23028195609393,69.76290996883232,70.56924154888083,49560000
2020-02-25,68.747802734375,71.25358934741597,68.45522273304678,70.96349127440813,51580000
2020-02-26,68.9535903930664,70.10408510430565,68.26329659306435,69.17724388929183,49776000
2020-02-27,65.20854949951172,67.90873614395468,65.17334092529835,67.39994084412521,62290000
2020-02-28,66.41358947753906,66.5722739739755,62.89070436777219,63.193204492422396,80198000
2020-03-02,68.747802734375,68.80482655090657,65.71685370908082,67.01562107182778,55430000
2020-03-03,66.33772277832031,69.83233844511692,65.9171948251204,69.31114862306558,56602000
2020-03-04,68.51374053955078,68.57225502928063,66.30201692418471,67.39101599549596,47598000
2020-03-05,65.19913482666016,67.12670796663788,64.5485139115482,66.72601271363625,54380000
2020-03-06,64.25593566894531,64.60355700885466,62.34522521289,62.97700467595164,64640000
2020-03-09,60.291194915771484,62.12305473019572,59.410969211683664,59.75413363170908,69252000
2020-03-10,63.23585891723633,63.26958060641454,60.227720041786434,62.20537812329449,54872000
2020-03-11,60.0486946105957,62.331330808488026,59.06879454018304,61.901881557171805,54732000
2020-03-12,55.121917724609375,58.95027701384307,54.96918076424431,55.67088167650658,94326000
2020-03-13,60.2158203125,60.2222672728443,55.15861501655473,58.26791891565671,79400000
2020-03-16,53.21022033691406,56.804014722190885,52.91664529324998,54.03391030090798,96520000
2020-03-17,55.44474792480469,55.83849297321683,52.02501404698684,54.08498798539528,83194000
2020-03-18,54.11226272583008,54.79660524805218,51.424970078900834,52.56257095894629,93044000
2020-03-19,55.127872467041016,57.15809373620562,52.34487397039444,53.964983044434405,74064000
2020-03-20,52.972679138183594,56.45737823212612,52.66968337475193,56.08148339433845,82878000
2020-03-23,52.274452209472656,52.90821410094761,50.030002120502026,52.385533632275504,83672000
2020-03-24,56.03734588623047,56.2019854909034,53.87620704386367,54.74651629889914,72468000
2020-03-25,54.629486083984375,56.838723734721434,53.70661363639943,55.76807440928379,90324000
2020-03-26,57.66936111450195,58.093854072789966,54.153917901971255,55.279116700352446,76562000
2020-03-27,55.057945251464844,57.08072809299469,54.747511270415124,55.91139183073007,62794000
2020-03-30,56.84566879272461,57.078247414984624,54.474269571410154,56.16777321835151,58736000
2020-03-31,57.62125778198242,58.18906316864204,56.370097362055304,56.96567688694709,65228000
2020-04-01,54.653289794921875,56.008093464132045,54.22631868304361,55.73931501110959,51970000
2020-04-02,55.393672943115234,55.6783190924219,54.208468955289,54.549151445625526,56410000
2020-04-03,54.1871452331543,55.480952582798494,53.31337022040269,55.278626230732584,51374000
2020-04-06,58.674560546875,59.049460387953076,55.788910047440375,56.18563269892655,63320000
2020-04-07,58.64330291748047,60.53864078690251,58.3799802030535,60.35168275685311,61620000
2020-04-08,59.85529327392578,60.247055806495155,58.71224047565648,59.661892044147216,40334000
2020-04-09,59.8339729309082,60.59865278435294,59.132272009251324,60.40971598898934,54028000
2020-04-13,60.02439498901367,60.228211985811114,58.631904675648435,59.58254746490999,38702000
2020-04-14,62.7429313659668,63.26461680088407,60.923466061815894,61.49028400054519,63358000
2020-04-15,62.34968566894531,63.232885198503794,61.19423448072011,61.81460686948649,42236000
2020-04-16,62.35612869262695,63.14610078349134,61.4025120129918,62.83764929137025,57896000
2020-04-17,63.42578887939453,63.971279654647915,62.781115555550386,63.55968059070784,51050000
2020-04-20,62.54059982299805,63.3176779307609,62.307029946262375,62.97401789004605,35292000
2020-04-21,60.11117935180664,61.98766835322001,59.75611229250409,61.62615811769642,49648000
2020-04-22,62.404727935791016,63.469426000735105,61.35292000771885,61.546816874331455,46296000
2020-04-23,63.03749465942383,63.87953802477549,62.50985788688982,62.76822057097703,34202000
2020-04-24,63.3067741394043,63.36181922472336,61.69013452627562,62.23562530613796,37402000
2020-04-27,63.022125244140625,64.17460265209323,62.73450152115081,64.07046002760272,44186000
2020-04-28,61.124305725097656,63.711420702689196,61.0147111939967,63.634064753405866,80700000
2020-04-29,66.55889892578125,67.45003233788705,65.79273212855323,66.69874197813101,108358000
2020-04-30,66.78303527832031,66.94668363522894,65.53336173174351,66.02232428665536,55842000
2020-05-01,65.32608032226562,67.01760531854285,64.94622420976376,65.66180653739475,48872000
2020-05-04,65.602783203125,65.68064612813664,64.26930683547664,64.87034202825359,30806000
2020-05-05,66.89807891845703,67.98856850629761,66.20431948237466,66.32680414700387,39666000
2020-05-06,66.72006225585938,67.87353091957088,66.70518581908316,67.34341219746076,31732000
2020-05-07,67.90277862548828,68.23603045485314,67.07264174294407,67.50754669271235,30652000
2020-05-08,68.64960479736328,69.25956128997706,68.03815763461286,68.52463821205002,33326000
2020-05-11,69.60420989990234,70.19631619479235,68.21122781905508,68.27519799946403,32718000
2020-05-12,68.19537353515625,70.13682424784653,68.16214747442724,69.83383223606998,33918000
2020-05-13,66.86386108398438,68.69870207901334,65.8561907203026,68.24395686168661,40368000
2020-05-14,67.28687286376953,67.3121612901518,65.62262654118136,66.1294392946917,36660000
2020-05-15,68.09024047851562,68.16561392304912,66.40119733074029,66.86040707156998,41544000
2020-05-18,68.69126892089844,69.06715998167876,67.15496289864852,67.52094138012248,47094000
2020-05-19,68.15669250488281,69.05377345364818,68.12495711426654,68.70615212677366,31586000
2020-05-20,69.88043212890625,70.02275708211047,68.80234463314515,68.88862946707506,38262000
2020-05-21,69.76092529296875,70.24244206277815,69.14798739865162,69.97118547184348,30894000
2020-05-22,70.08277130126953,70.26922616998684,69.22535585205502,69.61959655312397,28544000
2020-05-26,70.48593139648438,71.6632053320512,70.38824330390248,71.5069951861751,44590000
2020-05-27,70.43189239501953,70.68331631144378,69.1584208375953,70.41800721469514,31684000
2020-05-28,70.33071899414062,71.63096943029363,69.38057178014799,69.426192345688,35170000
2020-05-29,71.08845520019531,71.24763911516013,70.2186452926417,70.4393174660561,37044000
2020-06-01,71.1553955078125,71.48814791077972,70.53105438742989,70.70065785212817,25162000
2020-06-02,71.52435302734375,71.55857034348811,70.49783354301282,71.16184772780194,23442000
2020-06-03,71.37259674072266,71.85659538466791,70.99422380337077,71.54368329606875,27732000
2020-06-04,70.13532257080078,71.4752534941647,69.72422296477501,71.25010932295427,26982000
2020-06-05,71.4107894897461,71.72221852046398,69.80406630546283,70.20178017806124,42642000
2020-06-08,71.80850219726562,71.85610527816216,70.64015718062795,70.72942336173372,33878000
2020-06-09,72.00884246826172,72.78840250945899,71.52682627591334,71.66965065277674,33624000
2020-06-10,72.63468170166016,73.03486997129616,72.12192132758686,72.47648902737328,31762000
2020-06-11,69.52042388916016,71.98505464439063,69.34735477136469,71.46088343383067,47144000
2020-06-12,70.06690216064453,71.1375515555571,68.7220148203328,70.70859413359544,36676000
2020-06-15,70.4546890258789,70.66594045276953,68.79143400610754,68.90499734928308,30468000
2020-06-16,71.73065948486328,72.26127010805475,70.86382319490215,71.85611795259162,30648000
2020-06-17,72.03166198730469,72.51070444213754,71.168298968231,72.05150228105227,30610000
2020-06-18,71.11820220947266,72.05297348457265,70.72742718247635,71.89825402642742,34862000
2020-06-19,70.64808654785156,71.63294279747056,70.36839294216394,71.40978872108786,52784000
2020-06-22,71.93842315673828,71.95280774652628,70.37782758468947,70.66644253665869,29442000
2020-06-23,72.59896850585938,73.15537446068053,71.65775015871338,72.00487961496944,37752000
2020-06-24,71.04778289794922,73.18461692389582,70.91388742535021,72.56424844008514,31592000
2020-06-25,71.46434783935547,71.52484484122479,70.39518156341698,70.97439400933185,23958000
2020-06-26,67.56855010986328,71.26202286929771,67.19464153368672,71.04432444908078,97640000
2020-06-29,69.28583526611328,69.32699894568445,67.02849172021783,67.45943155758137,45074000
2020-06-30,70.3212890625,70.61635097847407,68.77804426486243,69.27147126590755,40286000
2020-07-01,71.50898742675781,71.8303366506113,70.12939074591128,70.37684962477725,42182000
2020-07-02,72.89402770996094,73.81591270905315,71.9587569455247,71.99694685942596,57218000
2020-07-06,74.36785125732422,74.88111101976311,73.24364363672055,73.79756767696199,44712000
2020-07-07,73.88533782958984,75.44246780197778,73.87442642573149,74.19329366469888,42364000
2020-07-08,74.56373596191406,74.93913520411024,74.0033649498385,74.42488417311117,31766000
2020-07-09,75.31055450439453,75.83026118715777,74.16651424532147,74.87763207288506,41836000
2020-07-10,76.31971740722656,76.43526327419461,74.42091366005153,75.04227347746796,35918000
2020-07-13,74.99169921875,78.17191203749789,74.71052246568456,76.86174141702182,42954000
2020-07-14,75.41966247558594,75.51586747193137,73.68748069578344,74.02767136950519,38108000
2020-07-15,75.22227478027344,76.18679883080314,74.27758345143984,75.5371693676003,31026000
2020-07-16,75.1250991821289,75.17419293783173,73.80351767649992,74.45959427860498,26484000
2020-07-17,75.2208023071289,75.54710778770762,74.29098718634621,75.22377608107477,34264000
2020-07-20,77.55103302001953,77.80741315385244,74.51909314973128,75.12904965194888,30166000
2020-07-21,77.15827941894531,78.70202356898034,76.99463106769095,78.60185355585298,27486000
2020-07-22,77.60113525390625,77.70676098682584,76.5289950954677,77.14788062235074,24482000
2020-07-23,75.2158432006836,77.87387489576915,74.81118295355448,77.65468582028785,33910000
2020-07-24,74.79234313964844,75.15038400386956,73.76979622867519,74.34504365729109,29902000
2020-07-27,75.84464263916016,76.24781222334954,74.9966555026243,75.0427754818971,27124000
2020-07-28,74.56620788574219,75.67503953138889,74.41098901045284,75.62495452502512,30910000
2020-07-29,75.55107879638672,76.03805134396887,74.53447933720477,74.6331662656274,22676000
2020-07-30,76.2879867553711,76.41295336384728,74.14568906688521,74.28454085408097,36042000
2020-07-31,73.78764343261719,74.63414743431856,72.10405616294213,74.2389154953102,91468000
2020-08-03,73.53026580810547,74.27262713004906,72.98278880477989,73.93889104491423,45482000
2020-08-04,73.0611572265625,74.0435393333621,72.6014556409733,73.72616272675874,37212000
2020-08-05,73.34828186035156,73.88931200767865,72.95800616932094,73.2357173222867,29134000
2020-08-06,74.63067626953125,74.6961371287166,72.99172582956919,73.20248543087422,33306000
2020-08-07,74.30438232421875,75.38147873345969,73.70433828894927,74.83350979435441,27718000
2020-08-10,74.22750854492188,74.73976942853685,73.26892434364396,73.92897345317232,20546000
2020-08-11,73.4201889038086,74.90293686647448,73.30365176800044,74.08766876140056,31098000
2020-08-12,74.7442398071289,74.96392829740739,73.64135561207259,73.74648949020883,22512000
2020-08-13,75.21087646484375,76.21855444545622,74.79233862250962,74.79233862250962,22388000
2020-08-14,74.61481475830078,75.36660452613891,74.33562050081562,75.06013175554337,21942000
2020-08-17,75.1905517578125,75.56446789757864,74.63316208489026,75.17716599131961,19990000
2020-08-18,77.15133666992188,77.23018328447318,75.45981951477373,75.68049166642054,28378000
2020-08-19,76.59741973876953,77.79998205796244,76.36880993674055,76.98818722838891,30472000
2020-08-20,78.16645050048828,78.36084298271476,76.09407832961335,76.36731743172305,26382000
2020-08-21,78.13273620605469,78.94154971294752,77.47516898620518,77.9457743659373,34838000
2020-08-24,78.60779571533203,79.77961377770578,78.10643870484078,78.97079281008861,25638000
2020-08-25,79.63432312011719,79.78457814472273,78.24728090400605,78.35737106631586,25150000
2020-08-26,81.53262329101562,81.96208008160359,79.39281538968537,79.65663374936909,52188000
2020-08-27,80.758544921875,81.72406055952304,80.27702050050969,81.6556259177035,31350000
2020-08-28,81.29955291748047,81.39476664406783,80.61422293122781,80.80564164230469,22418000
2020-08-31,80.8086166381836,81.5509780158824,80.60033897276564,81.50485803874443,26422000
2020-09-01,82.07564544677734,82.2809493495807,80.80862102170718,80.93904333000434,22652000
2020-09-02,85.16561126708984,85.59754248382305,82.32905460313435,82.71684835469105,49522000
2020-09-03,80.80762481689453,84.30323151911709,79.7265559132381,84.27942619556264,63726000
2020-09-04,78.41242218017578,81.07937516659749,76.26814209838817,79.79052798096303,55850000
2020-09-08,75.55553436279297,77.13993533300419,75.20344105449351,75.62496025313807,54032000
2020-09-09,76.72734832763672,77.29713244236171,75.63338552792708,76.81015997905173,39242000
2020-09-10,75.67703247070312,78.03801986805702,75.37701423670407,76.87364735396316,33024000
2020-09-11,75.16675567626953,76.30434911532208,74.03907481748664,75.78117674902929,30706000
2020-09-14,74.82307434082031,77.21183159026285,74.63860202176961,75.95471996742477,42660000
2020-09-15,76.1268081665039,76.91380642864527,75.48115117831345,75.76827546976736,23042000
2020-09-16,74.98474884033203,77.08141822427109,74.95995225886935,76.49179380537119,22128000
2020-09-17,73.74250030517578,74.31873885569544,72.52357866863409,73.68150390377677,40008000
2020-09-18,71.95975494384766,74.14718140405718,70.99423937213804,73.80500821832771,63056000
2020-09-21,70.92083740234375,71.41276613993426,69.55909124439718,70.99422831812555,56908000
2020-09-22,72.39266204833984,72.59846532850516,70.88909043332232,71.92155731932259,33950000
2020-09-23,69.891845703125,72.05844057241953,69.55910082477837,72.00934681768462,37726000
2020-09-24,70.55982971191406,71.3101288291566,69.53281825836872,69.55910551414044,34552000
2020-09-25,71.3631820678711,71.70435638288463,69.80704340057243,70.66842379721632,30326000
2020-09-28,72.33514404296875,73.04577000235808,71.72122247765688,72.9961844081179,30784000
2020-09-29,72.70013427734375,72.99667929784022,72.10405532889749,72.59549981591418,31816000
2020-09-30,72.67931365966797,73.70086941289681,72.19134985223658,72.44822189421207,40924000
2020-10-01,73.78515625,74.14072271292429,73.2347054658879,73.57489608176681,32884000
2020-10-02,72.18340301513672,73.34530108822473,71.77428589367447,72.38325120895068,31222000
2020-10-05,73.53375244140625,73.6264842512072,72.40607158601448,72.53302071478075,21602000
2020-10-06,71.9562759399414,73.61754082467756,71.6582402752025,73.17024140482556,26096000
2020-10-07,72.35895538330078,72.8464272920144,71.07407320039421,72.3673848593541,36108000
2020-10-08,73.56349182128906,73.79160219464296,72.67185917570478,72.67185917570478,26076000
2020-10-09,74.9034194946289,74.97284538187411,73.74053020813113,74.03112767666134,32966000
2020-10-12,77.58824157714844,78.76997250440193,75.8382019819431,76.26964137107312,55344000
2020-10-13,77.71121215820312,78.60830053326004,77.29267433018113,78.2041397278234,39072000
2020-10-14,77.53120422363281,78.54333914498373,76.66139427283109,78.08463641146828,33174000
2020-10-15,77.1359634399414,77.92593541611845,76.42484564784411,76.59195961535212,31210000
2020-10-16,77.74246215820312,78.23885538819876,77.24457825784714,77.45136526093125,34194000
2020-10-19,75.87042999267578,78.5473107543964,75.52181743296583,78.15058813294185,29734000
2020-10-20,76.91826629638672,78.04693823643615,75.40180065658136,75.53123169395428,41670000
2020-10-21,78.64946746826172,80.0950243200402,77.71469603177026,77.84908337715488,60322000
2020-10-22,79.67449188232422,80.00971867518831,78.22745200812956,78.6003693037984,30512000
2020-10-23,80.97969818115234,81.03623014633379,79.93482916601648,80.0905474515832,30548000
2020-10-26,78.5651626586914,80.81109596389342,77.7464289699495,80.08807542144447,35826000
2020-10-27,79.28868103027344,79.44340050716269,78.20315519687098,78.79526157270044,25902000
2020-10-28,74.92078399658203,77.05365336346415,74.80573753596516,76.86521597799047,45174000
2020-10-29,77.20590209960938,78.78583875857211,75.20592931015136,75.22923522407544,55406000
2020-10-30,80.14311218261719,83.37689063114517,79.42207419697557,82.68857929063469,99878000
2020-11-02,80.55026245117188,82.23235921213355,80.050388434645,80.51158068776404,44228000
2020-11-03,81.60850524902344,82.27003752125272,79.94475820536469,80.86961702118651,31432000
2020-11-04,86.57695007324219,87.77603930665698,84.45201073795255,84.57995112111725,71342000
2020-11-05,87.4026107788086,88.85659689104831,86.33790903274921,87.79685143429904,39758000
2020-11-06,87.2652587890625,87.70016376285554,86.12220215146095,86.8491952834686,28622000
2020-11-09,87.34906005859375,90.09982356156625,87.15714949334874,89.06289964750782,53440000
2020-11-10,86.17377471923828,87.24789727172411,85.10262594054147,85.77953403684037,43022000
2020-11-11,86.6453857421875,87.42245635168302,86.43859116132685,86.70340081963118,31838000
2020-11-12,86.42668914794922,87.52560837715443,86.18617665930869,86.38602486876236,26474000
2020-11-13,87.88661193847656,88.12811565464587,86.08748643492731,86.68355780156224,29744000
2020-11-16,87.97439575195312,88.98157439814365,87.34459885703573,87.48395005570929,25468000
2020-11-17,87.3609619140625,88.12861930166262,87.25335367641775,87.66841834553581,21314000
2020-11-18,86.31857299804688,87.52659102492422,86.21592105216274,87.11201820971709,20108000
2020-11-19,87.20771789550781,87.45170353015472,85.79192171108251,85.95110561494266,20106000
2020-11-20,86.1073226928711,87.69321431232694,86.03888806138033,87.37782025271105,27694000
2020-11-23,85.6699447631836,86.58389223770376,84.80807238631498,86.29775917426349,22530000
2020-11-24,87.47203826904297,87.59997863727754,85.33123148878767,85.66695766916568,27984000
2020-11-25,87.48345184326172,87.79339022162621,86.70141738515697,87.66594925071765,19600000
2020-11-27,88.61857604980469,89.1139856384809,87.50378908073866,87.50378908073866,14790000
2020-11-30,87.00093078613281,88.28729593403301,86.67561660708266,88.05472111529265,32418000
2020-12-01,89.03215026855469,90.33934712767135,87.42890021723332,87.60891569180329,37350000
2020-12-02,90.50051879882812,90.8858381988271,88.52683325898421,89.03215541544569,29424000
2020-12-03,90.34529876708984,91.4357808641382,90.10527814356266,90.28082916707561,24728000
2020-12-04,90.44050598144531,90.72514832522789,89.93616760104676,90.26495497057907,20544000
2020-12-07,90.10676574707031,90.7147397818171,89.41299871935603,90.03336726128934,22288000
2020-12-08,89.8240966796875,90.05419714492693,88.82981962250061,89.68475306209454,19936000
2020-12-09,88.1643295288086,90.6691326799551,87.3778305860458,89.77600917876947,31728000
2020-12-10,87.65799713134766,88.02198549439066,85.96598054461326,87.40756454162828,28688000
2020-12-11,88.0125732421875,88.13704799737961,86.91861796512762,87.27864133152798,18628000
2020-12-14,86.89481353759766,88.75642621466821,86.7395946512999,87.81025159464944,33050000
2020-12-15,87.33219909667969,87.47699842212751,86.36965738505812,87.27169452904377,21352000
2020-12-16,87.13928985595703,87.7304049543823,86.73612785383081,87.7304049543823,24676000
2020-12-17,86.31212615966797,87.61139288477847,85.84796774736196,87.4735323654879,34880000
2020-12-18,85.6034927368164,86.70142073048683,85.04709430471526,86.59282122418996,85256000
2020-12-21,86.01707458496094,86.13807616732389,84.00569852253668,84.75599762207898,33974000
2020-12-22,85.30594635009766,85.9203673555766,84.58986465657318,85.75771025470374,20370000
2020-12-23,85.70317077636719,86.49066096594188,85.35455062268282,85.4899367962746,22974000
2020-12-24,85.99723815917969,86.40635530459163,85.51075748898015,85.74134982606715,9312000
2020-12-28,87.97090911865234,88.61756486730043,86.37708759430448,86.5303163813266,27650000
2020-12-29,87.16756439208984,88.69047715763739,87.03615082463631,88.62898889546618,19726000
2020-12-30,86.10087585449219,87.66346156450165,85.69175873529313,87.52659230132683,21026000
2020-12-31,86.9136734008789,87.15467774663676,86.09294955931111,86.15147161928257,21070000
2021-01-04,85.59902954101562,87.402120207572,84.65731177627322,87.27864427300177,37324000
2021-01-05,86.28933715820312,86.62555526544078,85.1413240517807,85.54746747418912,20360000
2021-01-06,85.43785858154297,86.48371900443895,84.10983770465201,84.31613287098162,46588000
2021-01-07,87.98977661132812,88.16234631256152,85.63027223492269,85.63027223492269,41936000
2021-01-08,89.15463256835938,89.23050541250267,87.3391324437346,88.12960383731487,35484000
2021-01-11,87.09465789794922,88.48764764784643,86.88886216525205,88.1226604372479,34796000
2021-01-12,86.15938568115234,87.67039562957231,85.11551546654566,86.55263508531978,29528000
2021-01-13,86.64637756347656,87.09963218216294,85.65804035537805,85.65804035537805,23432000
2021-01-14,85.83656311035156,87.65305472805,85.59605062771794,86.72670521887984,29212000
2021-01-15,85.67290496826172,86.66470765909816,84.88393179958005,85.74233085394611,31444000
2021-01-19,88.49211120605469,89.45267036457545,85.93127591068698,86.43560673566675,41660000
2021-01-20,93.2329330444336,94.20737744445935,90.2297543947526,90.56993747642771,64152000
2021-01-21,93.43524932861328,95.81210413081008,93.20019257350067,93.90636166357693,58634000
2021-01-22,93.85232543945312,94.43897620300093,93.0559062993356,93.79777597596957,32744000
2021-01-25,93.93761444091797,95.30333347739115,92.19601186082777,94.8530526111603,50586000
2021-01-26,94.6155014038086,95.00230386878823,93.03754741432294,93.5265024141675,31462000
2021-01-27,90.20147705078125,93.25275793882243,89.12735456548495,92.97703691453077,82512000
2021-01-28,91.90044403076172,93.62567923928557,90.79954240185926,90.79954240185926,55278000
2021-01-29,90.6190414428711,91.61977320852743,89.33962239135802,90.94931198226257,44530000
2021-02-01,93.87760925292969,94.99189672698161,91.47347570612914,91.47347570612914,40252000
2021-02-02,95.16942596435547,96.6695245972113,94.53714717102395,94.87238152496506,66332000
2021-02-03,102.10014343261719,104.4675776467,99.85222011919001,102.43388711910048,97882000
2021-02-04,101.83980560302734,102.61687621970769,100.92089428767255,102.18643566787544,48596000
2021-02-05,103.58535766601562,103.93794279316154,101.65977493755003,102.13385347188657,29866000
2021-02-08,103.37162780761719,104.88313720480986,102.32181002045341,104.13928516789632,28828000
2021-02-09,102.91888427734375,104.06540659089865,102.6515926888036,102.88962324878285,21892000
2021-02-10,103.46881866455078,104.08373904046066,101.77085450098349,103.30318780122352,25102000
2021-02-11,103.58140563964844,103.84175084970272,102.59505853519615,103.69298648216022,20480000
2021-02-12,103.892822265625,104.11448568687386,102.8286123513811,103.13607633020287,18990000
2021-02-16,104.66991424560547,106.37779882279371,103.73017895489284,103.73017895489284,31004000
2021-02-17,105.06266021728516,105.2520964251539,103.56157027886391,103.84075695054456,20294000
2021-02-18,104.42741394042969,105.2297881295189,103.80852842248879,104.38724907315866,22546000
2021-02-19,103.5843734741211,105.06067434938426,103.31758131898079,104.52559936877174,37938000
2021-02-22,101.87102508544922,103.16384476891504,101.56059490562103,101.83829844248135,29466000
2021-02-23,102.16162109375,102.77555020656679,98.69576750003357,99.874032566136,34658000
2021-02-24,103.33642578125,103.56007930549984,100.54549736259403,100.66996455548863,22608000
2021-02-25,99.97123718261719,103.29625677290161,99.50211491084727,101.95385140255122,41548000
2021-02-26,100.26679229736328,101.98310623375514,99.23036023728218,100.66549742752122,40042000
2021-03-01,102.63471984863281,102.96052588335621,100.88716247321571,101.56059734973552,26060000
2021-03-02,102.37785339355469,103.87845154552576,101.99055905326092,102.39570360453789,25564000
2021-03-03,99.74610900878906,102.94863663130721,98.88273841636625,101.7564937545508,33892000
2021-03-04,100.86286163330078,102.87919359108754,99.44953981946315,99.91767079492536,49216000
2021-03-05,103.99398040771484,104.44673553668079,100.55787967387943,102.21270519405323,53100000
2021-03-08,99.55219268798828,104.82064494342981,99.43763808766263,103.3488162024733,36868000
2021-03-09,101.1817398071289,102.35008494397798,100.94569176049765,101.64739650665258,33920000
2021-03-10,100.97494506835938,102.2251105144304,100.13885303854282,102.2251105144304,27100000
2021-03-11,104.16606140136719,104.69816257525414,101.97963406928115,102.06740957578127,27702000
2021-03-12,101.65978240966797,103.02896690019689,100.78798996708696,102.96946115627736,33818000
2021-03-15,101.87996673583984,101.90723768058707,100.5583928421277,101.41084443797796,26168000
2021-03-16,103.34038543701172,104.81766986114388,102.12046484256636,102.45271782379997,31900000
2021-03-17,103.25758361816406,104.08970309819375,101.36820045374888,102.57571917832706,26382000
2021-03-18,100.23853302001953,102.58960018110442,100.13141662467372,101.56952763068206,31700000
2021-03-19,100.51721954345703,101.01708592464301,99.32556866080017,100.65458821260705,46072000
2021-03-22,100.70220184326172,101.57746751441745,99.87453925617409,100.55045613544077,33536000
2021-03-23,101.22984313964844,102.35950652224362,100.56881023451596,101.16140850104202,28510000
2021-03-24,100.79344940185547,102.53256990725708,100.61839021612809,101.74706227764077,25218000
2021-03-25,100.78997802734375,101.44357268903416,98.98638031979517,100.62087395330168,35616000
2021-03-26,100.40664672851562,101.1336323017579,99.37119832005897,100.75674996559889,27978000
2021-03-29,101.45099639892578,101.62059986113842,99.45053211267248,100.27918584473142,26492000
2021-03-30,101.48473358154297,102.28809141391507,100.97296449597272,101.80756587150155,27312000
2021-03-31,102.28064727783203,103.45792116829037,101.51100739464236,101.87797712697532,42570000
2021-04-01,105.61608123779297,105.91213441854954,103.71430370630291,103.7549679821722,39880000
2021-04-05,110.03853607177734,110.5359281464989,106.38126321505356,106.47746820855774,48510000
2021-04-06,109.5574951171875,110.48681826907224,109.1870597884368,109.63981491989364,35240000
2021-04-07,111.0338134765625,111.30507009532337,109.74793996872023,109.74793996872023,24134000
2021-04-08,111.59913635253906,112.658382510487,111.23117534122576,112.27207187647824,28664000
2021-04-09,112.60284423828125,112.76649260885407,110.94603596033518,111.35168748380296,26146000
2021-04-12,111.31101989746094,111.91948581429651,110.47790163265579,111.78212470167257,25024000
2021-04-13,111.79749298095703,112.24579128521644,111.23315696050524,111.6269058095295,25682000
2021-04-14,111.17662811279297,112.44216945631923,110.88454751475824,112.44216945631923,21002000
2021-04-15,113.32585906982422,113.8589591031954,111.63583238423234,112.1704155210859,29174000
2021-04-16,113.20188903808594,113.77168077567667,112.61523834787371,113.52373007572085,26282000
2021-04-19,113.54952239990234,114.26014846814734,112.57855111316749,112.57855111316749,30290000
2021-04-20,113.01641082763672,114.00771408699651,111.93088510376728,113.93283250100332,22288000
2021-04-21,112.98368835449219,113.06550874851278,111.32092512104474,112.67126807997798,23204000
2021-04-22,111.70277404785156,113.50587220316932,111.09777377545008,112.837393589657,24146000
2021-04-23,114.05384063720703,114.36080521624167,112.13569603609702,112.4208378072845,29066000
2021-04-26,114.54974365234375,115.27376298428891,113.92441123580916,114.28146082870616,32038000
2021-04-27,113.61001586914062,114.97225396912138,113.37098650498807,114.93158969348886,44386000
2021-04-28,116.98512268066406,120.57247005777245,116.69650771409113,118.6444052488308,81106000
2021-04-29,118.65730285644531,119.22263014493893,117.71955010871437,118.48225123764739,41234000
2021-04-30,116.71039581298828,118.1162720240264,116.36624012534263,117.43044257709242,44856000
2021-05-03,116.19366455078125,118.10139729687744,115.81777346888248,117.2762166409626,28242000
2021-05-04,114.39602661132812,115.29658074496845,111.90908129254251,114.72927091275335,44818000
2021-05-05,114.78976440429688,115.79297039823858,114.46792338467594,115.47708449305684,26636000
2021-05-06,115.90950775146484,115.90950775146484,113.71216888819075,114.371219210084,25190000
2021-05-07,116.63253784179688,117.59062276334002,116.34640478417988,117.22564307589363,28898000
2021-05-10,113.64820098876953,115.59461543086714,113.29065197517465,115.45278230823058,30914000
2021-05-11,112.57258605957031,113.07939883944981,110.78039927471382,111.23415327092532,34186000
2021-05-12,109.11070251464844,111.47764498191353,108.78192267103177,110.39707540750636,46376000
2021-05-13,110.53839874267578,111.05413282086089,109.43154201842614,110.39359185483993,33204000
2021-05-14,112.98516845703125,113.2995712389846,111.5778017225358,112.00130340485505,31996000
2021-05-17,113.50785827636719,113.55050506879931,111.85105006420112,112.25074645700623,21598000
2021-05-18,112.19619750976562,114.43817329757108,112.18231233154226,114.17385549892235,22204000
2021-05-19,112.64400482177734,112.81707393353265,110.35988904981882,110.50816157713805,23684000
2021-05-20,114.40196990966797,114.65239495545593,113.24007185238473,113.61100662106799,32352000
2021-05-21,113.76622772216797,114.99408615470026,113.52670649294609,114.92068766087792,40632000
2021-05-24,117.08430480957031,117.30795076933327,114.65041840397706,114.79571714938808,31832000
2021-05-25,117.175048828125,118.22288412982375,116.78477317689254,117.62780399643341,22440000
2021-05-26,118.03990936279297,118.47034990255696,117.35308107918044,117.3560548531477,21572000
2021-05-27,117.16564178466797,118.47333058734263,116.84727391393845,118.47333058734263,35224000
2021-05-28,116.87651062011719,117.82963157956378,116.67815310319966,117.7478111847202,21482000
2021-06-01,118.08305358886719,118.30769838712813,116.74907754551573,117.74881802621616,23354000
2021-06-02,117.5578842163086,118.70093322748687,116.65384943203411,118.47827097273424,21158000
2021-06-03,116.41680908203125,116.88494008609811,115.52121134855334,116.3250685412931,18696000
2021-06-04,118.69745635986328,118.96822109902912,117.15222909034824,117.49241971560096,24458000
2021-06-07,119.13038635253906,119.2399846738455,118.07412155900927,118.49265941789501,24120000
2021-06-08,118.93897247314453,119.98433347180782,118.75747389251524,119.61191557625074,24240000
2021-06-09,119.41008758544922,119.65505695022746,118.86261049023591,119.58315669372153,17942000
2021-06-10,120.75843048095703,120.801576684723,119.20378241102719,119.35949314078805,25904000
2021-06-11,120.51396179199219,121.08523664008776,119.95656455587336,120.999943051101,21958000
2021-06-14,121.4417953491211,121.44228719469659,119.90896239653654,120.61611526440987,22098000
2021-06-15,120.4241943359375,121.76907406138305,120.06367156009478,121.44624178709292,21562000
2021-06-16,119.7824935913086,120.88686840654948,118.49067266185558,120.5754393849675,26472000
2021-06-17,120.74554443359375,121.51815815207105,119.51223788888802,119.70812106140869,25842000
2021-06-18,119.12641906738281,120.60618554839238,119.03120533837755,120.37212004101573,46116000
2021-06-21,120.81397247314453,120.99993548875224,118.91566055698493,119.51273077628596,27414000
2021-06-22,121.32772827148438,121.39666231815684,120.07161525109758,120.75198899495656,22390000
2021-06-23,121.12589263916016,122.08645184131146,120.83579457394919,121.09266658134959,19148000
2021-06-24,121.4958267211914,122.04676934961249,121.29746921451058,121.69418422787221,21362000
2021-06-25,121.50426483154297,121.62774832820787,120.5685022175003,120.99993398696205,34594000
2021-06-28,121.53154754638672,121.77850698140655,120.4103137257864,121.67287369057478,28526000
2021-06-29,121.27020263671875,122.0125716067318,120.69347211365788,121.66494274006068,23108000
2021-06-30,121.08870697021484,121.25483726670456,120.35973131531956,120.99448449461066,24474000
2021-07-01,121.4407958984375,121.58212203987887,120.53527798763021,120.72718855138434,18110000
2021-07-02,124.2307357788086,124.37603452212761,122.05075521661516,122.14051324667714,25982000
2021-07-06,125.15558624267578,125.39163425827388,123.56125763749851,124.61852120164065,26404000
2021-07-07,125.43727111816406,126.24062899525266,125.11890325477182,126.11963498147594,24060000
2021-07-08,124.01897430419922,124.56595191385976,123.00535637400418,123.00932140551045,23790000
2021-07-09,124.48959350585938,124.70381872081973,123.53051741103474,124.00013909575392,18632000
2021-07-12,125.93464660644531,126.02787781640319,124.58132987577834,125.14368334235166,17668000
2021-07-13,126.29764556884766,127.00777214039663,125.63611333534345,125.99712795199184,19240000
2021-07-14,127.18580627441406,128.26638333995623,126.86594777508958,126.90909397847128,23742000
2021-07-15,125.96391296386719,127.64501842152565,125.49280814322165,127.59444156322091,24218000
2021-07-16,125.92919921875,126.7638005858177,125.11939443436253,126.61651932695658,20424000
2021-07-19,123.55679321289062,125.17045503188194,122.49258334163494,125.05590043371399,27968000
2021-07-20,125.17493438720703,126.00159811872851,123.33117189440424,124.49851812065599,26312000
2021-07-21,126.50345611572266,126.55006794062126,124.99045595333612,125.09955486427575,20746000
2021-07-22,127.3687973022461,127.42980128632463,126.45386617760096,126.7960393554764,14302000
2021-07-23,131.92465209960938,132.30550704776215,128.73650906326645,129.36133455179797,41506000
2021-07-26,132.93629455566406,133.13663460885186,131.2169991619108,132.2355886482273,30572000
2021-07-27,130.81878662109375,133.29730999351878,129.03751867433039,133.15002872677817,54710000
2021-07-28,134.97840881347656,137.16335335815197,134.16860398036314,135.1946241311871,95130000
2021-07-29,134.66448974609375,135.54074659888502,134.43191491467985,135.03393383670254,31716000
2021-07-30,133.62210083007812,134.19536566595704,133.1544692717714,133.92807412606015,25576000
2021-08-02,133.7490692138672,134.22711280471987,132.6972613245468,134.00941440487134,21634000
2021-08-03,134.51821899414062,134.61937271017896,132.22665752851483,134.02726631580427,20762000
2021-08-04,134.01785278320312,134.53755950866824,133.38458270000555,134.24001564188015,19676000
2021-08-05,135.1345977783203,135.2323009960872,133.74061681615711,134.56827929751879,17870000
2021-08-06,134.62579345703125,135.35378528959424,134.10163752154108,134.92681801926122,20488000
2021-08-09,135.79067993164062,136.05946972764093,134.23007678129167,134.8281458060164,17760000
2021-08-10,135.68557739257812,136.64316290986423,135.2466997947702,136.21618040832792,19414000
2021-08-11,135.16189575195312,136.55387918721985,135.15444996704406,136.05699411421284,15352000
2021-08-12,136.06936645507812,136.17450031551854,134.3153698486229,134.86084917289443,16506000
2021-08-13,136.5985107421875,136.72646625528014,135.90971509193332,136.12493157350525,15948000
2021-08-16,137.17572021484375,137.22829471350076,134.18990032795978,136.39765092887563,22384000
2021-08-17,135.54124450683594,137.1320999211298,134.96649653381414,136.62082272063034,21716000
2021-08-18,134.3386993408203,135.98063113741676,134.21224206544025,135.38107897385382,19258000
2021-08-19,134.56781005859375,135.23479811345257,133.1495391773479,133.33351970472108,21782000
2021-08-20,136.30296325683594,136.42643919078785,134.1413247592316,134.8851768373789,31194000
2021-08-23,138.8935546875,139.71971902868404,136.47950099945666,136.83853312618544,28454000
2021-08-24,140.10354614257812,140.9153334065435,139.1881081082897,139.45886528917006,19268000
2021-08-25,140.9143524169922,141.02395074867366,140.21712723901703,140.46407912749783,15848000
2021-08-26,140.28109741210938,141.2500786299819,140.19827061437374,140.58805446280763,20610000
2021-08-27,142.8235626220703,143.3278934785733,140.3371093469741,140.49133697664018,28780000
2021-08-30,143.40525817871094,144.77395084299167,142.98125704674328,143.2163138187646,24434000
2021-08-31,143.51136779785156,143.98148131585134,143.0982932268432,143.9571917138558,22448000
2021-09-01,144.02513122558594,145.05511631686906,143.69585198821633,143.8113978553602,21936000
2021-09-02,142.11245727539062,144.32665531830855,142.0112884210009,144.02564581736442,32342000
2021-09-03,142.5612335205078,142.9733244158988,141.23320515681903,141.90763889729274,19850000
2021-09-07,143.09780883789062,143.37997686078998,142.44173224208836,142.65546562838,20124000
2021-09-08,142.51312255859375,143.216310341674,141.8277925519912,142.91878162510545,18344000
2021-09-09,142.36436462402344,143.12755759724692,142.0038493948319,142.66140907531098,15314000
2021-09-10,139.72122192382812,143.5322230716602,139.5843526495749,143.03035897692502,36840000
2021-09-13,141.16580200195312,141.77823307841425,140.09217103779918,140.78593068510398,22094000
2021-09-14,141.3760223388672,142.18782475783476,140.5880403778888,141.82332937621524,19674000
2021-09-15,143.24557495117188,143.2663989340108,140.18883824930154,141.60116132377672,27408000
2021-09-16,142.4328155517578,143.1171619764454,141.23422561732042,142.77052431927007,26190000
2021-09-17,139.6458282470703,142.27409944382737,139.31853152816512,141.8580435231661,53384000
2021-09-20,137.58238220214844,137.86058517975945,135.20454353336754,137.02895758765368,46518000
2021-09-21,137.893310546875,138.86378985932566,137.14449465996216,138.60392895402697,25332000
2021-09-22,139.133544921875,139.73209820488628,137.41574800022835,138.16208194134197,25056000
2021-09-23,140.0584259033203,140.534986416547,139.25060362210317,139.83179860304818,20952000
2021-09-24,141.04925537109375,141.16381757298157,139.09143728208156,139.38649927021982,22984000
2021-09-27,139.9156036376953,140.77500156753678,138.91933644415815,139.65029458618613,21882000
2021-09-28,134.71658325195312,137.95630206318702,134.25043470064762,137.5184232831249,45772000
2021-09-29,133.25218200683594,136.02675103167505,132.76769140885952,135.85714754159193,30848000
2021-09-30,132.5802459716797,134.4314470241195,132.46123446054617,133.16095676837548,37996000
2021-10-01,135.4237060546875,135.78820139147504,132.9739523429522,133.34537891761596,35360000
2021-10-04,132.56385803222656,134.845991044881,129.97575169598792,134.845991044881,51202000
2021-10-05,134.90798950195312,136.09964809191845,132.94224164734214,132.94224164734214,32404000
2021-10-06,136.43734741210938,136.62082849904496,133.44706273306846,133.64542025587158,24364000
2021-10-07,138.08377075195312,138.8940750879119,137.51447077791175,137.753492623571,25110000
2021-10-08,138.6396484375,139.1806633910254,138.07629612988345,138.4328463076523,26526000
2021-10-11,137.77529907226562,139.55856466782143,137.72074204736637,138.15020647249565,17954000
2021-10-12,135.33047485351562,138.36340580085997,134.64711234520846,138.33661914069603,36332000
2021-10-13,136.45420837402344,136.86878120226152,135.39991852664056,136.27617541967604,19654000
2021-10-14,139.99395751953125,140.17892171906655,137.68702021920703,138.33070229242213,31894000
2021-10-15,140.2091827392578,140.55631979319722,139.60121618297967,140.45366783413928,30274000
2021-10-18,141.6076202392578,141.62547801674657,139.91312902751054,139.92007540027947,20396000
2021-10-19,142.06285095214844,142.4848695628123,141.43107913400408,142.21211472454237,20164000
2021-10-20,140.6068878173828,142.36932937667234,140.21760340386373,142.16302664662172,23288000
2021-10-21,140.72293090820312,140.99072189641535,139.3482906803263,140.6068856243596,26292000
2021-10-22,136.43882751464844,139.4305952313603,134.94071143427604,138.00934325689758,50588000
2021-10-25,136.32032775878906,136.8687885412158,134.313900493147,136.42248030097556,34412000
2021-10-26,138.16653442382812,138.9346759715938,137.17076679453788,138.12190512295612,49236000
2021-10-27,145.01890563964844,147.43146079079884,138.26224995262072,138.26224995262072,85782000
2021-10-28,144.65342712402344,145.95170251359744,143.4414441362277,145.92839660361173,36206000
2021-10-29,146.8324432373047,147.026835739547,143.46378537419665,143.88877021249704,43320000
2021-11-01,142.3207244873047,146.8324466906108,142.05145038269242,146.8324466906108,46924000
2021-11-02,144.2403564453125,145.4072108702752,143.15234864828975,143.3943518013393,33482000
2021-11-03,145.39630126953125,145.46671841466951,143.40574947129778,144.7045091916116,27494000
2021-11-04,147.0521240234375,148.5061103237096,145.10868328164617,145.918488091667,38412000
2021-11-05,147.63185119628906,149.0952508155655,146.98222150325446,147.9467383281665,38354000
2021-11-08,147.80935668945312,149.38037183168208,147.21376959274264,148.59683920952253,23052000
2021-11-09,147.69778442382812,148.60627612949312,146.03799485146035,148.00970530712945,19530000
2021-11-10,144.6975555419922,146.8562275981602,143.35268347985377,146.2908928159798,29970000
2021-11-11,144.57162475585938,146.32613634452161,144.40698511974696,145.28870535866426,16518000
2021-11-12,147.459228515625,147.62983079980015,144.21901094660146,145.4136355459288,22360000
2021-11-15,147.23509216308594,148.32359927216987,146.36528227383033,147.67991725355816,23508000
2021-11-16,146.66383361816406,147.5430567260628,146.10494573454355,146.93509022325514,18904000
2021-11-17,146.83340454101562,147.34170037420662,146.033028153426,146.8140636628539,19594000
2021-11-18,148.6102294921875,149.3461514524102,146.67225222682112,147.026320462845,35608000
2021-11-19,147.70571899414062,149.7290051929881,147.67844804906963,148.7461161421964,33682000
2021-11-22,145.10272216796875,148.6013025990791,144.94949337082977,148.10838258410493,30594000
2021-11-23,144.58697509765625,145.45778377770264,142.93364778882065,144.9549360689054,27218000
2021-11-24,144.92222595214844,145.05066575153023,143.18955232530504,144.28102578011982,18040000
2021-11-26,141.01747131347656,143.37250313576732,140.67976264069813,143.16521675032945,30470000
2021-11-29,144.33755493164062,145.0982659592094,142.7139652055701,142.81959849591408,32596000
2021-11-30,140.73434448242188,144.80320881089577,140.44076564760365,143.81983548713401,42068000
2021-12-01,139.895263671875,144.75410739029755,139.75691130496085,142.8195956469263,34020000
2021-12-02,141.7940673828125,142.68520065080236,139.06511173639353,140.09213056944827,29194000
2021-12-03,140.83750915527344,143.21634719880555,139.15094766887884,142.5032466528909,41230000
2021-12-06,141.98153686523438,142.67331391025607,139.00116443543868,141.86797350092726,30618000
2021-12-07,146.06228637695312,146.32164786424076,144.03701790710437,144.40299636708085,32240000
2021-12-08,146.9717559814453,147.17657557723103,145.205864201199,146.3865960515908,24270000
2021-12-09,146.4282684326172,147.87779015183264,145.90906116663706,146.38115719853195,23270000
2021-12-10,146.78829956054688,147.75629704872722,145.5014348041652,147.4810753999608,24458000
2021-12-13,144.63113403320312,146.75705697342113,144.32466128723686,146.5700951293805,27070000
2021-12-14,142.7273406982422,143.29564167577516,140.05740665054037,142.78784526013442,38446000
2021-12-15,145.24058532714844,145.51828889506476,140.51662819810505,142.2334415962049,36370000
2021-12-16,143.26097106933594,146.4664725789084,142.42982768319294,145.96412418925743,33650000
2021-12-17,140.56324768066406,142.65545262972856,140.1417284945182,141.33188874138816,50416000
2021-12-20,140.4462127685547,140.61235063263806,138.17895606354023,138.85239100741393,27192000
2021-12-21,142.29641723632812,142.68966664568237,139.35076199155114,140.88904290220043,28756000
2021-12-22,145.2147979736328,145.2991078691126,141.89474965551238,141.89474965551238,26322000
2021-12-23,145.71218872070312,147.028306818594,145.25148836497797,145.29909901208103,26384000
2021-12-27,146.69407653808594,147.1279902675561,145.96311835123439,146.04891135250273,15976000
2021-12-28,145.48458862304688,147.08337441512606,144.85728115771545,147.02088732134416,18200000
2021-12-29,145.45281982421875,146.2085820571264,144.45358650051998,145.44240783326498,17788000
2021-12-30,145.00205993652344,146.09254961389885,144.79775486353165,145.49151435657527,15688000
2021-12-31,143.66461181640625,145.49597213944008,143.66461181640625,144.85278953169095,18136000
2022-01-03,143.802978515625,144.65543012836076,142.53495522830957,143.86594988262885,28646000
2022-01-04,143.2158203125,145.28421989053714,142.5384203965496,144.20414226489285,28400000
2022-01-05,136.64564514160156,143.3150266095695,136.55936784960983,143.23617997015938,54618000
2022-01-06,136.6183624267578,138.7928950463076,135.43911342349688,135.87550910453731,37348000
2022-01-07,135.89382934570312,137.31359818480337,134.65357655381717,137.01307300645394,29760000
2022-01-10,137.53277587890625,137.68155536055949,132.07291243739996,133.97072480010584,44408000
2022-01-11,138.59056091308594,139.06663719581033,135.5720211712193,136.87574497844983,28730000
2022-01-12,140.27114868164062,141.4390018146242,139.54118939726052,139.9929457226333,26108000
2022-01-13,137.4509735107422,141.67902912526233,137.27442366179454,140.37975480829834,31436000
2022-01-14,138.33714294433594,139.5883072001904,135.87549384235362,135.9553241572003,29662000
2022-01-18,134.88319396972656,136.00740156008052,134.32828625328975,135.05874499682633,34872000
2022-01-19,134.00892639160156,136.82862410530518,133.90875636510398,135.40439065709728,28648000
2022-01-20,132.21473693847656,136.49784887181025,131.8745463034307,135.1331212999803,29908000
2022-01-21,129.28297424316406,133.75996411235568,129.02014712662628,131.506600309101,55652000
2022-01-24,129.7317657470703,130.12749709636913,123.47944046052136,124.94532175448224,76622000
2022-01-25,125.89447784423828,128.3382842647663,125.46354548795776,127.68468965184117,46960000
2022-01-26,128.1736297607422,131.9097485375021,126.09976709115335,130.04417107706672,49130000
2022-01-27,127.947509765625,131.56510157140477,127.87559438564548,130.2276601350221,31950000
2022-01-28,132.25787353515625,132.2633368035548,127.43176448871137,128.59613680815025,34362000
2022-01-31,134.19439697265625,134.3625173657848,131.1257647038749,133.06225920242,39986000
2022-02-01,136.51568603515625,136.66346669345492,133.2670388818161,136.466592286511,68644000
2022-02-02,146.7868194580078,150.3042417927189,144.32963459516995,150.01017866907893,123200000
2022-02-03,141.9170684814453,148.4480970136978,141.49604864905484,144.5111378369467,71518000
2022-02-04,142.11837768554688,143.68741021845733,139.36315001999446,142.26864026795846,57998000
2022-02-07,138.0599365234375,143.06754453763955,137.76139385139092,143.06754453763955,54974000
2022-02-08,138.25631713867188,138.8523885484705,135.8908729676065,137.8868730262489,54284000
2022-02-09,140.43130493164062,141.3561711201522,139.03782352988043,139.80796270595044,40144000
2022-02-10,137.4836883544922,140.3247091861647,136.8261287196153,138.55831786227063,39330000
2022-02-11,133.18174743652344,138.01578678020195,132.30647428852177,137.46386044180338,39958000
2022-02-14,134.41506958007812,135.1827270188193,132.16417235989616,132.16417235989616,34302000
2022-02-15,135.48870849609375,136.97641281123626,134.70815708961888,136.4428132990332,26680000
2022-02-16,136.60891723632812,136.95405656109108,133.81797410147496,135.52635776433524,25022000
2022-02-17,131.4525604248047,135.98955606011734,131.3925552622797,135.12619300415574,38950000
2022-02-18,129.3340606689453,132.97100892915242,129.12925617493363,132.37293985364457,45620000
2022-02-22,128.74940490722656,131.09699145275212,127.17242689104972,128.77369451228557,44990000
2022-02-23,126.54212951660156,130.9685427450542,126.48212435927555,130.56934576146136,32786000
2022-02-24,131.60328674316406,131.9097594685947,123.9292178705829,123.9292178705829,54456000
2022-02-25,133.35731506347656,134.16265544616002,130.67150526556998,132.4572527893111,36406000
2022-02-28,133.9499053955078,134.6387009971114,131.5055996259116,131.95935360321266,38864000
2022-03-01,132.96255493164062,135.13857036774974,132.12647806196426,133.77285909543676,26496000
2022-03-02,133.46839904785156,134.15372912259033,131.9806947822643,133.52443917740345,23520000
2022-03-03,132.8018798828125,135.32105186734134,131.9350362852021,134.8950682854782,24604000
2022-03-04,130.8252410888672,132.75430495921202,129.26910212432648,131.83788309122372,30430000
2022-03-07,125.34254455566406,130.6551346655655,125.25972533418172,130.41016532100002,45112000
2022-03-08,126.0625991821289,130.1741178832379,124.64432087127925,125.21510386863837,40428000
2022-03-09,132.32632446289062,132.63924417090806,128.83567386884616,130.1741142565606,37026000
2022-03-10,131.34396362304688,132.17955633727135,129.83940035172492,130.19000303239358,27102000
2022-03-11,128.805908203125,132.69873673623212,128.56886893727994,132.39424653455924,31526000
2022-03-14,124.9185562133789,129.34001346575886,124.2481025769408,129.18232020379136,38812000
2022-03-15,128.13894653320312,128.79007444618782,124.68995111051669,125.93516041311607,30920000
2022-03-16,132.18798828125,132.24004824775446,127.6792471066061,129.66136979641874,35576000
2022-03-17,132.74188232421875,132.9814035170428,131.1014338034284,132.05753605900716,28264000
2022-03-18,135.00967407226562,135.12720247803944,131.1743677603362,132.33081034689366,44566000
2022-03-21,134.98583984375,135.92656630102422,132.99330550843302,135.04732810159504,26832000
2022-03-22,138.72146606445312,139.89378371835335,134.9858461376951,134.9858461376951,35496000
2022-03-23,137.1420135498047,138.44425402347676,136.70513365586095,137.56551524552734,25154000
2022-03-24,140.41151428222656,140.45812610885343,136.62133716164368,138.05894880404426,26396000
2022-03-25,140.5116729736328,140.87070507937713,138.59203769066454,140.7526772850465,24126000
2022-03-28,140.2959747314453,140.83848798996723,138.66543848117558,139.74551627484473,35050000
2022-03-29,141.3373565673828,142.6148082235357,140.87418935059165,141.47820601311636,34318000
2022-03-30,140.77499389648438,141.55058130392723,140.43926771554987,141.29221863890226,19884000
2022-03-31,137.92750549316406,140.9430779883142,137.8848587100778,140.88852097872373,37524000
2022-04-01,139.0016632080078,139.3195316638882,137.1737682495904,138.3564979945896,25942000
2022-04-04,141.7995147705078,142.53395362091976,139.1603322944685,139.20794293991247,25942000
2022-04-05,139.43853759765625,141.81835862566132,139.23175060773136,141.69786404034355,21418000
2022-04-06,135.42868041992188,138.21812553888182,134.40612601563646,137.6126258686909,32468000
2022-04-07,134.7745819091797,136.04012309209003,133.12718701050363,134.89507649085877,26234000
2022-04-08,132.19491577148438,134.5578779659387,131.87554910979466,134.47208496943966,25142000
2022-04-11,127.76750946044922,131.0097100260204,127.61378123728949,130.742917857672,36884000
2022-04-12,126.6676025390625,130.52125805208976,125.74969005200958,130.52125805208976,32710000
2022-04-13,128.82923889160156,129.26563457471275,126.69388743885823,126.9507670450841,27928000
2022-04-14,125.69116973876953,129.40993832117093,125.56322179244722,129.40993832117093,31598000
2022-04-18,126.6299057006836,127.16150750964877,125.14765723721159,125.95895269585907,20808000
2022-04-19,128.9432830810547,129.26461711503015,125.95844660693362,126.64477542409657,26490000
2022-04-20,126.99041748046875,130.3218916355038,126.45485065417712,129.81904388797793,31696000
2022-04-21,123.79136657714844,129.0320490590413,123.50572537982224,128.1905088826277,36446000
2022-04-22,118.65481567382812,124.37404857874347,117.95014478551222,123.97534345046293,56884000
2022-04-25,122.06513214111328,122.26696285548644,117.53954013860086,118.1247001432462,46128000
2022-04-26,117.67739868164062,121.50575793064277,117.53953815889362,121.29202455748772,73054000
2022-04-27,113.35761260986328,116.28094605000119,111.81238510772637,113.53117356778168,91820000
2022-04-28,117.55094146728516,118.66870208583143,113.17956960106591,115.46071897101857,48884000
2022-04-29,113.17411804199219,116.9533836790152,112.88153803374084,115.77760037683389,42676000
2022-05-02,115.62733459472656,115.78850102043891,111.67698273748518,112.47538421530977,35534000
2022-05-03,116.3721923828125,117.47111160861961,115.08334509514572,115.47609513987739,24968000
2022-05-04,121.25880432128906,121.84743753057185,114.17236904181686,116.07217173392031,49916000
2022-05-05,115.55047607421875,120.04681450711568,114.06277194925556,119.21866011890872,45840000
2022-05-06,114.79769134521484,116.60773584446028,113.08088562376314,114.24030172909401,39710000
2022-05-09,111.58871459960938,114.13368219175439,111.08240126088768,112.32165521736495,40802000
2022-05-10,113.457275390625,115.29707287210782,111.97502692676184,114.56065900721823,39900000
2022-05-11,112.67127227783203,115.41063248936665,112.30827513659509,112.30827513659509,37534000
2022-05-12,111.91899871826172,113.35810103264562,108.92424938909092,110.46452055455832,53836000
2022-05-13,115.09920501708984,116.90875017939355,112.67375572924637,113.594142514748,35038000
2022-05-16,113.50686645507812,115.21772470104247,112.95592377559407,114.0131798264507,25990000
2022-05-17,115.51824951171875,115.94175125327278,113.92839273794735,115.88273735100042,23054000
2022-05-18,110.98223114013672,114.45404021864253,110.64104923458649,114.05731760057398,35126000
2022-05-19,109.47915649414062,112.08362994881233,109.0983015778271,110.51807047133238,34144000
2022-05-20,108.01525115966797,111.26390609492667,104.92926089526213,111.03330620451212,48962000
2022-05-23,110.57410430908203,111.22819834582448,107.84962051186193,108.68918571926903,37184000
2022-05-24,105.1013412475586,105.58583938493665,101.04932840845038,104.90496623527923,76780000
2022-05-25,104.93768310546875,105.62698566700652,103.00515400506396,104.12489705414852,40258000
2022-05-26,106.90889739990234,107.75886699890704,104.36243908840518,104.81073736570944,37948000
2022-05-27,111.39580535888672,111.39729602913795,108.24385499776788,108.58553629317109,37914000
2022-05-31,112.82947540283203,114.78630197702584,111.1597731470303,111.82229671590991,50012000
2022-06-01,112.9583969116211,116.14159098002285,112.3216612422036,113.91350798260179,36606000
2022-06-02,116.65831756591797,116.93304735382672,112.02065295107872,113.06551449385536,37992000
2022-06-03,113.60208129882812,115.36798842891481,112.5879638758018,115.11110884827522,26136000
2022-06-06,115.86289978027344,118.36868641474054,115.21177950019366,115.74784575456003,33542000
2022-06-07,116.18920135498047,116.72626645111426,114.10889889465038,114.53388373543117,31590000
2022-06-08,116.23333740234375,117.59855692060148,115.64420478456094,115.80437996795135,26108000
2022-06-09,113.8941650390625,117.32927476403499,113.83515114216875,115.37393150433296,25798000
2022-06-10,110.25028228759766,112.3504249488664,109.46130149167207,111.52326180460535,41452000
2022-06-13,105.52037048339844,107.89969964994525,105.24911389802193,105.91113796225396,47252000
2022-06-14,105.84072875976562,107.03981794977923,104.93273646839161,105.66171211229965,33706000
2022-06-15,108.86473083496094,110.5101281231061,106.78690296928498,107.65522217666569,39698000
2022-06-16,105.16431427001953,107.75787626146192,104.27615475355856,106.34207999882139,51684000
2022-06-17,106.26522827148438,107.80847323985608,104.18491819399098,105.16432651982022,51376000
2022-06-21,110.62964630126953,111.56739902352787,107.70977872020165,108.03657603615589,47416000
2022-06-22,110.5736083984375,112.41736323198378,109.47766306713153,109.65024031138255,30774000
2022-06-23,111.3219223022461,111.81832309519362,109.5947045131696,111.31151031036939,28362000
2022-06-24,117.00791931152344,117.11107066416578,112.02659127406567,112.06874621725599,41164000
2022-06-27,114.88399505615234,117.60748019835728,114.23534911421451,117.30349693355397,36420000
2022-06-28,111.08934783935547,116.34788803372125,110.9311551773519,114.85323751449626,35792000
2022-06-29,110.78585815429688,112.23289804690751,109.96365128893204,110.63758563635704,24716000
2022-06-30,108.0698013305664,109.97902466562923,105.87494437052855,109.09830333262894,43170000
2022-07-01,107.84615325927734,108.35444913580423,105.85560141078064,107.0482435979797,35476000
2022-07-05,112.33456420898438,112.44762815748757,104.86479945326545,106.22258079388362,39342000
2022-07-06,113.63282775878906,114.64198891272858,110.5622056578975,112.37324154606672,37432000
2022-07-07,117.80931091308594,118.2124805128393,113.89219223353552,114.13666975081995,40936000
2022-07-08,118.3751220703125,118.7039018756293,115.943218437379,116.28886476021137,38238000
2022-07-11,114.72827911376953,117.03075205965408,114.38511466684228,117.03075205965408,31196000
2022-07-12,113.08584594726562,116.01513422724025,112.75805737728307,115.26235327439865,29960000
2022-07-13,110.4406967163086,113.25989453737738,110.28994228981075,110.78534420231458,43722000
2022-07-14,109.46279907226562,110.18235402261737,107.48464911605639,109.30708832837976,37004000
2022-07-15,110.86123657226562,112.2130703596854,109.99093473931617,111.08241574521796,46770000
2022-07-18,108.1362533569336,112.74813768915693,107.48166747224792,111.71666191412223,43164600
2022-07-19,112.8770751953125,113.08535287704044,108.66191325988503,109.94133979066089,36530900
2022-07-20,112.9663314819336,114.45403556404811,111.55797343357686,112.24231216588865,35600400
2022-07-21,113.4027328491211,113.61101810390477,110.19921392026373,113.34322710024298,32676200
2022-07-22,107.01551055908203,111.41910930762468,105.62698529534984,110.09009735008293,48901200
2022-07-25,106.62871551513672,108.9693706048637,105.4286350985414,107.52133950136387,34690900
2022-07-26,104.15911865234375,106.32124889141323,103.2169090921242,105.72616877091382,47991000
2022-07-27,112.13320922851562,112.9762475648789,107.12461020563455,108.36436356281115,59858500
2022-07-28,113.28372955322266,113.40274105959543,110.54635140381342,111.448895683704,32816600
2022-07-29,115.36650085449219,115.7533033393372,112.13322162287426,112.15306191622032,37223400
2022-08-01,113.91846466064453,115.76321838407448,113.4027229923445,114.35486029276694,26034300
2022-08-02,114.18624877929688,115.39624935448683,112.78781082558956,113.0655143870716,20236000
2022-08-03,117.11207580566406,117.64765022278551,114.53339005300344,114.76150045832908,28499000
2022-08-04,117.22116088867188,117.80632083637465,115.93181438103123,116.51698189558793,21602900
2022-08-05,116.50707244873047,117.1418256153438,115.04912116805919,115.27723913427396,19159500
2022-08-08,116.33847045898438,119.16510690112827,115.92190753578308,117.41953186952958,19138300
2022-08-09,115.6739501953125,116.35829650347921,114.76149349565979,116.17977170860331,19086500
2022-08-10,118.71879577636719,119.92879644019511,117.4393767839381,117.80633898841191,30930400
2022-08-11,117.86583709716797,120.49411594083621,117.58813353334271,120.28583826796728,24293700
2022-08-12,120.68255615234375,120.68255615234375,118.48075288719056,119.2741980957184,19096300
2022-08-15,121.07928466796875,121.29748248930953,119.62133337705963,120.13706749098401,19494800
2022-08-16,120.702392578125,121.42641192061868,119.65108407641937,120.5238677790755,19041200
2022-08-17,118.57003021240234,120.2957650012785,118.40141798211481,119.13535751738875,22847000
2022-08-18,119.18492889404297,119.82960216377192,117.74681800275492,118.45099701321593,17987700
2022-08-19,116.24919891357422,118.17329866159419,115.8028907047583,118.08403247971835,21809500
2022-08-22,113.30355072021484,114.6821560186315,112.91674823026226,114.25568050831775,21456600
2022-08-23,112.9266586303711,114.06723327503279,112.50018315686643,112.54977631975122,15870400
2022-08-24,112.75806427001953,113.83912570446977,111.94478626575493,112.56961931409134,17734600
2022-08-25,115.69380187988281,115.76322777545683,113.17462177828163,113.30355342238907,16956800
2022-08-26,109.43551635742188,114.17634005588431,109.28675199221415,113.77961742600252,37245700
2022-08-29,108.52305603027344,110.040513040239,107.90814316272662,109.08838330000286,21191200
2022-08-30,108.0469970703125,109.59420698279374,106.91634250859858,109.26691024996742,27513300
2022-08-31,107.33290100097656,109.94133965972561,107.24363481356808,109.74298212503663,28627000
2022-09-01,108.84042358398438,109.54460257617076,106.4799359383376,107.39239258453512,28360900
2022-09-02,106.96593475341797,109.8322443549404,106.38077471005731,109.68347241560721,24160700
2022-09-06,105.93445587158203,107.14445651227068,104.91290018646603,106.42044469733727,25068300
2022-09-07,108.55281066894531,109.07847249571734,106.02371813346193,106.18240264265648,23167000
2022-09-08,107.4915771484375,108.70157768967908,106.28158417405022,107.15436785234293,24238300
2022-09-09,109.74298095703125,110.08019027578453,108.12633755578807,108.17593072235994,23197700
2022-09-12,109.95124816894531,110.70502034132073,109.02887135324441,110.08017979616115,22966800
2022-09-13,103.46487426757812,107.41225298799911,103.23675627988764,106.91635155696838,38172900
2022-09-14,104.1392822265625,104.41698576847003,102.81027025690392,103.71280676810338,26395100
2022-09-15,102.0664291381836,104.40707676995653,101.51101442821535,103.17724342441045,34188300
2022-09-16,101.95732879638672,102.28461796293107,100.11257502049808,101.23330943767259,42797200
2022-09-19,102.22511291503906,102.48298375828159,100.71757600878111,100.91593353936474,23036800
2022-09-20,100.31092071533203,101.53084132005358,99.69600034029746,101.24321763980454,26517100
2022-09-21,98.4661865234375,102.03667529857252,98.45626637613883,100.83659474851395,31487300
2022-09-22,99.31912231445312,100.41010377703378,97.98019017551985,98.00994304598551,34298600
2022-09-23,97.93058776855469,98.84305192220198,96.6710017810081,98.81329148769167,31625400
2022-09-26,97.36528015136719,99.06126205035565,96.99831795404086,97.29585425726316,27072700
2022-09-27,96.70077514648438,99.18028220152245,96.0759420926826,98.61495489564797,30072800
2022-09-28,99.22986602783203,99.87453174796886,96.31396358421772,96.84953796570939,32466300
2022-09-29,96.62142944335938,97.8314301011561,95.17339822616405,97.8314301011561,31047200
2022-09-30,94.86593627929688,98.08929527552542,94.77667009540615,96.25446166796625,32941500
2022-10-03,97.83142852783203,98.47610186740503,95.72880384753613,95.96684196996166,27982000
2022-10-04,100.80683135986328,101.00518888401722,99.5571577705009,99.61667108123069,28850800
2022-10-05,100.59855651855469,101.09445790974014,97.99011792498692,99.0116735801322,22176900
2022-10-06,100.5886459350586,102.0862703975384,99.76544773138347,99.85471392504792,22324000
2022-10-07,97.87109375,99.70592728808386,97.49421143647145,99.03150112865876,27502800
2022-10-10,97.05781555175781,98.28764881556005,96.21478474646479,98.18847005614693,18225100
2022-10-11,96.38338470458984,98.43641594865333,95.52051364928485,96.63133537448569,26507100
2022-10-12,96.76028442382812,97.94053224647043,95.9470063827848,96.50242112883399,21876400
2022-10-13,98.24798583984375,98.96208508756953,93.60634829648116,94.37004071240933,34574500
2022-10-14,95.76847076416016,99.86462094928686,95.58003338781863,99.1703544867437,25410700
2022-10-17,99.1505355834961,100.10266544468307,98.0198809004081,98.04963377624901,28419200
2022-10-18,99.94395446777344,102.62182629033514,99.15051685012314,102.28460943852185,24060700
2022-10-19,98.81330108642578,100.19190624537119,98.10912207167954,99.19019095829994,23811100
2022-10-20,99.1505355834961,101.48127084891942,98.57528809438662,99.18028845933702,25323200
2022-10-21,100.30101013183594,100.47953493084219,96.9189666638649,97.04789829825931,32458700
2022-10-24,101.67961883544922,101.9077368068661,99.16044640435987,100.9655271818657,27176400
2022-10-25,103.6235580444336,103.96076735839142,101.87798302852408,102.05650783204726,40611400
2022-10-26,94.1518325805664,97.50412305253043,93.91380204631294,95.6395366616455,88114100
2022-10-27,91.46404266357422,94.64772829929214,91.04748736174656,93.74518424514507,60710900
2022-10-28,95.50068664550781,95.75855747636481,91.37478361921333,91.51363539732378,43697300
2022-10-31,93.73526763916016,95.24280429060454,93.20961346179371,94.63780408767431,31675000
2022-11-01,89.72840881347656,95.24283046936205,89.62923003768798,94.66758297619046,47161400
2022-11-02,86.25708770751953,90.43257644134617,86.16782152387951,90.19454589639709,57038300
2022-11-03,82.74610900878906,85.81077606951776,82.65684282083558,85.61241853361773,61288000
2022-11-04,85.87028503417969,85.92979077856455,83.02380838038178,84.69995747119829,51124900
2022-11-07,87.76463317871094,88.17127598440243,86.13807708965564,86.56455262317961,34078900
2022-11-08,88.1712646484375,89.57962271598969,86.87199792022133,88.1712646484375,30429000
2022-11-09,86.60420989990234,88.70683431006073,86.56453688459513,87.72494420662868,31769100
2022-11-10,93.16996002197266,93.61626826753488,90.8590576182188,91.49381082236977,51620100
2022-11-11,95.61970520019531,96.1354392923686,93.15011094483498,93.91380328731896,33090500
2022-11-14,94.91551208496094,95.99658092538591,93.73527205818615,94.31051185350877,30179500
2022-11-15,97.63306427001953,99.31912590340235,95.91724219824151,97.4545394739204,41640800
2022-11-16,98.03970336914062,98.82322847399864,96.83962291238991,97.09749375411836,29105200
2022-11-17,97.5537109375,98.46616757515149,95.99658105288788,96.17510583563306,26052600
2022-11-18,96.63134002685547,98.0892912467336,95.58003155727448,97.96035204939338,28342300
2022-11-21,94.81633758544922,97.59338820085925,94.5783070537111,96.49248658714596,21647400
2022-11-22,96.25446319580078,96.42306785300386,93.27905484436155,95.16347408012261,23438500
2022-11-23,97.65289306640625,97.95043690355139,96.29412064149612,96.29412064149612,18868100
2022-11-25,96.66110229492188,97.83142992962435,96.60159654689032,97.43470728675223,9701400
2022-11-28,95.26265716552734,96.78011416235111,94.82626153412802,96.24453976932135,26237500
2022-11-29,94.40971374511719,95.33209067906634,93.33856487339783,94.94528818097686,20061700
2022-11-30,100.16217041015625,100.21176358073885,93.64602581219957,94.04274847629401,43647500
2022-12-01,100.16217041015625,101.4118441536543,99.42823840003759,100.19192328576362,28687100
2022-12-02,99.61666870117188,99.94395785152076,98.08929158774455,98.23806351073277,21480700
2022-12-05,98.66455078125,100.54897014150208,98.18848208415297,98.58520473725795,24405100
2022-12-06,96.18502807617188,98.96207106432217,95.62961342505861,98.48601001120109,24910700
2022-12-07,94.16175079345703,96.08584288669229,93.94355298868143,95.6197019736811,31045400
2022-12-08,92.94184112548828,94.79651511839255,92.68397027420339,94.59815001476763,32213300
2022-12-09,92.06904602050781,93.48732417745734,91.98969998883905,93.00133540862666,28225400
2022-12-12,92.54509735107422,92.79304799884099,90.85903597300153,91.95001730980464,29420000
2022-12-13,94.84609985351562,98.71413232006631,94.25101968178204,96.958644678424,40593700
2022-12-14,94.29069519042969,96.07594331959717,92.83274381275208,94.41962683487034,28733600
2022-12-15,90.11518859863281,92.87239873089607,89.27215786685396,92.3665772650873,40107000
2022-12-16,89.52011108398438,90.5813396378672,88.78617166028681,90.01601241882409,58011800
2022-12-19,87.71503448486328,89.81765139665094,87.4869165311304,89.5201151224369,29493000
2022-12-20,88.290283203125,88.44897528550977,86.72324050727767,87.38774657684024,23453800
2022-12-21,88.84569549560547,89.48044867408069,87.59602186498341,88.34979410199328,24745600
2022-12-22,87.04061889648438,87.8142238968935,85.61242039304902,87.43734154375588,27658300
2022-12-23,88.49856567382812,88.81594226177606,86.35626803003854,86.39594104938888,23003000
2022-12-27,86.67363739013672,88.21093460263191,86.29675508801945,88.07208282991216,20097300
2022-12-28,85.31487274169922,87.31831861670652,85.23553426923881,86.26701007977196,19523200
2022-12-29,87.7249526977539,88.12167532237186,85.9000392181079,85.9099593646084,23333500
2022-12-30,87.50675964355469,87.57618553312793,85.86036345245435,86.26700621056507,23986300
2023-01-03,88.38945770263672,90.30363718067711,87.79437004023141,88.85559860680175,28131200
2023-01-04,87.35797882080078,89.90691131674406,86.55461353258538,89.60936749638965,34854800
2023-01-05,85.4933853149414,86.8521576681051,85.195849060361,86.75297891657829,27194400
2023-01-06,86.6240463256836,86.97118333274179,84.16437980636358,86.07855936732152,41381500
2023-01-09,87.29846954345703,89.31183536259933,87.13978504764104,87.63568639320383,29003900
2023-01-10,87.69520568847656,87.94315639958413,85.12643995349273,85.27521189352831,30467800
2023-01-11,90.76979064941406,90.84913669096524,88.28037102229985,88.44897568545483,26862000
2023-01-12,90.38297271728516,91.11691212598826,89.01428778515732,90.73010969806401,30258100
2023-01-13,91.36487579345703,91.43430168612433,89.39118279204233,90.10528201196577,26329200
2023-01-17,90.54167175292969,91.49380146174484,89.3118384915669,91.30535652243567,32602400
2023-01-18,90.3730697631836,92.0392986943226,89.89700111134908,91.38470524390696,29116700
2023-01-19,92.2872543334961,92.84266148471706,89.88708578674498,89.97635197425116,37000400
2023-01-20,97.21649932861328,97.49421044649547,94.24109116727796,94.3204372009586,63191100
2023-01-23,98.97200012207031,99.21995081656387,96.70077085248677,97.1470790758333,40005100
2023-01-24,96.89912414550781,98.79347100071968,96.40322277819845,97.29584675272618,33078500
2023-01-25,94.439453125,95.37175007274746,92.99142210911067,94.786582552293,42330000
2023-01-26,96.7206039428711,96.77019710869844,94.59814659536165,95.70896843494373,30114000
2023-01-27,98.55545043945312,99.49766010597479,96.51233145386189,96.51233145386189,33879800
2023-01-30,96.14535522460938,97.48428734322064,95.60978086379407,96.68092958542469,27226200
2023-01-31,98.02977752685547,98.06945054380512,96.02633935545113,96.07593251835176,29870700
2023-02-01,99.60675048828125,100.36052269702401,96.78011416406397,97.90084854753133,35531100
2023-02-02,106.85682678222656,106.9659256907038,104.74428963661705,104.93273458159672,69883800
2023-02-03,103.92108154296875,106.92624239319605,101.73911871689424,102.0862481346533,65309300
2023-02-06,102.05650329589844,103.50453438595648,101.0448602652804,101.56060192669277,31999600
2023-02-07,106.75764465332031,107.29321903254016,102.27469966826962,102.37387842734272,49010200
2023-02-08,98.55545043945312,102.29454379804132,97.23635085283868,101.21348233996603,94743500
2023-02-09,94.23118591308594,99.21003262732542,92.86249320969232,99.18027975409596,119455000
2023-02-10,93.79478454589844,95.95691481547425,93.47740797269714,94.6675682304884,54980700
2023-02-13,93.83446502685547,94.4196250562035,93.07077262109874,93.96339666886732,50076100
2023-02-14,93.90390014648438,94.07250482572256,91.50373891202257,93.6559494181262,54726100
2023-02-15,96.14535522460938,96.32388001154781,93.37822481049062,93.7154340931221,50169000
2023-02-16,94.72708129882812,96.87929141683016,93.96338895576008,94.58822952133472,42462600
2023-02-17,93.57659149169922,94.77667195660865,92.44593691924389,94.07249288547277,34284100
2023-02-21,91.0375747680664,92.33683394114578,90.96814887866952,92.23765518012942,33629300
2023-02-22,90.89871978759766,91.35494812568693,89.86724406227897,90.94830538293209,30884000
2023-02-23,90.14495849609375,91.18635449298117,89.0242240237194,91.16651419896813,41206400
2023-02-24,88.39937591552734,89.15314812025682,87.85388894602733,88.70683991186095,36585100
2023-02-27,89.13331604003906,89.42093974612138,88.60765422535826,89.13331604003906,27502300
2023-02-28,89.32176208496094,90.48217716813194,88.58783009603324,88.59775024323443,30142000
2023-03-01,89.6192855834961,90.28379152459334,88.93493935250888,89.2424033109753,31111200
2023-03-02,91.24585723876953,91.52356081097336,88.85560886814189,88.92504232804767,32204400
2023-03-03,92.88232421875,92.96167025066717,91.69215644055474,91.72191687766424,35160100
2023-03-06,94.35020446777344,95.18332281482824,93.229469946737,93.2493026747561,32639300
2023-03-07,93.09060668945312,94.8857672449639,92.76330996601668,94.20142849315206,27835500
2023-03-08,93.47740936279297,95.1733911604508,93.229458674828,93.3484777291188,34103300
2023-03-09,91.56321716308594,94.74690265091589,91.14666188060802,93.27903901736893,28813500
2023-03-10,89.88707733154297,92.02937482791765,89.65896694454361,91.41445442058324,35941000
2023-03-13,90.36315155029297,91.81118269560834,88.687002437022,89.35150848107031,37335600
2023-03-14,93.19970703125,93.58650950422467,91.6822500116025,91.80126150060728,36050200
2023-03-15,95.3221664428711,96.13544442535732,91.88060956204423,92.45585699442236,50622100
2023-03-16,99.4976577758789,100.36052894620208,94.71716852573586,95.41142746724535,65492000
2023-03-17,100.78699493408203,101.99698789396676,99.27945056518114,99.43814263216196,61028500
2023-03-20,100.39027404785156,100.91592828670724,99.05134186896636,99.29929255271749,32960400
2023-03-21,104.0599365234375,104.23846131049126,100.39026959348749,100.42002246352078,42110300
2023-03-22,102.52265930175781,105.71625799716358,102.48298628129344,103.41527577821408,43427400
2023-03-23,104.73436737060547,105.42863382566868,103.60371285731998,104.19879298533533,40797800
2023-03-24,104.57569885253906,104.62528445678801,102.98880817946215,104.12938301316537,30393300
2023-03-27,101.62010955810547,103.90125892558605,101.09445530767543,103.76240714497641,31120900
2023-03-28,100.20182800292969,101.61018605507579,98.92240158084621,101.60027347597008,32057900
2023-03-29,100.55888366699219,101.64986521604924,99.82495172553267,101.44158753942646,28779600
2023-03-30,100.06297302246094,100.33076398682465,98.96207142864132,100.08281331374553,33086200
2023-03-31,102.87970733642578,103.03839184898722,100.21175539436457,100.46962623998861,36863400
2023-04-03,103.5045394897461,103.67314414754483,101.0944584138917,101.55068678803492,25035400
2023-04-04,103.86158752441406,104.71453851392779,103.18716133658586,103.47478504857116,24420100
2023-04-05,103.61363983154297,105.2302756731111,102.8102819841236,104.91289907946413,28290500
2023-04-06,107.53126525878906,108.27511741066256,103.4747951559961,104.39717212699348,48711500
2023-04-10,105.56748962402344,106.7080567599706,104.25831026578564,106.10306402969181,27067400
2023-04-11,104.48641967773438,105.85511233488984,103.82191364187591,105.67658753468932,26311800
2023-04-12,103.78223419189453,105.87493849967197,103.48469035438097,105.70633385627954,24370300
2023-04-13,106.54936981201172,106.6088755556612,104.97239950361016,104.97239950361016,24843600
2023-04-14,107.97756958007812,108.04699547084493,105.96420361413152,106.01379677904549,26578000
2023-04-17,105.1013412475586,105.2897861961485,103.66322268410477,103.80208203407157,37571200
2023-04-18,103.64338684082031,105.66666534841484,103.2169113578442,105.61707218442865,26596400
2023-04-19,103.32601165771484,104.11945689106093,102.22510999070306,102.73093151613256,20905700
2023-04-20,104.42691802978516,105.37904781258688,103.01855986565269,103.05823288579296,27820800
2023-04-21,104.54592895507812,105.13108893118996,103.92108839505883,104.6054346972307,25800100
2023-04-24,105.1013412475586,105.75592714410803,103.84174748622819,104.62527258627793,23542800
2023-04-25,102.99871826171875,105.81544212100182,102.98879811509617,104.96249111597527,46664100
2023-04-26,102.85987091064453,105.4782297846258,101.78872203487352,104.05995143064801,53347600
2023-04-27,106.70805358886719,107.48166608530138,102.6912570160058,103.59379357823073,50089200
2023-04-28,106.4601058959961,106.47002604243367,104.22854965938166,106.16256960456029,36139800
2023-05-01,106.32125854492188,107.10478367534759,105.94437619998563,105.96420892683281,26681700
2023-05-02,104.45667266845703,106.32125924543107,102.85986952338662,106.26175349764249,30997200
2023-05-03,104.54592895507812,106.60887287386203,104.09961318837087,104.66494043938329,21795400
2023-05-04,103.83184051513672,104.73437715411653,103.11774126807067,104.62527823765616,23419500
2023-05-05,104.70462036132812,105.01207680519784,103.25658919423994,103.9607682679493,26639300
2023-05-08,106.88658905029297,107.07503401183828,104.29799059182162,104.31782331926341,26511400
2023-05-09,106.47002410888672,109.2470748463162,106.31133960304034,107.50149988087897,36360100
2023-05-10,110.83396911621094,112.01421693579962,107.04528251039365,107.08495553264132,63153400
2023-05-11,115.61444854736328,116.95338077292648,113.4721584998331,114.45404112299883,78900000
2023-05-12,116.54674530029297,117.06247940985591,115.15821991274791,115.72354718741605,41102300
2023-05-15,115.55494689941406,117.50879963545604,115.05904549704219,115.15822426414559,36266800
2023-05-16,118.53035736083984,119.76019074124378,115.47560285342378,115.5351086013426,45035600
2023-05-17,119.84944152832031,120.67263963270652,117.91542917883902,118.62952837460274,33323600
2023-05-18,121.82313537597656,122.29919646548392,119.83952984703524,119.95854133598478,35234200
2023-05-19,121.75370788574219,124.93739380984856,121.1487076020142,122.53723296740392,41353400
2023-05-22,124.02493286132812,125.39361788753433,121.73386343823515,121.93222852186562,35253000
2023-05-23,121.55534362792969,123.60837503480265,121.20821417591823,123.14223409458985,34046300
2023-05-24,119.90895080566406,120.91067367529489,118.87747506501967,120.12714861556921,34182600
2023-05-25,122.46780395507812,124.2927173391139,120.96025957388359,123.49927213144791,42317000
2023-05-26,123.58854675292969,124.2332200823341,121.44624908602053,122.16034830832359,35635900
2023-05-30,122.65625762939453,124.62995076489531,120.99994867262599,124.61011047029689,35076700
2023-05-31,121.86280059814453,123.04304066689512,121.49583087470042,121.7437815499549,37325800
2023-06-01,122.7058334350586,123.40009231065325,121.61485195904373,121.81320947582672,30772700
2023-06-02,123.64804077148438,125.1159120966453,122.74550424940523,122.97361463292732,26980100
2023-06-05,124.9770736694336,126.38543183753264,122.82485583017811,122.99346805796284,32305500
2023-06-06,126.26640319824219,127.2383656366913,124.3323909005138,124.97706418870804,26638300
2023-06-07,121.4958267211914,127.98220950527097,121.11894443175632,125.92918585387761,52539000
2023-06-08,121.13878631591797,122.21985523958173,120.24616233464845,121.22805249747213,29389200
2023-06-09,121.2280502319336,122.74550718830598,120.9106736630639,121.2478829569892,23778300
2023-06-12,122.6264877319336,123.0331304793446,120.66272258318774,121.78345693305364,28306400
2023-06-13,122.81493377685547,124.1340332227792,122.17026048948374,123.95550842884325,22278300
2023-06-14,122.65625762939453,123.03314755821141,120.45445407399907,122.0909303030245,30592300
2023-06-15,124.06460571289062,124.43157546435972,121.39666138886585,122.13059332494937,35246300
2023-06-16,122.51740264892578,125.07625577200433,122.26945194087992,124.8977309595371,45535600
2023-06-20,122.09092712402344,123.54887849797753,121.13879731318417,121.92232245860355,26097500
2023-06-21,119.56182861328125,121.65453309243799,119.11551282046045,121.39666224993185,30306300
2023-06-22,122.14051055908203,122.22976917477193,117.85592296831348,119.01633037340913,26952200
2023-06-23,121.33715057373047,121.78346637257002,120.06764420404919,120.3850207964695,34913600
2023-06-26,117.36994171142578,120.99994365310945,117.30051581692196,119.77011027896118,33969900
2023-06-27,117.36002349853516,118.10387557545451,115.14829999374557,116.1202700370029,39535900
2023-06-28,119.19486236572266,119.4031400484243,115.89215718247867,116.1301877388727,27091400
2023-06-29,118.12371063232422,119.07584040154654,117.33027294139967,118.26256241740738,24090900
2023-06-30,118.71879577636719,120.08748852515521,118.7088831961985,119.18494431736862,29532200
2023-07-03,118.91716003417969,119.20478376097655,117.84601116890617,118.26256653867198,14467900
2023-07-05,120.75199127197266,121.60494228794853,118.25265153768966,118.26256411758469,27584800
2023-07-06,119.12541961669922,119.31386454589494,117.4294379544993,118.81796320957261,24745200
2023-07-07,118.50059509277344,120.05772509699975,118.42124905726847,119.1155079508008,21709500
2023-07-10,115.49542236328125,117.34017600620315,115.18796594507899,117.33026342725442,35315200
2023-07-11,116.17977142333984,116.74509867791642,114.40444362500358,115.33674061449469,23078800
2023-07-12,117.95510864257812,119.34363409167489,117.4393745101533,117.82617700118566,30404400
2023-07-13,123.51911926269531,123.80674297722868,119.4626419533475,119.938710617678,44297900
2023-07-14,124.39189147949219,125.7407437423268,122.47771198641469,123.7769786548953,33283100
2023-07-17,123.62821960449219,126.05813341949313,123.18190380773267,124.90764611490182,25716200
2023-07-18,122.74549865722656,123.6579552834524,121.95205350677138,123.57860925503613,26193600
2023-07-19,121.02969360351562,124.15387391443447,120.80158319859368,123.57862647852336,37224000
2023-07-20,118.22289276123047,123.07280793107658,117.25093023799634,120.42469622569655,37906800
2023-07-21,119.03617095947266,119.99822090421563,117.7567519823055,119.63125870411923,72937900
2023-07-24,120.5337905883789,121.99174188501857,119.98830359973758,120.6627297925078,29686100
2023-07-25,121.20821380615234,122.14051081744289,120.02796610605938,120.36518297759501,52509600
2023-07-26,128.21034240722656,129.90631659089652,127.26813284588675,129.00378761340536,61682100
2023-07-27,128.33929443359375,132.14782922633054,127.73429403460449,130.5906913457291,44952100
2023-07-28,131.4932098388672,132.64370465595107,129.49969176817697,129.7079618698937,36591200
2023-07-31,131.63206481933594,132.43542264148525,130.6997677943249,131.64197739889866,28055500
2023-08-01,130.4716339111328,131.54278252577237,129.6087553657888,129.70794167840054,23166800
2023-08-02,127.32764434814453,129.0236186085389,126.51435881324909,128.3888654416219,26273300
2023-08-03,127.39705657958984,128.32935355941024,126.37550098690372,126.92099551059741,20089500
2023-08-04,127.05985260009766,130.43197594152576,126.86149507419762,128.2202600170075,26147200
2023-08-07,130.4518280029297,130.53117404718972,127.96240829082672,128.10126008485418,22746300
2023-08-08,130.3228759765625,130.43197488498015,128.4781222465879,129.54927103822243,23535200
2023-08-09,128.59715270996094,130.9576330468754,127.94255923989908,130.58075827957177,24912900
2023-08-10,128.62689208984375,130.96754702179814,128.38885399832523,130.2435353022777,20857800
2023-08-11,128.4979705810547,128.86493278064867,127.11936527043054,127.60535409901688,19591100
2023-08-14,130.2534637451172,130.29312919834737,127.90289594820355,128.3293638886943,24695600
2023-08-15,128.71617126464844,130.34272731563817,128.22026984503316,130.02535827661376,19770700
2023-08-16,127.64500427246094,129.21205435216356,126.82181378350052,127.64500427246094,25216100
2023-08-17,128.85504150390625,130.90808093921126,128.2302007829504,128.736029988948,33446300
2023-08-18,126.4151840209961,128.19051194159474,125.34403518060337,127.45657242122108,30504800
2023-08-21,127.31771087646484,127.6747604625636,125.52255036686307,126.13747078000077,25248700
2023-08-22,128.0218963623047,129.21205659443743,127.2681317464859,127.45656155015928,22054900
2023-08-23,131.28492736816406,132.31641072027463,128.80542045173755,129.11287688798097,27819700
2023-08-24,128.71617126464844,133.14953116670597,128.5079011432878,132.85198728819475,28500700
2023-08-25,128.8153533935547,129.6881295726403,126.20690716881097,128.47812893761383,26762900
2023-08-28,129.93609619140625,131.45355346104287,129.07323248655334,130.23364009664536,20543300
2023-08-29,133.4669189453125,135.45052467736468,131.1560164514264,131.1560164514264,43075600
2023-08-30,134.7661590576172,135.16287409396253,132.9709985475354,133.67517000710467,28315800
2023-08-31,135.0537567138672,136.8687572675909,134.67686688730078,134.89506466755432,30053800
2023-09-01,134.5479736328125,136.3332217281178,133.7446157733526,136.3332217281178,21543700
2023-09-05,134.65704345703125,135.3017090945903,133.476795939731,134.32974678245756,19403100
2023-09-06,133.35780334472656,135.41082715108524,132.57427070368973,134.9050132008134,18684500
2023-09-07,134.15122985839844,134.46861399155742,131.8601680068501,132.49492113945962,18844300
2023-09-08,135.2620849609375,135.5397885635056,133.74462772772205,133.8041334805993,23558300
2023-09-11,135.79762268066406,136.35302976641478,134.6768807966762,135.4207328151726,20763400
2023-09-12,134.23057556152344,135.74803250189984,134.08181120803886,135.14303224154853,18405500
2023-09-13,135.58937072753906,135.77780055178212,133.05034278578884,133.98263986174015,20749500
2023-09-14,136.9679718017578,137.563044397484,135.1232180009584,136.47207040513118,24751000
2023-09-15,136.27369689941406,137.3845263119322,135.36124015129133,136.84894433199983,38919600
2023-09-18,137.0770721435547,138.019281780227,135.49018160432044,135.49018160432044,21861300
2023-09-19,136.90846252441406,137.27543987994048,135.5001042546856,136.29354958327215,20353700
2023-09-20,132.64370727539062,136.9481276445737,132.52468065263594,136.9481276445737,29927500
2023-09-21,129.37074279785156,131.14606291971518,129.00378065244968,130.3625454686309,31503900
2023-09-22,129.18231201171875,130.94771974828387,128.5376462586181,129.68812598105728,26397300
2023-09-25,130.03524780273438,130.0947535411447,127.90287812992364,128.76574160428865,20094600
2023-09-26,127.51608276367188,129.2914029707038,126.17714304040305,128.7062429989617,25718700
2023-09-27,129.4699249267578,129.82697452376246,127.51608742320651,127.51608742320651,22746500
2023-09-28,131.2254180908203,132.20730825142687,128.72607094890918,128.77566411264445,22513100
2023-09-29,129.78732299804688,132.95117654608515,129.29142156753832,132.187484105663,30859800
2023-10-02,133.0701904296875,133.31814114938217,130.09478179335153,130.1344623833808,22288000
2023-10-03,131.34445190429688,133.15945304283952,130.7592918203912,132.84208398165953,22989400
2023-10-04,134.13140869140625,134.45870541332442,131.44361659343454,131.70147985901755,26752300
2023-10-05,133.96278381347656,134.3793390874644,132.35605331814457,133.96278381347656,19832600
2023-10-06,136.45220947265625,137.02745682177886,132.91146677211896,132.91146677211896,27597600
2023-10-09,137.2853546142578,137.80109635598646,134.49839090670235,135.8174905702575,19278100
2023-10-10,136.9282684326172,138.5746644275756,136.20425675144423,137.36466401043336,27786600
2023-10-11,139.39788818359375,139.95329533664227,137.44403543423456,137.44403543423456,25884300
2023-10-12,137.83084106445312,140.06239744116,137.12665439341535,139.89379277540957,24765500
2023-10-13,136.23403930664062,138.85239821040267,135.50009975367846,138.23748528968676,23420500
2023-10-16,137.9597625732422,138.4854167971643,136.8588609633149,137.03737818636395,28501900
2023-10-17,138.57467651367188,138.75319373814438,136.0554891433646,137.49361518669917,23515800
2023-10-18,136.82913208007812,139.56650258267163,136.25388459322733,138.30690868674475,23375000
2023-10-19,136.62083435058594,138.51518131196565,136.25387216099756,137.36468644323884,26066000
2023-10-20,134.4884490966797,136.73983027790308,133.97270746704044,136.20426349098727,26335700
2023-10-23,135.38108825683594,136.53158318839846,132.85198797694417,133.93304944521964,26317900
2023-10-24,137.67214965820312,138.2176442463873,136.2935443173615,136.70018711343607,44814300
2023-10-25,124.58035278320312,127.2582173695509,124.04477835256257,127.10945300008548,84366200
2023-10-26,121.27764129638672,123.31083999813282,120.27591838168972,122.25952391827924,57061100
2023-10-27,121.16853332519531,122.2991877911494,119.22460095273298,121.87271233000152,44566500
2023-10-30,123.43977355957031,124.37207059770444,121.74379170735196,122.20002007986204,28940100
2023-10-31,123.0628890991211,124.34231557609246,121.68428385885795,124.03485157297696,26292300
2023-11-01,125.4134521484375,125.45312516564948,122.7058349336953,123.0529643757322,30082400
2023-11-02,126.44493103027344,127.92271501549958,125.88952390924445,127.36730789447058,27124600
2023-11-03,128.04173278808594,128.46820067879287,126.81189200957998,126.9705840713952,26393100
2023-11-06,129.18231201171875,129.27157062977093,127.61526180428386,127.9921517032279,19052700
2023-11-07,129.8964385986328,130.82873582910264,128.81537697339124,129.63857526979092,29757300
2023-11-08,130.75927734375,131.1262546701782,129.70796879855988,129.89641375169958,26425800
2023-11-09,129.1724090576172,131.46347122727005,129.00380438860708,130.8783111759331,23747800
2023-11-10,131.5031280517578,131.71141329610631,128.34920244954847,129.03354879478132,26913300
2023-11-13,131.00721740722656,131.50311876629735,130.1741067560777,130.69976098599605,18324800
2023-11-14,132.52467346191406,134.58762491778677,132.22714475544407,133.0900082716238,32395200
2023-11-15,133.51649475097656,133.92313755134404,132.47511386601616,133.76444546334056,23861500
2023-11-16,135.80755615234375,136.09518745195533,133.21896525810197,134.08182888951592,28013200
2023-11-17,134.20082092285156,134.94467294789172,132.5544248086727,134.88516720728182,37240600
2023-11-20,135.1331024169922,135.5397451095659,132.5246567715882,132.5940902168256,27815500
2023-11-21,135.8472137451172,136.05548383220494,134.8454984904721,135.17278005589571,22635300
2023-11-22,137.35476684570312,138.2771361292862,136.34312381394363,136.34312381394363,17813900
2023-11-24,135.5695037841797,136.99770199138314,134.87524497059664,136.89851567499682,12514300
2023-11-27,135.2917938232422,137.28531156464103,134.88515113259118,134.91490399935037,23436500
2023-11-28,136.07533264160156,136.1249258052487,134.309924978467,134.964518417708,18730000
2023-11-29,133.88345336914062,137.15639020757226,133.7346738823066,136.44230617886066,23967200
2023-11-30,131.443603515625,134.4388517451667,130.2038502076351,133.94295042197072,38988300
2023-12-01,130.77911376953125,131.02706446186437,129.5988660526321,130.77911376953125,31442300
2023-12-04,128.21034240722656,128.96410702955671,126.85156995087304,128.81534267439568,36669900
2023-12-05,129.916259765625,131.05682698082634,127.1987145294908,127.89297349238338,27384800
2023-12-06,128.95419311523438,130.75926618523522,128.81534134061891,130.36255115310777,23576200
2023-12-07,135.80755615234375,137.42419963070353,133.59584004786453,133.93304938270325,56767100
2023-12-08,133.88345336914062,135.281883689647,132.93131610801126,133.09992075278979,32260100
2023-12-11,132.19737243652344,132.2469655972193,130.2832005300675,131.29484350017327,31138000
2023-12-12,131.4337158203125,131.9097769432704,130.18403456369643,130.72952914922644,29032800
2023-12-13,131.48329162597656,132.4056608757626,130.49148892278734,132.28664939416652,30104800
2023-12-14,130.8584442138672,132.6238517222141,128.62688824878407,132.28664245291358,38722400
2023-12-15,131.51304626464844,132.41557523506742,130.10467308952005,130.54106870618423,50847100
2023-12-18,134.68682861328125,136.0257533662055,131.34444275367903,131.5428154285214,32258000
2023-12-19,135.52981567382812,136.34310104862837,134.96449607621622,135.7182605842675,25476800
2023-12-20,137.20599365234375,140.5384516154751,136.93821779664987,137.83083424971508,49107200
2023-12-21,139.26895141601562,139.53674241725346,138.03911046006232,138.34658204933325,27488300
2023-12-22,140.33018493652344,140.8260863411753,139.5565799559633,139.61608570312794,26532200
2023-12-26,140.3599395751953,141.510419346836,140.032642827964,140.4293579031904,16780300
2023-12-27,139.2193603515625,140.91534987341666,138.74329922394273,140.4293610317835,19628600
2023-12-28,139.08050537109375,139.98304957042203,138.60444425438513,139.62599994946305,16045700
2023-12-29,138.54493713378906,139.20944320132398,137.64239294340334,138.48543138650385,18733000
2024-01-02,137.03736877441406,138.30687494126533,135.36121989360225,137.4142586199099,23711200
2024-01-03,137.78123474121094,138.48542134501582,135.9563213328076,136.1249259824603,24212100
2024-01-04,135.27198791503906,138.01928600247774,135.23232246051418,137.2853464572302,27137700
2024-01-05,134.61737060546875,136.03565627670122,134.04212324747374,135.62901355461221,22513900
2024-01-08,137.70187377929688,137.87047841067306,135.14302117297993,135.17277404124002,21404000
2024-01-09,139.7946014404297,140.33018342656837,137.01755057751834,137.3646876105234,24759600
2024-01-10,141.11370849609375,141.82780775984716,139.75494343237068,139.84420205691225,21320200
2024-01-11,140.9153289794922,144.02958884214235,139.48713067468557,142.31377441409103,24008700
2024-01-12,141.4806365966797,142.02613106020752,140.65745374610032,141.50047688636437,18785500
2024-01-16,141.3219757080078,143.16672938152487,140.29049239931624,140.83598692471,22670500
2024-01-17,140.31033325195312,140.67729541881693,137.76139297479475,140.19132176728564,20968600
2024-01-18,142.30384826660156,143.02787513950906,140.8260719176682,140.8855776587382,25746400
2024-01-19,145.1800994873047,145.24951781414885,143.19649387664043,143.55354349190839,34271900
2024-01-22,144.7932891845703,147.17360973542569,144.64450969157375,145.89419084442545,32200400
2024-01-23,145.83465576171875,145.9735075280984,144.30728633154266,144.6940887617222,21636100
2024-01-24,147.48106384277344,148.6216460696022,146.88599128129252,147.32237177289502,25233500
2024-01-25,150.62509155273438,151.79542676635216,148.3141891335314,148.83985855855067,29149100
2024-01-26,150.94247436523438,151.2895962737746,149.77213916215013,149.861412918024,26115500
2024-01-29,152.2516326904297,152.51942366682596,150.18868118167268,150.81352174869434,27784300
2024-01-30,150.21844482421875,152.3607271720474,149.95065385559957,151.54745682095233,36331800
2024-01-31,138.9515838623047,142.81960888272778,138.7234583129567,142.44271896094438,71910000
2024-02-01,140.0028839111328,141.88730313768718,139.63590659199247,140.9550061040643,40466500
2024-02-02,141.212890625,141.45091361668173,135.38108518943704,138.11845552974717,62499600
2024-02-05,142.50221252441406,144.27754793012062,141.60959609870966,141.64927668377285,38505400
2024-02-06,142.9187774658203,144.1684434401665,142.01623336193828,143.46425685279377,29128200
2024-02-07,144.34693908691406,144.42628510839828,142.7501363470966,143.5733342945758,25208900
2024-02-08,144.71395874023438,145.13051412482938,143.91060084610757,144.63461269549572,22563800
2024-02-09,147.7786102294922,148.21500586230158,144.9817192012369,145.47762057784595,26829500
2024-02-12,146.32066345214844,148.11582406905052,146.161971374684,147.20336732419403,21564100
2024-02-13,143.9502410888672,145.46769798615009,142.51213022242555,143.73204328748068,27837700
2024-02-14,144.74368286132812,145.31893022112502,142.90884188380863,144.88253462860962,22704200
2024-02-15,141.5996856689453,142.34353774622787,139.30862369230854,141.9666478509511,37590700
2024-02-16,139.3681182861328,142.01622965333587,138.9912284210113,141.81787214200648,31468900
2024-02-20,139.9631805419922,140.91531771364487,138.3465525663512,138.51515719528518,25144700
2024-02-21,141.38148498535156,141.5203367649503,139.5268035526364,140.29049590728383,23223300
2024-02-22,142.90884399414062,143.8113880616519,141.6294252005615,143.74195461013204,27191900
2024-02-23,142.77992248535156,143.4940065020115,142.25425313452644,142.4922912292185,19493800
2024-02-26,136.4423065185547,141.27238088903258,136.26377416065105,140.9748370483321,53641800
2024-02-27,137.74156188964844,138.10852404072233,135.9662266066363,136.8886109742461,33099200
2024-02-28,135.2620849609375,136.87871340437798,134.30003493285824,136.76961447953255,37328600
2024-02-29,137.32501220703125,137.72172724425474,135.2818858775754,136.15467711991738,42133000
2024-03-01,136.01585388183594,137.73166872171055,135.79765602546902,137.29527300897672,31151100
2024-03-04,132.2569122314453,134.54797432652032,130.8287137478375,134.54797432652032,55999400
2024-03-05,131.58248901367188,132.14782393122584,129.5988832123646,130.79897138098846,40194800
2024-03-06,130.3228759765625,132.48501385237356,129.77739656818326,132.0287779261609,35318600
2024-03-07,133.27845764160156,133.83386475709858,130.53115980204433,131.70147977631177,37738200
2024-03-08,134.30001831054688,136.95804250148979,132.90157275617153,133.10985799917378,39370400
2024-03-11,136.54148864746094,137.95977451047298,135.01411900561908,135.01411900561908,32437800
2024-03-12,137.36468505859375,138.23747634796243,135.90673376099352,135.90673376099352,27563400
2024-03-13,138.64410400390625,139.9334506450809,137.85067388660744,137.86058646627538,23347200
2024-03-14,141.92698669433594,142.41296038062768,139.30862790840655,140.03263971476812,42753400
2024-03-15,140.022705078125,142.00631057950346,138.88213796831596,141.33189197321508,49475400
2024-03-18,146.46942138671875,150.9027808454485,145.96360743742733,147.39180580449582,69273700
2024-03-19,145.8247528076172,147.57032014783982,144.882543249734,146.9454947247472,24070400
2024-03-20,147.52073669433594,147.639748173652,145.53713132595888,146.78679725990156,21311500
2024-03-21,146.3900909423828,149.13737364463717,145.6958169152109,148.24475722928597,24755600
2024-03-22,149.5341339111328,150.33749187334104,147.75879816878773,147.89764997541988,29211800
2024-03-25,148.83987426757812,149.14733075716612,146.60831765561275,148.71093504276567,19229300
2024-03-26,149.43492126464844,151.011884033954,148.7505749332153,148.98861304571224,22149100
2024-03-27,149.6332550048828,150.39694725241355,147.67940265148124,149.9407113927479,22879200
2024-03-28,149.69277954101562,150.1886809085542,148.93901491049212,149.61344863987313,24485400
2024-04-01,154.21542358398438,154.4633742852125,149.3754210532241,149.45476709366227,31730800
2024-04-02,153.2930450439453,153.43189683666333,150.90279655942555,152.24173645140743,24586000
2024-04-03,153.65008544921875,153.80877752671594,151.47803493131784,152.34091364414047,24705000
2024-04-04,149.29608154296875,153.5013310678702,149.21673549906,152.24173721309816,34724700
2024-04-05,151.24993896484375,152.16239579697978,148.37371667079992,148.80018464435562,23459200
2024-04-08,153.58067321777344,153.9972285874499,151.35902944578888,151.52763410967862,20702000
2024-04-09,155.31629943847656,157.2602241375123,153.91785408433802,154.81047040663094,31079500
2024-04-10,154.860107421875,155.3262560052682,153.4120684989216,154.92954089050068,22838600
2024-04-11,158.10328674316406,158.37106260079813,155.1774715327962,155.62377976256258,27166400
2024-04-12,156.43704223632812,158.90663651169768,155.85188225072014,156.66516776322655,25353700
2024-04-15,153.590576171875,157.93467710778722,153.32278518896982,157.55778721582507,27136500
2024-04-16,153.13433837890625,154.3740918150493,152.17228850176252,152.92606827651122,20779500
2024-04-17,154.19558715820312,155.792390319514,153.3128832450381,154.3443515291876,21763100
2024-04-18,154.73114013671875,155.6535245551475,153.3525349324206,154.0666341164594,19883000
2024-04-19,152.82688903808594,155.07828562000708,151.0515686940003,154.91959354072858,32615600
2024-04-22,154.99891662597656,156.3477688326678,152.79711353661722,153.04506419862878,26446200
2024-04-23,156.9626922607422,157.66687884737183,154.99892712206798,155.67336083793805,21151600
2024-04-24,157.82559204101562,158.26198771551822,155.88165180015244,156.19903597568538,22779100
2024-04-25,154.7212371826172,155.2072260039545,149.63328396324783,150.08951991120836,57109700
2024-04-26,170.5404815673828,173.27786687075127,168.2593321924788,172.94064243070838,64665300
2024-04-29,164.78802490234375,168.1601634153097,163.8557430067843,167.67417460775002,45610000
2024-04-30,161.44564819335938,166.7220460143007,161.26713096501757,164.25245175294467,33562900
2024-05-01,162.5167999267578,165.7500714576766,161.7531075684998,162.95319556004813,33493200
2024-05-02,165.25416564941406,165.36326455481128,162.54654844018515,163.43916484164697,24294500
2024-05-03,165.86911010742188,166.5832093530068,161.71345384411,166.18647914228734,34662400
2024-05-06,166.72206115722656,166.76172661144676,164.6690220425713,166.08730795373265,21871300
2024-05-07,169.84620666503906,170.35202057689946,167.00965043305126,167.11874933173186,28039700
2024-05-08,167.99156188964844,168.75523914384442,167.35680870759575,167.61467198559197,19569100
2024-05-09,168.56680297851562,169.2908147525702,166.80138015076668,168.00146814371737,15346700
2024-05-10,167.26756286621094,168.45773852315773,164.8277360636367,166.652649874844,29799900
2024-05-13,167.7535400390625,167.89239183817318,162.65567379498282,162.91353709798523,31327600
2024-05-14,168.94366455078125,169.84620861991712,167.41629508538105,168.37834489380802,25127100
2024-05-15,171.09588623046875,171.23473800953292,169.11228073886124,169.23130735927975,26948400
2024-05-16,172.75221252441406,173.684509621438,171.27443596883012,171.869508596453,27867900
2024-05-17,174.61680603027344,174.82509128603235,172.2662381363207,172.7522118435742,24479300
2024-05-20,175.46974182128906,177.30458297385175,174.63663113812171,174.74573004665857,22554400
2024-05-21,176.39212036132812,176.6896490712989,174.36883433127562,175.44989566739218,16989400
2024-05-22,174.93417358398438,175.69785080388766,173.77376618454468,175.19203685040134,17880000
2024-05-23,172.1273956298828,176.78886621440395,171.53230783879025,175.6185460612894,21024900
2024-05-24,173.55557250976562,174.32917746118142,172.22654529374813,173.5456447964723,16579400
2024-05-28,174.9539794921875,175.81685807916702,172.94062134541406,173.01996737259077,20572200
2024-05-29,174.4580841064453,175.39038104034756,173.2877642166244,173.9919356394942,23388700
2024-05-30,170.6991729736328,173.78368015073974,170.38178882747087,173.76383985817733,22931500
2024-05-31,171.0859832763672,171.64139042387083,168.05106912485823,170.4512300886902,37638900
2024-06-03,171.75048828125,173.09934068848278,169.75697011042396,171.12564767729586,27459100
2024-06-04,172.3654327392578,172.42495363020495,170.4810131361666,171.85961866905015,26879600
2024-06-05,173.97213745117188,175.20196327061797,172.5042583714889,173.76385219874723,22068500
2024-06-06,175.2812957763672,175.6978511153371,174.30933331877074,174.4580976777925,23251000
2024-06-07,173.02992248535156,176.4119585188029,172.8712304058679,175.59868809544102,19661400
2024-06-10,173.7746124267578,175.81014466476933,171.54049500356726,173.7349014501534,23726700
2024-06-11,175.3732452392578,175.59169348463175,172.54337230776866,174.97607487552963,21540600
2024-06-12,176.5349884033203,179.13650434238232,174.8668546571235,176.99174796777623,27864700
2024-06-13,173.92356872558594,175.49241749987627,173.64554642645388,174.86685975128964,20913300
2024-06-14,175.5420379638672,175.8101362841722,172.92067425165644,172.99018739624864,18063600
2024-06-17,175.98887634277344,177.10096546528717,173.57602172386774,174.2214424940307,19618500
2024-06-18,173.8540496826172,176.13781719186318,172.87104771224654,175.88958192240335,21869900
2024-06-20,175.05551147460938,176.03851342488448,173.7547611134038,174.13206841253606,20160100
2024-06-21,178.36199951171875,179.57338876304848,175.3633134017814,175.75055979188994,57759000
2024-06-24,177.95489501953125,179.61310474396652,177.40877441541713,178.88826202454848,18298000
2024-06-25,182.73092651367188,182.98908571292054,178.15346801046124,178.35205317535076,23130200
2024-06-26,182.5819854736328,183.20752796508148,181.19185906258562,181.34080929470304,19839000
2024-06-27,184.10121154785156,184.73669324083986,182.7210240356858,182.87988309562385,18848900
2024-06-28,180.86419677734375,183.8231718610113,180.6755507145743,183.0188920765721,29156600
2024-07-01,181.69830322265625,182.5820202242078,180.02023028518573,181.73801420146654,16006100
2024-07-02,183.93240356445312,184.2600759255339,180.27837266146466,180.7649192250836,17372500
2024-07-03,184.50831604003906,184.77639921891327,182.7011560285435,183.54516199454144,10242100
2024-07-05,189.25457763671875,189.51273686548802,184.48845737897847,184.54803142014995,20967500
2024-07-08,187.69564819335938,188.8276004007438,186.4544718628467,188.55950207105113,21035900
2024-07-09,187.64601135253906,190.00921610095705,187.3878521119617,188.96662487953267,15121400
2024-07-10,189.83045959472656,190.3964432565855,187.69564243220248,187.8147905079295,15952500
2024-07-11,184.2600860595703,189.51273777959946,183.77353946919203,188.50987272919218,25625800
2024-07-12,183.76361083984375,185.7892039533301,183.18770320192158,183.77353479614163,22898400
2024-07-15,185.2133026123047,186.9112385638258,183.61466683145176,183.61466683145176,16474000
2024-07-16,182.6217041015625,187.3480977347005,182.07558352972123,186.03742351335848,18290700
2024-07-17,179.7421875,182.2543270659603,178.63008325599765,181.67841945681636,20734100
2024-07-18,176.43568420410156,181.21172786784336,175.22429500298105,180.64574423979403,25315700
2024-07-19,176.40591430664062,179.01733902058587,175.87965675110726,177.61730362532302,18881900
2024-07-22,180.38758850097656,181.41031651236526,178.95775104592673,179.3152104096892,24100300
2024-07-23,180.50674438476562,182.31390434397233,180.258509125605,180.76491875098247,36352700
2024-07-24,171.41139221191406,174.94625938754677,170.6071125080407,172.37454609585706,49585200
2024-07-25,166.0991668701172,172.19582391606315,166.00980581766575,171.30218308939462,44852000
2024-07-26,165.82113647460938,166.90343845965242,162.90188769573447,165.9700715547249,41336900
2024-07-29,168.3332977294922,169.22693862858085,166.80417515412134,167.63824201341453,20293800
2024-07-30,169.08792114257812,170.0212881339037,167.25098932978506,169.03828621199597,18959700
2024-07-31,170.3291015625,173.01997848256258,168.80990296351985,172.01711347343624,25729100
2024-08-01,169.5546112060547,172.82139580223534,167.6878923021726,169.0482167160951,24531400
2024-08-02,165.4835662841797,167.3204982165653,163.50760805366414,165.26511803151652,29130100
2024-08-05,158.12586975097656,163.26929736266635,153.8363569379613,154.40234063596142,53630700
2024-08-06,157.17263793945312,159.43655755600886,155.3059189992834,158.2053051541738,49004600
2024-08-07,157.8180389404297,161.82951376084208,157.3513554761563,160.11173013870962,25138600
2024-08-08,160.88624572753906,162.53453159498838,159.0791007984094,159.37697100848436,25578800
2024-08-09,162.51467895507812,162.6338270467508,157.93721957000096,158.8805106482627,28602300
2024-08-12,161.14439392089844,163.73597062856854,160.69757348531624,163.1898651801224,15895300
2024-08-13,163.00119018554688,163.56715864917211,161.81958802944447,162.25648447214553,18551700
2024-08-14,159.2379608154297,162.0678490367502,156.59674898008666,161.25363005478357,40591100
2024-08-15,160.16139221191406,160.49898852805327,158.4833194361169,159.36703635252704,31524300
2024-08-16,161.8096923828125,163.89485965448893,159.99260830608642,160.3302046522989,24208600
2024-08-19,165.49346923828125,165.51333229993313,163.10047787030177,164.11328189947275,22416200
2024-08-20,165.99989318847656,167.4495939252533,165.64244892165763,165.72187088023108,18341500
2024-08-21,164.67926025390625,165.67220118965227,163.5075820711663,163.984189478023,22902000
2024-08-22,162.64373779296875,166.406977492495,162.15719125168386,166.07930514645545,22493300
2024-08-23,164.45089721679688,165.00694179876172,162.67353934579646,163.55725630307884,13955700
2024-08-26,164.98707580566406,166.36726315289178,163.29907918080005,165.20552403193696,14190400
2024-08-27,163.51751708984375,165.26510295168842,163.29908400819048,164.66933228950003,11821900
2024-08-28,161.70046997070312,164.43105809322844,160.3897803993729,163.8749983304621,16407400
2024-08-29,160.6380157470703,164.7984415304893,159.11881702129344,163.15015560870546,19699800
2024-08-30,162.22671508789062,162.50473737235887,160.54864227379994,161.472070186267,22123800
2024-09-03,156.24920654296875,160.70751737773818,155.37541355771157,160.57843019098567,38945300
2024-09-04,155.3456268310547,157.87762958096508,154.8590954051368,155.554151121504,19353800
2024-09-05,156.13006591796875,158.32445729106303,154.87895042005644,155.1966988484402,18688700
2024-09-06,149.85467529296875,156.71590221863735,149.4872919188711,156.1896446256026,37912100
2024-09-09,147.856201171875,152.51926120186218,146.37475041538113,151.63437166613713,39260500
2024-09-10,147.8064727783203,150.40148807942415,147.4883027750186,149.58618882434916,31118800
2024-09-11,150.2921142578125,150.63015849718496,146.67301402683955,149.05922829099612,29607700
2024-09-12,153.80184936523438,153.93110782465322,151.77355353500636,152.9169599095392,29621500
2024-09-13,156.55596923828125,157.47068534964538,154.318887339598,154.53761027887018,29591200
2024-09-16,157.15252685546875,157.34143843484944,155.70091765708278,156.4068328344505,18379800
2024-09-17,158.40530395507812,159.6282379126932,157.4706983462141,158.10702330973243,20715600
2024-09-18,158.89247131347656,159.57851220454893,157.68942685128602,158.9421872798641,23677300
2024-09-19,161.20909118652344,162.8496118323656,160.41368126049775,162.77008449382728,26587700
2024-09-20,162.65077209472656,162.78996770160265,161.1295575441582,162.5612924555598,40896400
2024-09-23,160.92076110839844,164.53986181971814,160.74178667068307,163.40640761812853,24150900
2024-09-24,161.3582305908203,162.28289902982328,159.7674258440889,162.09398745781283,23332100
2024-09-25,160.5628204345703,161.87523384572484,160.37390888064178,160.54293101542476,18869200
2024-09-26,161.79571533203125,163.13797065652983,161.34830194759303,162.70049439754706,20319300
2024-09-27,163.0087127685547,164.74866551423864,161.69629915796872,161.87525844392792,21101300
2024-09-30,164.89781188964844,165.19607736347226,162.32267031989335,162.38233858584195,20413900
2024-10-01,166.03125,168.18878935347016,163.63508311957565,166.72722798963838,28338100
2024-10-02,164.90774536132812,166.5582184121097,163.7842281975384,165.46452779504156,17760200
2024-10-03,164.90774536132812,165.6832659184552,162.9788810936898,163.4660733087808,15073100
2024-10-04,166.100830078125,167.26411075507784,164.52989975669306,167.0950886229922,19047400
2024-10-07,162.0442657470703,167.51268816069472,161.81559051224986,166.75705707061962,22463100
2024-10-08,163.43621826171875,163.7841996365162,161.9348782063516,162.99874209117948,23072700
2024-10-09,160.9307098388672,163.89359644421285,158.8228863013817,162.5115774919813,31181800
2024-10-10,161.1494598388672,162.13378146188393,159.47909725173434,159.94640007740227,14144100
2024-10-11,162.30279541015625,162.9589946210884,160.31427801309022,161.19916764793726,15344300
2024-10-14,164.01292419433594,165.27562183830673,162.4618678561569,162.7004954092269,19016100
2024-10-15,164.51004028320312,166.71728049354707,163.68480379630955,164.83813228183462,20247200
2024-10-16,164.21177673339844,164.84810171857748,162.79993114663196,163.58538887396847,16406000
2024-10-17,161.9945526123047,165.4148047545223,161.82553046438127,164.77847983302945,21453400
2024-10-18,162.48175048828125,163.76435267205474,162.14370618061358,162.25307524146882,19757700
2024-10-21,163.12803649902344,163.5555604691452,161.6863492090046,162.01445640921125,20946500
2024-10-22,164.19186401367188,164.81825178422423,162.04426180421996,162.04426180421996,16568100
2024-10-23,161.84542846679688,164.86798338254357,161.00030251118483,163.81405642655295,18280500
2024-10-24,161.78575134277344,162.3922496608961,160.08556255879625,161.89512038935888,22412500
2024-10-25,164.32113647460938,164.63929136354844,162.48175184608664,162.7303165163636,19828900
2024-10-28,165.7628173828125,167.78116139958385,163.00871644109216,167.78116139958385,32138600
2024-10-29,168.70579528808594,169.40178845873763,166.13066910445878,166.76699401414237,42169000
2024-10-30,173.45835876464844,180.9749512117023,173.06064622942904,179.6426331826948,68890800
2024-10-31,170.12759399414062,175.80481742033143,170.01822493850247,172.13600066532192,44769000
2024-11-01,170.30654907226562,171.33064938867685,167.91039737420323,169.0935675366594,31796500
2024-11-04,168.26832580566406,169.74976136503125,167.04537684162395,168.954351474997,21492700
2024-11-05,168.76547241210938,169.55093008750674,167.87063050478386,168.45723948005892,18242100
2024-11-06,175.49658203125,175.92412112315387,172.50386907265272,172.80214969030013,33695500
2024-11-07,179.71226501464844,180.04037221530027,176.17270637176324,176.39144450553113,25352900
2024-11-08,177.3260498046875,179.8613974183841,177.0575957008054,179.61283273694843,22006200
2024-11-11,179.31454467773438,179.513393363608,177.44533365392132,177.55470270682915,17450400
2024-11-12,180.57725524902344,181.44227061052396,178.36006265722634,178.787601775427,25134900
2024-11-13,177.85301208496094,179.92107212910986,177.51495257600178,179.42394274843517,23184000
2024-11-14,174.5719451904297,177.79334885525918,173.3191846841435,177.25644065886235,31007500
2024-11-15,171.4996795654297,173.1402002652983,170.236966835199,172.73255057874763,32504600
2024-11-18,174.29354858398438,174.4327441914951,171.90731866370794,172.424337422112,20135300
2024-11-19,177.09732055664062,177.8430144374994,172.56350418840825,172.72258919074153,23434900
2024-11-20,174.96961975097656,176.65985629395433,172.7822539205829,176.32181201959514,18997100
2024-11-21,166.6676025390625,173.13028454674514,162.7601576823244,172.90159410629713,59734400
2024-11-22,163.81405639648438,165.5043083073982,162.95899331574788,164.8978098993039,38604600
2024-11-25,166.6874542236328,167.6618386099698,164.65917328191838,165.13641317917185,33135300
2024-11-26,168.14901733398438,168.84501052303654,166.61786569467208,166.66758166120195,20486700
2024-11-27,168.2583770751953,168.50694172289835,167.0553326761747,168.02970184723952,19266500
2024-11-29,167.97999572753906,168.4572356311654,166.20027942100947,167.53258236969043,14257200
2024-12-02,170.50540161132812,171.0920105058346,167.60216850996696,167.80101718271035,23789100
2024-12-03,170.3562774658203,171.68858044714352,169.86910042539293,170.50542536954606,22248700
2024-12-04,173.36886596679688,173.90577410275552,170.0778724521122,170.1673520843779,31615100
2024-12-05,171.6488037109375,175.0491662947447,171.34058597302015,174.35318831054713,21356200
2024-12-06,173.70692443847656,174.07479526094843,170.8732813965907,171.04230353586647,21462400
2024-12-09,174.56295776367188,175.44886145410123,172.8508718378986,173.15945800345577,25389600
2024-12-10,184.31787109375,185.502397306232,180.21683563214248,182.00855531536865,54813000
2024-12-11,194.5007781982422,194.70981847741263,183.99934063524287,184.4572152451297,67894100
2024-12-12,191.0766143798828,194.2817820941682,190.8277648699629,194.10261773753882,34817500
2024-12-13,188.94647216796875,191.84306905787375,188.7672926142497,190.13098313311997,25143500
2024-12-16,195.75498962402344,198.08421748080238,191.733572884141,191.98242240358925,44934900
2024-12-17,194.52069091796875,200.4930793963414,194.082713332717,196.3422712265007,43504000
2024-12-18,187.5330047607422,196.09343489769404,186.87605352724106,194.3216274116736,34166100
2024-12-19,187.64248657226562,192.1416901461699,187.513095150107,190.748138909751,32265200
2024-12-20,190.52915954589844,192.00234452424112,184.36764269628742,184.92506321844033,63462900
2024-12-23,193.7343292236328,194.20216752678672,189.27493498031782,191.73356940291157,25675000
2024-12-24,195.20753479003906,195.20753479003906,192.8882552424337,193.9433748674021,10403300
2024-12-26,194.69989013671875,195.84459196860374,193.48550314170072,194.25194880473947,12046600
2024-12-27,191.8729248046875,194.42115659969988,189.77263428806026,194.05284898883724,18891400
2024-12-30,190.3599395751953,191.66390866604786,188.24968525874627,188.9265638700057,14264700
2024-12-31,188.42886352539062,191.07662611886298,187.6424905201336,190.2006709297877,17466900
2025-01-02,188.55825805664062,191.11643850843902,186.63714698089748,189.7726449747486,20370800
2025-01-03,190.90740966796875,192.32088844513342,189.10574139792004,190.48934425629204,18596200
2025-01-06,195.9640350341797,197.30782865396526,192.95794346331456,193.0873348986171,29563600
2025-01-07,194.59039306640625,200.0750314967655,193.70448930563006,196.20293323603758,26487200
2025-01-08,193.05746459960938,195.38669258245946,191.49469743094454,191.683825506133,24864800
2025-01-10,191.15625,195.61564455345277,189.4342154897214,193.40585949210492,26665200
2025-01-13,190.1309814453125,190.3001972959748,186.49778453538255,189.19532001022134,21823700
2025-01-14,188.78720092773438,191.09651654383717,187.44340746260227,190.3599316953501,17174900
2025-01-15,194.65011596679688,195.45638605757955,190.97709427450172,192.20142977574318,21776000
2025-01-16,192.0222625732422,194.5804279448186,191.92271668187493,193.2465980564925,17815400
2025-01-17,195.0980224609375,196.32235783888785,192.85837679493184,195.6255822249555,27735100
2025-01-21,197.13861083984375,201.3590893649602,196.95943127097462,198.1539212272468,29971300
2025-01-22,197.45713806152344,199.5574288922106,196.6210072103629,198.14396525660933,26200600
2025-01-23,197.0689239501953,199.3782549776066,194.30171827365388,197.22819130144518,26951400
2025-01-24,199.28866577148438,199.9754777209976,197.08882922694013,197.18837511510904,23877500
2025-01-27,190.9273223876953,195.97399844848505,189.85229053116194,191.5245673708486,41728900
2025-01-28,194.4012451171875,194.58040947836048,189.80249572901596,191.86297701391987,24157900
2025-01-29,194.51075744628906,195.88439657430914,192.5398581602494,194.66006109436606,18218300
2025-01-30,199.94561767578125,200.47317747002577,196.76034669489817,197.08882990069444,24354700
2025-01-31,203.0811309814453,204.5344037474068,200.87134591508243,201.0704225036096,32001100
2025-02-03,200.303955078125,202.8123625387659,199.17916555521708,199.76644678798675,27838300
2025-02-04,205.43026733398438,206.09718224678258,201.87668878157095,202.454021509494,43856400
2025-02-05,190.44952392578125,191.86298743209488,187.16470709545553,190.19072588273337,70373900
2025-02-06,190.71829223632812,191.21599131294843,187.85154069465264,188.62795003909466,29297400
2025-02-07,184.48709106445312,190.3002126652559,182.39676404459453,190.1708212328695,49315000
2025-02-10,185.6118927001953,187.33392723255807,185.00469922620795,186.4878479252447,23105600
2025-02-11,184.46719360351562,186.07973375626966,183.43197101543439,184.17851963260873,21239500
2025-02-12,182.7650604248047,184.25815769470228,180.9932528796119,182.37685574217417,22072600
2025-02-13,185.2834014892578,185.42275661553663,182.29720719308074,183.47178484763324,21402500
2025-02-14,184.37759399414062,185.54220800020582,183.4717932262479,184.20837813225802,20448400
2025-02-18,182.92431640625,185.10424071494356,180.90365944170068,184.74589678490392,29916700
2025-02-19,184.41741943359375,184.60654751219354,182.74514264416922,183.22294469175932,19549400
2025-02-20,183.71066284179688,184.45721138402692,181.87913406344907,183.9495638431953,20441500
2025-02-21,178.83322143554688,184.48707519951907,178.25588873059436,184.29794713548316,35199200
2025-02-24,178.42510986328125,182.27729565940143,178.06676593885823,181.15250613186586,29854200
2025-02-25,174.61273193359375,177.91746089820734,173.88609557732903,177.22067008112575,41913400
2025-02-26,171.9351043701172,175.26969397988614,170.79040266509935,174.2643473971189,35431300
2025-02-27,167.72457885742188,173.75668887755327,167.1671583548918,173.18931986196714,39991000
2025-02-28,169.4963836669922,169.82486685567105,166.00254187779413,167.90374066525882,48130600
2025-03-03,166.24143981933594,172.57217267061702,165.1664079930538,171.13879690224084,40770500
2025-03-04,170.13345336914062,172.49254217135646,165.03701959982106,165.47499722472898,45388000
2025-03-05,172.22378540039062,172.98028249678805,168.2820021982634,169.73529012314535,30954900
2025-03-06,171.55686950683594,174.0055403400316,169.71537693678601,169.7452376648565,28302000
2025-03-07,173.05992126464844,174.1648138078256,169.48644558654738,170.4718800246714,27385800
2025-03-10,165.2968292236328,167.87789100205225,163.12436954047675,167.6785699397653,43604000
2025-03-11,163.47315979003906,166.17380218640486,160.81238769070245,164.34016388069963,39587400
2025-03-12,166.5325469970703,167.06071434970798,162.96491596959018,166.00437964443265,28372400
2025-03-13,162.19757080078125,165.55593597038603,161.54982298434425,165.4662354123983,31756200
2025-03-14,164.9181671142578,165.91471168879448,161.88866309227078,162.70583694230132,31995900
2025-03-17,163.72230529785156,165.72536967150563,163.10445251309577,164.4597537744784,31184300
2025-03-18,160.1147918701172,163.68242275706862,156.17844440971348,163.11438513260956,42074800
2025-03-19,163.32366943359375,165.29682318848322,160.44365657902026,161.20102488744715,34275600
2025-03-20,162.23745727539062,164.32023175461748,160.4038189359583,161.0117117252994,28138500
2025-03-21,163.42335510253906,163.6724912535671,160.33406074736575,160.65296231959232,36625800
2025-03-24,167.1005859375,167.7383890591239,164.56936942432435,166.492708348571,30879100
2025-03-25,169.9706268310547,170.04039224469534,167.7383768915496,168.3960847024039,24174400
2025-03-26,164.48963928222656,169.0239199788623,164.27039826701778,168.41602720143118,28901600
2025-03-27,161.6793975830078,164.84840203770966,161.44022141043914,164.06113851285755,24508300
2025-03-28,153.79673767089844,161.26086257414812,153.09915945705842,159.93545636481977,48669300
2025-03-31,154.1056365966797,155.0025205393741,150.13939385440554,152.58092477046202,54603500
2025-04-01,156.5272674560547,157.55370717648853,153.08917642482464,153.08917642482464,30672900
2025-04-02,156.49732971191406,157.86260591341835,154.16541940835015,154.61386135810304,25041700
2025-04-03,150.19918823242188,152.25206746912303,149.87032672274708,150.58783997911712,46883400
2025-04-04,145.09689331054688,150.54799324363788,144.8776522919314,147.49855413182192,62259500
2025-04-07,146.24290466308594,152.3218321659185,140.04439668677543,141.06087632952463,76794100
2025-04-08,144.19998168945312,151.7139355045659,142.5357542501846,150.69745588802078,52200200
2025-04-09,158.16159057617188,158.99868434001036,143.41272834835817,143.9209605893895,70406200
2025-04-10,152.29193115234375,157.17499290712513,149.41190307502956,155.99906254121734,48022000
2025-04-11,156.59701538085938,157.12518279409443,152.29195068350106,152.37166086891528,33636200
2025-04-14,158.5203399658203,161.16117679260088,157.0155480479404,159.44711904636745,30333000
2025-04-15,155.76988220214844,159.09833747842598,154.6736922783896,158.58014524074957,27551500
2025-04-16,152.8001708984375,155.35132240030543,150.98645259897873,152.57096991980188,28187400
2025-04-17,150.63766479492188,154.14549035907424,147.98685287180376,153.75683862644127,33046600
2025-04-21,147.15972900390625,148.43530478654532,145.59516199807078,148.36555457655837,26049100
2025-04-22,150.94659423828125,151.66410748339032,148.02671099242252,148.37550764431742,26971800
2025-04-23,154.81320190429688,156.98566172409713,153.27851478210604,155.07229801307963,31128800
2025-04-24,158.7296142578125,159.03854063446718,155.2516683139833,155.6104249592094,45894000
2025-04-25,161.40036010742188,165.52605388757996,160.4835257508864,164.49961422965615,56034000
2025-04-28,160.0550079345703,162.58622419769722,158.05195902405725,161.86871096281394,29745800
2025-04-29,159.60658264160156,160.18458031932272,156.97570557414937,159.76603342291708,26809000
2025-04-30,158.25128173828125,158.71965890557001,154.86302105563792,157.43410788690483,34981100
2025-05-01,160.7426300048828,161.39037784388623,158.36088927125815,159.8955611021286,30203200
2025-05-02,163.46319580078125,164.39995007912242,161.3106559960053,162.84534306658284,25715000
2025-05-05,163.642578125,164.81849332954616,162.15772135408076,162.436752596043,21341800
2025-05-06,162.6659698486328,164.23055216038995,160.63302556719455,161.60963501178307,21277200
2025-05-07,150.85690307617188,164.4298335624806,147.32912722252786,163.5130144970414,127490100
2025-05-08,153.7469024658203,155.3911950032793,152.37166602688535,154.464415807346,57498700
2025-05-09,152.22216796875,154.51422329361623,151.674065468403,153.63725929306102,32435300
2025-05-12,157.91244506835938,158.55023292762746,155.7100750758197,156.94579570580373,44138800
2025-05-13,158.978759765625,160.0151746711756,155.62040930962155,158.24131128306263,42382100
2025-05-14,164.79856872558594,166.4229412214118,159.0584775444673,159.4072742222668,48755900
2025-05-15,163.39344787597656,165.6356730691148,161.80893051621783,165.26694125278715,33146700
2025-05-16,165.61572265625,168.76480673115492,165.04768502743337,167.15039440077075,42846900
2025-05-19,165.96450805664062,166.06416858529283,163.65253281131433,163.94152401470697,30426100
2025-05-20,163.41336059570312,167.91774593119885,162.337090725838,165.8548915457752,46607700
2025-05-21,167.97755432128906,172.54173038625467,162.99483135159699,163.12438701474937,73416000
2025-05-22,170.27955627441406,176.15917803179707,170.12012070875053,171.25618084668935,74864400
2025-05-23,167.8878631591797,169.37272002705043,167.30986548992928,168.47582079984258,35211400
2025-05-27,172.3025360107422,172.5716072803838,169.41256307598843,169.5720138436325,37995700
2025-05-28,171.76441955566406,174.66436785084326,171.31597754856884,172.56165823831284,34784000
2025-05-29,171.26614379882812,173.81729536660228,170.04039828273065,173.39874848808273,29317300
2025-05-30,171.1465606689453,171.61493780799663,166.86141620850907,170.75790891590938,52639900
2025-06-02,168.4459228515625,169.28301661805224,166.81159040962694,167.26003241267054,38612300
2025-06-03,165.6057586669922,167.89781407143477,164.70887469424017,166.91124474262,45084900
2025-06-04,167.4693145751953,167.63872532387313,165.78515185366567,166.1638436483944,26900800
2025-06-05,167.62876892089844,170.33935616350743,167.01090094696792,169.75139851627495,36379100
2025-06-06,173.07984924316406,173.897023068816,170.239706414102,170.239706414102,35731800
2025-06-09,175.69395446777344,176.07310468622353,173.97782168090652,174.14743750903665,28935900
2025-06-10,178.19833374023438,180.70268325607967,174.5166301339373,175.80372221831115,61766100
2025-06-11,176.95114135742188,179.96433833777158,176.352484683136,179.36569688795734,31646800
2025-06-12,175.30482482910156,176.32253497944023,174.3569645474145,175.7837409838909,20941900
2025-06-13,174.27716064453125,176.73163473712606,172.00228964381978,172.05218023736916,27663100
2025-06-16,176.3724365234375,176.5420523549515,174.25719419482596,174.33701609632743,27389200
2025-06-17,175.5542755126953,176.96110799729416,174.1873615915514,175.30483777675101,24973000
2025-06-18,172.93020629882812,176.16290971424257,172.81046582918458,175.6141436330853,28707500
2025-06-20,166.26522827148438,173.94790803011588,165.08788938336605,173.55878574385125,75659900
2025-06-23,164.81846618652344,166.96362443515676,161.63563852290417,165.89603893694584,57671000
2025-06-24,166.3949432373047,167.84167918331357,165.75638318822968,166.5445998017471,40524300
2025-06-25,170.29612731933594,171.97235685648238,167.17317715297744,167.25299905707695,35479000
2025-06-26,173.1497039794922,173.29937576602373,169.5578094698184,172.0421997468365,31796700
2025-06-27,178.12847900390625,178.27813555923768,171.3437693802371,173.14969619543672,108140200
2025-06-30,175.83363342285156,180.82238782578247,174.18735055967244,180.37340297441276,63378900
2025-07-01,175.44451904296875,175.6939567742825,173.139716841545,175.3447530851258,35904500
2025-07-02,178.23822021484375,178.4577266308603,174.67625741761273,175.14518633422566,29128900
2025-07-03,179.126220703125,179.265905222364,176.65180269468908,178.09853847776557,21689700
2025-07-07,176.3923797607422,178.89674433224096,175.28487562232132,178.65727862884938,34175600
2025-07-08,173.9678497314453,177.54977185383785,172.42133277200756,177.4500058972594,40442500
2025-07-09,176.22276306152344,179.03642797074187,172.38143114455036,174.85584916951822,43025600
2025-07-10,177.22052001953125,178.02869585837095,173.98781666417247,175.2350053597822,29252400
2025-07-11,179.78475952148438,181.02196104807066,176.08309652221448,176.39239690386106,34282900
2025-07-14,181.1516571044922,183.2569121837853,179.27588047712075,180.60289104600895,32536600
2025-07-15,181.59066772460938,183.80567598843865,181.1915734457722,182.3988435351607,33448300
2025-07-16,182.55850219726562,183.91544417003013,181.62061381873355,182.82789923086935,33104200
2025-07-17,183.1671142578125,183.64603043273615,180.07408034072432,181.73035050857078,31992600
2025-07-18,184.643798828125,186.00074080595235,183.2968441040249,184.9830305164638,34014500
2025-07-21,189.67247009277344,189.86202999312056,185.73134148599024,185.83112267520195,45803100
2025-07-22,190.90966796875,191.21896833519165,187.03840453704987,191.0693117786785,44660200
2025-07-23,189.8021697998047,192.09700016081177,188.75452819755446,191.06931784155387,58681900
2025-07-24,191.73777770996094,197.5047763656739,190.57041105035847,196.5868474168703,74881700
2025-07-25,192.74551391601562,193.8929365997576,190.82983399147875,191.54821586623893,39785900
2025-07-28,192.14686584472656,193.61356085282932,190.41077383680673,193.21445136708732,38139500
2025-07-29,195.30975341796875,195.47936925683575,191.64800916549822,191.99721287217557,41389200
2025-07-30,196.08799743652344,197.155598285003,194.2521393007246,195.1600963397073,32445400
2025-07-31,191.46839904785156,195.54921195775628,190.66022322341527,195.26984291287636,51329200
2025-08-01,188.7046356201172,190.40080913246982,187.39758435603645,188.6048544387261,34832200
2025-08-04,194.60133361816406,194.830827292421,189.69240089649873,189.86201672672937,31547400
2025-08-05,194.23216247558594,197.41499022677854,193.45391800516853,194.27208103659058,31602300
2025-08-06,195.64898681640625,196.18778087351924,193.23443126184418,194.0625664055758,21562900
2025-08-07,196.07801818847656,197.09571318148866,193.8929412029117,196.6167969951023,26321800
2025-08-08,200.9669952392578,202.15432130991044,196.72655368662487,196.7764442791972,39161800
2025-08-11,200.54794311523438,201.02685931355308,198.62229106869012,200.48808049350347,25832400
2025-08-12,202.88267517089844,204.04006993048975,200.1388600495838,200.91710457512625,30397900
2025-08-13,201.5057830810547,204.06999503609887,197.06577929471834,203.6709007567403,28342900
2025-08-14,202.48358154296875,203.98020797768137,200.77742070862897,201.0468177297292,25230400
2025-08-15,203.44140625,205.97570210941166,200.82730371462006,203.39153088363753,34931400
2025-08-18,203.0423126220703,204.80833601681928,202.0345896716843,203.74073522255918,18526600
2025-08-19,201.11666870117188,202.98245812812408,199.51028904350812,202.57337657986534,24240200
2025-08-20,198.87171936035156,200.82730262485018,196.15783565803162,200.27853657760338,28955500
2025-08-21,199.30075073242188,202.02460654215824,198.9814631231269,199.30075073242188,19774600
2025-08-22,205.62649536132812,208.07098221204853,200.8472748764244,202.27405146693474,42827000
2025-08-25,208.02108764648438,210.046520726557,204.8183006045268,205.96570803332725,29928900
2025-08-26,206.6741180419922,207.38252787024734,205.23735432936843,207.04328099820484,28464100
2025-08-27,207.01336669921875,208.4401585010209,205.18748059977113,205.2373711930947,23022900
2025-08-28,211.16400146484375,211.74269881815906,206.43465668224866,206.7838755896793,32339300
2025-08-29,212.43116760253906,214.16724458693432,209.72725571237183,210.0365560843286,39728400
2025-09-02,210.8746795654297,211.20392399730977,205.73625278986853,207.9712205067108,47523000
2025-09-03,230.14125061035156,230.78978267421618,224.28444185471682,225.70126168023373,103336100
2025-09-04,231.7775421142578,231.84737676203946,225.60146147412655,229.13349303754427,51684200
2025-09-05,234.4714813232422,235.22976659054154,231.37844718195538,231.677775522156,46588900
2025-09-08,233.72247314453125,237.8069358559837,233.3529799966882,235.15054099905157,32474700
2025-09-09,239.30490112304688,240.14375784585562,232.91357479962468,233.85230194861487,38061000
2025-09-10,238.84552001953125,241.33214736167037,237.5273187664355,238.5758820575914,35141100
2025-09-11,240.0438995361328,241.9213539288796,235.92949376965038,239.55457404217233,30599300
2025-09-12,240.4733123779297,241.75157459718335,237.67710805902945,240.04388783032,26771600
2025-09-15,251.26864624023438,252.06756394348793,244.32807821701437,244.32807821701437,58383800
2025-09-16,250.8192596435547,252.696698721273,249.13154999644232,251.73800966841424,34109700
2025-09-17,249.19146728515625,251.25866627901078,245.94587648389523,250.87917693990602,34108000
2025-09-18,251.68807983398438,253.64542748570952,249.46110945180462,251.338548569648,31239500
2025-09-19,254.3744354248047,255.65269769422878,251.4683796180924,252.90642848071656,55571400
2025-09-22,252.18740844726562,255.4329993925613,249.96043800377367,254.08482475081846,32290500
2025-09-23,251.31858825683594,254.01492224497756,250.1401811840686,252.69670571321294,26628000
2025-09-24,246.80471801757812,252.00765659919705,246.1056707170572,251.31859024650916,28201000
2025-09-25,245.45652770996094,246.15559020390248,240.41339128252798,244.0684141454478,31020400
2025-09-26,246.2055206298828,249.08161830530747,245.63630185383965,246.73481561544992,18503200
2025-09-29,243.71890258789062,250.80926093832198,242.4406403715287,247.51375020937843,32505800
2025-09-30,242.77020263671875,242.9599320717839,238.92541967317948,242.48058753408858,34724300
2025-10-01,244.5677490234375,245.96585884887978,238.2862890899911,240.42338523813993,31658200
2025-10-02,245.356689453125,246.4751651396655,241.97128907367482,244.8174135056227,25483300
2025-10-03,245.0171356201172,245.96584369150784,241.33213946713911,244.15830178707057,30249600
2025-10-06,250.09024047851562,250.97904766602093,244.24818617214953,244.44791178946252,28894700
2025-10-07,245.42657470703125,250.1002333278666,245.18691006468788,247.93317917084852,23181300
2025-10-08,244.2881317138672,245.67624536262252,243.48922922331397,244.62768203424937,21307100
2025-10-09,241.2023162841797,244.42792989328805,238.82554034163272,244.13833003954065,27892100
2025-10-10,236.24905395507812,243.75884063652228,235.52003337107624,241.10244578834048,33180300
2025-10-13,243.8187713623047,244.16830263513637,239.38480762364867,239.8841293059291,24995000
2025-10-14,245.11700439453125,246.78473694130554,240.18370386409978,240.9027282868883,22111600
2025-10-15,250.68943786621094,251.76797450819856,245.6562821083569,246.91456723829836,27007700
2025-10-16,251.1188507080078,256.6113736152233,249.76069521164578,251.42842769264908,27997200
2025-10-17,252.95635986328125,253.87510990312921,247.4738024671156,250.41979725844868,29671600
2025-10-20,256.2019348144531,256.98087539491434,253.88509020638818,254.3444728441902,22350200
2025-10-21,250.12020874023438,254.53421031738455,243.81875668908756,254.39440086428343,47312100
2025-10-22,251.34854125976562,256.01218852739623,248.95178813355238,254.02489806023604,35029400
2025-10-23,252.7366485595703,254.69398089708358,251.50832156545113,252.6367781341903,19901400
2025-10-24,259.5674133300781,261.32500504033385,254.97364746401067,256.23191746004557,28655100
2025-10-27,268.9046630859375,269.7735083332291,263.92144290721717,264.4607188078389,35235200
2025-10-28,267.1071472167969,270.3627344019799,266.1384619149823,269.3241367489819,29738600
2025-10-29,274.197509765625,274.96645416764926,267.3068768000952,267.38675485794886,43580300
2025-10-30,281.09814453125,291.1944142933695,279.6800575475708,291.1944142933695,74876000
2025-10-31,280.80853271484375,285.6120049046921,276.6541726227251,282.8257813584811,39267900
2025-11-03,283.3350830078125,285.14262497278366,279.42038779718166,281.797163766903,29786000
2025-11-04,277.1634826660156,280.88840284028174,275.88522040271835,276.3745458896769,30078400
2025-11-05,283.9242858886719,286.03143918614273,276.96374058170124,278.4916636746374,31010300
2025-11-06,284.36370849609375,287.9588308357049,280.7586204462715,284.9429082592804,37173600
2025-11-07,278.4516906738281,283.39498707048995,274.816645004158,282.82575309004056,34479600
2025-11-10,289.7064208984375,290.40545290698407,282.47622284552773,284.03413439651047,29557300
2025-11-11,290.9147644042969,291.5239526379353,286.9301875660949,287.3595968518003,19842100
2025-11-12,286.3210144042969,291.613842224268,283.30512258449664,291.2842728658537,24829900
2025-11-13,278.19207763671875,282.45627365196606,276.8638649512614,281.9569519907634,29494000
2025-11-14,276.0350036621094,278.1820807042813,270.3327588398133,271.04178706348836,31647200
2025-11-17,284.63330078125,293.55120856159544,283.1852862901624,285.392279437324,52670200
2025-11-18,283.8943176269531,288.4081743957296,277.8225797399186,287.52939388700526,49158700
2025-11-19,292.4127502441406,303.39782684502376,286.2411417953812,286.77042153983126,68198900
2025-11-20,289.05731201171875,306.0042898345543,288.2783714658303,304.1268355762142,62025200
2025-11-21,299.2534484863281,303.50767860502685,293.4513334764558,296.0178540164301,74137700
2025-11-24,318.14776611328125,319.0465694557707,309.17996886834777,310.70789188393536,85165100
2025-11-25,323.0011901855469,328.3838617048627,317.2190369667809,325.767421144808,88632100
2025-11-26,319.5159606933594,324.0597758686898,316.36024396458464,320.2449508538883,51373400
2025-11-28,319.74560546875,326.40656970987055,316.3602205188893,322.9312800436979,26018600
2025-12-01,314.4627990722656,319.41606123931075,313.46415578589995,317.26898426885936,41183000
2025-12-02,315.38153076171875,317.948051296999,313.4841146313127,316.3102616947243,35854700
2025-12-03,319.1963806152344,321.14371687287894,313.67388407801036,315.4614642178001,41838300
2025-12-04,317.1890869140625,321.92264650582644,314.27306548179905,321.7928484740126,31240900
2025-12-05,320.8341064453125,322.72155681925386,318.73697999805336,319.05652267664885,28851700
2025-12-08,313.49932861328125,320.21460294317257,311.0010871288888,319.82486263347363,33909400
2025-12-09,316.85693359375,317.7662971049956,311.6805848338384,312.15025542764414,30194000
2025-12-10,319.9847412109375,321.0839735202244,314.45863248382005,315.6078174223929,33428900
2025-12-11,312.210205078125,320.8940942947929,308.3829128168011,319.85481737290655,42353700
2025-12-12,309.07244873046875,314.6485102459599,305.34506149685063,313.47935032153816,35940200
2025-12-15,308.003173828125,311.2009348824072,304.66552711937686,311.1009991314403,29151900
2025-12-16,306.3543395996094,310.5513666605185,302.37712849550337,304.7354841263937,30585000
2025-12-17,296.5112609863281,307.87325739956634,295.9116769824828,307.7933270972379,43930400
2025-12-18,302.2472229003906,303.7461677101471,299.0195145942255,301.50775321966603,33518000
2025-12-19,306.9439392089844,307.03387224107576,300.7582909786616,301.5177661333593,59943200
2025-12-22,309.56207275390625,309.9118326328777,305.0852133945127,309.66200850448513,26429900
2025-12-23,314.1288757324219,314.7184570357758,309.1024153195162,309.41219480947996,25478700
2025-12-24,313.8690490722656,314.8583428959372,311.70059264113144,314.5485634057752,10097400
2025-12-26,313.2894592285156,314.86833429915043,312.0603135401851,314.25877806497726,10899000
2025-12-29,313.33941650390625,313.79908436732376,310.4014822754237,311.15095467052413,19621800
2025-12-30,313.6292419433594,316.72706748217655,312.24020504037514,312.28018544302313,17380900
2025-12-31,312.7798156738281,314.3586907819443,311.22091551782626,312.62992729269524,16377700
2026-01-02,314.9283142089844,322.2731502440002,310.11169732658084,316.67708324131615,32009400
2026-01-05,316.3173522949219,318.79558832967825,314.4086921415047,317.4365596004392,30195600
2026-01-06,314.1188659667969,320.71422913013345,311.5606693028291,316.17741436833177,31212100
2026-01-07,321.7535095214844,325.9205589972494,313.96898096999803,314.13884430323384,35104400
2026-01-08,325.2110595703125,330.0876314322289,321.2738288701313,328.7385750407063,31896100
2026-01-09,328.3388671875,330.5972566011106,325.5707962902668,326.8598973489763,26214200
2026-01-12,331.62652587890625,333.80501545240315,324.77136644379436,325.57079145505844,33923900
2026-01-13,335.7336730957031,340.25048265726696,333.38532003422745,334.7144015630273,33517600
2026-01-14,335.603759765625,336.2832741209541,330.2475447349911,334.8243096530742,28525600
2026-01-15,332.5458984375,337.4524480652932,330.507324974913,337.4124676651339,28442400
2026-01-16,329.7678527832031,334.4145755186536,327.46948297740045,334.1747541117482,40341600
2026-01-20,321.77349853515625,327.49947891315526,320.20459558658575,320.6442885211675,35361000
2026-01-21,328.1490173339844,332.24613943011235,319.12537039479025,320.6942733516965,35386600
2026-01-22,330.3074951171875,334.9142376434696,328.5187457270175,334.2147483456718,26253600
2026-01-23,327.6993103027344,333.45526818914374,327.21966747627397,332.25610013077164,27280000
2026-01-26,333.02557373046875,335.60374537803585,326.7699676491338,327.5793954045391,26042100
2026-01-27,334.31463623046875,337.6722883721735,333.2454121385867,335.1340666902067,21636200
2026-01-28,335.7736511230469,337.30257365930305,331.7065067534381,335.82360375323316,27434400
2026-01-29,338.0120544433594,342.0492210013424,326.3103005061971,340.06060015063264,39785600
2026-01-30,337.7622375488281,339.76083067041884,332.0562627255977,339.76083067041884,31024000
2026-02-02,343.4482421875,344.5874244246442,335.3939142353609,335.983495554882,32006100
2026-02-03,339.47100830078125,348.7544814019383,337.2325938809106,347.09564553860224,36506700
2026-02-04,332.80572509765625,343.0684894885568,328.2888852617291,342.7187296036167,70618400
2026-02-05,331.0169677734375,332.45595718246585,306.24439883874277,312.0003564748562,88205800
2026-02-06,322.63287353515625,330.147603202773,319.694969697787,326.94984200428365,56380500
2026-02-09,324.09185791015625,327.4694850607409,317.03682684844796,320.70422803551696,39640100
2026-02-10,318.3558654785156,321.4437184993816,314.38865715458337,320.7441987510988,39170000
2026-02-11,310.7412414550781,320.8341425405983,309.44216816023624,318.7456164455411,45406400
2026-02-12,308.7826232910156,316.0175203045161,306.9839017615506,311.87044586439265,47761300
2026-02-13,305.50494384765625,308.41290048065196,303.4963480144474,307.5135396808651,38499700
2026-02-17,301.8075256347656,304.22583664461854,296.04159566157676,299.82893803190484,39247600
2026-02-18,303.1166076660156,305.1651838815364,301.0380842700908,301.87748970860525,28482100
2026-02-19,302.636962890625,305.25511494304027,299.828942056139,301.6076886754516,25834400
2026-02-20,314.7584228515625,316.2773425544253,303.68620054308417,304.1059184917761,53210800
2026-02-23,311.2708740234375,319.29522413676915,309.65201848441603,318.82555353627805,31423000
2026-02-24,310.6813049316406,312.05033638585,305.71479964031533,310.3015673465962,25615600
2026-02-25,312.67987060546875,313.4193707572093,309.22231323387047,311.84046520002283,29963600
2026-02-26,307.1637878417969,312.9197459051382,302.1373272609355,312.42009761480955,36431200
2026-02-27,311.54071044921875,312.1502667227519,303.5862877430576,303.92607541564644,44640600
2026-03-02,306.3043518066406,308.27296712894787,301.088022863519,303.0166882830762,34790200
2026-03-03,303.3664245605469,303.72618716624237,296.5012623376298,298.37994467731505,35497000
2026-03-04,302.9167785644531,305.2551289128473,300.5384478137644,302.6769571429086,29536200
2026-03-05,300.6683349609375,303.08661540637286,297.78035344585857,302.82681905445145,35752300
2026-03-06,298.30999755859375,300.31859339921897,294.97235071392555,295.88171424137005,25576900
2026-03-09,306.3599853515625,306.79998779296875,294.0799865722656,294.3599853515625,29312100
2026-03-10,307.0400085449219,309.510009765625,305.57000732421875,306.1700134277344,23239700
2026-03-11,308.70001220703125,311.4200134277344,305.9200134277344,306.75,24125700
2026-03-12,303.54998779296875,308.94000244140625,301.0299987792969,306.82000732421875,24928300
2026-03-13,302.2799987792969,307.69000244140625,300.44000244140625,307.010009765625,23693100
2026-03-16,305.55999755859375,306.489990234375,303.0199890136719,304.3500061035156,23519700
2026-03-17,310.9200134277344,311.4200134277344,305.5,305.8599853515625,21955200
2026-03-18,307.69000244140625,312.4700012207031,306.92999267578125,309.2699890136719,20009800
2026-03-19,307.1300048828125,308.05999755859375,302.3500061035156,304.010009765625,25075800
2026-03-20,301.0,306.0,298.2699890136719,305.4599914550781,44364100
2026-03-23,302.05999755859375,305.9800109863281,300.92999267578125,302.1099853515625,29326900
2026-03-24,290.44000244140625,299.9200134277344,290.3299865722656,299.20001220703125,36864300
2026-03-25,290.92999267578125,296.0,289.239990234375,293.44000244140625,29460700
2026-03-26,280.9200134277344,287.95001220703125,278.5,287.9100036621094,39080600
2026-03-27,274.3399963378906,279.3699951171875,273.95001220703125,277.2799987792969,35890600
2026-03-30,273.5,277.0899963378906,272.1099853515625,276.4200134277344,35141200
2026-03-31,287.55999755859375,288.0799865722656,277.0899963378906,278.0400085449219,43793200
