Date,Close,High,Low,Open,Volume
2016-04-04,96.9122085571289,97.90604218146754,96.8330499850693,97.54545029336785,21529400
2016-04-05,95.81285858154297,96.62199803886809,95.72490309743522,96.19104434899774,32515800
2016-04-06,96.89460754394531,96.9825562873963,95.50499458321902,95.8040283630232,28157800
2016-04-07,95.58418273925781,96.63958140750636,95.1004544354416,96.19104066403432,33298400
2016-04-08,95.96235656738281,96.80667673907371,95.54019312650723,96.40210707618392,26151700
2016-04-11,95.66332244873047,97.22883989187464,95.64573538085705,96.51643950688661,25842100
2016-04-12,96.69233703613281,96.90341538628951,95.36428871669156,95.6809095969565,25058700
2016-04-13,98.77674865722656,98.88229118589706,97.19365098752733,97.2552157850702,40534700
2016-04-14,98.65363311767578,99.11976760977784,98.3985770029281,98.73279170297157,25538600
2016-04-15,98.89988708496094,99.05819753707537,98.38098470362267,98.4161655496548,21176100
2016-04-18,99.64745330810547,99.7266051672079,98.38976676969043,98.48651240418845,19428300
2016-04-19,99.72662353515625,100.37745243342063,99.2868730101013,99.83216607679122,23228100
2016-04-20,99.87615203857422,100.4478291486454,99.3572495622426,99.72663844811204,21422500
2016-04-21,99.37484741210938,100.19278386814406,99.0846170903388,99.79701097750821,20535700
2016-04-22,100.35986328125,100.43022497421252,99.36602953088082,99.36602953088082,29094500
2016-04-25,99.64745330810547,100.18394938666388,99.21649304168363,100.08720375216585,16369600
2016-04-26,100.62372589111328,100.72926173058241,99.53313967615158,99.9728902341023,30564100
2016-04-27,100.97550964355469,101.1865947189387,100.17516720708612,100.68527940750711,24360300
2016-04-28,99.8233642578125,101.14261576782765,99.55072109296196,100.50057708052714,26126500
2016-04-29,98.92626953125,99.78817670220161,98.2578469323061,99.39240395983441,33284500
2016-05-02,99.80577087402344,99.83215482894444,98.66241695367528,99.23409391384936,21881000
2016-05-03,98.16989135742188,98.99661762781301,97.56303359857559,98.9878274501915,37929600
2016-05-04,97.36077117919922,98.49532842779912,97.07054090960564,97.61582730889015,30767200
2016-05-05,96.9737777709961,97.91484353020691,96.8330543965056,97.756533088935,26249200
2016-05-06,97.54547882080078,97.56306589192435,96.34055979196108,96.56923197693638,25497400
2016-05-09,97.8268814086914,98.40734847399764,97.29917553651987,97.55423158538707,23427000
2016-05-10,98.81192016601562,98.85589789298898,97.68616014011216,98.2050691361496,18635300
2016-05-11,97.58943939208984,98.74158366392646,97.51028751542661,98.59207009018873,23604600
2016-05-12,97.07051849365234,98.0555552249223,96.3053502812756,97.79170897621476,34803000
2016-05-13,96.42848205566406,97.57183595612543,96.18222286727168,96.79787083825263,24510300
2016-05-16,97.6510009765625,98.0819546143139,96.63078324289746,96.6747542695722,27337000
2016-05-17,96.10308837890625,97.99401720661784,95.66333780083663,97.5190857770953,46676300
2016-05-18,96.60440826416016,97.32560568740791,95.68093603328491,95.69852310479898,35734400
2016-05-19,95.8304214477539,96.54281506067522,94.97730446385278,95.90078313324382,36995600
2016-05-20,97.43992614746094,97.43992614746094,96.06790660017803,96.12067451813175,37404500
2016-05-23,97.32559204101562,97.96762406721263,97.18486864838793,97.42233098587131,23721700
2016-05-24,99.33085632324219,99.57711555748871,97.86208438745321,97.89726523663998,41124300
2016-05-25,99.91129302978516,100.17514596302998,99.45395555022746,99.64744680659916,26202900
2016-05-26,99.7969741821289,100.28069568010544,99.60348289891438,100.06082044191798,15157200
2016-05-27,100.79081726074219,100.79081726074219,99.83216435349959,99.87613537920977,21265100
2016-05-31,101.14261627197266,101.61754762315263,100.70286576644234,100.98430582157934,32764400
2016-06-01,101.82862854003906,101.97814210525353,100.6325065982026,100.7996139417131,26806100
2016-06-02,102.61138153076172,102.61138153076172,101.4680342404052,101.57357006747984,23303300
2016-06-03,101.9957275390625,102.43547801964132,101.14261053313,102.43547801964132,28733200
2016-06-06,103.0950927734375,103.41171362257748,102.03089752885111,102.0924623211806,26946000
2016-06-07,103.39414978027344,103.76354535124976,102.86645044895717,103.15668742970247,21038500
2016-06-08,104.15930938720703,104.34400380208716,103.47329964334928,103.48209653264657,27999900
2016-06-09,103.49092102050781,103.72839013983537,103.15671292708177,103.72839013983537,23440700
2016-06-10,102.08369445800781,102.79608821609018,101.74948644892024,102.5322419068298,32686800
2016-06-13,100.97550964355469,102.18042845281246,100.78201834614947,101.71429398727823,36169500
2016-06-14,100.68529510498047,101.23937841661302,99.97289460709715,100.60613651185508,34267600
2016-06-15,100.7556381225586,101.63513917239953,100.66768935958659,101.04587507942063,24197700
2016-06-16,100.74683380126953,100.78200793347246,99.2868590426441,100.01684642195681,36306600
2016-06-17,100.31588745117188,101.07225888973558,99.98167946834205,100.62371818621516,30096400
2016-06-20,101.40647888183594,102.41789977248182,101.40647888183594,101.84622942909444,28219800
2016-06-21,101.21298217773438,101.50321913388417,100.55335639197239,101.44164761888833,34706800
2016-06-22,100.81721496582031,101.91659140939358,100.69408534094501,101.40648583922217,27226100
2016-06-23,102.74332427978516,102.82248287267511,101.78467124520006,101.86382312802871,30240300
2016-06-24,98.83831787109375,100.29829272100197,98.06435942310696,98.45134200213035,74945400
2016-06-27,95.59298706054688,97.68619748965483,95.15323646291449,97.68619748965483,58358800
2016-06-28,97.07051849365234,97.51905912947299,96.36691507697996,96.43727676065909,42040600
2016-06-29,99.278076171875,99.42759645011661,98.09075109562771,98.24026466380882,34031600
2016-06-30,101.12501525878906,101.16018938952791,99.00541489360215,99.48914306700227,42973800
2016-07-01,101.48562622070312,101.97814466438595,100.96672381897451,101.18659908277014,24401900
2016-07-05,99.99046325683594,101.3712794537524,99.44517026255353,101.16019439851168,29347200
2016-07-06,100.71650695800781,100.82262915948188,99.31926166637646,99.52266086580671,24678300
2016-07-07,100.92872619628906,101.68925163412014,100.29201334437413,101.00831951959856,20780600
2016-07-08,103.28107452392578,103.5463699202016,101.83077143416055,101.91920323291916,37964800
2016-07-11,104.47490692138672,104.73136382686637,103.8824065260956,103.96199311042744,26987300
2016-07-12,105.87214660644531,106.49117583107537,105.08509227216744,105.23542697716152,44153000
2016-07-13,105.4565200805664,106.46465734284142,105.1912179602148,106.41159961753637,28050200
2016-07-14,105.56265258789062,106.43813887549439,105.50074965335124,106.38508114500745,19345400
2016-07-15,105.85446166992188,106.15513784235462,105.4830441159575,106.02248678824937,23857300
2016-07-18,106.03135681152344,106.42930332008011,105.52728808545822,105.70415170105798,17422400
2016-07-19,105.50074005126953,106.09324047749382,105.17353500024811,105.90753169077784,19734100
2016-07-20,106.19049072265625,106.50885049023415,105.18235370763009,105.72179627230865,22390500
2016-07-21,105.68645477294922,106.65037282673556,105.45652670399755,106.1286205033643,19018700
2016-07-22,106.4735107421875,106.69459361052805,105.54495999639174,105.74835920390707,17796100
2016-07-25,106.31432342529297,106.52656107502757,105.90753178542113,106.25242049633232,13694600
2016-07-26,106.82725524902344,106.97758999510789,106.04903915745331,106.29665091498403,19551100
2016-07-27,107.12792205810547,107.41975308513517,106.42929933290446,107.00411618244091,21064700
2016-07-28,106.8537826538086,107.21635508039756,106.58848049042014,106.89799518309714,16540100
2016-07-29,107.0660171508789,107.676208060369,106.1640019666412,106.74765726305051,30267900
2016-08-01,107.1544189453125,107.62311344143767,106.50886089299706,107.18094780404982,34771700
2016-08-02,105.6599349975586,107.18982477812516,105.32388469551118,107.14561224942864,28691000
2016-08-03,106.51773834228516,106.56195762097673,105.32389203367374,105.56266534354482,17830300
2016-08-04,106.614990234375,107.17212332817768,106.34969486548555,106.51771324170828,17526700
2016-08-05,108.15374755859375,108.40135930460468,106.97758501812774,107.30478336239331,28643400
2016-08-08,108.1006851196289,108.6401278965822,107.91497630661594,108.19796212838536,14625700
2016-08-09,108.21562194824219,108.44554322493484,108.01222278372391,108.12718342207025,12487700
2016-08-10,107.43742370605469,108.41903213461063,107.13675425791277,108.22447814020663,19138100
2016-08-11,107.95032501220703,108.24215596990373,107.50815934790751,107.91495094943356,21144600
2016-08-12,108.05645751953125,108.29522403241278,107.56122734032252,107.73809767108037,12251200
2016-08-15,109.12648010253906,109.38293698055114,108.26867769085676,108.29520654945937,22048000
2016-08-16,108.24217224121094,108.878891973022,108.11836637634919,108.84351790493098,20244300
2016-08-17,107.92379760742188,108.33058921443431,107.29592316527794,108.27753149301482,20632600
2016-08-18,108.7197036743164,108.74623253661491,107.92380407079538,107.95917813616444,16244600
2016-08-19,108.7197036743164,108.834664326581,108.13604171609663,108.56936220976964,17379500
2016-08-22,108.96731567382812,109.07343112330348,108.1802612712914,108.4897759104497,16929700
2016-08-23,109.72785949707031,110.0639030545897,109.31222259226931,109.31222259226931,21539400
2016-08-24,108.83466339111328,109.87817469633528,108.56936127658227,109.60403412572279,21533400
2016-08-25,109.0468978881836,109.38294812314832,108.4278686346899,108.4367138374292,17023200
2016-08-26,108.8258056640625,110.01965829514627,108.15371874591266,109.170694325114,26734400
2016-08-29,109.39181518554688,109.8074521131181,108.98502346302801,109.01155233127051,14013900
2016-08-30,109.59518432617188,109.80742196074735,109.10879938556893,109.50675254067481,14031300
2016-08-31,108.97618865966797,109.55984402132076,108.37484288731716,109.46256700322616,29236300
2016-09-01,109.05577850341797,109.3299191551392,107.90614466286405,109.07346216772594,22964700
2016-09-02,110.10813903808594,110.12582270299056,109.32992284397731,109.6659731994025,23083300
2016-09-06,110.21424102783203,110.51491726972095,109.63058570062266,110.47069799250028,13711000
2016-09-07,110.9040298461914,110.93055871484094,110.08160118348223,110.14350412596939,17830500
2016-09-08,110.68290710449219,110.90398992621233,110.33801169544945,110.81555139999445,16265500
2016-09-09,107.2251968383789,109.84281732888614,107.18982276793656,109.8162884627829,54239000
2016-09-12,108.7197036743164,108.74623253661491,106.6326810459338,106.72995803897042,33408100
2016-09-13,106.63268280029297,108.02992804424971,106.01364676651953,107.9414895059155,47536200
2016-09-14,106.65037536621094,107.41974618434175,106.37623476583832,106.80071009887246,30545500
2016-09-15,107.92379760742188,108.05644865788331,106.57077173592313,106.72110644455351,29499800
2016-09-16,107.76461029052734,107.92379019075948,107.09251662877918,107.92379019075948,31940500
2016-09-19,108.48094940185547,109.25916548232115,107.87960367918393,108.17143470935856,22807000
2016-09-20,108.02108764648438,108.97616722891078,108.02108764648438,108.94963161808212,16877900
2016-09-21,109.58634185791016,109.6305611252184,107.97685903281857,108.40134105947382,30784700
2016-09-22,111.16046905517578,111.24890760446036,110.24077021422546,110.30267315057624,36287700
2016-09-23,110.37342071533203,111.31965522212037,110.37342071533203,111.03666939056446,26118000
2016-09-26,109.27735900878906,110.11092346338927,109.1620738520497,109.7828208248193,20028000
2016-09-27,109.72074127197266,109.85375219141038,108.90490262791185,109.22414236568336,16939500
2016-09-28,110.56317901611328,110.63412268588282,109.13546979841477,109.91582986919752,19426400
2016-09-29,108.94925689697266,110.52771647143544,108.80736954550748,110.50998393528293,26657700
2016-09-30,110.14640045166016,110.65186229133649,108.94925470143319,109.44584689043135,31764500
2016-10-03,109.80054473876953,110.04884080215801,109.18866746430486,109.80941438833636,18674300
2016-10-04,109.2596206665039,110.23507247162732,108.76302849638162,109.97790673622518,26057300
2016-10-05,109.91580963134766,110.56315865907263,109.64978106703452,109.68525289538817,24317300
2016-10-06,109.80054473876953,109.97789713674408,108.91376921777622,109.73847072292241,18937100
2016-10-07,108.92265319824219,110.2439470040073,108.39058916875486,109.99565090795063,28732700
2016-10-10,110.22618865966797,110.61636524830317,108.92262769502588,108.92262769502588,21481700
2016-10-11,108.21324920654297,110.0577444843072,107.60137174287061,110.00454010157478,31931300
2016-10-12,108.12451934814453,108.7275268604032,107.76980785289372,108.26639988690943,20210400
2016-10-13,107.22888946533203,107.66341432192758,106.51060349119327,107.2909634783371,26302500
2016-10-14,106.79438018798828,108.04473020044139,106.76777800387065,107.61908172343799,24554600
2016-10-17,106.67021942138672,107.16681150714608,106.55494104878109,106.9273851131006,17119500
2016-10-18,107.28211212158203,107.81417611387278,106.99834420798959,107.76096497875119,19158900
2016-10-19,107.73435974121094,108.14227568259383,106.85645384052951,107.45059183565934,18477400
2016-10-20,107.41511535644531,108.1866124876557,106.77664267073631,107.42398500592412,20485600
2016-10-21,107.3619155883789,107.62795095965392,106.50174222222496,106.64362955772111,21093700
2016-10-24,108.04473114013672,108.72755211104416,107.69888921247836,108.22209031173114,15421600
2016-10-25,107.2377700805664,108.17775002092512,106.9451325183775,108.01813014750942,16459800
2016-10-26,106.17365264892578,107.29985475922102,105.9342194322363,106.5106249638072,24975300
2016-10-27,104.95873260498047,106.53719167012069,104.7192994680314,106.51945913968997,29525700
2016-10-28,104.66612243652344,105.55289803187219,104.41782635231553,104.91441852073135,35473700
2016-10-31,105.08291625976562,105.20706431157024,104.46217600074263,104.79914831770348,20311800
2016-11-01,103.79706573486328,105.26023976707395,103.11424487197607,105.22477470392616,34147200
2016-11-02,102.47575378417969,103.75271240958415,102.32500360355799,103.6374340536191,29859900
2016-11-03,101.97917938232422,103.07877907435075,101.87276388997586,102.78614831012268,22717500
2016-11-04,102.63540649414062,103.66406944206484,102.02353592807214,102.24522982903225,35237200
2016-11-07,105.14497375488281,105.36666763618817,104.38234626194756,104.63951197612901,32370900
2016-11-08,105.41987609863281,105.93420754697921,104.38235031754692,104.90555141584703,26196800
2016-11-09,108.66546630859375,108.92263200534792,104.68384636452794,104.7104485459922,77416800
2016-11-10,110.40355682373047,111.20165617797798,108.7364212125161,110.19073258445133,83440700
2016-11-11,112.93974304199219,113.25898280512989,110.44790572497502,110.87355423211793,95612800
2016-11-14,114.52703094482422,115.51135212375048,113.85308655058708,114.34967858119529,83119400
2016-11-15,114.88179779052734,115.1832982893229,113.7733281351404,114.2610574897354,38704500
2016-11-16,114.87288665771484,115.28080932131367,114.42063604619582,114.61572772907532,42325500
2016-11-17,115.54685974121094,116.016849711895,115.05913047037237,115.23648287855328,42576900
2016-11-18,116.15874481201172,116.2474142564659,115.5468674614519,115.89270941640453,41380600
2016-11-21,116.69970703125,117.05441195806662,115.82179407035927,116.44253445785117,32293100
2016-11-22,117.7638168334961,117.85248628570098,116.76175595260422,117.16080231533489,39681500
2016-11-23,118.49983215332031,118.51755792357008,117.1430665174853,117.48003205682109,37939200
2016-11-25,118.8900146484375,118.91661683472228,118.4200111181212,118.58850065200629,13373400
2016-11-28,117.34700775146484,118.82792126589487,117.18738111955173,118.80131908242947,32505700
2016-11-29,117.28491973876953,118.02094500855169,117.14304594607414,117.50661360806103,27993700
2016-11-30,116.70852661132812,118.02095059089734,116.61098076298119,117.8702003763831,32491200
2016-12-01,116.14098358154297,117.54209043814367,115.53796922994987,117.27605509276789,39815900
2016-12-02,116.07889556884766,116.58436404666737,115.74193011475342,116.11437416261688,24054100
2016-12-05,118.07413482666016,118.23376142906801,116.95680273427824,117.02774638744637,27547100
2016-12-06,119.35113525390625,119.63490996580376,117.71060836828892,118.40229231463533,27820000
2016-12-07,120.51278686523438,120.76108292651038,118.98753189961292,119.35111310759582,31825800
2016-12-08,122.41049194335938,122.56125569544682,120.42412335545457,120.82316964990893,49048900
2016-12-09,122.64987182617188,123.10213582362805,122.15327989502535,122.72967834415286,34313500
2016-12-12,121.35523986816406,122.88049490216147,121.05372589642329,122.33068485801377,34592900
2016-12-13,121.3641128540039,122.41937801512685,120.81431629521606,121.95825090036678,32624600
2016-12-14,119.84764862060547,121.79856465358195,119.54614833591424,120.97385677943933,45923700
2016-12-15,120.7433853149414,121.61242173205905,119.67925715688172,120.04282491852491,41352500
2016-12-16,120.52165985107422,121.9582318120277,120.273363796863,120.91184323086902,39348200
2016-12-19,121.31092071533203,121.65676270349903,120.52169086894463,120.6369625109179,33393900
2016-12-20,122.33958435058594,122.56127828070498,121.47941081923418,121.73656982447784,31753600
2016-12-21,121.54146575927734,122.50804794911603,121.497124271525,122.24202608484653,23215900
2016-12-22,120.4934310913086,121.76674408727594,120.03930144880131,121.59755959982678,34737900
2016-12-23,121.13451385498047,121.20575013394686,120.44889014542441,120.61807460960324,17081400
2016-12-27,121.67770385742188,122.25649364909862,121.28592462215816,121.30372350539713,13571700
2016-12-28,120.43110656738281,121.9715524071194,120.05712620329884,121.89141666915874,22712400
2016-12-29,120.53795623779297,121.33044136264088,119.93246809158757,120.46671994054509,21312900
2016-12-30,120.07489013671875,120.76942675883022,119.67418443502245,120.7427148569743,28399300
2017-01-03,120.67151641845703,121.83798178826449,119.7632707098478,121.53523774770574,29792400
2017-01-04,122.68387603759766,122.8441610668201,121.1078055870785,121.14343052109743,34499400
2017-01-05,121.26812744140625,122.66610082021161,120.66262566159595,122.42569358377128,30286900
2017-01-06,120.82288360595703,121.73112927823745,120.81397057828165,121.46399659969234,23436000
2017-01-09,120.03038787841797,120.84958472237902,119.76325522372973,120.68929969479359,24077900
2017-01-10,121.17906188964844,121.43729514969175,119.99478399608039,120.2084928747093,21684900
2017-01-11,121.39275360107422,121.80234524352205,120.58245616949775,121.3037048508386,27428800
2017-01-12,120.45780944824219,121.29481888045342,118.95297507589642,121.24139505915197,41844200
2017-01-13,121.33041381835938,121.96262732107603,120.78724906372045,120.78724906372045,27784500
2017-01-17,119.68315124511719,120.82290485959714,119.43383099113314,120.74276911801688,28197800
2017-01-18,120.07489013671875,120.15502584228653,119.27349232025487,119.99474084422226,21289700
2017-01-19,119.09542083740234,120.60025487086413,118.57896803623657,120.33312223758112,34105900
2017-01-20,119.70984649658203,120.10163929457622,119.0954453894487,119.0954453894487,29286100
2017-01-23,119.21121215820312,119.92354791435318,118.53447416815351,119.34477171574785,20537000
2017-01-24,121.03658294677734,121.34824001337553,119.51394972568603,119.6207973659218,34313800
2017-01-25,122.17632293701172,122.47906690860958,121.94480165184756,122.04274982935627,29127300
2017-01-26,121.68659973144531,122.43456033005253,121.47289088030102,122.29208776262301,22255600
2017-01-27,121.26812744140625,122.02498768249977,120.78728579465462,121.78458044605944,19467800
2017-01-30,119.57626342773438,120.42218580175287,118.64131947654646,120.41327277449048,40464400
2017-01-31,120.41334533691406,120.70719008807905,118.85508636333422,119.20235496254013,32945000
2017-02-01,120.34200286865234,121.87354856738526,119.94131077481677,121.29477260817033,30010500
2017-02-02,120.03929901123047,120.80507211623302,119.7543674488911,120.47561617595336,19935700
2017-02-03,121.8735580444336,121.97150621604801,120.66256864398659,121.08998625844723,24534100
2017-02-06,120.9564437866211,121.79345317655383,120.59136291025767,121.45508420949187,23691500
2017-02-07,120.42218780517578,121.51741680905776,120.0036831248352,120.9386406785095,30342200
2017-02-08,120.20848083496094,120.42218969218537,119.22009944906286,120.42218969218537,32956900
2017-02-09,121.90030670166016,122.21196377447397,120.20848895849899,120.20848895849899,28267600
2017-02-10,122.82632446289062,123.20920411329956,122.16739918234121,122.6927513669655,27287600
2017-02-13,123.14692687988281,123.95722443567006,122.95992991049584,123.56543161366595,23245100
2017-02-14,123.55648803710938,123.72567249450337,122.532495440261,122.8263399841142,27145000
2017-02-15,124.29558563232422,124.45587069739237,122.94213674941338,123.04898440150255,20253500
2017-02-16,123.94827270507812,124.51814928998009,123.06675271775153,124.17979398411704,24613600
2017-02-17,123.8681640625,123.91268844027002,123.1023909604262,123.28047488457378,26703200
2017-02-21,124.8387451171875,124.945606351596,124.10859688122082,124.10859688122082,21353500
2017-02-22,124.28663635253906,124.67842903567342,123.99279184018829,124.66061657182306,14890800
2017-02-23,123.5476303100586,124.66957146698307,122.60377311006793,124.62506066795086,24596200
2017-02-24,123.45858001708984,123.45858001708984,122.25650313239522,122.39897573096098,24512300
2017-02-27,124.66065216064453,124.66065216064453,123.06678265769816,123.1825297384473,28269000
2017-02-28,122.73729705810547,124.19760682022246,122.66606077862038,124.10857166106437,40184100
2017-03-01,124.98119354248047,125.42641010346296,124.23323298089338,124.34898004763562,35719800
2017-03-02,123.5476303100586,124.98122858181847,123.44968209570476,124.95451666762516,25937000
2017-03-03,123.45858001708984,124.14421750911956,122.77295611199496,123.59215317334579,30989800
2017-03-06,122.61265563964844,122.85307642116037,121.98045564169703,122.68389192998282,23892100
2017-03-07,121.81127166748047,122.6482810987954,121.64208717558492,122.34552346685606,29711300
2017-03-08,121.00984191894531,122.5413877994861,120.90299430441955,122.23864383371003,34115100
2017-03-09,120.52903747558594,121.5352313308901,120.11053278817265,120.94754216299923,35223800
2017-03-10,121.06332397460938,121.37496749425445,120.06602938571505,121.35715502295243,39516600
2017-03-13,121.34823608398438,121.80235212721452,120.78725881704585,120.78725881704585,21295000
2017-03-14,120.76944732666016,120.94753123167142,119.81667737510682,120.87629495228072,30037800
2017-03-15,122.63935089111328,122.89758410686429,121.07219347743505,121.35712501313506,31230400
2017-03-16,122.79965209960938,123.33390389454001,122.48799502903337,123.07568423169683,25306600
2017-03-17,123.28938293457031,123.52979010834366,122.2653766349334,123.00443779789265,33324600
2017-03-20,122.75509643554688,123.34278548843643,122.3187793653235,123.12907667276852,19091200
2017-03-21,119.29131317138672,123.41402241545653,119.24678880285336,123.3338731173246,61869000
2017-03-22,119.31802368164062,119.59405574162226,118.2316943193758,119.05980408625024,46332600
2017-03-23,120.0125961303711,120.831793115757,118.99750273685666,119.31805926043667,37764600
2017-03-24,120.09921264648438,120.97434619148481,119.53661998309819,120.50998377684768,33514400
2017-03-27,120.32244110107422,120.61713179620217,118.23281741071742,118.55429693030652,35596700
2017-03-28,121.26012420654297,121.35835447632374,119.78668378589184,119.91170289051641,26891900
2017-03-29,121.65300750732422,121.8851955052804,120.82252663294435,121.17972007064523,22119500
2017-03-30,122.57276153564453,122.67993043980506,121.67976454860516,121.73335581371175,25792900
2017-03-31,122.76922607421875,123.38539619607887,122.28701368053216,122.71564843337059,29434300
2017-04-03,121.47441864013672,123.32292954616318,121.09043635109185,123.20683553968121,38834900
2017-04-04,121.3315200805664,121.93876523647519,120.86717136693329,121.3850977301352,25642600
2017-04-05,119.956298828125,122.72458158749069,119.73304955917354,122.1887915176396,44968800
2017-04-06,121.07259368896484,121.11724628585908,119.5098481800829,120.14386872737884,41012100
2017-04-07,121.01900482177734,121.47442856540248,120.33139304621695,120.74217782313903,24300200
2017-04-10,121.2868881225586,122.20667416271642,120.69750669117896,120.97433364729652,22779900
2017-04-11,122.25131225585938,122.26917601530499,120.62606442376473,120.79573607335804,32589200
2017-04-12,120.59037017822266,122.07274922193912,120.48321484409465,122.01917155487511,25700800
2017-04-13,119.41158294677734,120.8850228303631,119.35800529661866,120.44746293669685,30207000
2017-04-17,120.81364440917969,120.84044687428832,119.37591766743763,119.72419982716134,18278800
2017-04-18,120.84040069580078,120.96541977226116,119.80452056166776,120.30459686750925,24553300
2017-04-19,121.26012420654297,122.3049432696932,121.03687483213761,121.17083263241709,34627600
2017-04-20,122.80498504638672,122.93892918282172,121.58156955403504,121.75124121089046,31934400
2017-04-21,122.52814483642578,122.83176059689863,122.08164626182858,122.5549336608172,29386000
2017-04-24,124.05520629882812,124.43026359929165,123.67122392908928,124.19808916359327,33836900
2017-04-25,125.26073455810547,125.80546345385079,125.09998795923343,125.23394572930302,32751700
2017-04-26,125.90370178222656,126.64489122079905,125.13572351313226,125.17143741180858,41669200
2017-04-27,125.86797332763672,126.62702652296896,125.44826348448476,126.21624174790558,23004300
2017-04-28,124.18017578125,126.06440022603756,124.16231202377705,125.93938117583598,31113900
2017-05-01,124.89462280273438,125.27860516234594,123.93018393009609,124.69816227537882,20925200
2017-05-02,124.26060485839844,125.32327413355567,123.84983361193885,125.00179446734056,17993900
2017-05-03,123.49256896972656,123.91227871722394,122.95677885930047,123.67117929925696,27050300
2017-05-04,123.32294464111328,123.88552372941312,122.43887232227245,123.70692697715828,25799100
2017-05-05,124.11768341064453,124.11768341064453,122.81390152757888,123.84978153044686,23806500
2017-05-08,123.59976959228516,124.10877100903626,123.01931312455177,123.82301893539987,16680000
2017-05-09,123.54615783691406,123.97479264211395,123.03714293456967,123.76046842648663,23988400
2017-05-10,124.3141098022461,124.55520916488021,123.1085584848678,123.26929139329054,19791500
2017-05-11,123.44792175292969,123.9747867620463,122.32273670682164,123.83190395840495,28617300
2017-05-12,122.79605865478516,123.1354020024909,122.48351776310805,122.9746690226669,24111200
2017-05-15,123.75154113769531,124.34984756626281,123.21573742127883,123.21573742127883,31132200
2017-05-16,123.79623413085938,124.16235270967124,122.89429803466243,124.09984997711662,18520900
2017-05-17,120.45641326904297,122.37635214140326,120.3313941837645,121.74233164679762,50791200
2017-05-18,120.89396667480469,121.35831541333907,119.86701170746151,120.17064111472608,44805100
2017-05-19,121.47441864013672,122.12630283780156,120.92968975549702,121.12615024674787,44450500
2017-05-22,122.29603576660156,122.51928519794843,121.59057355901359,121.67986515591399,20062700
2017-05-23,122.69783782958984,122.95681470728046,121.76020145646316,122.59960757013117,16681400
2017-05-24,122.77820587158203,123.26041842671486,122.18882437281925,122.79605600713896,21256000
2017-05-25,122.85856628417969,123.77835238401026,122.51922296057178,123.35864257619743,22804200
2017-05-26,122.82284545898438,123.04609478909643,122.1441724008245,122.67997624351655,20047300
2017-05-30,121.8584213256836,122.73355489147792,121.64409706166835,122.44778920612427,25544100
2017-05-31,121.73340606689453,122.26919630466794,120.23316342380072,122.19775488108651,34345400
2017-06-01,124.08200073242188,124.1266533329336,121.68877395687151,122.09062010935594,44618600
2017-06-02,124.88566589355469,125.93047099935369,124.17126539677031,124.52845883213443,46680200
2017-06-05,124.1087875366211,125.1178790622192,124.08199870196454,124.98393488893642,20808900
2017-06-06,123.9926528930664,124.71597836452565,123.06392827766967,123.33183013311313,25460900
2017-06-07,124.1087875366211,124.59993888209186,123.67122748652378,124.00163219799487,20542200
2017-06-08,125.80545806884766,126.32339811362051,123.8944444817476,124.10875510299375,33956400
2017-06-09,126.45735168457031,127.6093122378655,125.64472084891167,126.32340753630035,56979400
2017-06-12,126.25194549560547,126.79667431970068,125.81437197262551,126.50198361557814,34665500
2017-06-13,126.89490509033203,127.08242686807571,126.33231250498969,126.62700321035683,22046800
2017-06-14,126.14474487304688,126.84128140739404,125.42141952015189,126.83235634322882,33021900
2017-06-15,125.50180053710938,125.8947214228019,124.74276121343404,124.74276121343404,27376800
2017-06-16,125.18930053710938,125.21608936749485,124.37666967926131,125.04641769101468,35608400
2017-06-19,126.11799621582031,126.4305506998115,125.47503711382329,125.51968970097296,25163300
2017-06-20,124.84101104736328,125.885816134246,124.75170587711106,125.80544965665254,20111900
2017-06-21,124.52848052978516,125.7340324297908,124.32309494996751,125.06428440224511,23351400
2017-06-22,125.00175476074219,125.36788691380896,124.13554631375837,124.45702587785604,17917200
2017-06-23,125.83222961425781,125.98403749214293,124.6177529651219,125.14461800473289,20772500
2017-06-26,125.98406982421875,126.38591591304939,125.19822778308617,125.9929948924831,22988300
2017-06-27,124.87673950195312,126.46627361019897,124.79637301498796,126.00192482369528,24610100
2017-06-28,126.78775787353516,127.03779603737976,125.37682044837895,125.6179335442498,25085400
2017-06-29,126.03761291503906,127.11814542521687,124.70704230145815,127.01991519701888,38794900
2017-06-30,125.84117889404297,126.51092687443523,125.70723474838753,126.13586964054247,22798500
2017-07-03,126.89490509033203,127.25209851292851,126.18050461908341,126.2162185109208,12968200
2017-07-05,126.4394760131836,126.67166401639169,125.6447090141743,126.53770625468167,21865500
2017-07-06,124.78839111328125,125.98120978083243,124.51036828191967,125.49690046788271,30563400
2017-07-07,125.99913024902344,126.16952115821442,124.82423901725294,125.04845270741319,20511000
2017-07-10,125.45207214355469,126.35789069740966,124.99466737033704,125.48794031943439,17206000
2017-07-11,125.81974029541016,125.90046761923799,124.64486282375958,125.36234932333056,16192900
2017-07-12,126.78833770751953,127.55066963528579,126.46546948557236,126.50135133518646,19358600
2017-07-13,126.89598846435547,126.95876118315213,125.90047910554493,126.63589291313473,16559300
2017-07-14,127.11121368408203,127.62242743540075,126.54620452489219,126.54620452489219,15465300
2017-07-17,127.40719604492188,127.76594619092737,126.68970943782966,126.99465048316404,15374600
2017-07-18,127.07542419433594,127.23685157264539,126.49246006339288,126.9408876941528,16653300
2017-07-19,128.3398895263672,128.3757576864312,127.2457258980735,127.2457258980735,16985500
2017-07-20,128.4296112060547,128.71661132552646,128.07087474163387,128.35786117618673,17047800
2017-07-21,127.84661865234375,128.54616410552663,127.57755955075471,128.2591640811878,21662700
2017-07-24,128.02603149414062,128.08881790321416,127.32648579688211,127.63141316544727,16694000
2017-07-25,129.19190979003906,129.37127797572597,128.4385551992048,128.80625519014262,21066400
2017-07-26,128.47445678710938,129.28162067515507,128.2950885547569,129.28162067515507,13574900
2017-07-27,127.65835571289062,128.860138300761,126.94984618270531,128.68077001203642,24355800
2017-07-28,127.31748962402344,127.67622600298098,126.87802592762213,127.3712987123755,19933300
2017-07-31,126.9139175415039,127.6941905215273,126.4296219719361,127.55069046946343,16417700
2017-08-01,127.15608215332031,127.53275955587685,126.42963189946704,127.50585500461703,19835900
2017-08-02,125.76595306396484,127.19196269051942,125.31752563440006,126.98567621977784,19934300
2017-08-03,125.13813018798828,126.04394847216605,124.80629834144204,125.95427121670508,19624900
2017-08-04,125.74803924560547,125.8466938380395,125.10230258329558,125.47898002215626,16473500
2017-08-07,125.95427703857422,126.32199075223426,125.29957693529138,125.95427703857422,9176200
2017-08-08,125.5596923828125,127.16505671405633,125.2816695392664,125.92740619488593,27248700
2017-08-09,124.47449493408203,125.01261338862004,124.01710382716927,124.77045871558586,26534300
2017-08-10,122.21444702148438,124.01712082692447,122.20546971222835,124.01712082692447,40983500
2017-08-11,122.39374542236328,122.63589999033378,121.76594995439791,122.16056815852323,32779600
2017-08-14,124.25027465820312,124.2951201412098,123.07539690199683,123.10230145481681,21710900
2017-08-15,123.2278823852539,124.50142864021345,123.17407327009947,124.48348770685449,16646000
2017-08-16,123.26373291015625,124.11574228161643,123.05746012620503,123.47000569410747,21858600
2017-08-17,121.01258850097656,123.4879160349282,121.00362488125775,122.85114322708708,32722900
2017-08-18,121.0036392211914,121.48794844171381,120.28615269610609,120.60005732736754,42401900
2017-08-21,120.92292022705078,121.09332480876918,120.30408829761724,120.7973611170872,21504100
2017-08-22,122.23234558105469,122.37584564624382,121.20096794296154,121.30858614939368,25170600
2017-08-23,122.03504943847656,122.48347687608117,121.26375369839988,121.55074014230875,18381900
2017-08-24,122.41172790527344,122.80633255845473,121.99020501547665,122.54625066375348,15726600
2017-08-25,122.761474609375,123.14711555814125,122.34891542972787,122.761474609375,17163000
2017-08-28,123.28167724609375,123.416200003493,122.6628451922184,123.20094990673482,16333300
2017-08-29,123.30851745605469,123.5955037503988,122.17847214387311,122.41166304824695,20277600
2017-08-30,124.09782409667969,124.22338325143372,123.09335085864738,123.19200545773424,15915500
2017-08-31,125.3174819946289,125.50582747082228,124.36681836459172,124.58206838239639,29260600
2017-09-01,126.02604675292969,126.1247013333561,125.31752376125304,125.54173747268408,17412500
2017-09-05,124.81527709960938,126.35786840375751,124.28613606799007,126.12469108937896,21908400
2017-09-06,125.07537841796875,125.55967399630468,124.73456920937632,125.32649667116789,18399700
2017-09-07,124.76148986816406,125.28166736978979,124.29512147275476,125.19197640281563,18159800
2017-09-08,124.86011505126953,125.35338788361324,124.3219967460006,124.60001951925332,21870500
2017-09-11,126.16949462890625,126.38474465277041,125.76591280846135,125.90941282437079,22617700
2017-09-12,126.94084167480469,127.07537812621487,126.29511871073296,126.49241420661136,22679600
2017-09-13,127.31748962402344,127.55066690185427,126.74350320674196,126.82421683927006,25052500
2017-09-14,127.20089721679688,127.49686089480164,126.83318352428343,127.15605174711445,18353800
2017-09-15,127.72111511230469,127.77492421904266,126.94981931757964,127.0305329776866,23184000
2017-09-18,128.5910186767578,128.9766595912455,127.89147317403315,127.90940041313814,24427400
2017-09-19,128.5910186767578,128.86904141695413,128.33092317566653,128.76142324266274,16346300
2017-09-20,129.00355529785156,129.164996233145,128.48337801621736,128.7255325767003,20244700
2017-09-21,128.86904907226562,129.38024911543226,128.68070357115192,129.16501275406364,17395900
2017-09-22,129.41612243652344,129.74795426170834,128.75244510123835,128.85109965533593,25203000
2017-09-25,129.59555053710938,129.99016893594478,128.8691001596722,129.38927771405326,30012800
2017-09-26,130.00814819335938,130.49361618914574,129.6215598865619,129.72045329359867,28238100
2017-09-27,132.55242919921875,132.93001856866445,130.50265049762683,130.92519392206523,66351700
2017-09-28,132.90301513671875,133.10978727552612,131.95903509374446,132.38157841090393,29291400
2017-09-29,133.21771240234375,133.44246898047004,132.82215234800591,132.98397049959144,21738700
2017-10-02,134.85389709472656,134.85389709472656,133.1277688580798,133.33454099257165,29772400
2017-10-03,135.15061950683594,135.15061950683594,134.25159324553965,134.95283263190657,28372800
2017-10-04,134.71908569335938,135.4023406878382,134.3055275927198,134.9348432084308,22024700
2017-10-05,135.08766174316406,135.42031074049322,134.73704210017937,135.11463142969748,22538500
2017-10-06,134.8988494873047,135.1595609825578,134.46732086293335,134.5931839499603,19350800
2017-10-09,134.3414764404297,135.46525917335725,134.11671989384416,135.02474512160225,13981300
2017-10-10,134.72804260253906,135.1146172142132,134.3234836290514,134.79096729181336,21951900
2017-10-11,134.6291961669922,135.0247699566285,134.36848456094287,134.80001336870365,15137100
2017-10-12,134.53028869628906,134.86292402196722,133.97289680611445,134.3684705545166,17185600
2017-10-13,134.28750610351562,134.84491153880987,134.1616430151681,134.78197313561222,15464400
2017-10-16,134.17066955566406,135.16858914569576,133.98186802541997,134.50330484632443,20653100
2017-10-17,133.78407287597656,134.6471439752074,133.5053769775108,134.19763092141108,18046800
2017-10-18,134.42237854003906,134.77299815004238,134.0268048840253,134.40439417802511,20541700
2017-10-19,134.21560668945312,134.25157541723758,133.20870180029263,133.7481229726573,17164900
2017-10-20,134.83590698242188,135.22249527098776,134.72802825912314,135.13258718954066,25224500
2017-10-23,133.82901000976562,134.98874750603426,133.68516255840032,134.98874750603426,14676400
2017-10-24,134.10775756835938,134.65616418479527,133.99087975431547,134.30554446071682,17527700
2017-10-25,133.46043395996094,133.95490110361803,132.3546355972739,133.90096172759195,27235300
2017-10-26,133.7391357421875,134.26057259670807,133.51437918686233,133.9009675954084,15205900
2017-10-27,134.66510009765625,134.77299254720575,133.3255601213552,133.84699685369154,32744100
2017-10-30,133.24468994140625,134.35947374024005,132.50748181296893,133.84703589807825,30524800
2017-10-31,134.1885986328125,134.7010499718339,133.63120697398614,133.7660553694937,22449400
2017-11-01,133.29861450195312,135.3304087142853,132.55242113225196,135.30343902654135,31585500
2017-11-02,133.69418334960938,134.16166706553304,132.80414253228315,133.27163996625706,28176600
2017-11-03,133.60426330566406,133.91892791383736,133.109796229127,133.48738552810556,22312700
2017-11-06,133.75709533691406,134.29651645701853,133.40647572426084,133.73012565271372,15576800
2017-11-07,132.15684509277344,133.82004897061697,131.7432870245681,133.7750949191522,29549300
2017-11-08,132.33663940429688,132.56139592968395,131.11396335746923,131.85117134540263,30682500
2017-11-09,131.86915588378906,132.50747051908115,130.61052469623561,131.5005655690384,40144400
2017-11-10,131.77027893066406,132.2467617272186,131.57249206589975,131.89614205205484,17823700
2017-11-13,131.80616760253906,131.99496904862323,130.8082484573386,131.19482295059242,14680000
2017-11-14,131.4466094970703,131.69833570260917,130.88920399790626,131.3117473539285,19682200
2017-11-15,130.92518615722656,131.44662298450314,129.90928219045918,130.67345992585865,23925200
2017-11-16,132.84915161132812,133.41552898600247,131.42868807521737,131.4466724465255,25889000
2017-11-17,133.46043395996094,133.98187079163105,132.30968154456858,132.38160528528695,25816700
2017-11-20,134.43138122558594,134.4763352774028,133.35255257223469,133.73912723814823,22793000
2017-11-21,135.8338623046875,136.01366479715784,134.90786643631697,135.03372955285127,29392300
2017-11-22,135.65403747558594,136.44518477384707,135.6270677920587,136.00465707948828,14136600
2017-11-24,135.70803833007812,136.08562778858825,135.54622015559727,135.94179398395687,6816300
2017-11-27,135.29443359375,136.31032368989335,135.24947954817492,136.02264249070058,18416900
2017-11-28,137.4251251220703,137.52401853814192,135.44727051868702,135.77092045146242,35898300
2017-11-29,137.8836212158203,138.6388135252742,137.50603192011783,137.8566515317022,38234200
2017-11-30,138.13531494140625,138.94444642889334,137.80267977010965,138.53988754417264,32230700
2017-12-01,137.5689697265625,138.18929989466298,133.73012465997542,137.5689697265625,62734800
2017-12-04,137.05654907226562,139.71767280827402,136.92170062198306,139.2591606412095,36366800
2017-12-05,135.69000244140625,137.51503804169067,135.68101711892047,136.11254580508125,29667200
2017-12-06,135.0517120361328,135.92376851641887,134.80897112975146,135.1865604740943,21273800
2017-12-07,135.99574279785156,136.55313483931067,134.8719596703577,136.03169782198682,29675200
2017-12-08,136.1215362548828,136.9036845213216,136.00465847969588,136.78680674613466,20832400
2017-12-11,136.067626953125,136.76886632309683,135.77094664766742,136.1395369804616,26654100
2017-12-12,135.64508056640625,136.5890471236821,135.5911411880535,136.38227493397943,25854800
2017-12-13,136.4541778564453,137.29027924748758,135.5821214580047,135.5821214580047,30082600
2017-12-14,134.9437713623047,136.8317172176718,134.5302134789132,136.5170664341328,32882600
2017-12-15,136.8677215576172,137.7757328683666,135.37533512295948,135.7978784353993,42851600
2017-12-18,138.7197265625,139.09731586904914,137.96454794940172,138.15333574365164,22714300
2017-12-19,137.62289428710938,139.14225033986992,137.38915247824136,139.1242659797886,24313600
2017-12-20,137.8926544189453,138.3961069379462,137.40717254844282,138.2252897508454,19042800
2017-12-21,138.496337890625,138.99267859494012,138.14438971302505,138.28878223974024,16772600
2017-12-22,138.24368286132812,138.42416666735588,137.8917346200629,138.4151472965656,13599400
2017-12-26,138.3248748779297,138.46023426681856,137.98194606603866,138.07219483865083,11949600
2017-12-27,138.1895294189453,138.92951710284643,137.9007443334995,138.26172569030678,15949900
2017-12-28,138.73097229003906,138.74902479927988,138.08121965766932,138.28878908886378,10167300
2017-12-29,137.58489990234375,139.1099996473084,137.52172300170812,139.1099996473084,21006500
2018-01-02,138.88442993164062,138.94760684977425,137.58493800897574,138.2527296004769,20489600
2018-01-03,139.02882385253906,139.38980530956368,138.54151609809904,138.8573593817067,21836600
2018-01-04,139.3988037109375,140.01245144050975,138.99271168165794,139.8500201368109,14207100
2018-01-05,139.6875,139.85896435289828,138.92044075022497,139.76872937823217,19883900
2018-01-08,139.90415954589844,140.1207483807814,138.5234384273457,139.63342694480275,18457300
2018-01-09,139.71461486816406,140.32826239636105,139.63338547293844,140.0936348891142,16571300
2018-01-10,139.73269653320312,140.03050102044648,138.90245997938788,139.3988007914601,18516800
2018-01-11,142.13314819335938,142.2775407280773,139.85901396665722,139.94024337370482,26522400
2018-01-12,142.72877502441406,143.36047523072463,142.10609418889658,142.2955973657739,24089800
2018-01-16,140.90582275390625,143.8567811516328,140.59899898093929,143.3604404776989,27704700
2018-01-17,142.24147033691406,142.5302554766523,141.0322135468353,141.50148251389322,18571600
2018-01-18,141.2667999267578,142.1331413231595,141.1314405382713,141.8804612846318,17903600
2018-01-19,143.12588500976562,143.2071006781927,141.27589453206,141.43832586891415,31040900
2018-01-22,143.89292907714844,143.89292907714844,142.86415607958028,142.94537173911715,12702400
2018-01-23,144.3531951904297,144.6600191193343,143.18904885718072,143.70344229978733,16904600
2018-01-24,143.45968627929688,144.95772743649655,142.94529317819982,144.71406682176496,20340900
2018-01-25,143.51388549804688,144.3170501303789,142.77389777063263,144.06437005077098,20290900
2018-01-26,144.02828979492188,144.10950544741868,143.27926886959733,143.9651128851804,16120300
2018-01-29,143.21603393554688,144.26285893260214,143.14383768367819,143.5409101839424,18293300
2018-01-30,141.8444366455078,142.78297483761253,141.438344479902,142.27761447418868,24533800
2018-01-31,141.10440063476562,142.9634100980542,140.70732797852293,142.34976237115728,27468900
2018-02-01,141.54656982421875,141.87144613628124,140.3553520899797,140.53583587000782,21413000
2018-02-02,138.82122802734375,140.9148647932742,138.53244294512956,140.89682605315878,33314100
2018-02-05,133.4878387451172,138.78511410569962,133.43369498818234,137.7743939228364,52622200
2018-02-06,135.08511352539062,135.69876097215516,130.16685950402064,131.3309912874539,69232400
2018-02-07,135.2205047607422,136.07781302290203,134.11051645857796,135.01294910717345,37101000
2018-02-08,131.24986267089844,135.36495510281847,131.24986267089844,135.355935729691,44704500
2018-02-09,132.45004272460938,133.50588726336707,128.59665148758376,132.44100958537044,53315300
2018-02-12,133.70443725585938,134.39028117690694,131.28591036684716,132.58541570780528,36213900
2018-02-13,133.9932098388672,134.27296178602114,132.56736445237624,133.0005420834832,25021200
2018-02-14,136.40274047851562,136.73665004733277,132.820080418484,133.22618627866606,36286900
2018-02-15,137.8917236328125,137.95488676337507,135.87026936428913,137.36831099801546,23773600
2018-02-16,138.37904357910156,139.23635199334686,137.6570945781464,137.7202714843697,27973900
2018-02-20,137.24200439453125,138.76711827997102,136.87200358101535,137.66614898172577,24046200
2018-02-21,137.38638305664062,139.70562833786536,137.17881358518306,137.54881436122557,26735500
2018-02-22,137.1697998046875,139.0017374767922,137.0885841490848,137.90076824517823,16340000
2018-02-23,138.95657348632812,138.99267850299768,137.30512010944258,138.05414084999916,18065200
2018-02-26,139.86807250976562,140.1117194650705,138.49637072087125,139.45294733956234,15267700
2018-02-27,137.85562133789062,140.67122086936132,137.84660196764068,140.03950693106262,18125500
2018-02-28,135.6807403564453,138.613646164609,135.6446353429753,138.19852112987195,29951800
2018-03-01,135.31979370117188,136.7817441802144,133.90298138553206,135.41004248791418,38943200
2018-03-02,137.48568725585938,137.8466549851218,133.9210655217209,134.2008313474409,31842300
2018-03-05,138.71295166015625,139.20927868382077,136.69149723220767,137.00735422002305,19603700
2018-03-06,140.2109375,140.22899000617173,137.89169306294076,139.36264872028775,17304000
2018-03-07,141.44735717773438,141.6188078855118,139.17322210102134,139.38981098405333,22684600
2018-03-08,141.1585693359375,142.1061267475187,140.32833262170524,141.59173332379024,23391300
2018-03-09,143.41461181640625,143.48680808923223,141.56462191407974,141.96169452960712,24927200
2018-03-12,143.66732788085938,144.07341996847111,143.02660817530258,143.712452283935,15310100
2018-03-13,142.99945068359375,144.65992307050522,142.71066569281282,144.38919058415468,17757200
2018-03-14,142.3226776123047,143.83875804986403,142.05194502844589,143.685346132018,18097500
2018-03-15,141.60975646972656,142.71072561178923,141.11341566469306,142.67463435780135,14172100
2018-03-16,142.4038848876953,142.82802936447413,141.4563277848909,141.6638834533049,36000300
2018-03-19,141.03216552734375,141.87143500516922,139.3807122181002,141.8353299899785,25663000
2018-03-20,140.99609375,141.69999017309274,140.5719492681325,141.38413321169165,11418500
2018-03-21,141.8173065185547,142.81900745974403,140.95999812763424,141.06829942535165,22213500
2018-03-22,138.7075958251953,141.6653545236531,138.67140744007824,140.79702650639348,29774800
2018-03-23,135.72267150878906,139.2412393101408,135.67744293411306,138.89751870479094,35744100
2018-03-26,138.68951416015625,138.73474274472548,136.06640807522945,137.56790875124,28442400
2018-03-27,136.00308227539062,139.02416364608575,135.41515215419335,138.98798906400074,32820600
2018-03-28,135.9578399658203,136.89854462692213,135.12568664365986,136.34678914353256,26510900
2018-03-29,137.33273315429688,138.4814729010616,136.35585373994093,136.65434582225737,22617700
2018-04-02,133.98602294921875,137.54981988524037,133.1267213008186,137.05233308927853,35040700
2018-04-03,135.90357971191406,136.22016595077457,134.1397756141209,134.791028481279,29857800
2018-04-04,137.63119506835938,138.0110902348108,134.1126274295113,134.3206623012251,29619700
2018-04-05,138.77088928222656,138.94274958775665,137.7759296319408,138.4271686711664,17301600
2018-04-06,136.00308227539062,138.7528059740622,134.90861139223125,137.82115521484678,25762700
2018-04-09,136.1658935546875,138.02920894277764,136.05735600265652,136.94377821516784,18997000
2018-04-10,138.73475646972656,139.25032373970728,137.18802705612913,137.6131509498501,23420000
2018-04-11,139.03321838378906,139.57591992890335,138.05633904039385,138.19201097621627,14884600
2018-04-12,139.98294067382812,140.57088456275136,139.23219047222764,139.6844486320961,14413200
2018-04-13,139.25027465820312,140.49851150633964,138.85228529782205,140.46232312712897,19813600
2018-04-16,140.53468322753906,140.94172657536154,139.3949977383745,140.0552907264111,18846900
2018-04-17,142.0633544921875,142.45230375102423,141.06839465682742,141.29452377420372,18624200
2018-04-18,142.44322204589844,143.25729499119976,142.1537840089062,142.47941042666204,16974200
2018-04-19,141.4573211669922,142.4975095204032,140.99602276537797,142.13570847621463,16174500
2018-04-20,140.69752502441406,141.755807527944,140.3357101929778,141.14978321234094,21480600
2018-04-23,140.48948669433594,141.36685485982642,139.81109942899926,140.9055564880542,13268200
2018-04-24,139.6844482421875,141.67439518151306,138.56285684201168,141.01408833263517,24859700
2018-04-25,139.47645568847656,140.01917116426156,138.3548639478684,139.62118165559627,21981400
2018-04-26,140.11859130859375,140.57084935518904,139.24120959405323,139.67537345427505,14862900
2018-04-27,139.91961669921875,140.53468110578652,139.0965036241158,140.0914769898251,17734300
2018-04-30,138.6804962158203,140.78800781627766,138.65334801926176,140.21817172511678,15624600
2018-05-01,139.35887145996094,139.55785240324644,137.22421185024652,138.40007232358715,24977500
2018-05-02,139.88343811035156,140.90554593012362,139.0060562087783,139.09651335810835,16786800
2018-05-03,139.12368774414062,139.7478063692276,137.6312409638409,139.3950454683298,20985900
2018-05-04,140.86032104492188,141.55680246790075,138.210094882379,138.62616465581934,17927900
2018-05-07,142.05430603027344,142.78696211964856,141.1950181946091,141.27642135968964,16303500
2018-05-08,142.75982666015625,142.75982666015625,141.78294728104393,141.9367134145396,17281200
2018-05-09,143.52865600585938,143.90856504020311,142.3527957250358,142.92263167290145,15758500
2018-05-10,144.2974853515625,144.87637523596956,143.60100393066193,143.72763566156897,15828700
2018-05-11,144.57786560058594,144.84018302670813,143.85424988269892,144.3155619762856,14413600
2018-05-14,144.02610778808594,145.34670748654085,143.86330150020854,144.74068330085,15028500
2018-05-15,144.0532989501953,144.35179106411405,143.06737923568699,143.55582589549113,17544900
2018-05-16,145.55479431152344,145.91660919457746,144.24324813979064,144.26134233439998,21004400
2018-05-17,146.22409057617188,146.53162276831011,145.40097753090032,145.62710657838227,18639700
2018-05-18,146.4140167236328,146.82106001018144,146.12457874851376,146.48637966786768,17579800
2018-05-21,147.3818817138672,147.65323935241804,146.8572606264883,146.86630082043828,15667300
2018-05-22,146.3145751953125,147.7346726390404,146.19699744268723,147.6713498630051,13212000
2018-05-23,146.50450134277344,146.78489917815637,145.7447109884798,145.92561148209882,14235700
2018-05-24,146.55874633789062,146.84819812218845,145.28337529174217,146.45924901226584,12785000
2018-05-25,146.2964630126953,146.67635818087683,146.05223976107052,146.30550320652486,11150200
2018-05-29,146.09747314453125,146.7396719731429,144.8221018796121,145.51858327845648,20986900
2018-05-30,148.41302490234375,148.69342272578243,146.8572558802108,146.8572558802108,25169000
2018-05-31,147.22813415527344,148.68440607042393,146.83918493725426,148.41304839768432,28573700
2018-06-01,148.19595336914062,148.6843999202327,147.68942642861848,148.1869131744256,21108200
2018-06-04,148.9828643798828,148.9828643798828,147.72558745610814,148.63010362578262,14836000
2018-06-05,149.90550231933594,149.94169070513328,148.64822504847075,148.83817956934365,13283600
2018-06-06,150.99087524414062,150.99087524414062,149.7697867150544,149.88737823187665,16661300
2018-06-07,150.16783142089844,151.26228864394912,149.45325566531537,151.15375108181553,17571900
2018-06-08,150.62005615234375,150.7014593058316,149.9326149402509,150.2039725870337,17569800
2018-06-11,150.84619140625,151.1537236443561,150.41201363287502,150.72859986739965,15923000
2018-06-12,151.5336151123047,151.9044701089108,150.80999930966004,150.98185961549328,16166700
2018-06-13,150.93661499023438,151.84113119690315,150.7104859385672,151.75068785732947,19853700
2018-06-14,151.7416229248047,151.81398587234102,150.70143488283946,151.49741350391818,19248100
2018-06-15,151.7869415283203,151.84121032070814,150.62916128461572,151.27137419880663,24922600
2018-06-18,152.50146484375,152.51050503875413,150.81000985391836,151.02709875043712,18616500
2018-06-19,152.51052856445312,152.65525451779052,150.63817277294555,151.5517432767895,24605900
2018-06-20,153.7406463623047,153.94868125998354,152.8180358133006,153.27029399197377,19216900
2018-06-21,152.30247497558594,153.840150086407,151.7507194226756,153.7496929261955,26946200
2018-06-22,151.7959442138672,153.04416742231504,151.33463203085807,152.87230710329789,33638200
2018-06-25,149.31753540039062,151.388871417934,148.46728796724136,151.27129369760743,37005100
2018-06-26,150.1859130859375,150.74672269930775,149.1095500480642,149.45325693167504,20464000
2018-06-27,147.77989196777344,150.61101887850043,147.71656919570339,150.33967500341382,27511800
2018-06-28,148.23216247558594,148.5396947607805,146.76683641927048,147.6442184931336,26759100
2018-06-29,148.13265991210938,149.29043984075886,147.98793397057182,148.6210927125168,24146500
2018-07-02,149.1547088623047,149.20899142528864,146.96578141720764,147.21904483718112,24283600
2018-07-03,149.7493896484375,150.4211469316175,149.51335483927,149.558747214249,13561300
2018-07-05,151.45599365234375,151.48322630054858,149.63133696359594,150.56636149010802,18640500
2018-07-06,152.7359619140625,152.90844456282449,151.16548606530827,151.57398958238502,19597500
2018-07-09,153.6982421875,153.71640190374725,152.86307531359063,153.425901851011,16565200
2018-07-10,152.999267578125,154.20663267919906,152.1187220242756,153.94337907679997,18790700
2018-07-11,151.70108032226562,153.0627679510867,151.64661503340125,152.16404912941576,23912600
2018-07-12,152.4364013671875,152.7359743312126,151.27442894104385,152.57257845181925,19617600
2018-07-13,151.98251342773438,153.1717185628244,151.98251342773438,152.37287113532386,15409100
2018-07-16,151.39247131347656,152.53628421354492,150.65716203116074,152.2911765021709,15946900
2018-07-17,152.06422424316406,152.50904728439366,151.22905731310908,151.37430734924192,15134700
2018-07-18,152.4908905029297,152.5635155223944,151.21091435880678,151.92806391683584,13780000
2018-07-19,153.57115173339844,153.64377674651442,151.8372659062424,152.30024863338113,18398300
2018-07-20,152.94480895996094,153.69827806434273,152.8268054063213,153.23530908050685,17570700
2018-07-23,153.1354217529297,153.55299828062346,152.33656042787317,152.7813834569261,12335000
2018-07-24,151.50137329101562,154.10673133033853,150.8931544458547,153.82531808798984,25831300
2018-07-25,152.05514526367188,152.05514526367188,150.82054770924987,151.54678400922845,18401200
2018-07-26,152.87208557128906,153.7526444489024,152.06415167708496,152.20032871540204,20944200
2018-07-27,150.02169799804688,153.1626643513861,149.59503465825037,152.96294900714918,28777100
2018-07-30,149.05943298339844,150.71162095426175,148.9414294510551,150.01261728568068,20093700
2018-07-31,150.57542419433594,151.25626805681972,149.23189618420633,149.3589864844645,23567300
2018-08-01,150.47555541992188,150.91130543300727,149.33174280212904,150.4210901312369,17942600
2018-08-02,151.5740203857422,151.79189543663503,149.73120386716613,149.7493635843586,18292200
2018-08-03,151.04750061035156,152.21854612023344,150.33942400404052,151.7374174993248,21734900
2018-08-06,151.89175415039062,152.06422298358817,150.60267740514675,150.93856984239738,16288800
2018-08-07,152.25486755371094,152.9538712364325,152.1459369518656,152.40919052359385,15045700
2018-08-08,152.11863708496094,152.49990787475403,151.1382205461502,152.2548002771014,14789500
2018-08-09,152.50904846191406,153.1535868448513,152.10054485246656,152.19131573689603,10437800
2018-08-10,152.08236694335938,153.11724909434727,151.56493279376758,151.6466307355235,20521900
2018-08-13,151.19273376464844,152.5544215250293,150.58451489389483,152.27300827083926,20517200
2018-08-14,152.69061279296875,153.05373790681935,151.50140748019743,151.51956719884163,17683100
2018-08-15,150.77516174316406,152.3456517909236,149.9218350933539,152.23670733762904,27479900
2018-08-16,152.17318725585938,152.66338887283743,151.31986050426096,151.47418349204676,15484700
2018-08-17,152.8268280029297,152.93575863833655,151.53775084216753,152.0279664051188,15106700
2018-08-20,153.25343322753906,153.58022500958552,152.35471427149653,153.24434644350114,12547300
2018-08-21,155.01455688476562,155.5592376253176,153.5257785593045,153.54393827780467,20661200
2018-08-22,155.3958282470703,155.67725540319628,154.70591131222923,154.86023429034606,14329200
2018-08-23,154.92376708984375,155.70446866839885,154.48801700985604,155.31411095321883,12945800
2018-08-24,155.7679901123047,155.94047276890433,155.2505559943092,155.36855950792727,11894300
2018-08-27,155.9949188232422,156.99349521104415,155.7952035456818,156.24002645512118,15880400
2018-08-28,156.14016723632812,156.57590335941345,155.323160274068,156.28541722795708,13170300
2018-08-29,156.59408569335938,156.83919335816705,155.6499883149872,156.15834950732634,13157900
2018-08-30,156.4669952392578,157.25676967286836,155.97679376193489,156.29451258092826,14199600
2018-08-31,157.066162109375,157.40204068769438,156.09481810467074,156.10390488903965,12240500
2018-09-04,156.3671417236328,157.15691617813573,155.34133252967553,156.85734321392331,17923500
2018-09-05,155.94960021972656,156.34903096374387,154.6514641534786,156.30363858795857,15166100
2018-09-06,154.89651489257812,156.57592136407254,154.70587252516793,156.29450813030772,16647700
2018-09-07,154.81478881835938,155.64088258122837,154.01594154986583,154.51522975005048,17248000
2018-09-10,155.00546264648438,155.84970244131492,154.67865701743278,155.45935858395578,11067100
2018-09-11,155.25967407226562,155.77712219252908,154.32464936367737,154.86933013744863,14078400
2018-09-12,154.88743591308594,155.3140991766778,153.71639055994913,155.04175886028668,21572300
2018-09-13,154.92376708984375,155.72261453287797,154.56064202318734,155.486593628405,14570500
2018-09-14,155.57740783691406,156.0766823889864,154.6877616438889,155.02365412566678,15734900
2018-09-17,153.9251708984375,155.72259473146337,153.7345423830122,155.61366415122035,20023200
2018-09-18,154.5697479248047,154.96917862162687,153.98876159810155,154.1430845760907,13018000
2018-09-19,154.00689697265625,155.29597371614446,153.4803898374132,154.57881032703443,17593500
2018-09-20,155.43214416503906,155.50476918576857,154.15215414681848,154.66051544011864,16918700
2018-09-21,154.68775939941406,155.97683629683902,154.52436347968285,155.91328420462753,32539000
2018-09-24,154.1157989501953,154.77848300479047,153.19892047897267,154.56060801273915,15786700
2018-09-25,154.35189819335938,154.79672133361723,154.1885022551885,154.37005791487022,13758500
2018-09-26,152.94102478027344,154.7614262072967,152.71347460189554,154.67040058052126,17787200
2018-09-27,152.9501495361328,153.55088544929208,152.69529440119794,153.25051749271245,14471900
2018-09-28,153.41436767578125,153.82395531162013,152.4131411094517,152.4131411094517,22740300
2018-10-01,151.3936767578125,154.11518171875122,150.88396661269377,154.08786292160005,27893100
2018-10-02,149.75534057617188,151.57574222556417,149.43676473210328,151.25716638149558,28440300
2018-10-03,151.0659942626953,151.7577417168433,149.73709527951542,150.34692801315092,26027200
2018-10-04,148.9452362060547,150.77473454209837,148.48103886697015,150.58360018011766,29463000
2018-10-05,147.59814453125,149.41854587804323,146.23284352115508,149.04536026869621,31240100
2018-10-08,147.28871154785156,147.8166158308671,146.13275255338525,147.24319872660868,21330700
2018-10-09,146.7152557373047,148.1260696258082,146.52410747584366,147.10663537895056,20620400
2018-10-10,142.5010223388672,146.53321874593024,142.3189849727865,146.37848629033363,46921800
2018-10-11,139.77951049804688,143.1927626916281,139.72488679656024,141.8183509196685,68877400
2018-10-12,139.80685424804688,141.7728775024793,138.2504047043685,141.5908401126233,53492600
2018-10-15,140.32568359375,141.34510424827172,138.84205155017196,139.58842302120735,32747600
2018-10-16,144.39427185058594,144.59451716193166,140.2073421078925,141.33599623651722,35569100
2018-10-17,143.7753143310547,144.0119615224694,141.89119214152956,143.97554571544495,24140100
2018-10-18,141.08114624023438,143.47497916594148,140.50771520149803,143.27473384728955,31042700
2018-10-19,139.58839416503906,142.31899654394158,139.02407411773902,141.50891839374296,34214200
2018-10-22,139.28805541992188,140.58053915010538,138.82385791813354,140.0981337398455,28218300
2018-10-23,138.04104614257812,139.160589152472,135.54709114073424,137.3765896094448,37228100
2018-10-24,132.84378051757812,138.3322892610367,132.72546387869903,137.83167613174953,40412400
2018-10-25,135.72007751464844,136.36632636346835,133.26253748644925,133.55379459694768,32311300
2018-10-26,134.2364501953125,136.00224249697303,131.70609232651017,134.29106003745605,36986100
2018-10-29,133.49913024902344,137.10353100365234,132.04281751401297,135.73823000226503,33031300
2018-10-30,136.28433227539062,136.42996770499335,133.39899803311187,133.66296398533666,29017200
2018-10-31,136.5574188232422,138.22308787959042,136.5574188232422,137.67696186851967,36785400
2018-11-01,139.7067413330078,139.9615964742732,137.2673956956002,137.34021343432795,28496400
2018-11-02,140.17092895507812,140.98100714479548,138.75101787094994,140.22553878315034,26671600
2018-11-05,140.06170654296875,140.7716620710632,138.6691004002787,140.2073281187751,16940900
2018-11-06,140.75344848632812,141.18124396529768,139.73402805400664,139.85234471153996,15572900
2018-11-07,143.27467346191406,143.27467346191406,140.89904944511895,141.40875953647512,22127800
2018-11-08,142.89236450195312,143.72063630315043,142.300725914177,142.54648390874726,14987700
2018-11-09,140.2437286376953,142.0186172644067,139.2151973795104,141.99131235388506,20654400
2018-11-12,137.46762084960938,140.32565070495602,137.29468048155772,140.18912614521076,21886800
2018-11-13,137.03077697753906,139.34268163686247,136.79411580528327,137.98649090045205,18468500
2018-11-14,136.02951049804688,138.76922386956412,135.1466145868449,138.18669589719437,24549100
2018-11-15,137.96823120117188,138.1684764770384,134.8280413948085,135.15571421999363,24482000
2018-11-16,138.29592895507812,138.6144909415168,136.58474679415312,137.08536007405817,29323500
2018-11-19,135.4925079345703,138.377843150863,135.04650448906247,138.059267277134,21540900
2018-11-20,132.88026428222656,135.10114331141872,132.51617550718686,134.02711267432662,25907000
2018-11-21,134.7370147705078,135.9566804319254,133.3717136570687,133.5992638426419,17902300
2018-11-23,134.60955810546875,135.8929442077539,133.6265398497966,133.63565074392793,11134800
2018-11-26,136.35719299316406,136.89420818455372,135.38328526374244,135.9112034461226,15346400
2018-11-27,135.22854614257812,136.28436856695842,134.97367712862405,135.78375532473868,14461800
2018-11-28,138.5689697265625,138.68728638201532,134.43665046802263,135.80195161811474,26125900
2018-11-29,138.19578552246094,139.02407156209003,136.9306069990361,137.99554024060419,15134500
2018-11-30,138.91485595703125,139.13330917140976,137.51315269165195,137.8590334756104,20304700
2018-12-03,140.2437286376953,140.60780337035789,138.3687173762176,140.52588863879294,23379800
2018-12-04,134.2728271484375,140.2892550477044,133.9269463968941,139.94337429616098,41077900
2018-12-06,133.9815673828125,133.9815673828125,130.5501061604198,132.38871583538779,37581200
2018-12-07,131.08714294433594,134.94638603173794,130.40449224101937,133.9269654257924,28525100
2018-12-10,130.704833984375,131.72425438572077,128.74789402782426,131.31466682364874,30776600
2018-12-11,130.56826782226562,133.0622223616652,129.60345744885478,132.59801118643512,29229300
2018-12-12,131.81527709960938,133.58105485898952,131.7606533891221,131.86988692153565,27894800
2018-12-13,129.94937133789062,132.60715599157805,129.7400151553615,132.19756841170766,23205400
2018-12-14,127.98332214355469,130.36804355484855,127.51912478222546,129.0027424924631,24037200
2018-12-17,125.13312530517578,128.6582597745392,124.34773221816593,127.55322461890334,36468500
2018-12-18,124.97786712646484,127.10572053711647,124.46643706173364,126.26553490476753,42277200
2018-12-19,122.37506103515625,126.6490490153265,121.69012599204903,124.93215464976434,47676600
2018-12-20,120.3568115234375,122.74952805030026,118.93214848601669,122.03719653158986,57908100
2018-12-21,117.23350524902344,121.41617790715767,116.87734646728426,120.89563439748899,59404800
2018-12-24,114.95950317382812,117.32481597803746,114.92297246620295,116.64901530577195,28575700
2018-12-26,120.48466491699219,120.63992916325273,114.89559797298011,115.32482515959988,40182700
2018-12-27,120.98693084716797,120.98693084716797,116.77686955504613,118.96866324472731,39527900
2018-12-28,121.33396911621094,123.29744414133263,120.12847666420014,120.98693087668538,35994400
2018-12-31,122.28376007080078,122.42075547325064,120.36594985188513,122.11938230991193,29173400
2019-01-02,122.97784423828125,123.44359519118797,120.12850412537414,120.70385419399791,27295100
2019-01-03,120.77690124511719,122.95956075558568,120.22894753690717,122.29289442746212,29294600
2019-01-04,125.2883529663086,125.66278756519839,122.11025743985522,122.30203149828178,35355300
2019-01-07,127.48008728027344,128.19241850078998,124.87734287762814,125.35222106794785,30477900
2019-01-08,129.4344940185547,129.48928660920612,127.29749937288778,128.58518099337041,27320900
2019-01-09,130.5029296875,130.95042552481402,129.33397518904374,129.88192870677372,25764600
2019-01-10,131.1787567138672,131.25181812278657,129.08742788182562,129.73582524154693,22896800
2019-01-11,131.21530151367188,131.49841974432059,130.30205465814228,130.60342779267197,22428400
2019-01-14,129.909423828125,130.99619030627719,129.7633009208841,130.42998145952794,29185000
2019-01-15,131.00526428222656,131.1879108741924,129.76324794780044,130.27466397932147,25678900
2019-01-16,131.98245239257812,132.64911876061302,131.20618691531485,131.2153143681495,20827300
2019-01-17,133.17880249023438,133.63542595871832,131.48016263007239,131.4984314706236,19273400
2019-01-18,134.5487060546875,135.08751853587663,133.33408565697667,133.88203952821544,28306700
2019-01-22,132.42080688476562,134.02811648964817,131.5532250749429,133.75415355447228,27741100
2019-01-23,132.05551147460938,133.4984293592337,131.0144105332097,132.7130503781294,20621300
2019-01-24,132.8500518798828,133.11488739775095,131.8089507814642,131.9002671270885,16976300
2019-01-25,134.55776977539062,134.83174658123883,133.72671190716542,133.9002310153706,22266900
2019-01-28,133.83633422851562,134.16510366560985,132.75869565441286,133.29752190898506,22784700
2019-01-29,133.5166778564453,134.08290034184128,133.22444612998558,133.98244263758073,12084800
2019-01-30,134.9779052734375,135.47105250698934,133.0418122166122,134.22903606743915,25516900
2019-01-31,136.12855529785156,136.34773952959105,134.73128891623037,134.8043503268102,27252900
2019-02-01,136.23817443847656,136.69479791725152,135.69023462497222,136.39343868409762,17057900
2019-02-04,137.86373901367188,137.87286646478952,135.9641840532113,136.44820372820408,21301700
2019-02-05,138.00985717773438,138.44822569154698,137.20620943915958,137.90939946853243,18295900
2019-02-06,137.83633422851562,138.23816505418404,137.07835163968892,137.93679193493273,13720600
2019-02-07,136.70391845703125,137.62629272687332,135.51669480626703,136.91396132342288,22850800
2019-02-08,136.8500518798828,136.8957030762959,135.6171630058133,136.12857903400635,13463000
2019-02-11,137.99160766601562,138.03725886149414,136.64913365197182,137.25186599569327,16374800
2019-02-12,139.7176513671875,139.90029796425722,138.70394672815215,138.74047047354924,20779900
2019-02-13,140.11033630371094,140.4208369021494,139.45279742758143,140.11033630371094,15534500
2019-02-14,140.4299774169922,140.9779171870013,139.17881970863613,139.34321139416798,18251000
2019-02-15,142.6674041748047,142.68567301107475,140.8865758520506,141.3523266641435,27240200
2019-02-19,143.0601043701172,143.4710765744842,142.05554126010045,142.05554126010045,15856900
2019-02-20,143.73593139648438,143.90945053994358,142.95053849217157,143.0692650503367,18317400
2019-02-21,143.18797302246094,143.7176578881684,142.52130669796776,143.49848755411122,17497000
2019-02-22,144.42996215820312,144.53956123964372,143.47106425711112,143.62631452619306,20411800
2019-02-25,144.46652221679688,145.66287336719674,144.37519195728376,145.27931136031563,17957100
2019-02-26,143.47108459472656,144.46652030908552,143.27929662629805,144.30212863114093,21497300
2019-02-27,143.6719970703125,143.78158223000224,142.5760897332526,142.91400053403035,18194900
2019-02-28,143.17884826660156,143.81811831137648,142.80441369214702,143.4619525767846,18155300
2019-03-01,144.51217651367188,144.60349283129864,143.15143378516024,144.24732714196205,19247100
2019-03-04,143.2062530517578,145.00535067127578,142.09209064977077,144.7861663850505,23301800
2019-03-05,142.5395965576172,143.33411700582448,142.43001137442823,143.32498955223994,16798200
2019-03-06,139.74501037597656,142.53954297718303,139.61715639863505,142.48475040618501,29604600
2019-03-07,138.52130126953125,139.85464804981117,138.23819692301026,139.74506286665303,26822500
2019-03-08,138.48477172851562,138.59435690709077,137.5441284522976,137.75417135624764,20466800
2019-03-11,140.90487670898438,140.92314555121274,138.72221688665596,138.91400489244478,20854500
2019-03-12,140.97792053222656,141.53500170273168,140.457377041614,141.00531682462503,18966800
2019-03-13,141.53500366210938,142.21993885163667,141.32496077246614,141.48021107655393,24109100
2019-03-14,140.95968627929688,141.5715601242444,140.8226908621915,141.46196100355132,14217500
2019-03-15,141.33404541015625,142.34774974097283,140.94135604260643,141.12400258414212,22025900
2019-03-18,142.23822021484375,142.8774903276771,141.07839262331828,141.60807755539255,24510200
2019-03-19,141.5167236328125,142.95051379545347,141.16055795489177,142.9048486705837,18633100
2019-03-20,140.33731079101562,142.31518574928242,139.5589900705318,141.5093817354283,29463200
2019-03-21,142.1778106689453,142.90119260219004,139.85197281191978,139.85197281191978,31845000
2019-03-22,137.0042724609375,141.50942412276953,136.95849956004784,141.19809574132157,40663000
2019-03-25,137.60861206054688,138.5609286266921,135.89629215951942,136.87606408017146,26454700
2019-03-26,139.055419921875,139.9344804788886,138.0756338215806,138.69830462700557,21308600
2019-03-27,138.51513671875,139.37587951646174,136.8760591004206,138.91803879190783,23477100
2019-03-28,139.75128173828125,140.03514071833135,138.20377803703948,138.99126454888253,19473300
2019-03-29,140.1816864013672,140.9874906437412,139.27517060088817,140.72193516741714,28298900
2019-04-01,141.71084594726562,141.85735832202008,140.75854345573995,141.28047457904265,20075200
2019-04-02,141.34457397460938,141.82073218959607,140.56623923696895,141.81156643388047,18253500
2019-04-03,142.07711791992188,142.98363349061736,141.6833676841363,142.6082147657558,19554700
2019-04-04,142.77304077148438,142.85544874332786,141.784103192795,142.18700524028205,15909500
2019-04-05,144.1099090576172,144.19231701076595,143.0202462142522,143.12097170327382,21379000
2019-04-08,143.8719024658203,144.21986597864856,142.9104478703843,143.6246784698364,14202400
2019-04-09,142.1137237548828,143.48724559653218,141.84818234659275,143.26749104406775,18534200
2019-04-10,144.04583740234375,144.09162426633785,142.23279216012895,142.37013877992206,18938800
2019-04-11,143.86273193359375,144.3846631626347,143.58802466832338,144.23816473039017,12218700
2019-04-12,144.38467407226562,144.82421131878618,143.86274280378782,144.79674198740275,14120300
2019-04-15,143.91763305664062,144.7692239596537,143.30412824178885,144.63186337674796,10964000
2019-04-16,144.25643920898438,144.58608506638933,143.74365986906315,144.41211733992176,16782900
2019-04-17,142.93789672851562,144.77841162928044,142.11377494337052,144.76009408591497,17108500
2019-04-18,142.51663208007812,143.10266753307022,141.61926834909997,142.94700339407717,23276300
2019-04-22,142.14120483398438,142.67230166669145,141.49107893290676,142.21446101492893,15596800
2019-04-23,144.28392028808594,144.72344343380976,142.2602583110725,142.26941009479154,23396100
2019-04-24,144.73260498046875,145.30948875402484,144.1007825565149,144.3297029146321,18053100
2019-04-25,143.53306579589844,144.19235755082227,142.36099466985385,144.06416270804206,19365100
2019-04-26,144.92491149902344,145.1263625420473,143.21257763332065,143.72537099786626,16999100
2019-04-29,145.620849609375,146.15194663548007,145.12638767317674,145.2454167848915,13698900
2019-04-30,144.94320678710938,145.767328453899,143.7253627859443,145.73069337242939,24127500
2019-05-01,143.5697479248047,145.34617290989866,143.49650567396418,145.29123423567034,17734300
2019-05-02,144.2381134033203,144.81498308569812,142.55324929624317,143.43230943785676,22715700
2019-05-03,146.99436950683594,147.0950950440374,144.85167786694228,144.96155519036472,20178800
2019-05-06,147.1591033935547,147.52537021397947,144.68675345304482,144.84241755033452,21262100
2019-05-07,144.24725341796875,146.3899439998542,143.07518263956035,145.87716478082376,25434500
2019-05-08,143.54220581054688,144.7600637031952,143.44148030146502,144.00004649324825,16113700
2019-05-09,143.02027893066406,143.4414845467897,140.77686231346846,142.40677407434947,25259900
2019-05-10,143.4140167236328,143.60631596583423,140.71275938191653,142.4708659972592,26544700
2019-05-13,138.84478759765625,141.03326578092037,138.41441618330722,140.73108921517377,26936500
2019-05-14,140.59375,141.1706338925755,138.90889916997412,139.1469853337381,15519200
2019-05-15,141.0515594482422,141.39037107391255,139.24767990961502,139.54984248195808,18410600
2019-05-16,141.93063354492188,143.0111310162251,141.41785413669723,141.48194457662981,13772100
2019-05-17,139.95272827148438,142.17784112357202,139.78791234209388,140.85010601657038,21534000
2019-05-20,138.98208618164062,139.93440241818345,138.6432886215055,139.11943276759115,18689800
2019-05-21,140.85012817382812,141.05156523959766,139.71467813916342,139.76046500637065,11659100
2019-05-22,139.66891479492188,140.63953506554992,139.18360465960785,140.30073734109854,13922600
2019-05-23,136.79367065429688,138.32285721597654,136.0519708101724,138.32285721597654,26379400
2019-05-24,138.07557678222656,138.35028396607322,137.15989548419626,137.70015806889685,16093100
2019-05-28,136.97679138183594,138.86309302458233,136.96763959688144,138.27705742710586,14042200
2019-05-29,135.83218383789062,136.3724325436375,134.93481992316987,136.29002456591817,22622300
2019-05-30,135.456787109375,136.96767029696665,134.64183095565363,136.2076528096679,17739100
2019-05-31,133.56126403808594,134.45862772637838,133.06680232434547,133.8634405189999,25411300
2019-06-03,134.02828979492188,134.79747283425135,133.07598723163366,133.80853518841928,26554500
2019-06-04,137.4987335205078,137.61776261106544,134.0740797769786,135.4476019882917,21217600
2019-06-05,137.5261688232422,138.16714290217442,136.07939077525972,138.04809986887736,18184100
2019-06-06,137.1691131591797,137.82840506108474,135.80474247869978,137.46212401991912,20772500
2019-06-07,138.13966369628906,138.73485087580463,137.37049485661743,137.67267132338543,17107500
2019-06-10,138.95465087890625,140.22744745162777,138.67994366757438,138.67994366757438,18912300
2019-06-11,138.5426025390625,140.3098609844744,137.883310794611,139.98021511224863,15373000
2019-06-12,138.69827270507812,138.98213172384908,137.91993787048202,138.4327172556412,11957600
2019-06-13,140.16334533691406,140.26405686807902,139.06451658317673,139.4674185965887,14839400
2019-06-14,138.9363555908203,140.04433639750943,138.92720380544623,139.98939774088194,16154800
2019-06-17,139.89480590820312,140.5012756024538,139.37102069334108,139.55479981346093,12509300
2019-06-18,141.521240234375,142.56879645308726,139.91314868678936,140.84125621083535,22100800
2019-06-19,142.0266571044922,142.1553038800002,140.96071866659912,141.68666505953112,15625000
2019-06-20,142.69744873046875,143.55204184850533,141.91638407575368,143.3958289175623,17595700
2019-06-21,141.46607971191406,142.587150146197,141.15365392437758,142.55039994472796,19854400
2019-06-24,139.7477569580078,141.8888177528365,139.67424251621523,141.84286947403535,24002600
2019-06-25,138.8931121826172,140.13364514162762,138.7552814189231,139.95905015998784,17462200
2019-06-26,138.57156372070312,139.87641360644054,138.53479948648683,139.39857671175807,15726900
2019-06-27,141.1720733642578,141.3007201355801,138.97588018289753,138.97588018289753,22278400
2019-06-28,142.89041137695312,143.36824818987733,141.45691495962512,141.46609900588427,35089900
2019-07-01,143.44174194335938,145.21523009536114,142.6330973029128,144.76495950757746,22850500
2019-07-02,142.56878662109375,143.4601298534299,141.75095782272237,143.36824732705742,19024600
2019-07-03,143.5887908935547,143.66230533483358,142.587182921341,142.9823212905343,9115100
2019-07-05,143.97471618652344,144.02986252781875,142.30230839145676,142.88122579277902,14156700
2019-07-08,142.60548400878906,143.79087039994215,142.32980851599314,143.54277507572002,9735700
2019-07-09,142.79852294921875,142.82608911100849,141.95312793762764,142.0082602612071,12381600
2019-07-10,143.046630859375,143.86445970021524,142.29313240963623,143.53365174091778,17325400
2019-07-11,142.34823608398438,143.2947114950971,141.71418645448426,143.24876322804994,14260800
2019-07-12,143.450927734375,143.96551468585267,142.3206732501335,142.55958461433588,16678000
2019-07-15,142.69744873046875,143.89203387341388,142.29314033232302,143.86446771039135,12194300
2019-07-16,142.65150451660156,143.53364971464464,142.12771941283933,142.5504239187586,15152700
2019-07-17,141.63148498535156,142.74335730854133,141.26391287820613,142.6514747978366,14155100
2019-07-18,142.1644744873047,142.44013608053882,141.26393321125914,141.58555709862458,15705500
2019-07-19,141.3466796875,142.82611066496196,141.3466796875,142.37585394015096,17182600
2019-07-22,141.21795654296875,142.15524783583027,140.96066309338974,141.73255746356818,14474600
2019-07-23,142.15530395507812,142.1736860720024,141.0893655166221,141.7693636283503,15493200
2019-07-24,144.50767517089844,144.68227018580046,141.6223004558662,141.77851335829337,23823100
2019-07-25,142.76171875,144.48927234986024,142.51360936627876,144.43412602569094,17902500
2019-07-26,144.45257568359375,144.65473690242993,142.89043228286147,142.96394672802433,14260300
2019-07-29,143.4877166748047,144.59960336913966,142.98232765337178,144.44339043251264,13192200
2019-07-30,145.0406494140625,145.0406494140625,142.16447266380584,142.4860825256019,1200
2019-07-31,143.8644561767578,146.3179426391889,142.93636271269727,144.9855267879511,40445900
2019-08-01,141.7785186767578,145.3438914726693,141.13528493044493,144.15850457028156,38070200
2019-08-02,140.2072296142578,141.28235217260732,139.0126443200535,140.91479393813577,30148300
2019-08-05,135.99859619140625,137.7629006215862,134.3537544744731,137.6342538617224,39221500
2019-08-06,137.2483367919922,137.56076268714594,135.42889973153763,136.8256322115595,24283300
2019-08-07,137.2115478515625,137.5699219293151,134.7948118274052,135.9250663770182,23952100
2019-08-08,140.17041015625,140.25312264465128,137.82720279709278,137.97421762009455,19415600
2019-08-09,138.40614318847656,139.81207358942234,137.86398995338163,139.75694126333758,19313200
2019-08-12,136.6142578125,137.94667362842938,136.30183198394033,137.6618139599518,15963000
2019-08-13,138.08453369140625,139.48126602787698,135.6953633966626,136.31103107552394,21912600
2019-08-14,134.22508239746094,135.98018842853566,133.90345854774262,135.95262227243893,28235800
2019-08-15,133.69212341308594,134.7764296917361,133.04887566520208,134.73048142096673,24202400
2019-08-16,136.5775146484375,136.83480817009968,134.2618589320327,134.28942509353612,22783400
2019-08-19,137.95587158203125,138.65423767260685,137.79046060023109,138.1304666100363,17023400
2019-08-20,137.0552978515625,137.84556030297142,136.90828303984833,137.76286184236196,13324100
2019-08-21,138.1855926513672,138.43368808062775,137.64342547813231,138.406121921821,13446100
2019-08-22,137.8639678955078,138.8288255119547,137.04613913939343,138.45206931539406,12979100
2019-08-23,133.6370086669922,137.93751263736692,133.177553893571,137.11968370153508,36974600
2019-08-26,135.10726928710938,135.12565140401554,133.89431597879468,134.89592401775283,19167100
2019-08-27,133.10401916503906,136.01695999523068,132.94779224346544,135.96182768006037,24546200
2019-08-28,134.65699768066406,135.43807639742204,132.5527010057119,132.83756071938106,20115500
2019-08-29,137.01856994628906,137.1839668944173,135.96182983162024,136.13641082527442,18786300
2019-08-30,136.77049255371094,137.808864820662,136.0353621175008,137.7353503748963,18727100
2019-09-03,134.76722717285156,136.29261981606106,134.16074373329477,135.49315927430285,20688000
2019-09-04,135.85157775878906,136.32941462705895,135.24509412076725,136.00779069195596,13107500
2019-09-05,138.37857055664062,139.59153775958706,137.25749990717028,137.69858653812105,25666700
2019-09-06,137.7445526123047,138.9667041443367,137.68023622717072,138.4796831455918,14645900
2019-09-09,139.59152221679688,139.89476398376908,137.89153431689186,138.36018705741435,25780100
2019-09-10,141.3741912841797,141.46607379473045,138.65421378162986,139.38014590718217,29576200
2019-09-11,144.26873779296875,144.41576662338133,141.1076880463037,141.98984700733808,42970500
2019-09-12,144.3054962158203,145.09575869753456,142.95471257640818,144.4341429444044,38648300
2019-09-13,144.55361938476562,146.03306391499208,144.3882224414643,145.04983825755585,31042800
2019-09-16,145.0957794189453,145.87685796782299,143.99309101339858,144.24120046161582,23242600
2019-09-17,144.7190399169922,144.79255434824503,143.76336633214942,144.59957721352583,22986700
2019-09-18,143.8277130126953,144.7282403600419,142.49529709620947,144.70985824478504,19735700
2019-09-19,143.12928771972656,145.02225239386547,142.91794253596822,144.08496111152655,21531600
2019-09-20,142.8260955810547,143.94716628277325,141.9255682050901,143.01907274377015,22707200
2019-09-23,142.71580505371094,143.30390646098255,142.02662305980934,142.3022986616587,14944600
2019-09-24,140.5616912841797,143.19901033017524,140.0176324565855,143.06991138683543,27576700
2019-09-25,142.10166931152344,142.34142045993283,139.9807461438966,140.4233690604712,21917500
2019-09-26,140.51560974121094,141.93569826112363,140.11908247264853,141.93569826112363,20641600
2019-09-27,139.3905792236328,141.29018392021322,138.78196391189474,140.92133383046655,20181900
2019-09-30,139.55657958984375,140.40494618686859,139.0494000832715,139.5842426474085,16905400
2019-10-01,136.81781005859375,141.41007412572534,136.52273278509492,140.2666162729342,34093500
2019-10-02,135.7850341796875,136.13545167375298,134.50326090543854,136.13545167375298,24894600
2019-10-03,136.2368927001953,136.42131778321252,133.64566892563232,135.26864342594018,25362800
2019-10-04,137.52780151367188,137.62923736031746,135.66507690741807,136.46734735660544,18640400
2019-10-07,137.28810119628906,138.3854491962989,136.58726633471431,137.1958816395359,15762800
2019-10-08,135.05648803710938,136.4120194612464,134.73373374948514,135.941733623106,18110600
2019-10-09,135.6743621826172,136.19075794870545,135.22250885192528,136.05242860874867,10929500
2019-10-10,136.2184295654297,136.93769715208526,135.64670765571123,135.86801210038664,16349000
2019-10-11,138.5238037109375,140.1283315862694,136.19079178546608,138.1272763894189,29236300
2019-10-14,138.0166015625,138.45922453229974,137.49098942412476,138.23792008276513,10692600
2019-10-15,139.6026611328125,140.28504924639398,138.1272326977768,138.47765011701168,16801200
2019-10-16,139.75021362304688,140.41415504420112,139.37213313335894,139.43668963825988,13119100
2019-10-17,141.40086364746094,141.55762566964324,140.21130991643915,140.43261438505806,13175800
2019-10-18,140.72769165039062,141.5483951375446,139.65800659029125,141.022768935852,14490200
2019-10-21,142.04635620117188,142.9131695447296,141.9264876394913,142.16623883358392,17450300
2019-10-22,142.203125,142.97771872956412,141.76971835044444,142.19389460060682,12471800
2019-10-23,142.3783416748047,142.70109614737302,141.59453149543336,142.32301555281765,8728000
2019-10-24,142.1754150390625,142.9869020373358,141.52070408696,142.88546616255164,9091400
2019-10-25,142.93161010742188,143.42034287438878,141.91725111707686,141.9264815165451,10531500
2019-10-28,144.16725158691406,144.757420162993,142.94080465663328,143.54020363077404,15392400
2019-10-29,144.63755798339844,145.0893972449726,143.72463499105314,143.8629502607739,11978300
2019-10-30,144.15805053710938,144.6006734983945,143.18980137682982,144.58222677104465,14451500
2019-10-31,143.34657287597656,143.94597195333697,142.2307920351933,143.94597195333697,17344200
2019-11-01,145.7902069091797,145.87319605665354,143.8998188159336,144.22255907968537,18421600
2019-11-04,146.57403564453125,147.26564010407205,146.1314127302292,146.98899550610997,16182000
2019-11-05,146.75848388671875,147.96649835309893,146.5925055441399,146.98901874301,13760200
2019-11-06,145.91009521484375,146.61093007713816,145.52279840339472,146.61093007713816,16025500
2019-11-07,146.2974090576172,147.69906487465198,145.8547860888227,147.3025516896493,13448900
2019-11-08,146.69393920898438,146.8691479484135,145.65191717178828,145.9562248659446,11967400
2019-11-11,146.41729736328125,146.5279495920913,145.58737750574392,145.72569279175647,10508700
2019-11-12,146.46340942382812,147.4316586531485,146.1498853901758,146.55561492569169,14316900
2019-11-13,145.83631896972656,146.15907334041006,144.95107315591628,145.45825256524952,14514400
2019-11-14,145.7902069091797,146.5371373778983,145.5043319500026,145.63343086964872,13054000
2019-11-15,146.54638671875,146.8875737823804,146.02077459560942,146.83224767160033,13119200
2019-11-18,146.1775360107422,146.38040779660503,145.64269349080655,146.3619610695093,10759500
2019-11-19,146.72157287597656,147.26563164258025,145.98385868070773,146.72157287597656,15203700
2019-11-20,146.1682891845703,147.17343167273776,145.01561510840767,146.20518263461545,21314300
2019-11-21,145.4490203857422,146.5187052958282,144.98795075940114,146.4541628649192,15388300
2019-11-22,145.90089416503906,146.19597145053842,145.0986374052264,145.98388333245478,13482400
2019-11-25,148.9993133544922,149.22984824690772,146.5187556607838,146.64785463770718,24753000
2019-11-26,149.10072326660156,149.88453332167686,148.73185906062727,149.15604937981504,15496700
2019-11-27,150.1519775390625,150.24418304727757,149.46037290915444,149.7370175752641,13202500
2019-11-29,149.1745147705078,150.11508695426988,149.08229518979428,149.76468350316995,9988200
2019-12-02,147.71751403808594,149.58023958229327,147.45931612947075,149.52489939839225,17190900
2019-12-03,147.24717712402344,147.3209499467181,145.7902096056672,146.45415093919198,14884400
2019-12-04,148.2615203857422,148.667263832885,147.81889756646171,148.00332256860145,10833200
2019-12-05,148.4091033935547,149.06381442665284,147.95725006439326,148.89783610414207,11470700
2019-12-06,150.14276123046875,150.68682016243017,149.8476698343819,149.93065901300673,16486200
2019-12-09,149.8568878173828,150.45628694577294,149.7462355779955,150.0782063668898,13476700
2019-12-10,149.94906616210938,150.27182053254302,149.33123454421025,149.76464112360236,13704400
2019-12-11,149.90296936035156,150.38248575855937,149.3404637982414,150.1980607040886,19612200
2019-12-12,151.1939697265625,152.24520799290144,149.6171052916894,150.0781749536052,24857000
2019-12-13,150.61300659179688,151.97776875287394,149.89373909672054,150.98185666644633,23279600
2019-12-16,151.67459106445312,152.5723487780154,151.54501851416316,151.84117829096218,20115300
2019-12-17,152.4335479736328,152.4335479736328,151.50802550369897,151.9152576500462,12980000
2019-12-18,152.72967529296875,152.97030597760653,152.08181258636876,152.7666899666254,15379300
2019-12-19,153.3867645263672,153.3867645263672,152.6000792617155,152.9702824306874,11919800
2019-12-20,153.6089324951172,154.01616455405886,153.3775519272957,153.7755197252211,25449500
2019-12-23,153.9143829345703,153.96991202079445,153.04438959078786,153.85885384834617,13372100
2019-12-24,154.2660675048828,154.28458190721932,153.67373373127487,154.05320130624196,4334500
2019-12-26,154.2660675048828,154.54372705052583,153.9699076792544,154.4049043388799,9371200
2019-12-27,153.50711059570312,154.67326346799953,153.109128711426,154.67326346799953,12261800
2019-12-30,153.11842346191406,153.83107964251292,152.3132235175385,153.6181993288901,14912700
2019-12-31,153.33131408691406,153.9606767436992,152.44282037685056,152.78525918985912,17362400
2020-01-02,153.43309020996094,154.33084799676158,151.99852777892434,154.3215978575394,18297500
2020-01-03,152.83148193359375,153.09062701391943,151.5079778740361,151.54500666970986,19295600
2020-01-06,153.03509521484375,153.2109325629429,151.35988823798488,151.64681197112523,17150900
2020-01-07,152.52610778808594,153.02588371430159,151.98005291332103,152.57238673663517,11817900
2020-01-08,152.99807739257812,153.6644545271422,152.45202266691683,152.5445805387418,13832400
2020-01-09,153.18319702148438,154.05319027845752,152.95181643707025,153.74776621234884,11895400
2020-01-10,152.609375,153.3497956815378,151.970762338703,153.22022312144492,15353000
2020-01-13,153.5996856689453,153.67371502457746,151.8504491033852,152.655648977617,17271100
2020-01-14,154.16424560546875,155.10826811795218,152.6926545174708,152.84074146457164,18323000
2020-01-15,154.90464782714844,155.4414524038333,153.76625946267527,153.77550960073344,15437200
2020-01-16,156.90380859375,157.21848281487362,155.88572832264313,156.03381529341337,19976200
2020-01-17,156.47805786132812,157.85707701320075,156.10784047780422,157.5979319059086,18306400
2020-01-21,155.18228149414062,156.4039773872535,154.8120783205375,155.8208939726,17935100
2020-01-22,155.08050537109375,156.06155669285306,154.728802398256,155.66358890556714,14916300
2020-01-23,154.97869873046875,155.45997425718727,153.12765422100398,154.65477441472174,15954300
2020-01-24,153.0721893310547,155.49705413608874,151.9985796760187,155.49705413608874,20491400
2020-01-27,151.33212280273438,152.23914468465878,150.32330704099635,150.7212889121157,18539000
2020-01-28,152.59085083007812,153.08137649919294,151.3136397116042,152.24841211225998,16690400
2020-01-29,151.72088623046875,153.22949232105415,151.69312168716303,152.8037599087986,14944400
2020-01-30,151.72088623046875,151.91525215596047,149.86984135754497,150.71207016408968,21889700
2020-01-31,148.57412719726562,151.71164793697946,148.1113659428987,151.15634290515075,30439000
2020-02-03,150.23080444335938,150.79535955627813,149.46261914800175,149.56442717804555,17373200
2020-02-04,152.49830627441406,152.99808207947285,151.93373713262326,152.07255982226488,15994200
2020-02-05,154.84915161132812,155.05276767059803,153.34980983156913,154.0809663190556,17807000
2020-02-06,154.4974365234375,155.62657490134532,154.34009942125036,155.385944178415,14768900
2020-02-07,152.60011291503906,153.96988188912877,152.15585206748395,153.90508855297952,18029600
2020-02-10,153.4608612060547,153.53490468999706,152.21141448569745,152.3039582488625,11428800
2020-02-11,154.5251922607422,155.45071445795654,153.8865796850886,154.3678410595495,15005600
2020-02-12,155.58953857421875,155.7561257925274,154.82135344876104,155.5062449650644,12123000
2020-02-13,155.99679565429688,156.36699894710654,154.6640412044215,154.7658492282967,12649300
2020-02-14,155.39520263671875,156.2096668538542,154.87691236121466,156.13562336844637,16006200
2020-02-18,155.06202697753906,155.54330261175176,154.0346964804352,155.02501229291593,13412100
2020-02-19,155.8579864501953,156.5428781978609,155.05278637833726,155.64512022522132,11084600
2020-02-20,156.2374267578125,156.51508628926214,154.18276599637585,155.3951980239438,20383800
2020-02-21,154.65480041503906,156.07084857305546,153.94214420482683,155.62658764800432,18729900
2020-02-24,149.99937438964844,154.61772065694606,149.1016168176901,149.80500853369654,28239500
2020-02-25,144.66842651367188,150.6380440947252,144.3445020968616,150.41592772259318,45047000
2020-02-26,142.99319458007812,146.6860336212405,142.73404946726143,145.35327925684058,39465000
2020-02-27,137.9583740234375,143.46522977191717,137.7362576739262,140.07782834070335,50530300
2020-02-28,135.43167114257812,138.02313624036233,133.19190901532386,134.06190218094093,72036400
2020-03-02,139.78160095214844,139.96670254677727,134.56165689847566,136.9495055995228,33569300
2020-03-03,136.93104553222656,142.71556092411137,135.4131892582901,139.8371855002154,42941300
2020-03-04,140.8274688720703,141.09586411058953,137.45856844881328,139.0874825238737,36195800
2020-03-05,136.3479461669922,141.12363029718543,134.6542387359505,137.75472983456592,32729400
2020-03-06,133.64541625976562,135.1077432080193,130.4893959075112,132.0812954146051,39688300
2020-03-09,120.65106964111328,126.02835114444682,120.55851177594522,124.14029214720661,56320000
2020-03-10,124.4179458618164,124.7603986880811,118.4853591357081,124.67710507723903,54432700
2020-03-11,116.50475311279297,122.4188475391209,114.92211071124827,121.16938669369193,51354800
2020-03-12,103.63072967529297,110.97012155697058,103.28828389345735,108.07323233345672,70114300
2020-03-13,110.5721435546875,111.02564747684889,101.39096459435132,109.49853436292251,57915100
2020-03-16,95.90262603759766,103.01063778931713,93.87572988248694,100.5302376712386,59095700
2020-03-17,100.2988510131836,102.27021090766137,93.11679621575198,97.14281668087749,59344800
2020-03-18,92.52445983886719,98.82726405932371,89.0815159622775,95.37507004434191,62296700
2020-03-19,96.13398742675781,98.84576758512922,88.56321602312924,92.23754005647338,62654700
2020-03-20,93.84795379638672,100.65979784794098,92.96870345746386,98.21641977088066,76203700
2020-03-23,92.45965576171875,94.56984494140879,88.76682469726119,94.31069989283955,63534700
2020-03-24,100.9189682006836,101.18737055694316,92.48745816597157,97.52230252388041,73386700
2020-03-25,102.17324829101562,105.9175245601703,98.50329472202772,101.71799074039949,56043700
2020-03-26,108.52828979492188,109.26228046430441,103.31603241357472,103.63193045196341,51657600
2020-03-27,104.57958221435547,107.7942700836213,103.0094067060217,104.291563238979,39931500
2020-03-30,106.88378143310547,107.0881847902118,102.94439512102826,105.2113967735793,41552100
2020-03-31,106.34487915039062,107.93364070412186,104.02212709724961,106.47495269828838,52948000
2020-04-01,99.09791564941406,102.55416540068629,98.04802698716418,100.99327544365319,54224200
2020-04-02,100.03629302978516,102.56344863285928,97.15608163364055,98.22454909517992,43774200
2020-04-03,97.20254516601562,100.34290386474547,95.32575725381264,99.03286810626417,42189200
2020-04-06,104.64464569091797,105.30430656677103,101.29059043009559,101.3556272181803,48708100
2020-04-07,104.9140853881836,110.22854435223272,104.42166298215776,108.5933245736457,57546100
2020-04-08,109.69894409179688,110.78599045458486,105.25784287892094,106.73510992243116,52822300
2020-04-09,114.9483642578125,115.77526349012045,112.72781367822452,113.27597980568555,69528600
2020-04-13,111.83589172363281,114.75326834355623,110.67451545492196,114.14005827120735,40198200
2020-04-14,114.10289764404297,116.0261365333609,112.69996016271645,115.11562147421321,35089700
2020-04-15,109.4480972290039,110.66521723281011,108.38892268904718,109.50384101895598,34809900
2020-04-16,108.62120056152344,110.0241379581201,106.43780755583572,109.71753292900505,49501300
2020-04-17,113.40607452392578,114.01928463361229,111.5478723808447,113.25742203848819,46250200
2020-04-20,112.06816101074219,114.18651007793103,110.60017978401385,111.11118106195343,36700500
2020-04-21,109.39234161376953,110.78599301004789,108.22167954459954,109.09502959943592,31608900
2020-04-22,110.72095489501953,112.4119182852673,110.34931310945878,111.78942237032761,24333800
2020-04-23,111.80799865722656,114.18650177615149,111.19479575058561,111.5943094202446,38571200
2020-04-24,113.73126220703125,114.57674047112582,111.57574097985045,112.9136487516238,27147500
2020-04-27,118.23739624023438,119.33373571300378,115.07845139594308,115.16206708417756,39021300
2020-04-28,119.95623779296875,122.13963094327167,118.25598116087356,121.82372581004526,47292700
2020-04-29,125.8560562133789,127.14750632890771,122.52987217852241,124.02572569451989,50390500
2020-04-30,121.07115173339844,123.51469195435037,120.91320626112166,122.54841895377227,43727500
2020-05-01,116.26769256591797,118.4232064910136,114.54885722241771,118.13518746420716,43352000
2020-05-04,116.76940155029297,116.97380488272024,113.58258517553041,114.83686997449725,28498200
2020-05-05,117.67062377929688,120.70878043235626,117.15961547766939,118.98995237027779,31209400
2020-05-06,116.80660247802734,119.11076945449217,116.13764848857643,118.4511084616946,29836800
2020-05-07,118.40464782714844,119.38949273627057,117.57774840562534,118.35818993621746,27493000
2020-05-08,122.97579956054688,123.33814835587009,120.03055131610836,120.93178035162215,32122900
2020-05-11,122.36260986328125,123.5239862176726,120.16064483198163,121.16407570341065,33983200
2020-05-12,117.96794891357422,122.9107586021741,117.8471612532868,122.88288670779322,44275300
2020-05-13,114.01927185058594,117.1410516680488,111.8730508842594,116.74153796853784,58719300
2020-05-14,114.39091491699219,114.53027439285354,108.87205284158915,111.46424541977913,55904300
2020-05-15,116.21192932128906,116.63002184430127,112.84858188628594,113.35959015972445,40236600
2020-05-18,123.2730941772461,123.93276201969846,121.55426610807145,122.13030409940032,46981100
2020-05-19,120.83887481689453,123.9885266665382,120.83887481689453,122.84573639639041,30270000
2020-05-20,124.49950408935547,125.4100188810592,122.99436536758665,123.31954213329017,35901300
2020-05-21,124.7225570678711,125.4844127218547,123.18024558837064,124.54602556182513,32716500
2020-05-22,125.32646179199219,125.47512138823107,123.58904706394826,125.12205839140356,24035200
2020-05-26,128.94061279296875,130.42717980027854,125.4193268649269,130.15773261893872,36971000
2020-05-27,132.945068359375,133.32600319955776,127.59345131374542,131.53284494404323,42682000
2020-05-28,129.79541015625,134.47808725409922,127.8257205229242,134.47808725409922,42105000
2020-05-29,129.05209350585938,129.4051563411677,126.73864162194701,128.49464154042576,41536400
2020-06-01,130.287841796875,131.6257496339228,128.78270256867503,129.38661260600136,25567500
2020-06-02,131.3656005859375,131.79299331881526,129.66534391539773,131.06829561359598,24666200
2020-06-03,134.5338134765625,135.71377559192672,132.96363068350126,133.4839249204306,36111700
2020-06-04,134.33872985839844,135.27713107905802,133.02869385410384,133.64190400636406,28904700
2020-06-05,139.53240966796875,141.52069982101116,138.94708555961313,140.16420584809492,53513400
2020-06-08,142.23605346679688,142.51478657236078,140.8795740910497,141.5485278736212,33834300
2020-06-09,139.60670471191406,141.0096562304044,138.491786398771,140.16417095696335,39646000
2020-06-10,135.81594848632812,139.60668146125496,135.5558013958192,139.4487360260855,51774500
2020-06-11,125.4565200805664,131.0311266664239,125.214958898884,130.21351316387168,72041500
2020-06-12,128.46682739257812,131.02185570250313,124.63892079337634,130.3807736036994,63864900
2020-06-15,131.4368896484375,132.43438183617562,124.24929292415474,124.24929292415474,57354800
2020-06-16,134.5972442626953,136.7507232426457,131.47422463014723,136.7507232426457,48957000
2020-06-17,132.1640625,135.16588538042544,131.74455609526018,134.79297973462656,34811400
2020-06-18,132.11746215820312,133.59972492417506,130.33687484253,130.85892857960962,26974100
2020-06-19,131.4368896484375,134.71837336733935,130.3648021206184,134.6344749470881,50293800
2020-06-22,132.7513427734375,132.9005050059101,129.42324403264107,130.73770953463085,28983200
2020-06-23,133.3107452392578,134.85827198957736,132.98445450850286,134.54131279249472,20344200
2020-06-24,128.9851531982422,132.0056259002902,127.07405203807016,131.53950435999948,42998700
2020-06-25,130.9335174560547,131.05471358964647,127.05538343010114,128.37918091652335,37191200
2020-06-26,127.40963745117188,130.35552847574067,127.24184055446887,130.02923776562085,39100100
2020-06-29,131.57675170898438,132.36916379993696,127.81049695615597,129.3114084729168,33935200
2020-06-30,133.47854614257812,133.88873533927045,131.06404018238388,131.1386213295006,32865900
2020-07-01,132.21072387695312,134.7184458785498,131.67002116948257,133.9167162398729,26457500
2020-07-02,132.7513427734375,135.43620605837094,132.27590416043614,134.76499023713757,24022400
2020-07-06,133.71156311035156,135.82775801404955,133.2454417621737,135.47351546236274,19858200
2020-07-07,131.3436737060547,133.72089544095755,130.96145078428825,132.5462605325919,22661000
2020-07-08,132.32257080078125,132.8446245933749,129.67500415268555,131.22251668790267,27358900
2020-07-09,129.6470184326172,132.70477380619016,127.9410123304578,132.3971319623683,34647800
2020-07-10,131.7352294921875,131.9123579024569,129.0783460128356,129.71226429706672,24008200
2020-07-13,130.06654357910156,134.83962304901024,129.94534744064097,133.12429939262418,34235500
2020-07-14,132.22003173828125,132.35986250397028,129.24617417216243,129.98263991295775,28114000
2020-07-15,137.0676727294922,137.76685490592294,134.97944350825583,135.56676108842495,40770100
2020-07-16,136.25662231445312,136.73206106075364,135.06335256990104,136.21000732562428,30530800
2020-07-17,136.65745544433594,137.58969815433193,135.6506316105529,136.74135387426082,20644100
2020-07-20,136.07017517089844,136.89987075380463,135.3150464994671,136.21932321874544,19663300
2020-07-21,137.99990844726562,139.05334742354762,137.22614517197587,137.47785472535858,24503800
2020-07-22,138.07449340820312,138.5965471445749,137.0676693916729,137.12360168844168,24424800
2020-07-23,138.21435546875,140.02290934020183,136.76005852363636,137.95332854141682,21704900
2020-07-24,136.18203735351562,137.66430007233046,135.69726708812254,137.31004323705508,20015500
2020-07-27,137.59906005859375,137.68295850703814,135.53879695577223,136.28459413337313,13370700
2020-07-28,136.2286376953125,138.009210538014,136.16337387482156,137.104948156848,13268000
2020-07-29,139.23043823242188,139.3236539576416,137.02101359380558,137.0396624288068,19864400
2020-07-30,138.6804656982422,139.01607375241505,136.41512200124996,137.170236566914,23618900
2020-07-31,137.37530517578125,138.36348030807133,134.8675696655941,138.10245345142476,29881500
2020-08-03,139.61270141601562,139.8084786977593,137.24481054219913,138.2423031185061,20777100
2020-08-04,140.5728759765625,140.70338939067548,138.9414511877028,139.26774183543284,20285000
2020-08-05,143.36962890625,143.46285888593223,141.49582580377822,141.97126456040303,18190200
2020-08-06,143.3136749267578,143.9755735426097,142.5492432636243,143.37893874764129,18237700
2020-08-07,145.5883331298828,145.66291424896556,142.7729563403085,143.0526319806453,20475200
2020-08-10,147.09860229492188,148.06814288584746,146.03584594807128,146.03584594807128,24000500
2020-08-11,146.25025939941406,148.99105558954525,145.57904342530452,148.47831918919815,30359400
2020-08-12,146.84689331054688,148.12406142477334,145.88668434183847,147.91896686593304,23378300
2020-08-13,146.53924560546875,147.78844752301296,146.03582653578042,146.35279989350477,15799900
2020-08-14,146.4459991455078,147.07060003394255,145.30866193824025,145.69088485090603,13360900
2020-08-17,147.20115661621094,147.3223527520911,146.11976560145206,146.82826512490078,9744200
2020-08-18,145.79345703125,147.15453783522898,145.1595387286412,147.15453783522898,14670400
2020-08-19,145.8028106689453,147.33168873696084,145.60704758990633,146.29689835876798,14337300
2020-08-20,145.2061309814453,145.88667845600241,144.06879364645224,144.3111858743368,15413000
2020-08-21,144.13406372070312,145.16885382529432,143.19250358855663,144.63746858717337,20685100
2020-08-24,145.6443328857422,145.68163057500948,143.87307671786104,145.29940749697283,13707100
2020-08-25,145.8028106689453,146.19436527682402,144.3018987550782,146.18503374217428,16269700
2020-08-26,144.8892059326172,146.14773967761147,144.66546249075842,145.89603008363275,13772700
2020-08-27,145.2434539794922,146.3621426708502,144.15273143855075,145.54176432556835,17508400
2020-08-28,146.4739990234375,146.54858016198094,145.17818196915303,145.98924296025174,12371400
2020-08-31,144.89852905273438,146.70708282848372,144.7773471303212,146.5392859090348,17051500
2020-09-01,146.5579376220703,146.65115339306692,143.9849376742808,144.70276881296556,15638800
2020-09-02,147.72320556640625,148.20796159760866,145.59767882040123,147.25708414993696,16763400
2020-09-03,143.36029052734375,147.5647002549355,142.595858860916,147.40622069268701,32117600
2020-09-04,142.4467010498047,145.3273278547623,139.17451975543312,145.15953098063866,30618800
2020-09-08,139.70591735839844,142.14838913092237,138.9041879195314,140.9364705524168,26447800
2020-09-09,141.82211303710938,142.42806521552183,140.36781642900158,141.16953164509917,20160800
2020-09-10,139.9762420654297,143.45351773610957,139.89234363259814,142.4746600117222,23005500
2020-09-11,139.04400634765625,140.81527618243612,137.67360830926032,140.6940800678486,20851000
2020-09-14,142.70770263671875,143.03397902029192,140.18131886587918,140.38641338121937,21991300
2020-09-15,142.97811889648438,144.21800391954758,142.50268003910404,143.91969352616212,16175500
2020-09-16,144.329833984375,146.22228568921722,143.41622581832323,143.66793535181878,22178400
2020-09-17,143.2764129638672,143.93829745409207,141.46785946962282,142.27890623718486,20002900
2020-09-18,142.9035186767578,144.76800461759822,140.8992019803139,143.54676860233158,38352800
2020-09-21,137.89736938476562,140.07881437773105,136.41510657351202,139.6686394467077,40652500
2020-09-22,138.9601287841797,139.18387220820514,136.62952146061596,138.57790576913965,19385800
2020-09-23,134.82012939453125,139.8359819794778,134.73589690689033,138.88148039126884,33403400
2020-09-24,134.82012939453125,137.12217943563874,132.96724313223925,134.79204237924228,31723700
2020-09-25,137.0099334716797,137.42168610959078,134.14639920872048,134.2306174448975,20689300
2020-09-28,140.3881378173828,140.7811704740001,137.0005461556737,138.84406565304818,17600900
2020-09-29,139.75181579589844,140.6314666011782,138.4978521828529,140.2290810467859,18683800
2020-09-30,140.17291259765625,142.21295582731977,138.95638890816159,140.27585075528768,29073700
2020-10-01,142.40945434570312,142.42817426726216,139.89217464199334,141.12741816167855,25872000
2020-10-02,143.0364227294922,143.71954980378413,139.4242496382826,139.81728224044153,29452000
2020-10-05,146.9855499267578,147.21013192797875,144.56182635699423,144.57119345979186,18553600
2020-10-06,146.56439208984375,150.67253671937962,146.30237030365458,148.32369346492797,36348000
2020-10-07,149.76480102539062,150.251418993802,148.28625575830173,148.40789954106813,27049700
2020-10-08,151.46795654296875,151.860989189466,150.27013868342036,151.336945660803,37278600
2020-10-09,152.25404357910156,153.1992069088815,151.42118550658412,152.86231969532852,25038100
2020-10-12,153.2740020751953,153.69512164770714,152.16041696392855,152.90904225036724,20336200
2020-10-13,152.25404357910156,152.74066161625967,151.11237103756744,152.08560711188372,20106500
2020-10-14,150.74740600585938,153.38635813639283,150.60704228790198,152.54413299129806,19024900
2020-10-15,152.30084228515625,152.70322782554294,148.61380271261098,149.06298092211927,22865100
2020-10-16,151.92652893066406,153.18984531758622,151.88908908385758,152.73131428759012,17637900
2020-10-19,150.1110076904297,153.49858391678575,149.75540071714875,152.42242445853438,18360600
2020-10-20,150.4385986328125,152.0200965654986,150.04556592490337,151.18723848178502,18927700
2020-10-21,149.14723205566406,151.0094577187456,149.0629995290836,150.54155952735914,17504100
2020-10-22,151.7206268310547,151.7767723126067,148.96001690241405,149.8583874445924,20673900
2020-10-23,152.60031127929688,152.84361317965914,150.89715513940547,152.60031127929688,20889800
2020-10-26,149.3062744140625,151.00941593430622,147.27559853882946,150.58831053440258,26509900
2020-10-27,148.0242462158203,149.78354776181786,147.79966425104976,149.21271146949638,20523000
2020-10-28,143.4668731689453,145.46012308896374,143.21420426718356,144.7302033986412,32338700
2020-10-29,145.17941284179688,145.78767462221202,141.9321990880007,142.96158055544348,27203200
2020-10-30,143.26104736328125,145.3104434766075,141.67019656214842,144.41208705486753,31764500
2020-11-02,145.81576538085938,145.8812636873123,143.80379505730696,144.8331765511353,25252100
2020-11-03,149.9519805908203,150.87840964299878,147.91193755358722,148.25817756063444,30257400
2020-11-04,150.1204071044922,151.92650098405616,147.58440769587995,147.62183325668428,45226300
2020-11-05,154.32211303710938,154.94909460806662,151.51472519628487,151.60829622351125,31911000
2020-11-06,153.11495971679688,155.0707844997279,152.8155123774123,154.9865519950772,24930400
2020-11-09,158.6642303466797,166.66528979375502,158.45835406399078,165.58911571986016,55052700
2020-11-10,161.6119842529297,162.20154036757674,158.8513886028418,160.20829009738176,35492200
2020-11-11,161.54647827148438,162.34189635434774,159.8901152485229,162.21088547722232,23972600
2020-11-12,159.06663513183594,161.55585646731777,157.53192992483153,160.39546403114684,33986800
2020-11-13,162.36062622070312,162.950182343444,160.31123044080925,160.3486702817758,25440400
2020-11-16,166.2254638671875,166.36582756889888,164.13862830764413,165.15865689683562,31812300
2020-11-17,167.00218200683594,167.32034926093172,163.09054679660994,164.73754282879605,26154500
2020-11-18,164.66273498535156,168.18132418404537,164.5691496370236,167.4514041602691,24377800
2020-11-19,165.92605590820312,166.1880777555188,163.82988112967766,164.3726304711746,20187600
2020-11-20,166.10379028320312,166.51554280856337,164.5410126740323,165.3270778883852,24898800
2020-11-23,169.21072387695312,170.30560402894298,167.25489841040903,167.74151657100037,24816000
2020-11-24,172.39239501953125,173.5340676444912,170.65181333550365,171.61568237932943,34945400
2020-11-25,171.80282592773438,172.47660035365982,170.21197519728935,171.718607694273,21082700
2020-11-27,172.53273010253906,172.64503534935923,171.45657025106433,171.92446832198655,10384400
2020-11-30,169.39779663085938,172.48592629967482,168.7427422839261,172.01802829770622,25481600
2020-12-01,170.96995544433594,172.3923696045916,169.39782475072403,171.8121805551562,30265000
2020-12-02,171.14773559570312,171.69985182719049,169.1544854796895,170.26808504161045,20142800
2020-12-03,172.1116485595703,173.29074672130656,171.19457221155324,171.5688850085469,19603600
2020-12-04,176.1168212890625,176.35077031157167,172.11161516603514,173.14099657672142,24415700
2020-12-07,176.28530883789062,176.8187052955026,175.40565804483137,176.14493082758992,14671500
2020-12-08,178.54991149902344,178.71834795508835,175.06874861585186,175.1061741797164,20165600
2020-12-09,177.2491455078125,180.43084658606548,175.83608423601746,179.6915739382821,29507600
2020-12-10,178.96165466308594,179.34532021915862,175.28396849592622,175.7050738930061,21245300
2020-12-11,178.08200073242188,179.41082948127575,176.21040853193213,177.79190622600441,30865000
2020-12-14,178.29042053222656,181.28492850205535,178.24349616549375,180.19602823239902,32237700
2020-12-15,182.7493133544922,182.95583212135696,179.04138620634515,180.0082630131773,26807000
2020-12-16,182.0922088623047,183.2468403828661,181.13472841790013,183.1717413497151,25494600
2020-12-17,184.26063537597656,184.34513073775096,182.16730182003167,182.7962400875604,23834200
2020-12-18,183.3688507080078,185.7062596058166,182.86195017496524,184.56102449832878,37033400
2020-12-21,183.27500915527344,183.78190974775083,179.74542605329503,180.13968525270562,30873000
2020-12-22,185.3589630126953,185.6030241417215,183.41581301776054,183.97904863696166,21919700
2020-12-23,186.93594360351562,187.41468370927132,185.77193035831817,186.40088281751488,18392000
2020-12-24,186.81398010253906,187.6869939640517,185.92220222260804,187.67759763116433,8904900
2020-12-28,186.1193084716797,188.85096236594356,185.98788874592017,188.8321983506035,27168400
2020-12-29,182.51461791992188,186.8045586291308,181.58529787580343,186.46662016117634,33901300
2020-12-30,184.373291015625,185.37771011233895,183.0778578038855,183.09663614245903,20595700
2020-12-31,184.04473876953125,184.77693643026694,182.69298483473435,184.57041767224652,24747700
2021-01-04,181.64166259765625,185.7626279099996,179.23855038686085,185.43407136962801,33664200
2021-01-05,184.44839477539062,185.50913459134642,181.237986333427,181.25675034880612,27442900
2021-01-06,191.99566650390625,194.10777842984402,186.95476395757768,187.25514576095526,52952200
2021-01-07,195.41259765625,195.74115413645913,193.09396692657114,193.1033632580306,24031400
2021-01-08,194.9901885986328,196.91456024960982,192.11771845827502,196.4921406978531,29017000
2021-01-11,194.8212127685547,195.36567004806452,192.27729911841382,192.52136024770712,20945100
2021-01-12,198.31320190429688,198.43523960780965,195.71296804637532,195.74112838969765,24892200
2021-01-13,196.895751953125,198.75440629228007,196.37007309547909,198.47278852606274,22782200
2021-01-14,200.82896423339844,201.82400120335743,198.1911737652726,198.2944331295329,33913700
2021-01-15,197.8345184326172,200.84780494461427,195.49710900137313,197.89083913540023,41043500
2021-01-19,200.36904907226562,200.51924716120124,198.7450734162241,200.26578967658216,19744300
2021-01-20,201.25137329101562,202.74392866878117,200.01227530763367,201.22321294982555,25474200
2021-01-21,199.50540161132812,201.97423040443485,198.96094436338905,201.79587199104563,21180500
2021-01-22,201.8240203857422,202.133798507966,196.70801901279214,197.5904146960341,24800200
2021-01-25,201.62692260742188,204.5557280000146,198.63242882794958,201.75834235221478,33985000
2021-01-26,200.22821044921875,203.4104584637607,199.73069190444343,203.04435964168687,23969800
2021-01-27,196.55783081054688,199.93721565545053,194.5865205970738,196.6610901897988,45830300
2021-01-28,195.92889404296875,199.35520327648382,194.90569657389642,197.91896828720866,32202500
2021-01-29,192.96255493164062,198.05979280281304,192.28667792857163,196.87700088560396,40591900
2021-02-01,197.70306396484375,198.60423802214555,193.15028364038415,195.4125936293909,26375100
2021-02-02,200.51922607421875,200.93226361351677,197.96591612553703,200.08741019485902,22773100
2021-02-03,201.11997985839844,201.57995603070023,198.6229909064885,200.60368299636067,23923200
2021-02-04,205.22218322753906,205.41931998206675,201.89913333724158,201.90851534510438,25400800
2021-02-05,208.06646728515625,208.24482567833275,205.36297401473317,207.39998671701446,23338800
2021-02-08,213.379638671875,213.39841701191924,209.70925383360344,210.07535268424456,20831500
2021-02-09,214.3840789794922,215.54807827302253,212.44092894798592,213.210683353803,19510900
2021-02-10,212.97596740722656,216.2051539026171,211.1642374260806,215.8296587731097,27955400
2021-02-11,212.7318878173828,214.96603724216538,209.72799845864637,214.1587406341605,25847600
2021-02-12,213.33265686035156,213.7832509882699,210.87322478774388,212.08416248779935,17440200
2021-02-16,211.99034118652344,215.5574666212326,211.0140680408507,215.40726854902502,22999500
2021-02-17,210.3287353515625,210.96706977299263,207.41872392124347,209.90631595467264,25042300
2021-02-18,207.0714569091797,209.23988960266396,205.94500004130586,208.71421068590126,24501500
2021-02-19,211.38958740234375,212.43156337150168,208.55465934076187,208.8268951682389,31238200
2021-02-22,210.01902770996094,212.51601690894825,209.31499037124712,209.81250894471077,23272100
2021-02-23,208.1697235107422,209.31495855352492,202.34968526014043,207.4187619225413,38646800
2021-02-24,213.088623046875,213.51104256262929,208.12281958753908,208.97704062653534,27584900
2021-02-25,205.21278381347656,213.64245270664867,204.64954826860787,212.8914767547154,49961400
2021-02-26,204.93118286132812,208.61094957178577,201.6456753351685,206.0670360513608,47734200
2021-03-01,212.2156524658203,212.81643047109188,209.2774651481429,209.7843657710968,26161000
2021-03-02,208.13217163085938,212.11233375498176,207.9725915844898,211.9527393849387,26895400
2021-03-03,205.8793182373047,210.51656590871647,205.7760588450533,208.78933091440035,33407600
2021-03-04,200.12493896484375,207.1653115200664,196.5953563566737,205.11890244903753,59126500
2021-03-05,204.36795043945312,204.7809736168824,194.51142839894567,203.5981961285446,53204300
2021-03-08,205.3348388671875,208.64850674844274,204.33040540285702,205.91683847534844,40619700
2021-03-09,209.65292358398438,211.20181428433193,207.38123154715058,208.77992418134153,32247300
2021-03-10,213.29515075683594,214.93790452771503,211.3989395363919,211.77443470679853,36812000
2021-03-11,217.98870849609375,218.04502918441523,214.76890401819387,215.48233760006502,25256700
2021-03-12,219.27476501464844,219.80044391783142,217.1908134172617,217.77282733750786,23732200
2021-03-15,220.05389404296875,220.1571534186365,217.69772106468196,219.04007862468757,21497400
2021-03-16,216.37413024902344,219.74411868810483,215.07869703315376,219.6784159884012,24675000
2021-03-17,218.07321166992188,218.55196621661253,213.4265682038471,214.93790222984546,29422600
2021-03-18,211.4364776611328,218.6551944232454,210.84508177193658,216.65573832053303,35637200
2021-03-19,213.03231811523438,214.59059089400657,209.28683424127206,210.8075646636405,40855600
2021-03-22,211.42709350585938,214.1212193489306,210.3663537001895,213.72694585097813,26128400
2021-03-23,203.75778198242188,210.14105644516968,202.7909052244993,209.4839578218741,43660700
2021-03-24,199.04541015625,207.76609313931237,199.04541015625,206.3861789477938,47270200
2021-03-25,203.7647247314453,204.57353939347428,195.64836481427406,196.88039328013716,59244600
2021-03-26,207.47967529296875,207.54550155183398,203.10644098315663,205.92788617674182,34452600
2021-03-29,201.63926696777344,207.78061120584093,201.3383202917213,205.97488809769325,38078800
2021-03-30,205.03439331054688,205.66451427541196,200.45425240216042,201.62985443003052,36205400
2021-03-31,207.7900390625,209.16313437402945,206.07835539809096,206.12538235546938,34800100
2021-04-01,210.42337036132812,210.57383651945298,208.8057407689439,209.16311403892797,29799200
2021-04-05,211.58016967773438,213.05671848777072,210.2635010349878,212.92505162349607,27826600
2021-04-06,210.95947265625,213.19782395785114,210.517445057184,211.60840740171344,24907800
2021-04-07,207.55487060546875,211.01583573846628,206.8495094598254,210.88416889863723,26233700
2021-04-08,209.31362915039062,209.5581636051647,206.33230353742934,208.63648109974687,23989400
2021-04-09,209.34181213378906,209.81205297025505,208.07217048569774,209.24777257686273,23267400
2021-04-12,208.5236053466797,209.66158017647598,207.2821626044161,209.46408705423258,20533900
2021-04-13,207.97811889648438,209.32301516608663,205.8056085038924,208.29787922469887,24608400
2021-04-14,210.0283660888672,212.54884998804278,208.59882998228096,208.66465623456136,27362000
2021-04-15,210.94061279296875,211.72121424690258,209.0314362835755,211.69300094681188,20587300
2021-04-16,211.27919006347656,212.24788498343497,209.73680078164475,211.98455127804496,23943000
2021-04-19,208.5330047607422,211.2886236230614,206.84954882040336,210.39516887202308,25285900
2021-04-20,204.26318359375,208.42950983842232,202.4292475001515,207.6301091569097,35570800
2021-04-21,209.25717163085938,209.37002483909384,202.673799939102,204.1033360960548,31147800
2021-04-22,208.39195251464844,211.9187591554651,207.63956422781828,209.97195500144008,31943700
2021-04-23,212.3231658935547,213.1601941211035,208.80577314774013,209.55816145747932,27999500
2021-04-26,214.5332794189453,215.07876052258928,213.2542237433072,213.48934416639793,19069200
2021-04-27,214.85302734375,215.7370823796203,213.96897230787968,215.09756175403552,19648100
2021-04-28,215.21983337402344,215.8311551024287,213.58340436551356,214.5050724329994,16222700
2021-04-29,214.42041015625,217.20422772090143,212.35133910745552,217.1101881690721,25500300
2021-04-30,211.50489807128906,214.24170286301808,210.7995368992317,212.2854994904391,27006000
2021-05-03,212.5394744873047,213.87495684167678,211.5331521329566,213.68686336300414,18693400
2021-05-04,210.0001678466797,212.68054662807629,207.80885795385666,211.23221101835537,26892700
2021-05-05,209.16314697265625,211.17577745441233,208.18505221308885,210.93125735217384,25139500
2021-05-06,209.34181213378906,209.54871924988302,205.62691239582992,209.39823873806714,27647300
2021-05-07,211.9751739501953,212.48302776389562,208.93742201773347,209.40766287696462,26172700
2021-05-10,206.58621215820312,212.23850196772486,206.52037155139,211.82468772664754,28109100
2021-05-11,205.92788696289062,207.27276895533987,201.65809185062176,202.1283327180145,39519500
2021-05-12,199.24107360839844,205.74920589457415,198.94951219802238,204.1786030221714,42113400
2021-05-13,202.90890502929688,204.4983212280574,199.19400558254424,200.61412763112978,37739900
2021-05-14,207.86526489257812,208.2320521736845,202.84308181586027,204.9685795966509,25070400
2021-05-17,208.1474151611328,208.21324141731776,204.9309551428732,206.69906531772276,20048500
2021-05-18,206.56744384765625,209.9531844263563,206.40756364680306,208.21328717190477,24564500
2021-05-19,204.97796630859375,205.17547376315852,201.3100937290537,203.1722433193886,31202800
2021-05-20,206.34164428710938,206.78367175928236,203.45437341950844,205.27890990454426,24932800
2021-05-21,206.8777618408203,209.13491219305473,206.29466777579236,208.15681753391635,24213700
2021-05-24,208.2226104736328,209.2101189762054,206.90594203727582,208.01570338354676,18324200
2021-05-25,206.2100067138672,210.39516164444478,206.14418045899274,209.0032384342223,20514900
2021-05-26,210.0565948486328,210.3763551846375,207.01882860475234,207.02824260620727,20388200
2021-05-27,212.21969604492188,212.88744438563697,210.83718675761213,211.64600161719054,21225700
2021-05-28,212.07864379882812,213.6586463188798,211.6554298631438,213.56460675017954,20668400
2021-06-01,214.4862823486328,214.95652326033309,212.5112791298599,213.92200186496075,23081500
2021-06-02,214.7401885986328,215.29506935830136,213.3294660465598,215.28566970750782,18927500
2021-06-03,212.9438934326172,214.0724687542868,210.7055420933659,213.32009477358292,24811500
2021-06-04,213.86550903320312,214.48623033025405,212.7463479892971,214.01598953259915,19395800
2021-06-07,216.7340087890625,217.04436947771237,213.72447016511077,214.3263778899011,24049900
2021-06-08,219.0287628173828,219.5836435262739,216.29195787266093,217.44876059194166,27770300
2021-06-09,217.57106018066406,219.73417123068248,217.23248615239498,219.6401173087024,18700600
2021-06-10,215.9575958251953,218.6890844553717,215.42072336905002,218.21813714863984,29069000
2021-06-11,218.2369384765625,218.33113366925858,216.70166031523004,216.91829201182875,16707200
2021-06-14,217.59645080566406,219.79106650747252,216.76757912507222,218.81148827183338,19182800
2021-06-15,216.97479248046875,218.0202958293405,215.2040264263373,217.69062704363122,17039900
2021-06-16,216.5132598876953,217.27619204777474,214.41283941194348,216.35313956527338,24527000
2021-06-17,214.0831756591797,216.82409186124033,211.47413847274544,215.91988126957528,48292500
2021-06-18,209.2230224609375,212.623262060185,208.28112799435556,210.70178929994324,54023700
2021-06-21,213.697021484375,214.28099145540114,210.30619565093843,211.03145841545634,26736400
2021-06-22,214.66722106933594,215.13816841175185,211.66257472517495,213.1225143610987,21188500
2021-06-23,215.37364196777344,216.59810793183436,214.74257425393432,214.74257425393432,22387500
2021-06-24,218.41592407226562,218.43476598725312,215.4301201083173,216.74876671403987,21732500
2021-06-25,218.78323364257812,219.84757893099243,218.28403075222784,218.79264741275085,27619000
2021-06-28,217.0502166748047,219.07528452820438,215.4772542525869,218.74563000695252,25006000
2021-06-29,216.0140838623047,218.26521117036367,215.47721146416802,217.79426391451727,18844300
2021-06-30,216.04232788085938,216.9371391163804,214.5258772240407,215.36416271929022,26039000
2021-07-01,217.9449920654297,218.37826990746382,216.362616027749,217.3986914698958,18089100
2021-07-02,215.87277221679688,218.5948463618406,215.2793741666458,218.51949308783986,21029700
2021-07-06,212.736328125,216.12715464417076,210.86195258076785,216.03295942946028,27771300
2021-07-07,210.75827026367188,213.4991862153318,208.91216542391143,212.43484102254627,28521500
2021-07-08,208.8179931640625,211.0597065162986,205.1917082161042,206.56686604146614,42297900
2021-07-09,213.22605895996094,213.29198409446107,210.36269193435348,211.135052241316,23976400
2021-07-12,213.405029296875,213.70642804291498,211.50239851164724,212.45370671817685,16831000
2021-07-13,209.38311767578125,212.62323655165116,209.3077644028346,212.14286123313715,25357500
2021-07-14,206.15243530273438,211.3234410481093,205.85103654987853,210.71121539963508,30594100
2021-07-15,204.9844970703125,206.33139925697142,202.45079865925706,205.17287308892767,45477000
2021-07-16,202.46022033691406,207.10376770545008,202.00811500014711,207.0566701059147,36620200
2021-07-19,199.42730712890625,201.9892611731041,196.90303691098205,198.39123186107994,58571000
2021-07-20,205.61558532714844,206.52922420014303,198.98463957618097,199.87002276214855,40794600
2021-07-21,209.15711975097656,209.30782634146715,206.61400711817672,206.69877418576337,28278700
2021-07-22,205.8321990966797,209.03463457253147,204.9374022171478,208.6013711611312,32879000
2021-07-23,206.79293823242188,207.16969027969714,204.30633735276487,207.09433699580822,23660300
2021-07-26,207.39573669433594,209.14766090778167,206.4161584394155,207.5841127057688,22194200
2021-07-27,204.97508239746094,206.35025473084244,202.8652478548525,206.28431521530098,35063600
2021-07-28,207.98919677734375,209.65634006621167,204.76790422137623,206.27494150636485,33043700
2021-07-29,209.59034729003906,211.39878282526743,209.23242281659236,209.8446484317499,22634800
2021-07-30,208.20574951171875,211.03143256945165,207.48048683602715,208.770877499965,28473000
2021-08-02,207.16969299316406,211.50241345442538,206.87770799687598,209.543271164161,24192600
2021-08-03,208.02684020996094,208.27172762995352,204.4853217172401,207.80078033384947,27798600
2021-08-04,205.43661499023438,208.34706561703769,205.22939704539692,206.36909574200286,25588500
2021-08-05,209.1288299560547,209.51501014164242,205.973477703541,206.35965788912873,23915200
2021-08-06,210.40985107421875,212.12410628299781,209.23248272934484,210.74893373242932,24429200
2021-08-09,209.25128173828125,210.22143190574587,208.35648485409737,209.9671163711945,17225600
2021-08-10,209.66571044921875,210.24968040948784,208.33763582457257,209.70337990348793,22681600
2021-08-11,210.6923828125,210.7300522687111,207.65948137549094,210.06131522273554,25691300
2021-08-12,210.19317626953125,210.83365761931154,208.82743214365453,210.7583043360134,23269500
2021-08-13,208.28111267089844,210.3250217883484,207.8760906065382,210.02360868257637,20813700
2021-08-16,206.34085083007812,207.46169329837056,205.0033478900467,207.00017415618268,24074400
2021-08-17,203.82595825195312,204.80553655249747,201.3299436468366,204.07086001317376,35161500
2021-08-18,202.0457763671875,205.37066267646168,201.91391171706954,203.54339948830383,29102300
2021-08-19,199.62513732910156,201.63137736092688,198.4383409735224,200.0866564698974,38119900
2021-08-20,202.99710083007812,203.46804806654313,199.13532774219755,199.77582345731787,31759500
2021-08-23,206.85887145996094,207.16028460729976,204.80554828935223,204.84321774668464,25778800
2021-08-24,208.89337158203125,209.0252362437864,206.92481542719722,207.51821359118048,18677900
2021-08-25,209.6280517578125,210.9561265416988,208.01742010260608,208.88396137638546,21548000
2021-08-26,207.40513610839844,210.1931497499958,206.97187274930945,209.2324134743698,22380300
2021-08-27,213.2543487548828,213.8383187774457,207.75368802601153,207.82902694258652,33998500
2021-08-30,212.3783416748047,214.1396939459147,211.90739448281644,214.04549875864998,20733300
2021-08-31,212.79278564453125,213.4426950938867,211.295176966032,212.15230433756363,20839800
2021-09-01,214.22451782226562,214.9780364037795,211.8038417146302,213.6499615207306,20451500
2021-09-02,215.71270751953125,216.48505362589117,214.37521889853045,215.06279793934561,22810100
2021-09-03,214.71429443359375,215.66560278387504,213.9890315839579,214.98743753759726,18213100
2021-09-07,213.23548889160156,215.6938340378366,213.10362424043902,214.4882102637305,19153400
2021-09-08,210.9090118408203,212.8398984139378,209.69397427613487,212.50081582367244,25241500
2021-09-09,210.80540466308594,213.14129898688498,210.00480296549827,210.55108912518426,27180500
2021-09-10,208.74266052246094,212.19941171268238,208.6484796930413,212.07697519721987,24366100
2021-09-13,209.92945861816406,210.40040588579478,207.4522713913321,210.24028553946076,34693100
2021-09-14,207.25445556640625,210.76773233342962,206.34083114094946,210.7488904195758,30312600
2021-09-15,209.1288299560547,209.79758135968635,206.70816861932286,207.23562722784797,27572000
2021-09-16,209.27957153320312,210.36274461604924,207.46170741166563,209.34549668421306,22369000
2021-09-17,209.55271911621094,210.07076405162712,207.81963639788398,208.7426891368798,39957600
2021-09-20,204.570068359375,206.26548133053382,201.7726405500053,204.81495575492093,44958500
2021-09-21,204.88092041015625,206.54806352855528,203.2797024411917,206.05828867736128,26711200
2021-09-22,208.06446838378906,209.61860277584898,206.15242389078617,206.1618520330268,32100300
2021-09-23,211.747314453125,212.5385024368909,208.6861571227296,209.2701271528182,31057800
2021-09-24,210.7260284423828,211.9636459228346,209.58287710540353,210.6976871577701,28866000
2021-09-27,213.92874145507812,215.10021976013192,211.17952128923835,211.26454515027407,29743200
2021-09-28,209.0632781982422,213.13515418006028,208.64760118819223,212.95564975387188,39938200
2021-09-29,208.61927795410156,210.35761096160542,208.0051830526482,209.98915978701805,23628900
2021-09-30,206.6636199951172,210.31034776343085,206.52191356483314,209.84741606498616,33153600
2021-10-01,209.9985809326172,211.15117462746463,205.70943142403667,207.79731639789082,32647000
2021-10-04,208.0901641845703,210.03635693896177,206.83364776628193,209.86629482331008,32580200
2021-10-05,208.80819702148438,210.73547650650428,207.73118492956243,208.75151445070583,20407600
2021-10-06,207.72174072265625,208.03350929640735,204.7835738295955,206.67306985302466,32893300
2021-10-07,210.92440795898438,212.52103419374825,209.1388350300545,209.2899981516708,24289300
2021-10-08,209.3372802734375,211.7274917509017,209.26169869752138,211.0472719833684,17989600
2021-10-11,208.13739013671875,211.1983782663947,208.08070757397232,209.5734108610281,15929800
2021-10-12,209.2805938720703,210.17810164414604,208.18468266487554,208.64761440301248,18800600
2021-10-13,210.2725372314453,210.39534465004485,207.68392291632588,209.63010119319094,19676200
2021-10-14,213.39022827148438,213.51305012573454,211.9258803894737,212.33211511397715,18160000
2021-10-15,212.71946716308594,215.7898982211592,212.62498659501478,215.38364907730607,27555300
2021-10-18,212.5966339111328,213.21071432354435,211.36845867059978,211.51017951510934,19082600
2021-10-19,213.39022827148438,214.3444329870391,212.19985096928875,213.49415112914744,15498400
2021-10-20,214.80735778808594,215.38365467058006,212.68167469267976,213.48471629500654,18130500
2021-10-21,215.3553009033203,216.35673146372332,214.09878434985097,214.63729762235653,17851600
2021-10-22,214.84512329101562,215.77097219615277,213.2201557505739,215.21357439520247,16887000
2021-10-25,216.8857879638672,217.27312365700323,214.72230714379677,215.2041233956739,16387100
2021-10-26,215.25137329101562,217.97225204836454,215.21358971525686,217.32037364477387,25290200
2021-10-27,211.29286193847656,214.89236354445336,211.1511555198475,214.62782087016421,27088500
2021-10-28,215.50648498535156,215.64819143098794,212.35102985968052,212.3793711488078,22890600
2021-10-29,215.44979858398438,216.18670091964066,214.42002665540204,215.21361156830707,20777700
2021-11-01,221.0332489013672,221.24108019936347,216.24336961145787,216.5834794688225,35500800
2021-11-02,221.49615478515625,221.8740626159313,219.79560558594292,221.4300299245892,24949700
2021-11-03,225.4546661376953,226.56001958739333,220.99545434543575,221.21274235288644,47648500
2021-11-04,225.36962890625,227.6275759556758,224.43432323550925,226.24823759015294,26514000
2021-11-05,228.449462890625,229.95160843074544,226.92841835813303,227.8448248761025,42041700
2021-11-08,229.1580810546875,230.95311097054832,228.56288517963182,230.27289123211636,31324500
2021-11-09,227.82595825195312,229.1297150123787,226.30491350335976,228.6289997611998,29895900
2021-11-10,224.2359161376953,228.21329665838334,223.25337026508268,226.81507382581322,32471600
2021-11-11,226.04042053222656,227.09854818498368,224.5288322529776,225.14291273896754,17987500
2021-11-12,226.26715087890625,226.93792831628255,225.54914757308,226.66394331757687,20526700
2021-11-15,225.36962890625,227.4575138265821,224.42488094555787,227.27802382324685,27390000
2021-11-16,225.78529357910156,226.14428795897155,223.85799989471258,224.62324334574333,21925200
2021-11-17,222.8282470703125,224.97282890515368,222.13858511866573,224.90668963059514,26527800
2021-11-18,221.88351440429688,223.9714138135432,220.17352284200325,223.82969296504456,30637300
2021-11-19,219.86175537109375,221.46782408545218,219.54998680169368,220.38136965342719,33994000
2021-11-22,218.92640686035156,222.71485481982683,218.82248402420296,221.2788341064207,31042100
2021-11-23,218.54855346679688,220.12628087451006,215.98828008023662,218.6052360394784,33843800
2021-11-24,218.78469848632812,219.17204854627988,215.9126570853534,216.71569848616,24099300
2021-11-26,210.537109375,213.67366541475536,207.50446178199067,212.53052834343634,62595400
2021-11-29,210.40481567382812,214.22159092894444,209.0160350777244,213.72087568444002,45982400
2021-11-30,206.1156463623047,209.60176839866264,203.95218002734558,208.46807380868424,64908400
2021-12-01,201.47694396972656,211.82194562372004,201.37302111790575,210.8393996763762,69120100
2021-12-02,207.09820556640625,207.78786753718396,202.0060146653893,202.52561450809142,64315700
2021-12-03,202.8468475341797,208.20356691441734,200.95735155177303,208.1185286392692,64425200
2021-12-06,206.91873168945312,208.49645927734963,201.90212161427715,204.57574603582967,43878300
2021-12-07,211.71803283691406,213.55083185006006,209.71515727167076,209.8663204116345,44679200
2021-12-08,213.16348266601562,214.02319233689113,210.73547353667942,212.19039343947102,36546400
2021-12-09,208.33583068847656,213.33354121019985,208.29803269609744,211.57630937303787,34830300
2021-12-10,207.75955200195312,210.53711364053015,206.25740602703667,209.92301874421852,32924600
2021-12-13,204.72337341308594,207.57571266681353,203.50095263256145,206.95028135607902,33478400
2021-12-14,202.9607696533203,206.12582403512383,202.136346809837,203.33982544190448,36543500
2021-12-15,206.18270874023438,206.73232886889863,200.02319226108597,202.9892409773165,51261000
2021-12-16,202.01316833496094,208.38116150716107,201.1318906662418,207.95473636231304,52743800
2021-12-17,203.8704833984375,205.9647250008737,199.28401693078024,201.08448488294752,62620900
2021-12-20,201.00869750976562,201.78575110199588,197.8247008952755,200.980270130489,49993000
2021-12-21,206.7512664794922,206.95027260067104,200.95184955858733,202.97975128618816,38545300
2021-12-22,208.74122619628906,208.80756637597457,205.75623621941074,206.45746406466543,32442000
2021-12-23,210.4090576171875,211.12925642551184,208.79811019038414,209.47092521508176,22125400
2021-12-27,212.380126953125,212.49385093778002,209.0445222329556,210.69336818568075,24196700
2021-12-28,211.0818634033203,213.90576037796848,210.70282206989773,212.06737954591898,23120300
2021-12-29,211.30929565429688,211.78310454807882,209.66990647097134,211.05343480299462,19444400
2021-12-30,211.25245666503906,213.62150147288904,211.0345085913774,211.26194209835174,23607700
2021-12-31,210.797607421875,212.38012764323733,210.7407526591138,210.83552023671726,23997400
2022-01-03,213.51724243164062,214.8154741467931,211.06290142323974,211.99157724674262,30618800
2022-01-04,213.19505310058594,215.23244008934017,211.67887326424605,214.16162732567167,22013100
2022-01-05,205.97421264648438,214.07634800609839,205.9363142953654,213.09081736299763,40582100
2022-01-06,207.14927673339844,208.87393377588614,204.51490015347107,206.41013593526063,39105900
2022-01-07,204.7517547607422,208.8359845623009,204.6190744072086,207.14922628406316,31583900
2022-01-10,204.0410919189453,204.10741765259826,200.0516142221975,203.51989918523694,45778100
2022-01-11,206.2111053466797,206.41958241469845,201.80468846069147,204.19267485154325,35209900
2022-01-12,204.676025390625,207.88844996353816,203.39673525453856,207.07349787185055,35284500
2022-01-13,202.79969787597656,206.76074814469646,202.20270844232246,205.45303083949926,34489600
2022-01-14,203.083984375,203.16926651342655,199.54937375169834,200.88551842505274,42020900
2022-01-18,196.94342041015625,201.3119392972108,196.65913216194318,201.08450580674017,49434400
2022-01-19,193.740478515625,198.48805349165139,193.6741527809659,197.87209317537858,46209100
2022-01-20,190.23428344726562,198.04265973913908,189.8362856852807,194.6217587211843,50466000
2022-01-21,186.6712188720703,192.3853525364176,186.6712188720703,189.29610953162367,85821000
2022-01-24,190.97341918945312,191.78837109764876,181.21295269627285,183.90419830953553,85782000
2022-01-25,188.42433166503906,191.13451932090356,184.36852838416502,188.0831886573253,61088500
2022-01-26,185.7046661376953,192.8876109792062,183.5725260335615,191.2103233819608,71471700
2022-01-27,181.48777770996094,189.15400277414142,180.61597100854928,187.27772344848375,59829000
2022-01-28,185.0223846435547,185.0792394008597,178.23743738813823,181.65833839449897,65870000
2022-01-31,190.69862365722656,190.69862365722656,183.69572823899136,184.20743552203044,53393800
2022-02-01,192.70755004882812,192.9065561424635,187.59989085318315,191.0966027337072,43429400
2022-02-02,190.7933807373047,193.21928019974263,188.8507611888754,192.95394834975733,42777800
2022-02-03,187.18296813964844,190.69863701430683,186.7281155829211,188.42434531166597,39629400
2022-02-04,187.98843383789062,189.6183376977592,184.70966971248035,186.71861492880635,34291100
2022-02-07,188.91708374023438,190.6227986590773,187.6188519912123,188.03579167404052,33242600
2022-02-08,192.13897705078125,192.4801200320624,188.91708236273726,189.02132089755926,28341900
2022-02-09,195.78733825683594,195.82523661130548,193.5983431837959,193.8542040698466,27329300
2022-02-10,192.78334045410156,198.09947614341672,191.53247819332245,192.2716188166926,44788100
2022-02-11,190.831298828125,195.26614369440233,189.22982225102425,192.98238106718173,41516600
2022-02-14,190.16793823242188,192.86865481821033,188.8033807100293,191.06818673401835,32262700
2022-02-15,195.26611328125,195.5030177212126,192.01579130552295,192.1579281857007,25847500
2022-02-16,195.67361450195312,196.4127552661156,193.38985201959173,194.54594695010246,30104800
2022-02-17,190.6607208251953,194.2900991599204,190.26272303766567,193.83524661124392,27140200
2022-02-18,189.02133178710938,192.10108976850324,188.34851675822455,190.4996133046583,36255400
2022-02-22,186.35853576660156,189.95000116992009,185.1171586572184,188.0831927894045,31847100
2022-02-23,182.8712921142578,188.4811881575635,182.46382337158667,187.8557713539171,31491500
2022-02-24,187.66622924804688,188.08318340800454,178.07634140702254,178.455397215848,52221100
2022-02-25,191.89263916015625,192.00634868965474,186.6807403187693,188.28221700355226,33656200
2022-02-28,192.66964721679688,193.88259677592117,189.95945988261306,189.96893085466115,34975900
2022-03-01,189.040283203125,193.11502824182142,187.4388067815488,192.04422994285952,40638900
2022-03-02,193.54148864746094,194.54596132634447,190.17744214892502,190.31957905272856,29978600
2022-03-03,191.24827575683594,194.36593268077837,189.79840688334207,194.34697627171545,30142700
2022-03-04,188.2537841796875,190.3385407640817,186.6617785152122,189.2393004790276,31610400
2022-03-07,183.57252502441406,189.1350369940244,183.53461221433983,188.78442302808998,39279800
2022-03-08,184.5864715576172,189.1160981077351,183.32615256251918,184.1600464241366,45715800
2022-03-09,189.78892517089844,190.471211263528,187.26825790976713,187.8368344734593,29048000
2022-03-10,189.44778442382812,189.56149395414553,186.26378743941493,187.0692685045042,25661000
2022-03-11,186.4248504638672,191.19136696175062,186.15004765709182,190.26270554290568,24990000
2022-03-14,182.61544799804688,187.09767652132177,181.82892342258825,186.90815583724168,34969500
2022-03-15,185.52459716796875,185.53406813980547,182.77651154742819,183.3261315634361,25464300
2022-03-16,191.36195373535156,191.36195373535156,185.8752382064552,187.19242645879888,31869700
2022-03-17,194.36590576171875,194.46067333440496,189.80786602983963,190.25324759436228,25783100
2022-03-18,196.4127655029297,196.58332978377948,193.31405093197725,193.5130570524703,37092200
2022-03-21,194.67861938476562,197.2750831192713,193.25719256619638,196.3464216464664,26747500
2022-03-22,196.6306915283203,197.85311211588265,195.01974417637385,195.5030240441078,24699900
2022-03-23,193.21925354003906,196.3463950085386,193.0771166612661,195.35139347862975,19775000
2022-03-24,195.4410858154297,195.49805233411632,192.48820053080306,194.0548522343072,19781200
2022-03-25,195.70693969726562,196.18168000469188,194.11181921851713,195.678456437854,19430400
2022-03-28,195.7733612060547,195.79235487020807,192.7729997383332,195.21317126085629,18999100
2022-03-29,201.01451110839844,201.5272241733057,197.37799927051324,197.49193228762113,29550600
2022-03-30,196.97921752929688,201.04299263432242,196.1721533639295,200.69167502139035,26251500
2022-03-31,194.89988708496094,198.35599589416694,194.78593956101676,196.6659215828913,26771600
2022-04-01,197.08367919921875,197.22609548256162,194.65299688942392,195.76388736326737,25948500
2022-04-04,197.40650939941406,197.90022886604362,195.47906499535674,197.36852206325867,20333900
2022-04-05,192.73504638671875,198.8591925386115,192.27928532847687,197.45396549550475,26509800
2022-04-06,190.00054931640625,191.6051737291486,188.64278462565383,191.101950207604,34903900
2022-04-07,189.38339233398438,191.06396243585914,186.7438231394236,190.00054888150814,29291200
2022-04-08,187.87371826171875,190.19045320156232,187.52241508225725,189.15552284352654,25249600
2022-04-11,186.61087036132812,189.18396860512195,185.98422431177482,187.16157072869157,33702300
2022-04-12,187.19960021972656,191.4912421381708,186.49697935389352,188.6617939819015,33699800
2022-04-13,190.76014709472656,191.27286023401902,187.62685827838132,187.69331438536187,22303600
2022-04-14,188.90866088867188,192.14637862680786,188.82319662641103,190.95003832231754,27107000
2022-04-18,187.63632202148438,189.11750920643217,186.60139180737622,188.43389661085175,22246400
2022-04-19,191.3772735595703,192.02292778706212,187.70278892379386,187.8641988586864,22786700
2022-04-20,192.10841369628906,193.5706074620408,191.66215665023816,192.7920408950085,20516200
2022-04-21,187.8072509765625,194.4536146598428,187.06665732517368,193.91240380571548,31547700
2022-04-22,182.94593811035156,187.3990050036365,182.57564120920026,186.9242646438053,35686900
2022-04-25,184.05682373046875,184.30368347567833,179.65123423921045,181.34130858146528,35556500
2022-04-26,178.25547790527344,182.97439724512873,178.00860369798994,182.60410042212644,40513600
2022-04-27,177.514892578125,180.1924202342512,176.85024459314334,178.18901566516826,37808000
2022-04-28,180.82855224609375,181.73055579317455,175.3785436316498,179.61321840599962,37405200
2022-04-29,175.6063995361328,182.04387557904883,175.18862583622794,180.01198807417447,41193400
2022-05-02,177.4484100341797,178.33143443274372,173.16625819558726,175.55893862386085,38002100
2022-05-03,178.9675750732422,179.93603470005684,176.29952284131645,177.47688381389662,30246300
2022-05-04,183.74349975585938,184.1327758121958,176.3090645152153,179.49932008413623,38834700
2022-05-05,176.29005432128906,181.8824942555463,174.11575020759804,181.8540109977019,41468700
2022-05-06,173.3561553955078,176.05267660011162,171.42871109543538,175.615923673354,45457900
2022-05-09,166.0641326904297,173.42260652269607,165.30455988517897,170.7735623177661,53682200
2022-05-10,166.11160278320312,169.8715517614665,162.5510510752697,168.59925142826623,53650800
2022-05-11,161.9813690185547,169.18792208814455,161.69652198869005,166.2825142569532,64377800
2022-05-12,163.88034057617188,165.53242737875038,160.36725112552253,161.25027552683406,52967400
2022-05-13,169.0740203857422,170.346320935137,166.16859752851266,166.19708078798234,36517000
2022-05-16,168.26693725585938,170.3747851485291,167.2414965658101,168.53279063980665,28225500
2022-05-17,173.41310119628906,173.60299438036907,169.94750350108475,171.29576394235048,31833700
2022-05-18,167.33648681640625,172.24530038582094,166.25407937830607,171.35278619357717,36093800
2022-05-19,167.61178588867188,169.77660019708708,166.05463850037458,166.05463850037458,33627700
2022-05-20,167.18453979492188,169.92853805106435,163.1112600536642,169.48228102602357,42243700
2022-05-23,169.20689392089844,169.9190041597159,166.63379588328658,168.89356367726836,24644100
2022-05-24,166.70028686523438,167.99156634794994,163.62396504132522,167.6497672998817,26861800
2022-05-25,169.70066833496094,170.6976258904721,165.9787060172539,166.04517661531943,27950100
2022-05-26,173.48904418945312,174.51448466745651,170.6216095836244,170.76404032352255,25702700
2022-05-27,178.16050720214844,178.16999679079115,174.1347049656362,174.4765184997544,24952100
2022-05-31,175.9481964111328,178.19846014145574,174.7898292575516,177.46737072374034,29794500
2022-06-01,174.95127868652344,177.49589406165148,172.58708141957572,176.8597438398503,28352100
2022-06-02,179.2239227294922,179.2239227294922,174.86581098478683,175.26459103123813,24876000
2022-06-03,177.6098175048828,178.46435863557414,176.40397323028554,177.82819396018198,18972100
2022-06-06,178.37893676757812,179.74619131123495,177.39148320156258,179.72719764037143,24678700
2022-06-07,181.25587463378906,181.293861978129,176.5084707461788,176.99271521498827,21661600
2022-06-08,178.4548797607422,181.06595146763445,177.60984258784677,180.36334508059693,21521700
2022-06-09,174.75546264648438,178.0874019331807,174.7173752057333,177.59236688613427,21697200
2022-06-10,170.01458740234375,172.83246259404353,169.11972133755862,171.84239244853958,37153600
2022-06-13,162.0274658203125,166.55891313778042,161.16115800654902,165.2927743006117,39712700
2022-06-14,161.246826171875,163.01751448484583,159.68557520433853,162.47487740091975,30282400
2022-06-15,163.6077423095703,165.7021012791476,160.56140066963036,162.9889593842757,32150500
2022-06-16,156.02993774414062,160.33290303699326,154.96372191182718,159.7807514020877,43810600
2022-06-17,157.2484893798828,159.47613985224683,155.83955910525205,156.5821044206725,40327300
2022-06-21,160.06634521484375,161.91319368416097,158.80020668148606,159.91402452073285,34665400
2022-06-22,159.76173400878906,161.13257681182208,157.4293649141923,157.99104571300632,29303500
2022-06-23,161.67523193359375,162.05601922258208,158.55272968035666,160.1139808069752,27089800
2022-06-24,166.68263244628906,166.69216156913697,162.693822968321,162.99846437741635,37138500
2022-06-27,167.3014373779297,168.491415699232,165.81633223101827,167.23479161940753,24745400
2022-06-28,164.15988159179688,169.5956940940282,164.07420664420553,168.43427416189544,25909200
2022-06-29,162.49392700195312,164.4074069714683,160.8565156199002,164.2646153790056,21292500
2022-06-30,161.22776794433594,163.08413104264912,158.75260746251757,160.12346468161076,31466300
2022-07-01,163.17933654785156,163.588682082274,159.60940189420853,160.93265709144816,24598600
2022-07-05,164.53118896484375,164.59782020722787,158.72408807801213,160.58045163163706,25151100
2022-07-06,163.31265258789062,165.36893892647035,161.59908063907417,164.16943129924647,25697600
2022-07-07,167.17767333984375,167.529902271132,164.55020646164832,164.55972105872823,24822500
2022-07-08,167.15863037109375,168.49141479949685,165.31178170211825,166.66360985086922,20547000
2022-07-11,163.7981414794922,166.56841463022678,163.3602375709292,165.8925005199188,22031500
2022-07-12,163.23646545410156,165.0357120738034,162.37015776007044,163.30309668574114,23864200
2022-07-13,163.0936737060547,164.00756891059325,160.6851442503068,161.02785858353434,25535600
2022-07-14,161.41819763183594,161.8370723786397,159.00016776542927,160.58044813822838,25102200
2022-07-15,164.77867126464844,165.026196047143,161.180178056418,163.30309527106982,34935900
2022-07-18,164.31224060058594,167.82504500570076,163.7981617429852,166.72075597394982,23031500
2022-07-19,170.10980224609375,170.30019589347452,166.27331287325944,166.35898783566518,24234600
2022-07-20,172.77537536621094,173.08000232937945,169.83373727406604,170.0717329902719,26049300
2022-07-21,173.66070556640625,173.73686593570247,170.26213442743045,171.78529823503928,21709900
2022-07-22,170.890380859375,174.4508007953169,169.50049448288004,174.09857190318203,25116100
2022-07-25,171.77578735351562,172.23273505307642,169.8622925330386,171.4045146239777,19267200
2022-07-26,170.7190399169922,171.55678924606178,169.96696553491338,171.14742917804767,19391200
2022-07-27,174.60316467285156,175.40282671952764,171.35689991595643,171.81384758175642,21670700
2022-07-28,177.00209045410156,177.20201316064794,173.03232536956156,175.46941265034363,22838500
2022-07-29,178.2587432861328,178.71569087050574,176.1548553316982,177.1068379393678,21760600
2022-08-01,178.19210815429688,179.27738233679844,175.37424760222027,176.86885283179205,23905600
2022-08-02,178.02078247070312,179.94379178181362,176.57376455657314,177.5162327519922,17492600
2022-08-03,180.6387176513672,181.0195049216139,178.6300335696939,179.25834563909387,19157700
2022-08-04,180.2579345703125,180.91479044783787,179.39162680534955,180.72439680828978,14838900
2022-08-05,181.63829040527344,181.84772774791725,178.18258877775304,178.46818647464025,18540300
2022-08-08,183.56130981445312,185.28439616439695,182.67595835649723,182.92346862725,22188700
2022-08-09,181.0575714111328,182.94249287509402,180.07703050392408,182.81873048983996,18247300
2022-08-10,186.22682189941406,186.54097788424315,183.83735092681215,184.33238592043082,20796400
2022-08-11,186.9217987060547,189.9490965535309,186.62667188331054,187.94041258562788,23727600
2022-08-12,190.7392578125,190.8058890491348,187.14076430332204,187.87379506292598,21726600
2022-08-15,191.4151153564453,191.50079028941138,188.701959603726,189.2541111596727,17414800
2022-08-16,191.33901977539062,192.29100253346812,189.47312717807296,190.8725429945352,18833100
2022-08-17,188.1212921142578,189.75870343492667,186.95035752165123,189.17799343717664,22428000
2022-08-18,189.3683624267578,189.6825184036324,187.44535365593478,188.37830699068985,18368100
2022-08-19,185.30343627929688,187.6453202332833,184.75129906785764,187.37876622565608,27416400
2022-08-22,181.48597717285156,183.113873943896,180.88622343729264,182.77115959873416,22937000
2022-08-23,181.7810821533203,183.66600371269882,181.24797419924175,181.77156755631972,20069800
2022-08-24,183.1710205078125,184.01828464871193,181.02905913211225,181.62879843955676,16038300
2022-08-25,186.0174102783203,186.06501231764756,183.71361393069114,184.09441571920604,14795000
2022-08-26,179.90565490722656,186.05546845806896,179.60102805042823,185.96026439438785,24177200
2022-08-29,178.24923706054688,179.91520670220737,177.56380838874693,177.97315395674002,19753300
2022-08-30,175.7550506591797,178.98227160068205,174.7269075460324,178.80140708010677,22548900
2022-08-31,174.68882751464844,176.821274017249,174.39371519833702,176.05968494302712,22412500
2022-09-01,172.7848663330078,173.15613901846433,170.30970541256178,173.0514203366123,30706600
2022-09-02,171.44253540039062,175.11718865566692,170.53815487542414,174.7840034759956,27468200
2022-09-06,169.74803161621094,172.38502774237728,168.9769279592775,172.03279879442078,23837100
2022-09-07,173.44171142578125,173.70826539047533,169.38625627160414,169.42434371004708,24781200
2022-09-08,174.88877868652344,174.96492453282264,170.99515772513988,172.01378636418684,25273200
2022-09-09,178.40155029296875,178.62051677045977,176.212001726883,176.44046827577372,23208800
2022-09-12,180.5625457763672,180.74342480233457,178.94417819187842,179.54393190406458,23134600
2022-09-13,173.4988555908203,176.98311593010254,172.8229414491591,175.98353114081942,34144700
2022-09-14,174.17474365234375,174.5174579708928,171.8995058093965,173.80347101775743,25278300
2022-09-15,172.9086151123047,175.82167972651783,172.17558439710055,173.18468369210484,25378700
2022-09-16,170.39537048339844,171.05222627423947,168.41524493598484,170.49056002755867,41155900
2022-09-19,171.85191345214844,172.07086539613215,168.46285751458083,168.51044502658843,25412200
2022-09-20,169.51002502441406,170.34777438840618,168.22485718767393,170.18593908419902,22247500
2022-09-21,166.92062377929688,172.40405279226528,166.91110918279713,170.7571124534139,29357100
2022-09-22,163.16029357910156,167.14910290795137,162.54151071339942,166.59695126918422,33468600
2022-09-23,159.27621459960938,161.06594662717868,157.07713700570588,160.8850675997836,40336900
2022-09-26,157.09539794921875,161.68855381194444,156.53082640433678,158.33937979138778,30597800
2022-09-27,157.63131713867188,160.40635674722046,156.24380463502007,159.1432322492787,42406600
2022-09-28,162.61679077148438,163.62154612116134,157.95665798548606,158.61691160263751,35186500
2022-09-29,158.9709930419922,160.69341426935296,156.74139758069245,160.54988403415447,31464000
2022-09-30,157.8131103515625,162.21488866160294,157.7652620783841,158.6360510060051,40643800
2022-10-03,161.99476623535156,162.96125157037844,158.12886869896667,160.12880065960587,33611600
2022-10-04,168.41563415527344,168.4921884684022,165.0951656546809,165.17171996780962,37537300
2022-10-05,167.17166137695312,167.77451750045128,164.0330073710696,165.93725768734214,25281400
2022-10-06,166.23388671875,168.5783059698065,165.45879437790506,166.35828930227797,22635900
2022-10-07,161.34410095214844,165.03776281026768,160.68383274053298,164.52102481802817,26536100
2022-10-10,160.44461059570312,162.2627428338806,159.41114918269818,161.9947954145888,23386400
2022-10-11,160.49244689941406,162.77945409796538,157.69828014729748,159.76520281913463,28009100
2022-10-12,160.05224609375,161.2005460781041,158.34895294519646,160.6646659381598,26796700
2022-10-13,164.01385498046875,164.77938350548249,155.49738846795165,156.9327489768866,45376500
2022-10-14,159.62167358398438,166.4252837585413,159.52599163319047,165.29614037096417,29608600
2022-10-17,164.71240234375,165.18127741688923,162.7794461651442,162.88470651648515,28199200
2022-10-18,166.6645050048828,169.65005043343194,165.2482866094484,168.28168031242805,34523100
2022-10-19,163.83206176757812,165.92767593324058,162.0330718487293,165.05690161833905,27146900
2022-10-20,161.7460174560547,166.07124194422084,161.21015177811714,164.0330250037669,26710700
2022-10-21,165.25784301757812,165.736296537954,160.9421975202351,162.1000468628488,45402700
2022-10-24,165.96595764160156,166.50182324227444,163.67895042364532,165.85113347038381,27284500
2022-10-25,170.4921417236328,171.19067984069125,166.08079926708288,166.09037768318603,33105700
2022-10-26,171.33419799804688,174.51112158472696,170.64522380310578,171.42987993547428,37084700
2022-10-27,171.37246704101562,174.1570698489423,171.16194633793404,172.80782750680362,28651800
2022-10-28,175.26710510253906,175.50633187366572,171.03757754116882,172.08060275898265,33221600
2022-10-31,175.4297637939453,176.3005526768396,173.7264704852302,174.41544470013096,25699400
2022-11-01,175.66900634765625,177.60196276895425,174.99917430104117,177.2574756305174,27446700
2022-11-02,169.84141540527344,177.02778115687047,169.78398872472073,174.96085869420054,38139600
2022-11-03,168.7027130126953,170.2720399643893,166.60708427205827,167.7362275635701,29093200
2022-11-04,170.9801788330078,172.1858913016042,167.90851476574105,171.20984182732278,25842400
2022-11-07,171.7552490234375,172.807838001528,170.0232350244907,171.9944757822639,20689900
2022-11-08,171.82223510742188,174.10924247330672,169.7170424252203,172.46336110692795,20265200
2022-11-09,167.10467529296875,170.9705731764283,166.7697520000456,170.3294472339328,27277000
2022-11-10,177.3914337158203,177.45840961671723,173.34370637881457,174.0135529952409,38572800
2022-11-11,178.8459014892578,180.70230329158656,177.6880522669748,177.7550281602207,28765400
2022-11-14,176.8459930419922,179.6975720185595,176.67375677821144,177.7837578810324,26499600
2022-11-15,179.46792602539062,181.39130400243457,178.08997749206344,179.7454226544319,26128800
2022-11-16,176.31011962890625,178.5971268381433,175.79339625915384,178.5588569816308,24802000
2022-11-17,174.673828125,175.06616356840968,172.73130774091604,173.7934752820711,20835700
2022-11-18,175.80299377441406,177.32447273388638,174.70255632350535,176.6354983746451,27269100
2022-11-21,174.88433837890625,175.29581602935122,173.61165016891601,174.90348060947767,19038900
2022-11-22,176.75030517578125,176.97038970587727,174.47286175600698,175.82210418207035,16869700
2022-11-23,177.2095947265625,177.77416630466826,175.64026796291412,176.34836973842275,19758800
2022-11-25,177.58282470703125,178.3387749056888,176.70247191063817,177.11393496277284,13393400
2022-11-28,174.00396728515625,176.9512426296476,173.4776655091324,176.1952925158986,17465600
2022-11-29,174.51112365722656,175.6976935851039,174.118802887004,174.118802887004,14020600
2022-11-30,179.29566955566406,179.35308164255153,173.00879782035835,174.79820933415093,28030100
2022-12-01,178.90333557128906,181.0850823196134,178.10910102500335,180.0420426135022,21996400
2022-12-02,179.94638061523438,180.72147301943926,176.38668508379885,176.42495494272848,22574800
2022-12-05,174.98959350585938,178.99903651776728,174.32932528272985,178.8076580215143,25449300
2022-12-06,172.3102569580078,175.09484533544997,171.36291373604752,174.99916339260838,18502100
2022-12-07,171.8031005859375,173.67864499500396,171.39163752650242,172.00405750882624,17177800
2022-12-08,173.0470733642578,174.7599452193146,171.77438519187427,172.98009746110253,20971400
2022-12-09,170.92276000976562,173.01838912154395,170.8653479137572,172.02321205449263,22046500
2022-12-12,172.93228149414062,173.28633250855373,170.3294925743431,171.1428695872471,22765400
2022-12-13,174.3646240234375,179.42117347684808,173.17257922366898,178.546366760936,38445300
2022-12-14,173.2206573486328,175.83545502361753,171.91325851114047,174.2973335670571,32406900
2022-12-15,168.8850860595703,171.6921599416152,168.26984040551156,171.1441992174653,33546700
2022-12-16,167.625732421875,168.3371160673495,165.99148776084525,167.0777864442537,38502400
2022-12-19,165.35702514648438,168.27945282779098,164.83791761642485,167.85646871586928,25614000
2022-12-20,166.23184204101562,167.2893023855682,164.55913604198162,165.0301892261211,18050800
2022-12-21,169.09654235839844,169.96174100267584,167.46229781068826,167.7026283226636,22997200
2022-12-22,166.8855438232422,167.7411200151881,164.06886208144772,167.58730493900134,21297600
2022-12-23,167.6449737548828,167.7026507384886,165.6742603595494,166.77016705389588,11647700
2022-12-27,166.52020263671875,167.81799324019417,165.9049571263816,167.61610916040087,13553800
2022-12-28,163.93423461914062,167.36616109817592,163.75158109758624,166.48173197605905,19648000
2022-12-29,168.08718872070312,168.47171172452673,164.77061547112214,165.07824560907088,22311300
2022-12-30,167.61611938476562,167.96219592222863,165.9338057354393,166.63556675051865,21275600
2023-01-03,166.69325256347656,170.46164824607177,165.25126935905683,169.12539639477558,22503800
2023-01-04,168.7696990966797,169.83676717375482,167.53920802906646,167.86605401014265,22973500
2023-01-05,166.96243286132812,168.00066259884426,165.7223336759857,167.8372395848759,17032600
2023-01-06,170.7115936279297,171.15379361408762,167.14508190383853,168.51978024201813,21986900
2023-01-09,170.99998474121094,173.15333691899468,170.77887009047583,172.08626877067806,18366500
2023-01-10,173.52825927734375,173.63400530257576,170.4424233322667,170.78849989951584,18751100
2023-01-11,175.69122314453125,175.72006163427696,173.69167140003174,174.24923998280084,18222700
2023-01-12,178.64247131347656,178.7578252610023,174.8836987247587,176.46988884628647,29650800
2023-01-13,179.81529235839844,180.09406929866674,177.2004952093142,177.36391819755568,22120000
2023-01-17,179.59420776367188,180.57474577703434,179.0366391668086,179.76723870651998,22422600
2023-01-18,176.6909942626953,181.6514195201449,176.5948561910461,180.19981384873734,23507800
2023-01-19,174.9990692138672,176.01808296490148,173.78780864452463,175.66238381205878,24624500
2023-01-20,177.88304138183594,177.9887874034159,174.25886749478295,175.64317371597113,36070300
2023-01-23,180.08447265625,180.84391066908634,177.44083685331375,178.2579518457818,20329900
2023-01-24,179.699951171875,180.56514994999398,178.69057460032175,179.3731051454937,19263500
2023-01-25,180.19984436035156,180.25752134566292,176.75830910685164,178.23875351670222,18174600
2023-01-26,181.26690673828125,182.50702055686187,179.0847012966217,181.67066029102938,18369100
2023-01-27,182.24746704101562,182.9396202083973,180.52669206399827,180.70934563158687,20019900
2023-01-30,179.70957946777344,182.2763080537072,179.6038334360557,180.57476360465427,18395100
2023-01-31,184.073974609375,184.17011269883636,180.13256230787928,180.17100874249607,21567900
2023-02-01,186.9675750732422,188.60182001163273,182.7762093556658,183.79520862306413,27007300
2023-02-02,190.64942932128906,191.55305988460546,186.832978942208,188.42876267599738,31020400
2023-02-03,189.370849609375,191.42807835845144,188.13073586074276,188.52488145022193,24981500
2023-02-06,186.631103515625,188.78447066502534,185.89088126604776,188.08269485177058,18160100
2023-02-07,188.01536560058594,188.51525716662172,184.23736237063548,185.9292985422612,27074100
2023-02-08,185.26600646972656,187.81350430732033,184.76611484303595,186.84257421364745,17933500
2023-02-09,182.58389282226562,187.57315668817134,182.1032317896136,186.71758063679516,20516600
2023-02-10,182.94921875,183.25684888352504,181.23806647095037,181.959058094211,15248700
2023-02-13,185.15065002441406,185.40058850010433,181.98789196951157,183.14147560374542,15754400
2023-02-14,185.0641326904297,186.4484390147514,182.7281267695964,183.8817104836602,21889600
2023-02-15,186.93870544433594,187.02522091445397,183.16070189445662,183.5932939136582,18721200
2023-02-16,185.15065002441406,187.33284072073073,183.85285926801865,184.38158937872092,21366300
2023-02-17,185.66014099121094,185.89084890621157,183.58368174453875,184.45848837187904,23892200
2023-02-21,180.18063354492188,183.93940729795986,179.99799462763505,183.37223065545632,26004000
2023-02-22,180.67091369628906,181.83410545383853,179.52693782315524,180.56516765754694,24651700
2023-02-23,181.95907592773438,182.9396287386827,179.4788627404025,182.02637552676845,21311700
2023-02-24,180.25750732421875,180.5170684065424,178.59442414645048,179.43076970563476,24280700
2023-02-27,180.8919677734375,182.84345035481581,180.3440218344773,181.81484339248934,17562900
2023-02-28,180.90159606933594,182.67043998250867,180.79586471416374,180.8439190870195,19542600
2023-03-01,181.13232421875,182.16094599695978,179.94990203918644,180.9112242235564,22532800
2023-03-02,181.56492614746094,181.97830233691147,178.92128999659582,179.63267373243846,18104400
2023-03-03,184.09323120117188,184.50659277337766,181.13235658402104,182.3340095291984,22774300
2023-03-06,181.40150451660156,184.32393235290624,180.632443787647,184.15088672130014,23266700
2023-03-07,179.29620361328125,181.75720084065105,179.01742662111826,181.3534325961744,25865700
2023-03-08,179.3827362060547,180.35366638967326,177.95996872664057,179.5653751103806,22505900
2023-03-09,174.39341735839844,180.02676453623633,174.2684408117402,179.50764247212422,33546900
2023-03-10,169.36573791503906,173.41291082549296,167.5200010538884,173.41291082549296,69274200
2023-03-13,166.60670471191406,169.5771860152433,164.45335293305945,165.84726682603778,74171500
2023-03-14,169.6925811767578,172.32659434249814,167.85645244553407,171.69213290472658,48946200
2023-03-15,166.89512634277344,167.1835258995404,163.7900601418687,165.28009762604492,54405800
2023-03-16,169.17347717285156,170.51933705818834,163.90543560774384,164.8379193181215,52392300
2023-03-17,164.60719299316406,168.0006591195894,164.25150848004685,167.30850597557964,70239900
2023-03-20,166.74134826660156,168.58708530316594,165.85693352003616,166.3568252180476,46103200
2023-03-21,169.81753540039062,171.28835697323515,169.15423550308878,169.72141199591422,34465900
2023-03-22,165.00131225585938,170.4904674884868,164.89556624606274,169.69256844522303,56098200
2023-03-23,164.2689971923828,168.26355547793128,162.7831049586322,166.22768068005894,47720900
2023-03-24,165.75491333007812,166.06367861539087,161.57704164339108,162.82171673330268,47519700
2023-03-27,167.59780883789062,168.59162312429672,166.30488739847237,167.73288996256508,33880600
2023-03-28,167.35658264160156,168.37934177758257,166.6232872496829,167.01888720914351,28555100
2023-03-29,169.25733947753906,169.38277717457257,167.47234043692424,169.1801481811134,25564800
2023-03-30,169.02578735351562,171.08096355763013,168.32143692669288,170.6660768489939,26728600
2023-03-31,172.1326904296875,172.36426437962947,170.1740067783186,170.20295168171907,39602900
2023-04-03,172.2098388671875,173.46417168559378,170.28975871359907,172.66332853786312,27609000
2023-04-04,169.1898193359375,172.80807881940294,168.19600524229784,172.63439470837412,33487200
2023-04-05,167.53025817871094,168.68809837279701,166.46889607920224,168.12847242239576,28247300
2023-04-06,167.78111267089844,168.33109520827074,166.61361440472743,167.61708666573557,26366300
2023-04-10,169.57577514648438,169.70121286355837,166.95132953965583,166.98993255540324,22237800
2023-04-11,170.91693115234375,171.71777436281843,169.93276043645804,170.3669633588465,21876200
2023-04-12,169.66262817382812,172.6923174368344,169.41176743532026,172.53794952538098,27018100
2023-04-13,171.91075134277344,172.41248747174532,169.7494389372099,170.3380097646376,23259900
2023-04-14,170.30906677246094,172.9238689295589,169.1801715116838,172.06513588216075,29600400
2023-04-17,172.49932861328125,172.5765199223706,170.54064515369146,170.75291757300297,22177300
2023-04-18,171.7660369873047,173.31947714992808,170.7239763760973,173.28087413317755,22873100
2023-04-19,171.9879608154297,172.50898378393464,170.3766307753601,170.85906544805414,19306800
2023-04-20,171.1002655029297,172.1616128420157,170.31872376774066,170.92658138247862,20336300
2023-04-21,171.3221893310547,171.70814588194557,169.68191447729515,171.5634066543351,25972800
2023-04-24,171.2064208984375,172.18093364789243,170.29944134808443,171.14853109271078,17781000
2023-04-25,166.98028564453125,169.7591140553363,166.93203923297798,169.46000691553894,28857900
2023-04-26,165.3689727783203,167.3083550530693,164.99267428552605,166.17945957468652,30309800
2023-04-27,167.5784912109375,167.75217533895102,164.93475877903663,165.9864627716211,33424100
2023-04-28,169.0450897216797,169.65296206069345,167.09604971354992,167.20218592000097,31911900
2023-05-01,169.1416015625,171.10992857668364,168.62056386395213,168.85213781027764,27420100
2023-05-02,165.66806030273438,168.32145094880323,163.95059408055243,168.27320453796358,40851100
2023-05-03,166.27590942382812,169.5275138856766,166.14082832602023,166.16977322392654,43261400
2023-05-04,164.41371154785156,165.53296339249871,162.8506281003956,165.30140419894144,42382100
2023-05-05,168.32144165039062,168.9486155111849,167.01887696610106,167.2021897607852,35456800
2023-05-08,167.9355010986328,169.382805018375,167.04782312791934,169.10298468249223,22109900
2023-05-09,167.4337921142578,168.14780079735257,166.111925697717,166.9031109797103,21465500
2023-05-10,168.28286743164062,169.8363076792628,166.65223586903087,169.77841787370662,27281900
2023-05-11,166.98995971679688,167.67500876900303,166.0636785837741,167.1346842425477,25884600
2023-05-12,166.65223693847656,168.08989758421214,165.61981965697277,167.5495583758317,20406400
2023-05-15,168.68807983398438,169.53716942027646,166.74869809009664,167.22147456386224,24310000
2023-05-16,166.22767639160156,168.66879446297366,166.17942998363148,167.51095428537505,24212900
2023-05-17,169.9327850341797,170.29944009807488,166.11191065688243,167.33728412973812,38231600
2023-05-18,170.9651641845703,171.33181916671276,168.87139993081882,169.39242278510088,30446600
2023-05-19,169.92312622070312,172.605461589681,169.09333806695724,172.238806559059,34316300
2023-05-22,171.99761962890625,172.73092981969734,169.8556083122866,170.41523434951273,28207200
2023-05-23,171.1870880126953,174.18783174901768,171.14849972352954,171.6598792107039,32708900
2023-05-24,169.37315368652344,170.53100864687943,168.533722090729,170.3476811207318,28744200
2023-05-25,168.05130004882812,169.36352300938123,166.63294086636492,169.09336075774428,36202600
2023-05-26,169.96170043945312,170.18363095157713,167.9065390942296,168.17670128724242,29841300
2023-05-30,169.3345489501953,171.31253380555674,168.62054042366765,170.50204719019194,25572600
2023-05-31,167.6653289794922,169.82662661615717,166.30485984179694,168.553006897799,34598800
2023-06-01,169.47927856445312,170.048562613554,166.8548330159331,167.75216907791486,27800900
2023-06-02,175.62548828125,175.69302146649542,171.21602916178202,171.7563535346851,50212400
2023-06-05,173.27120971679688,174.89218287795003,172.17125943666142,174.89218287795003,34465800
2023-06-06,177.83505249023438,178.46222634829076,172.64405111534413,172.64405111534413,58584500
2023-06-07,181.16244506835938,181.67524079536108,178.95645200334968,178.95645200334968,60685600
2023-06-08,180.4851531982422,181.29789913569098,178.90807086956343,180.68834337348164,34185000
2023-06-09,179.02418518066406,180.55290237384696,178.46300939353287,180.27232186203648,30242200
2023-06-12,179.76918029785156,180.62060662068774,178.24046323987238,179.21767465869377,26580500
2023-06-13,181.8300323486328,182.84595368268336,180.22392498505292,180.3884052370788,35758200
2023-06-14,179.87559509277344,183.0975091868081,178.5597384186047,182.2073730195039,37114100
2023-06-15,181.35595703125,181.4817421338647,178.90807854250153,179.07255880403096,36488400
2023-06-16,179.9046173095703,182.42990049133755,179.08220136487887,181.84936985231917,50684500
2023-06-20,179.12091064453125,179.54663114316352,177.79536913497037,179.14993570002824,33269300
2023-06-21,178.70486450195312,179.8755959010916,177.63089313244873,178.4533090938153,30730200
2023-06-22,177.3793487548828,178.26948498154138,176.5666176040435,178.22110496371576,27063700
2023-06-23,174.70895385742188,176.48922645118193,174.2058282066602,174.90245918048106,50610100
2023-06-26,174.88308715820312,176.8084996290541,174.51541674580236,174.58315172219548,31507900
2023-06-27,177.4083709716797,178.01792670680143,174.54444226626734,175.31847824855512,28818800
2023-06-28,178.27914428710938,178.43395442937606,176.20860661569256,177.05037753707535,23187600
2023-06-29,180.33035278320312,181.00762874262296,178.44363543148614,178.72423067692992,32084100
2023-06-30,181.1914520263672,182.31378864374432,180.8431365896618,182.1493084046762,30287300
2023-07-03,181.55911254882812,182.71048901682758,180.67866121757095,180.8431414610697,14011900
2023-07-05,179.7498321533203,181.1334239710934,179.42087163512596,181.05601889089894,24092100
2023-07-06,176.84716796875,177.7469889038394,174.85403558723743,177.6695838412022,39080800
2023-07-07,178.71456909179688,180.43679151214874,176.99233190793566,177.04071192809351,31706700
2023-07-10,181.77195739746094,181.94612248749306,178.18238787468135,178.58875340008055,29725100
2023-07-11,183.6393585205078,183.910268928252,181.59784559989328,182.3621968009909,26738800
2023-07-12,185.6421356201172,186.783841976489,185.15836499327494,186.50324674535605,40127300
2023-07-13,187.141845703125,187.40308600079024,185.5744334441521,186.26137953346347,23523000
2023-07-14,185.3131866455078,187.20957411644315,184.1134301015684,187.06443406127218,32198600
2023-07-17,187.296630859375,188.0513118287668,184.93582792394116,185.12933321495058,23283700
2023-07-18,189.60910034179688,190.01546598175642,187.2096016643406,187.4127771025649,28489800
2023-07-19,190.41212463378906,191.24421071541545,189.57035369083044,190.31536460151534,23679000
2023-07-20,188.7479705810547,190.54759810406148,187.96426444036794,190.54759810406148,27278100
2023-07-21,188.14808654785156,190.23796452285467,187.79008622984645,190.0154341589926,28982400
2023-07-24,188.61248779296875,189.88963452637205,187.6933265866507,188.2448174050386,16929800
2023-07-25,188.5931854248047,189.84132221424363,188.10941467989286,188.26422486150742,18961100
2023-07-26,190.08319091796875,190.76046694875146,188.38999345925683,188.4480435813939,20377900
2023-07-27,187.6256103515625,191.4764206580145,186.90962446238436,191.21519513224757,31159300
2023-07-28,190.05410766601562,190.55723321542294,189.15430145147653,189.65742700088387,21612200
2023-07-31,192.26014709472656,192.29884225256916,190.5282398202074,190.53790991879072,24203900
2023-08-01,191.37966918945312,191.5151243788579,189.42523165931973,191.02166887469818,27444300
2023-08-02,188.77699279785156,189.72517918409952,187.79009649015958,189.24140851061455,28079700
2023-08-03,188.24484252929688,189.28978895800464,186.79353050556543,187.99328709338013,24279300
2023-08-04,187.8675079345703,189.9380458966964,187.4224471674505,188.49641868951417,24950400
2023-08-07,187.99327087402344,188.72859692107613,186.42584398443887,188.341586320208,20185000
2023-08-08,186.81288146972656,187.01605688113708,184.33597803104303,185.90339025881735,25578200
2023-08-09,185.35189819335938,186.61937496336898,184.55850722261536,186.60969010150058,22293200
2023-08-10,184.52951049804688,187.8191455934692,183.72644930563547,186.00017766749374,29378800
2023-08-11,184.79071044921875,185.46798637810284,183.58128387495861,183.75543421516824,21789000
2023-08-14,184.471435546875,184.51013070455596,182.51699790502917,183.774804600544,20354900
2023-08-15,182.03323364257812,183.4845457046047,181.93647359970578,183.36844546396568,25491300
2023-08-16,179.80787658691406,182.9233608395569,179.7788515281976,181.88809929714944,27018400
2023-08-17,177.68894958496094,180.6786633506409,177.66960938915022,180.29163798180278,26715100
2023-08-18,178.65650939941406,179.2370401311537,176.03448053469654,176.29572084033035,33375200
2023-08-21,178.39527893066406,179.26606024071594,177.12780212366238,178.7048844858012,22678100
2023-08-22,177.86309814453125,179.52727016694024,177.27289743003146,179.03381471301822,21299200
2023-08-23,179.75950622558594,180.0691265532079,177.47610798165832,178.02761365391876,21231100
2023-08-24,177.27293395996094,180.29165836057012,177.25357899845423,179.23704179285858,26582300
2023-08-25,178.02760314941406,178.99514447087827,175.71517998165498,178.0856532665405,29340400
2023-08-28,179.6143798828125,180.6883513973209,178.82100363402336,178.84034383175523,23002000
2023-08-29,182.12030029296875,182.25575548853976,178.5791102477524,179.51761175481005,22986000
2023-08-30,182.80726623535156,183.4555171725006,181.24952406105,181.6365346981956,19869900
2023-08-31,182.4879608154297,184.08439801681322,182.41055574166145,183.0588066255236,17953400
2023-09-01,184.65525817871094,185.63246955127812,183.68771690402764,183.90057716553864,25094600
2023-09-05,180.7657470703125,183.73609125362603,180.70769695311878,183.49420592297957,27160100
2023-09-06,180.08847045898438,181.9848431769668,179.08221921949627,180.98827679931597,26406200
2023-09-07,178.34690856933594,179.36282999508956,177.6309226163216,179.13061474352838,23894800
2023-09-08,177.95021057128906,178.83067677890753,177.49546493717887,178.5694364699802,19399100
2023-09-11,178.37591552734375,179.69177229229314,178.22110537534766,179.24669679618157,17424700
2023-09-12,178.2017364501953,179.32408781894776,177.7760307108307,178.06628126869123,16826300
2023-09-13,177.0310516357422,178.8790592581692,176.4698758505466,178.51138880081447,24415700
2023-09-14,179.5272674560547,180.03039299938516,178.25979088262216,178.5403713266198,27952500
2023-09-15,177.65028381347656,179.0629008072454,176.85689274876145,178.7919756224931,39695500
2023-09-18,176.46983337402344,177.79536005236292,176.45047841684507,177.73730994433444,19287800
2023-09-19,175.78289794921875,177.35032490913255,175.19271192364147,176.56661881093004,24085900
2023-09-20,174.02197265625,177.5534923709949,173.98327750156182,176.4795209754232,27642900
2023-09-21,171.32257080078125,172.95770344194167,171.32257080078125,172.7061479810349,31625600
2023-09-22,170.935546875,172.58036439379413,170.8291167245392,171.79665817836056,23164700
2023-09-25,171.6999053955078,172.08691605473697,169.8422128933789,169.98735296322258,22416200
2023-09-26,169.4922637939453,172.07800617071115,169.42421091586286,170.60043697930237,30476000
2023-09-27,171.0767822265625,171.99052719796435,169.58949738195327,170.55184943858285,37293000
2023-09-28,172.62240600585938,173.58477298652642,171.05735264307026,171.1739977924355,31372400
2023-09-29,171.8058319091797,174.15826930712026,171.23229207635706,173.97357129594,36689000
2023-10-02,169.2104034423828,171.79613155141627,168.3160745130493,171.40730449476803,42139300
2023-10-03,166.36216735839844,168.65628222286873,165.6136598201334,168.12163398125085,42733600
2023-10-04,166.43995666503906,166.81906822355847,164.36941632007867,166.23581282608203,42491900
2023-10-05,166.56629943847656,167.100932809635,165.19565990636954,166.03165123452013,33365100
2023-10-06,168.1702423095703,169.0353949859434,164.77766965380656,165.61366104703893,42160900
2023-10-09,169.142333984375,169.6769822595063,166.97459443189717,167.04263248538663,26658400
2023-10-10,171.0573272705078,172.097447641272,169.4145057742176,169.44366705723348,31585000
2023-10-11,170.7656707763672,172.28211656836044,169.51169132000248,171.20310478055038,27427200
2023-10-12,166.90652465820312,170.96983630527993,166.02192622274308,170.96983630527993,38693800
2023-10-13,165.51644897460938,167.8786017239922,164.95263948928553,167.53838183593683,33955600
2023-10-16,168.189697265625,168.54936299914058,166.24553250880567,166.94543300788462,31140300
2023-10-17,170.06578063964844,171.4947426830949,167.10092691573578,167.13981851072342,39823200
2023-10-18,166.56629943847656,168.81180706229557,166.226064717923,168.79236126411587,38501400
2023-10-19,163.9125213623047,167.3439708764521,163.65978529072427,166.08999116945753,51397300
2023-10-20,161.7933807373047,164.3110703399114,161.7836504212923,163.95140463462437,54421900
2023-10-23,160.4227752685547,162.78494347840675,160.0533791686498,161.0351919957019,45590900
2023-10-24,161.82254028320312,162.94042898551987,160.79213542726623,161.80309448418583,32666300
2023-10-25,159.14935302734375,161.03519550913717,158.83827949794176,160.4033329648402,36832900
2023-10-26,159.55758666992188,161.14208555093109,158.6438269430282,159.56730215302548,50525600
2023-10-27,157.68148803710938,160.22833910442253,157.1565552500327,159.9269959424488,46017100
2023-10-30,158.55636596679688,160.20890313348988,157.41903130208226,159.21737490035378,35156300
2023-10-31,159.92698669433594,160.38386656923083,158.28416520794352,158.83824441470603,31533200
2023-11-01,160.8407440185547,160.97683494735622,158.5466291953297,159.8686617177441,44367100
2023-11-02,165.12762451171875,165.2539999640695,162.65854186221682,163.0668146704274,50458100
2023-11-03,169.61862182617188,170.7462258614256,167.9563548023393,167.97580059876682,57060700
2023-11-06,167.49949645996094,169.90054089490485,166.60518253606907,169.61864355817315,35294400
2023-11-07,166.90652465820312,167.69390893245716,165.80808176712705,166.77043373219377,31168900
2023-11-08,165.12762451171875,167.3245401218799,164.57354528371854,166.90653699715028,44938600
2023-11-09,162.57106018066406,166.25524582026208,162.31830927258835,166.25524582026208,38577400
2023-11-10,164.38885498046875,164.97211035260662,162.1336166965226,163.52370223923774,36121300
2023-11-13,164.4471435546875,165.03039880624803,162.84321386209186,163.5431142308456,27610300
2023-11-14,173.47781372070312,173.487529203892,169.35617943040967,169.36589491359854,77611000
2023-11-15,173.77915954589844,176.68567617375632,173.13758165834759,173.37088675367488,59641400
2023-11-16,170.96986389160156,173.64309059531456,170.26996334982354,173.16676486102648,46616700
2023-11-17,173.3125457763672,173.65278051259386,172.16549578849205,172.49600020878165,43418700
2023-11-20,174.32351684570312,174.63457546187922,172.77790958220683,173.5361325730842,26665100
2023-11-21,172.07803344726562,173.52642675422913,171.97110378818505,173.26397518150452,30457000
2023-11-22,173.15704345703125,174.38186194687154,172.46685842341626,173.2056357110151,28940900
2023-11-24,174.32351684570312,174.71234382412285,172.83623214568993,173.07925271540188,13846900
2023-11-27,173.7402801513672,174.10967620338397,172.28215657694304,173.51670535647284,30665800
2023-11-28,173.06956481933594,174.2166299025795,172.25301906483836,173.56533639605394,28350200
2023-11-29,173.98326110839844,176.6759328488794,173.71107928980794,174.53735506018407,31590200
2023-11-30,174.64431762695312,175.59695417167498,173.76943461695188,175.02342914811382,32216800
2023-12-01,179.7477569580078,180.01020852173988,173.23480796000393,174.19716002595493,64221300
2023-12-04,181.6724853515625,181.76969952800502,178.88261351471138,179.08674251931959,44862600
2023-12-05,179.24227905273438,180.8559394498127,178.84372169572092,180.8559394498127,36873500
2023-12-06,178.9214630126953,182.6737012262927,178.65899664254874,180.51567736686215,43637900
2023-12-07,180.21432495117188,180.37957715118415,178.27016048119523,179.1839201553319,32662300
2023-12-08,181.5849609375,182.5084360762531,179.69911906498245,179.98101638122594,36087100
2023-12-11,181.96409606933594,182.3820843568753,180.70038605750167,181.46832458165974,29302100
2023-12-12,181.7794189453125,182.42099692499175,180.16575851138023,181.75025765830898,32024000
2023-12-13,187.9326934814453,188.23403665429703,180.48653868568866,181.87662424043089,69484800
2023-12-14,193.16246032714844,194.45531659920738,190.9947063433444,191.37381780771597,83649300
2023-12-15,191.5391082763672,193.97904457688583,190.47954202739305,193.39578920770364,74160700
2023-12-18,191.60714721679688,193.2208074323177,191.18914410498886,192.43342312419463,44451100
2023-12-19,195.3205108642578,195.6801914410517,192.49176233360555,192.93891193433254,52156200
2023-12-20,191.49986267089844,197.24641902541336,191.38278987384578,194.99267835905937,62360300
2023-12-21,194.75852966308594,194.95367085289115,192.709681154775,193.66581045865345,38613400
2023-12-22,196.57321166992188,197.87082303085742,195.31463449767162,195.9878328242724,39173800
2023-12-26,199.1294403076172,199.57822932406404,196.77812886213025,197.2854691690198,26879000
2023-12-27,199.83189392089844,200.4855751934117,198.44646299369373,199.46114354146206,35806400
2023-12-28,199.0708770751953,200.17336222772755,198.32939119974736,198.82696548478955,28930100
2023-12-29,195.8219757080078,199.06111368738206,195.8219757080078,198.52450524416585,41496800
2024-01-02,194.6609649658203,196.70981337951437,193.6072651156997,194.54387727990783,44341500
2024-01-03,189.4705047607422,192.8559985462145,189.06073510925313,192.5925698819784,57532500
2024-01-04,189.09976196289062,190.7290894022285,188.97292318740375,189.33390753341376,43114200
2024-01-05,188.54368591308594,190.6998712260235,187.60705872377764,187.99732625564948,40964900
2024-01-08,191.93890380859375,192.1730642938598,187.57776339809388,188.58267795569003,31545400
2024-01-09,190.22177124023438,191.00229130255258,188.6119607075384,189.6168752633492,28998700
2024-01-10,190.3291015625,190.621798460035,188.37780876184348,189.99738535931223,35075200
2024-01-11,188.8363800048828,189.99740170309502,186.64117541531033,189.76324118748775,48939200
2024-01-12,188.52415466308594,192.29991645369893,187.94852684486673,191.1193777282822,42992100
2024-01-16,186.1923370361328,188.5533993047639,185.48011940280065,187.05091054733725,42213000
2024-01-17,184.865478515625,185.3045164248668,182.962970984122,183.54836478789963,37787700
2024-01-18,185.95819091796875,186.51430156818213,183.62639685416008,186.06551260656167,41760000
2024-01-19,187.74363708496094,188.1534216900055,184.6215714580293,186.63140074014206,63338300
2024-01-22,191.75352478027344,192.02671945120622,189.3631942288604,189.4217306272097,42379500
2024-01-23,191.1974334716797,193.75362237301272,190.23153813955355,193.39263795518016,42471200
2024-01-24,189.62661743164062,193.62677325803108,189.39245695782506,193.54871976675923,41120100
2024-01-25,191.1974334716797,192.84627833234714,189.67542741173534,192.29991870951412,37659500
2024-01-26,191.20716857910156,193.0706566909973,190.62178969812106,192.09501033551456,33478600
2024-01-29,194.5536346435547,194.5536346435547,190.33883542998225,191.38278412964087,29234400
2024-01-30,192.89503479003906,194.08530956913688,192.2998899568997,193.55846712223067,33121200
2024-01-31,188.1826629638672,194.09507715539297,188.01680487945586,192.40721322609554,68126700
2024-02-01,190.68032836914062,190.97302525670884,186.86554750083255,189.5778432104126,59479000
2024-02-02,189.67543029785156,190.7388813575605,187.7046202964874,188.5339257355241,52839300
2024-02-05,187.26556396484375,188.4070684149766,185.4313440515455,187.78265534258304,39751900
2024-02-06,188.9534149169922,189.08025369840158,186.3679582072074,187.03139053757448,34689100
2024-02-07,188.51438903808594,189.42173299822048,187.36311860313998,189.3436943908991,31713900
2024-02-08,191.37301635742188,191.58765973503264,188.01680558070507,188.6509697227125,35370800
2024-02-09,194.48533630371094,194.69022858384957,191.66571899890988,192.12427396605585,46107100
2024-02-12,198.01719665527344,198.59282444893373,194.97316981378225,195.00243801432887,43291000
2024-02-13,189.87054443359375,192.81700069794587,188.35828955261138,191.44133571599002,86247400
2024-02-14,194.2804718017578,194.92438710952982,191.45108831810094,192.8657726163381,43808000
2024-02-15,199.4611358642578,199.78310093603147,195.83173036613115,196.0951590407062,44931900
2024-02-16,196.74884033203125,198.73915227313518,196.19271478415754,197.19762930210837,48346200
2024-02-20,194.03659057617188,194.85613010502902,193.18776795461244,194.30000442582852,30547500
2024-02-21,193.1194610595703,193.5194796777496,191.6072060817784,192.8462812440292,28669100
2024-02-22,194.58291625976562,195.21708045140585,192.9926078976882,193.81214728333526,38184700
2024-02-23,195.02197265625,196.24153074602273,193.73412705478552,194.73904172978357,37667700
2024-02-26,196.25125122070312,196.72932327666328,194.2999585816221,194.82681593099554,29118200
2024-02-27,199.0318603515625,199.246503744877,197.60741009476467,198.1342674736938,32268600
2024-02-28,197.3927764892578,198.89526531646231,196.9537237224318,197.50984928724776,30143900
2024-02-29,198.7684326171875,201.02217337063684,197.58790883546754,200.1831168892436,40404100
2024-03-01,200.87583923339844,201.30512603676064,198.1928115995676,199.54895951718024,35156900
2024-03-04,200.69046020507812,202.71005538586888,200.44654860665503,201.98807169515084,24785400
2024-03-05,198.7684326171875,200.89534946465594,198.06596603336146,199.32455819904243,34163500
2024-03-06,200.2514190673828,201.06120734751548,199.10991459168227,201.0124220511832,34255200
2024-03-07,201.9197998046875,203.03203618402586,201.3734252767318,201.66612219491213,28020200
2024-03-08,201.79295349121094,205.28576950724792,200.78803885635813,203.65644175086345,41447800
2024-03-11,200.19287109375,201.80268156937828,199.76358433033406,200.94412292972785,24435800
2024-03-12,199.9197235107422,200.90512109478092,198.43673669480017,200.1538691378178,34958900
2024-03-13,200.7002410888672,201.54904875046307,199.7831310287972,199.88068674309557,25140700
2024-03-14,197.10983276367188,200.28068343115987,195.29512994002224,200.0562889369486,47509100
2024-03-15,197.48057556152344,198.1342568106447,196.23174946063781,196.34882225535165,53217000
2024-03-18,196.3488311767578,198.23182151747508,196.017114985209,197.96840771740037,32405100
2024-03-19,197.1781463623047,197.8123105769755,194.79756672852895,194.9146395343924,29864100
2024-03-20,201.0807342529297,201.9490589761482,196.21225323023813,196.61227183762202,49609600
2024-03-21,203.39105224609375,204.37895184740313,202.31511016547262,202.4716135453782,43067300
2024-03-22,200.58383178710938,203.68448208591138,200.58383178710938,203.30301444473344,28437300
2024-03-25,201.04354858398438,202.48139168745053,201.01420606554498,201.2196186196047,20107800
2024-03-26,200.681640625,203.09760739275467,200.50558552045922,202.52051798344866,23434800
2024-03-27,205.05384826660156,205.12232408838986,201.6499820294294,202.27598058942638,35028400
2024-03-28,205.69944763183594,207.2448850982598,205.24950409604756,205.48425919189177,37675100
2024-04-01,203.76275634765625,206.18849918275177,203.41063118409522,206.1591566628704,25684200
2024-04-02,200.01651000976562,201.37610128251603,198.9503438912199,201.2489404323724,36632100
2024-04-03,201.32720947265625,201.88473223869454,198.83299097199983,198.93080931515644,27362800
2024-04-04,199.31227111816406,203.98770122400947,198.7645242325395,203.49863937256134,32265200
2024-04-05,199.9773712158203,201.20002574138167,198.44172489270588,198.69603166102914,27569400
2024-04-08,201.07290649414062,201.9043027268266,200.10455860844098,201.47392588873785,21331000
2024-04-09,201.86520385742188,202.44229334383337,199.9969837319351,201.70870046026388,23289100
2024-04-10,196.53439331054688,198.4906407646308,195.1748019269579,196.77892424230737,57130500
2024-04-11,197.86465454101562,198.47110143866777,195.7225759819201,197.55166268979463,37184000
2024-04-12,194.34341430664062,197.49297404096868,193.3554997466592,196.8278421161806,35388700
2024-04-15,191.4970703125,195.8497180998186,190.71456831225544,195.00853106142793,41119300
2024-04-16,190.7928466796875,191.94704064953856,189.1300390248044,190.15707211090427,43267500
2024-04-17,188.77789306640625,192.3186964401541,188.76811720141802,192.17198384040725,38589500
2024-04-18,188.6213836669922,191.37969985422745,187.9464758796906,189.4625707037039,40238200
2024-04-19,188.91482543945312,190.13748015906359,187.15419965821718,187.74107989362395,42666500
2024-04-22,191.02757263183594,192.00569638834816,188.68006666121613,189.96142131923378,31553000
2024-04-23,194.22605895996094,194.95965184331178,190.8613105469941,190.98845649778482,31838300
2024-04-24,193.35548400878906,194.55858689430804,192.16218683714908,193.83476999021408,28791700
2024-04-25,192.18174743652344,192.5240967140568,189.53104047042,191.16450531825498,31915600
2024-04-26,194.02059936523438,194.5390036831695,192.12303717883853,192.69035066214113,24613600
2024-04-29,195.58563232421875,196.02578502831352,194.5292568794009,194.8911578922146,20494600
2024-04-30,191.6144561767578,194.30429676329976,191.46774356930428,193.7761164514815,30606800
2024-05-01,192.01547241210938,195.937758230965,190.76347519673448,191.5948863604528,38782100
2024-05-02,195.5465087890625,195.7421305645498,192.24044556088347,194.43144825130165,27201000
2024-05-03,197.4832000732422,199.6937695343846,196.72026466142765,198.9601766441794,30880600
2024-05-06,200.03607177734375,200.30016935436646,198.93080214940264,199.0188297000825,23129800
2024-05-07,200.4860382080078,201.6402171379631,200.02631882404665,200.29041643131868,20116900
2024-05-08,199.3220672607422,199.49813730616776,198.12875502780543,198.28525841818708,18349400
2024-05-09,201.35655212402344,201.48371298521454,198.96015196493582,199.50789886701483,22914300
2024-05-10,199.8404541015625,202.09991749835729,199.22423138426086,201.83583484092813,21520200
2024-05-13,200.2610626220703,202.031464227532,200.12412589360875,201.57174486948588,18585300
2024-05-14,202.33465576171875,203.1954093366348,201.40544129333378,202.59875332220113,33169000
2024-05-15,204.8582305908203,205.18101320356647,203.17585662892225,204.6332663182942,33412300
2024-05-16,203.38125610351562,204.77020490738923,203.38125610351562,204.3300372973675,26731100
2024-05-17,203.5279998779297,203.95837673323908,202.81397369070342,203.45952404868294,35219800
2024-05-20,203.97792053222656,204.89735924646007,203.23455185422145,203.46930692753128,15695900
2024-05-21,203.78228759765625,204.12463686184591,203.04869482437826,203.28344988482115,13466800
2024-05-22,202.06082153320312,203.66494400899498,201.2978861438012,202.99003618183517,20853100
2024-05-23,198.7449493408203,203.07803000103755,197.92332904644246,202.9704358011798,34039800
2024-05-24,200.94573974609375,201.18047988727963,199.4981208171745,200.30995037208706,19946100
2024-05-28,200.671875,202.55964670048775,199.50790533286713,202.44227662480517,18475900
2024-05-29,197.70816040039062,198.56889916026932,197.36581111437,198.09940393442784,25654800
2024-05-30,199.58615112304688,200.45668065024682,198.63736990604446,199.06774673746622,20428200
2024-05-31,201.26852416992188,201.76736189939834,198.63736894732472,200.46645554705543,25784900
2024-06-03,200.1339111328125,203.01937335518883,198.7058438191192,202.99003083521433,23902900
2024-06-04,197.55165100097656,200.0263028446154,197.2386442432911,198.7058298387284,27098900
2024-06-05,200.5740509033203,200.5740509033203,197.37558210780963,198.8525585010647,20707600
2024-06-06,199.13623046875,200.32954275632864,198.54936511542334,199.71331995659946,17335500
2024-06-07,196.79849243164062,198.72539738294932,196.2898639106141,197.12127505508147,26036000
2024-06-10,197.47340393066406,197.70815900441931,194.65640274553712,195.15525541164402,25075300
2024-06-11,196.79856872558594,197.17129807802678,194.62107139637706,195.81771461212773,23768400
2024-06-12,199.8196258544922,203.30166138038078,199.21150101841485,201.9284564720589,43668700
2024-06-13,198.07369995117188,199.64305769442012,196.67107065962247,199.37823783586003,28021100
2024-06-14,194.92515563964844,196.21007227773126,194.15028738843165,195.73926644112674,33453700
2024-06-17,196.56317138671875,197.10264417822856,193.63042697162834,194.326825057048,25538100
2024-06-18,196.90647888183594,197.82848421622018,196.2002626668458,196.62203775171497,25446900
2024-06-20,196.07275390625,197.99523477566757,195.40578021616798,196.4847258520627,27999700
2024-06-21,196.51412963867188,196.5729784914211,194.6603159438398,196.1021577361348,37511300
2024-06-24,197.3674774169922,198.80933424519017,196.69068564457515,196.84762590387558,22289600
2024-06-25,196.72012329101562,197.3086418196144,195.99430073461141,197.27921738984924,15925400
2024-06-26,196.2002410888672,196.73971382802148,195.003597909887,195.51364622387337,19313500
2024-06-27,198.19139099121094,198.27966427442468,196.1316062163226,196.78877671354746,17432600
2024-06-28,199.0054931640625,200.72198788575787,197.46555996782612,199.9765441374714,35026000
2024-07-01,197.3380584716797,199.91770980150363,196.64164540584053,199.6234505488019,21886200
2024-07-02,198.0148468017578,198.3973793335895,197.05359892862424,197.66173869801727,17219100
2024-07-03,197.96580505371094,199.38804065089667,197.76963720696935,198.37776202186248,15167200
2024-07-05,197.024169921875,197.7696286605852,196.05313388413973,197.3576717102359,17282500
2024-07-08,198.4071807861328,199.79999191487573,197.9756025556342,198.63277305511275,20823800
2024-07-09,197.54403686523438,198.64260378532614,196.69069847044477,198.0540852578967,17864200
2024-07-10,199.47630310058594,199.69209221027336,197.63230748141132,198.41697882575122,19286100
2024-07-11,206.64637756347656,207.18585042395608,202.97799204551364,203.91960379594252,65443600
2024-07-12,209.0592498779297,210.82479031546404,208.5884440834693,208.84346077075068,50810700
2024-07-15,213.03172302246094,214.06162291094753,210.19705502397994,210.67766399639913,48925300
2024-07-16,220.29986572265625,220.5548824340903,214.8266973312584,214.9443950493591,67945700
2024-07-17,217.99485778808594,222.30080736125217,217.4161573706553,218.102752354611,66092100
2024-07-18,213.7771759033203,220.47641207355122,212.82574610525552,217.1709381160021,53180000
2024-07-19,212.6884002685547,214.46374380170724,211.71736428448003,213.46328339185126,37933500
2024-07-22,216.07237243652344,216.42548055912536,211.25638952638175,213.5123422893214,36185900
2024-07-23,218.3675537109375,219.46610551682355,214.8462761069888,215.01303447512478,44884600
2024-07-24,213.67909240722656,219.57402073228204,213.55157657252568,216.8374441130469,42443000
2024-07-25,216.34703063964844,219.73097483279935,214.02239587335404,214.26760943759177,45053100
2024-07-26,219.9271240234375,221.07472161066414,217.45536731506257,219.61324350386428,40822600
2024-07-29,217.48480224609375,221.10415671648744,216.543190575194,220.40775860085392,33869700
2024-07-30,218.3087158203125,220.1625295691447,216.87666217289953,218.45583795647116,26876800
2024-07-31,219.57398986816406,224.25266791219516,217.72997945109412,219.42686774622558,52387700
2024-08-01,212.43341064453125,220.5843068902375,210.9425080262691,219.48575494343794,71508100
2024-08-02,204.92005920410156,207.14660244545317,203.02701776790187,204.85140719224356,66850200
2024-08-05,198.32870483398438,200.82008273994228,192.93400704441845,194.1110290233581,65683100
2024-08-06,200.48658752441406,203.28202791178987,197.34785715553488,199.1232008188706,37072500
2024-08-07,198.1129150390625,203.97843357321085,197.70095809619244,203.87053901912728,30594500
2024-08-08,202.92892456054688,203.03681912106453,199.28014574422784,200.50621349254345,26550300
2024-08-09,202.5071563720703,203.15450874274117,201.01625385884867,203.0858567342269,20954500
2024-08-12,200.6827850341797,203.01720796601393,199.91771991842714,202.65429668375,20357900
2024-08-13,203.9882354736328,204.39038926062378,200.93777851780345,202.14422491212997,25458300
2024-08-14,202.72293090820312,204.7533062064322,201.80094056840653,204.635608496383,25345600
2024-08-15,207.98031616210938,209.0200341769919,205.89110691171754,207.2152510901382,42561600
2024-08-16,208.5296173095703,209.88318598279355,207.23488252940695,207.32315581896864,30427400
2024-08-19,211.07981872558594,211.0896368461416,208.7453959303641,208.88271491831836,17246200
2024-08-20,208.6178741455078,210.83459916400756,207.99012808038816,210.77575030894116,21703900
2024-08-21,211.3348388671875,211.53100670118752,208.7453845451065,210.17742320328847,19623100
2024-08-22,209.47122192382812,212.2274198491447,209.0494617990675,211.44274845734375,18084300
2024-08-23,216.16062927246094,216.84722414254134,210.67764353143977,211.06017602810212,40003100
2024-08-26,216.2292938232422,218.19100211824397,215.86638257799373,217.68095377088247,24865500
2024-08-27,214.55206298828125,215.16999098545168,213.5417843130324,214.71880641397155,19577900
2024-08-28,213.1003875732422,214.92477706497584,212.12935145074795,213.69870926049484,19685000
2024-08-29,214.62069702148438,216.7491487592971,212.9924755188324,214.59127259392474,24599500
2024-08-30,215.86639404296875,216.27835101080117,213.23769700539629,215.50348277844557,23010500
2024-09-03,209.26524353027344,215.16997486824388,208.83366530003838,213.95372527392354,31338500
2024-09-04,208.91213989257812,211.2465626938998,207.64682960266413,208.6865326522696,23706300
2024-09-05,207.8724365234375,209.932236459918,206.8817791069931,209.451612483633,23910500
2024-09-06,203.91957092285156,209.10829773539683,203.17412716004475,207.87241193304908,34561300
2024-09-09,204.48846435546875,206.23438350547067,203.54685277418375,204.16478069732509,23584100
2024-09-10,204.3217315673828,204.86120435898943,201.84997484643335,204.7238853726393,23025700
2024-09-11,204.92005920410156,205.2437428885256,200.3002442687935,203.49782359676982,27175600
2024-09-12,207.5585479736328,208.70614553696942,204.41981767647542,205.89109890639108,27611700
2024-09-13,212.67861938476562,213.0905763554851,209.84395132673484,209.93222461332172,37388100
2024-09-16,213.4436798095703,214.11065347142048,212.00182296020034,213.4633010839327,23289000
2024-09-17,215.20919799804688,217.55343865835042,214.28719276512786,215.37594139620205,35563500
2024-09-18,215.24844360351562,220.63333835954984,214.071421598366,215.03265448979607,54085200
2024-09-19,219.68191528320312,220.3783133804312,217.2592042238715,220.35870707251442,35369500
2024-09-20,217.32786560058594,219.18167938296156,217.0532126637091,219.17186126260893,34587500
2024-09-23,216.53335571289062,218.83836894083876,215.8075332240745,218.4264119958399,20157700
2024-09-24,216.89630126953125,217.68097268238475,215.29750408087895,217.3867283858886,20939800
2024-09-25,214.25074768066406,217.12461319541637,214.10310849964594,216.83920147379607,23242300
2024-09-26,215.39242553710938,217.63640293531932,214.92984979980386,217.00651480630808,24974700
2024-09-27,216.8490447998047,219.08318565254282,216.06168086312377,217.37067021659072,23959600
2024-09-30,217.4001922607422,218.0891300648541,215.12668999831402,215.9534153632483,21938200
2024-10-01,214.4475860595703,216.85887585201414,212.8827098492838,216.69156346013295,30016000
2024-10-02,214.15234375,215.2940207902144,212.79415625374958,213.56183201789258,14455400
2024-10-03,212.7154083251953,213.7980206252175,211.68199407057358,212.8138194337146,21353000
2024-10-04,215.68768310546875,216.50457188894754,213.8570683055843,215.82547067028938,27901500
2024-10-07,213.99485778808594,215.20543606598508,212.4595063326921,215.1857478372005,14891800
2024-10-08,214.1425018310547,214.92001418190748,213.2763999575225,214.1917148952724,18118600
2024-10-09,214.61492919921875,216.14044419021195,213.49294033819066,214.0933037210569,18230700
2024-10-10,213.42401123046875,213.45353606159327,211.20955878982957,212.48900818580324,24571400
2024-10-11,217.7643585205078,218.10883495774277,213.28625494276696,213.3453046136715,19950900
2024-10-14,219.3685760498047,219.58510148677817,216.94743480806324,217.95132410514788,19263300
2024-10-15,219.5457763671875,221.93737815610737,218.47298560919705,219.05367575043337,25998800
2024-10-16,223.15777587890625,223.58097516816645,220.8448971514767,221.33699773027294,27656700
2024-10-17,222.54757690429688,223.37431734941183,221.35670182815429,223.3251042844604,18003600
2024-10-18,222.08499145507812,223.4431938964572,221.8291045532796,223.0790442635673,20047400
2024-10-21,218.5911102294922,222.12438921937917,218.03010829155505,222.06533954543204,24243800
2024-10-22,217.7643585205078,218.32536042953865,216.8195337505976,217.97104738639257,15813900
2024-10-23,215.7762908935547,217.31164246517676,213.93582431468815,216.55380328564348,23263500
2024-10-24,216.24867248535156,217.54781016173288,215.07747074323095,216.94744687449952,18381900
2024-10-25,215.43177795410156,218.463119141073,215.06762835314996,217.81354281149692,23807800
2024-10-28,218.94540405273438,219.44734125490072,216.9966748773907,217.30177484445562,19877700
2024-10-29,218.2367706298828,218.3942314020209,216.49473037168104,217.2525694698598,20282200
2024-10-30,217.94151306152344,220.93347805959087,217.41003601108596,217.57736342832175,19754800
2024-10-31,214.3196563720703,218.26631295131824,214.19172042306494,217.72499926639057,24078400
2024-11-01,215.52035522460938,217.47892084317516,214.89046711386072,216.03214400762926,21222200
2024-11-04,216.6128387451172,218.23677973755784,214.39838604264966,215.0479624396259,20463700
2024-11-05,220.68743896484375,220.74648863617446,215.59912037635374,215.8746955210431,26404600
2024-11-06,233.47219848632812,233.82651150176818,229.07281813532992,232.8521469548786,75554600
2024-11-07,232.64549255371094,234.72215775865172,231.6809645314047,233.147429776791,34970300
2024-11-08,234.35800170898438,234.7024781607225,231.92702336960613,232.20259852390882,26597800
2024-11-11,237.88140869140625,238.56050986986997,236.06064562245183,236.72005857347267,29207700
2024-11-12,233.70843505859375,237.97001324867736,232.82264492438048,236.16893817965413,35314300
2024-11-13,231.39553833007812,236.0901821291402,231.11996320312068,235.174867229253,25947700
2024-11-14,228.275634765625,232.6946886591091,227.5571720755926,232.22227627558138,29272100
2024-11-15,224.87026977539062,228.6200736744866,224.2108568210092,228.55118740466156,37930000
2024-11-18,225.3131866455078,226.95681596094013,224.5258376537723,225.5986134200734,29368500
2024-11-19,226.986328125,227.17332875629904,222.82314622591056,223.0101468572096,26009400
2024-11-20,227.28158569335938,227.28158569335938,224.4372447036018,226.59264782724009,24222700
2024-11-21,230.73611450195312,231.84826658057955,227.45872294854712,228.49213713492662,28679400
2024-11-22,234.9977264404297,235.46030220921605,231.61207188493728,231.91717185632433,22693100
2024-11-25,238.5703582763672,241.1095991042826,237.57632049823133,237.6747466225972,33534000
2024-11-26,236.8184814453125,237.79284601297633,235.6472796465892,237.36963169936627,22581400
2024-11-27,237.1432647705078,239.8399813356366,236.64132758894365,238.1865155896713,19472800
2024-11-29,238.04872131347656,239.63328572553775,237.72393314007948,238.54082187600838,16782700
2024-12-02,237.93063354492188,238.82626021649946,236.21811809772365,238.41289752601398,25274800
2024-12-03,236.23780822753906,238.31447331974928,235.58823184395447,237.72394660417817,21376700
2024-12-04,237.08421325683594,237.85188894864316,235.43076254147195,236.48384995757974,19903000
2024-12-05,234.31863403320312,237.054712290801,233.98400921441066,236.72008747200857,20227000
2024-12-06,235.1551971435547,236.10003695010383,234.6138984709447,236.00161081814608,20760900
2024-12-09,233.97413635253906,237.5664795786027,233.89539845801988,236.74959081789865,16684300
2024-12-10,232.96041870117188,235.0469354363044,232.1927429742848,233.82652055415966,19946500
2024-12-11,234.0135040283203,235.50947891490154,233.0883525745794,234.93865548206125,23156900
2024-12-12,230.97232055664062,233.89539919739025,230.64754739008433,233.41315024129776,21454500
2024-12-13,229.3877716064453,231.1494850753316,228.21656982302287,230.66722110047593,23972900
2024-12-16,230.73611450195312,231.9073162453354,228.6791377517984,229.23028797980948,32293500
2024-12-17,228.0946044921875,230.4340820607531,227.58129612198954,229.67399284788596,33064300
2024-12-18,217.99630737304688,230.0787020659586,216.1010324322128,229.24952210352612,52267500
2024-12-19,217.02894592285156,221.5400919161319,216.5057717388623,220.37529356304105,51871700
2024-12-20,219.06240844726562,221.7671318045284,215.26199264921004,215.78516681118214,53882200
2024-12-23,218.55899047851562,219.53623298169896,216.5551312285387,218.88474300034588,29606800
2024-12-24,220.5134735107422,220.75038852530804,217.6409410911443,219.16111940890602,13399600
2024-12-26,222.7739715576172,223.22805488762947,218.61819104047242,219.5559551312023,20024800
2024-12-27,219.5263671875,222.53709649952296,217.364564582108,221.40189557869732,26956000
2024-12-30,217.83837890625,218.95383313861294,215.04483301314986,217.82851309494237,25706100
2024-12-31,218.11480712890625,220.40492573189428,217.315224471108,219.2598588992459,26208300
2025-01-02,218.29244995117188,221.4808540510288,216.77228666878912,220.05939406306723,29363000
2025-01-03,221.5400848388672,221.92507740279808,218.5293706898544,219.2104882071062,24525300
2025-01-06,221.62893676757812,224.24480759664544,221.25382507801118,222.85296007070087,23541900
2025-01-07,219.8520965576172,223.60316800730897,218.52935498681032,222.67526972076195,28835200
2025-01-08,218.85511779785156,219.44738275217873,216.18987278530653,218.05553525670416,26795900
2025-01-10,214.03794860839844,215.89374524674597,212.5375169633024,215.4988868862963,37379400
2025-01-13,214.45254516601562,214.71907268470352,211.21478182257886,211.73795598669898,28603800
2025-01-14,216.89073181152344,217.39415927007508,214.42292357141628,216.35767679676886,25447500
2025-01-15,221.1551055908203,222.67528396329504,220.12850394869875,222.53708729873432,30124700
2025-01-16,221.59933471679688,222.32979638378373,219.842256291758,221.2637013176409,21029800
2025-01-17,222.5568389892578,224.04738983785705,221.7770031013105,224.00789646863316,26754900
2025-01-21,226.8310546875,226.92977304164256,224.0671215191815,224.59029565906366,26086300
2025-01-22,225.3503875732422,226.89031268321324,224.8963192578066,226.39675099807448,21307300
2025-01-23,226.37698364257812,226.39673032562663,223.63278212876617,224.00787873285233,20850700
2025-01-24,225.7452392578125,227.26540257550081,225.10360004879388,225.87357011207757,19074500
2025-01-27,223.5834503173828,226.66327050843873,222.31006775756015,223.79075285899975,27461700
2025-01-28,223.83021545410156,224.62978294277778,222.28042459348677,223.82034964321537,16847400
2025-01-29,223.31689453125,225.28127527308914,221.6881471506322,223.76109699302705,20280500
2025-01-30,225.58729553222656,227.08772722545493,223.99802635341211,225.5774297212637,25575100
2025-01-31,223.56369018554688,227.35425526460043,222.63579183448448,225.804464388399,35330700
2025-02-03,220.9477996826172,222.64565288396153,217.82848658597936,218.65766650413204,34023300
2025-02-04,224.00790405273438,224.20534078092413,220.33581889286518,220.720796413143,17985500
2025-02-05,226.44607543945312,226.54479379282554,223.96840141778745,225.12333385317612,15197300
2025-02-06,225.7057342529297,227.7293400100644,224.37312684869906,227.54178417497934,18809400
2025-02-07,223.08987426757812,226.2980251143464,222.67528427331874,225.90318180428224,28914400
2025-02-10,224.09674072265625,224.5903023835346,222.9516740544649,224.4422248478872,14574700
2025-02-11,222.79373168945312,223.50446168923332,221.91519253171188,222.15210755240747,18215700
2025-02-12,220.74050903320312,221.58943567949154,218.93407157439262,219.39802073354483,25572800
2025-02-13,223.22805786132812,223.42547950480028,220.86883382541703,222.1422162287724,21419400
2025-02-14,223.0602569580078,225.0443694010622,222.7048919616974,224.3435202814791,13574500
2025-02-18,224.28428649902344,224.73835477176357,222.60616487749732,223.23792317257926,15166500
2025-02-19,223.5143280029297,224.2250580043089,222.1817205470737,222.50747305289804,16194800
2025-02-20,221.37228393554688,223.27743989271664,220.13837970965963,223.099749851789,18507700
2025-02-21,214.9954376220703,223.44520986893468,214.65981934644833,223.08984491171586,45036900
2025-02-24,213.4456787109375,215.97271208830898,212.37958368067632,215.97271208830898,30246200
2025-02-25,212.63623046875,214.47228038161808,210.74095556874195,213.58386038760102,33665100
2025-02-26,212.9027557373047,215.5976133129728,212.0735757427792,213.27786742819774,25464200
2025-02-27,209.65512084960938,213.7023324772139,209.4873116930725,212.8632716322231,29378500
2025-02-28,211.88600158691406,211.8958824593828,208.2435294123806,208.91476599880772,32015400
2025-03-03,206.09161376953125,213.179167322388,204.74912539826158,212.62636558878876,36330000
2025-03-04,203.76199340820312,207.06886254703196,200.57358930985276,203.27829756015666,56427100
2025-03-05,205.7855987548828,206.15082956162226,202.18260467879742,203.7916054404408,35778500
2025-03-06,202.6366729736328,205.44009957432266,201.27443797848775,203.1302346313165,39206300
2025-03-07,203.2980499267578,204.4431166221169,199.13238820512598,202.33067326593022,43514000
2025-03-10,198.1847686767578,202.103649768695,196.19077519693278,200.820386339851,39442800
2025-03-11,198.16500854492188,200.60320437558988,195.97359354681294,198.53023935717115,51509700
2025-03-12,198.51051330566406,201.12638417926914,196.98046908840328,200.435400841176,36881700
2025-03-13,195.54913330078125,199.42852067054167,194.46329163727495,198.67831237904136,31336900
2025-03-14,200.2774658203125,200.45515586453223,196.77317474140628,197.66159483788957,34089400
2025-03-17,202.80445861816406,203.36712607259918,199.99116653290253,200.0997506874968,26947600
2025-03-18,201.04347229003906,201.74589413300544,200.19264062248206,201.67664829174848,22888000
2025-03-19,204.16976928710938,205.46580022975144,200.7367636883321,201.18197806377356,31595600
2025-03-20,202.87371826171875,205.08984158530856,202.02288668263657,202.14161754918402,25665900
2025-03-21,201.61727905273438,202.24056711616862,199.60892317734283,200.5586947456185,39470200
2025-03-24,206.63323974609375,206.9992901603965,204.4863770122916,204.75350263424338,25774700
2025-03-25,205.48558044433594,207.0388489617127,204.88208342300126,206.46503088436938,17836900
2025-03-26,203.39808654785156,206.59366058282515,202.49778494309655,205.7428289193623,19344600
2025-03-27,202.4285430908203,204.14999744740373,201.5875993606033,203.1408679903647,23960000
2025-03-28,198.31288146972656,202.3988539379929,197.2542972199104,202.35927194773265,26656200
2025-03-31,197.36312866210938,198.50086181716844,193.405774945582,195.37454875804627,32250800
2025-04-01,197.3828887939453,199.08455196380652,194.56328355382212,196.8684437210888,26054100
2025-04-02,200.49932861328125,201.16218354577023,194.44456719358118,194.68201384991858,36603000
2025-04-03,187.62803649902344,192.98036129333983,187.18283720270645,191.05115427856148,60551500
2025-04-04,179.2582244873047,182.08773287372915,174.7864107578557,180.66308318320694,92612800
2025-04-07,177.63572692871094,188.22164563508983,169.89909277658,172.46149091030415,96706200
2025-04-08,172.95614624023438,183.93779341660897,170.5025761403701,183.71024981164217,61090600
2025-04-09,187.65771484375,190.06181518992145,169.90899526861497,170.87854274798968,123015100
2025-04-10,179.77268981933594,183.50248477027858,175.0931082527236,182.55272834682125,67503000
2025-04-11,182.39443969726562,182.87922097887963,176.67606458709795,179.20876863776098,44954400
2025-04-14,184.5413055419922,185.9659553691505,181.09841185709772,185.8076575892202,35214600
2025-04-15,184.76882934570312,187.03442267662058,183.85863985289933,184.3533090400387,30715500
2025-04-16,182.9979248046875,184.73915495170107,180.6136156408924,183.72013760878724,35063300
2025-04-17,184.4918212890625,185.4316897533257,182.49336858284985,183.0177167291053,42359200
2025-04-21,180.79171752929688,183.31451855212384,178.8427195347715,183.02761703797304,26019000
2025-04-22,185.47128295898438,186.09457102174005,182.58241645711354,183.17601047754604,34477100
2025-04-23,188.2216339111328,193.42554855208022,187.81600153693162,190.86316567406905,44866100
2025-04-24,191.9910125732422,192.29770506998756,187.86547314751564,188.72619274755672,29820100
2025-04-25,192.0503692626953,192.18887603765324,189.5077773732302,190.66530151311582,25029000
2025-04-28,192.86163330078125,194.05872433075854,190.47732409428588,192.42632198220545,22482300
2025-04-29,193.99937438964844,194.76116922836817,190.9522101308763,192.39665092023128,20118200
2025-04-30,192.78250122070312,193.39588626156143,188.6866404237787,191.08083778854055,29046100
2025-05-01,193.97958374023438,195.56251609324352,191.6744234994098,193.62342131898885,33169700
2025-05-02,198.3425750732422,199.06480303586073,196.06709354050142,196.2155033707866,30201800
2025-05-05,196.81898498535156,198.36235048396455,195.96815335200006,196.4529346057361,20834200
2025-05-06,194.67213439941406,196.47272255957188,193.55417710082972,194.4940456253593,24642100
2025-05-07,195.31520080566406,196.4430460684169,193.94990887323956,195.98795882168017,23623300
2025-05-08,199.0351104736328,200.5784912011014,196.14624388998868,197.64015467366085,32646300
2025-05-09,198.66905212402344,200.12338085610278,197.82812349751595,199.39126496704912,17203000
2025-05-12,205.65377807617188,207.49394819080115,203.62564633740706,206.61343757711927,38207200
2025-05-13,206.4056854248047,207.375232877817,205.74283047557435,206.7024748825894,28295800
2025-05-14,204.57540893554688,206.31663921935478,204.32807431645503,205.82196998117112,26316100
2025-05-15,205.91102600097656,205.97038389535874,203.20023308736762,204.3775483129719,21563700
2025-05-16,207.61268615722656,207.8896997240591,205.56474825659961,206.1979242802322,28906400
2025-05-19,206.7420654296875,206.86078121771402,204.06095147993213,204.5952027182662,25859600
2025-05-20,206.85089111328125,207.52363403323545,205.74283684695328,206.43537076340826,22053100
2025-05-21,201.04347229003906,205.39655541477788,200.67740679960082,204.4270079644337,36704400
2025-05-22,201.0335693359375,202.19109350696147,199.3813759415987,200.13326772643887,31831300
2025-05-23,200.40040588378906,201.0929398205777,197.52142720073817,197.6500460376088,29114600
2025-05-27,205.48558044433594,205.53505038302353,201.98332918839913,203.4475457776959,31655900
2025-05-28,203.3189239501953,205.8120608813513,203.01223146941493,205.49548045142188,26046700
2025-05-29,203.92242431640625,204.8524048192969,202.2900220097447,204.74357699244575,32749500
2025-05-30,202.88365173339844,204.05106390744038,201.36994995272084,202.95289757783968,37768900
2025-06-02,203.51681518554688,203.64541891616273,200.50921790293182,203.13097380148645,30334300
2025-06-03,206.80140686035156,207.37522495031067,203.3585134167031,204.2588149938513,37702200
2025-06-04,206.2177276611328,207.77098131871676,205.92092307995705,206.94982851911058,27225300
2025-06-05,206.30673217773438,207.59287509721472,204.79304565665623,206.47491789162018,35728700
2025-06-06,209.6407928466797,209.86835153911096,208.35466505310313,209.24506354036464,32144500
2025-06-09,211.0852508544922,211.99544041074435,210.2838891308412,211.5898080259485,33984400
2025-06-10,212.22299194335938,213.13318153356872,211.53045802647262,212.1735370962374,30182200
2025-06-11,211.35238647460938,213.62785292499433,211.02590296133764,213.2815935111175,31113400
2025-06-12,210.5114288330078,210.99621009578516,209.37369568286684,209.90793179000187,25367000
2025-06-13,206.66290283203125,209.18571883302033,206.00004789933482,207.6027713158215,60580000
2025-06-16,209.09945678710938,210.27009692810245,207.9784082395303,208.81174682849309,28974000
2025-06-17,206.89703369140625,208.78196821771664,206.71845250148286,207.40298597680172,32843200
2025-06-18,207.98831176757812,209.71452600810034,206.1331381984843,206.78791068328735,42850500
2025-06-20,207.5518035888672,209.5756278432449,206.80774810540004,209.43673809184492,36978100
2025-06-23,210.09152221679688,210.1014375075019,205.1708283522343,206.8275901708797,35516400
2025-06-24,212.77011108398438,213.22645664484415,210.67683434739413,211.599455897294,31772500
2025-06-25,210.28993225097656,213.02805110983945,210.2105645124496,212.95861379978354,27725600
2025-06-26,213.70266723632812,213.84155699293507,211.0141399946212,211.14311446070195,26261200
2025-06-27,213.77210998535156,215.68682075499188,212.43281911352972,214.33759945454304,47717300
2025-06-30,214.07965087890625,214.9923723189228,213.6828273172153,214.96259617083987,25558000
2025-07-01,216.28204345703125,218.78207413131855,212.45263727938902,212.91891326215267,43864800
2025-07-02,219.2781219482422,219.3475743966071,215.6372120695638,216.63920139164748,35735200
2025-07-03,221.31187438964844,221.55989289486305,220.01225984437957,220.25034792116276,23515700
2025-07-07,217.98841857910156,221.05393878320933,216.67888875397574,219.8138462672938,41551200
2025-07-08,219.49639892578125,220.52814934934347,218.58369255243974,218.83171108229936,36339300
2025-07-09,221.87734985351562,221.91704129174954,219.36740377883413,220.80592322677228,32425200
2025-07-10,223.0182342529297,224.2583267308287,221.0936083051748,221.61940630477616,33865900
2025-07-11,219.9427947998047,221.7682072605525,219.81383547821588,221.40114473796933,31579600
2025-07-14,221.42100524902344,221.569810298432,219.30788272033183,219.61542324767507,24632200
2025-07-15,217.0856475830078,222.45275660705258,217.05587143514026,222.29403626623335,44215400
2025-07-16,219.26820373535156,219.61542055900344,215.19077891514368,218.47454149324295,48199800
2025-07-17,222.1452178955078,222.42299741652428,218.960668694623,219.32773124642722,43548000
2025-07-18,220.5678253173828,223.57380847736894,220.22059334479948,223.50435602771282,49009900
2025-07-21,219.67494201660156,222.63133348245407,219.49637595995378,221.7682187951121,28191400
2025-07-22,221.5003662109375,222.0360795102659,218.9110524655131,219.86343502828535,30873300
2025-07-23,224.8833465576172,224.91312270701968,222.2940477253853,223.03810328991608,37478100
2025-07-24,221.7781524658203,224.05992576271663,221.70870001754315,223.73253951622797,29446700
2025-07-25,222.60157775878906,222.81983525843995,220.77615002190456,222.64125405970353,24555500
2025-07-28,222.34364318847656,223.65318827100614,221.65910963514057,223.53414422272144,24934900
2025-07-29,220.9249725341797,223.90119468306995,220.29996103880117,223.82182694255772,28685900
2025-07-30,219.80392456054688,223.14720927200207,218.37533550347146,221.88728612509,48924400
2025-07-31,217.651123046875,220.2602826163878,217.14517073606143,218.71264953592416,42913900
2025-08-01,213.216552734375,214.84355356876196,210.6569998721354,214.50625202528082,63854100
2025-08-04,217.98841857910156,217.99834900745165,214.3673544877674,214.8336304847795,34989600
2025-08-05,219.0995635986328,219.50630246105274,216.5102496800624,218.81185364220892,31337100
2025-08-06,218.81182861328125,219.238428284677,217.641188615113,219.19873684936954,23142100
2025-08-07,218.09756469726562,221.07378697251602,216.778104338696,220.9944192286341,37088000
2025-08-08,218.57376098632812,219.81385354329163,217.99835622335522,219.31781652050623,28318100
2025-08-11,218.52415466308594,219.9229675651786,218.06779394062085,219.0201916867943,25212800
2025-08-12,225.01229858398438,225.18094934524356,219.39715618411734,220.09162008534045,43815500
2025-08-13,229.38734436035156,229.62544756257518,226.02421421041086,226.45079875098318,41705800
2025-08-14,226.4309844970703,226.98654353780185,224.37738396667146,226.62939627763893,55945500
2025-08-15,225.32977294921875,226.96668899760365,224.24840078212628,226.82779924281857,33571400
2025-08-18,226.1531982421875,226.64923524776202,225.14127851221804,225.40914273382572,20144100
2025-08-19,224.4170684814453,227.1651025901236,223.9011857576049,226.21272001763919,25000700
2025-08-20,223.62339782714844,224.58571079172862,221.91702938301742,224.13926539372014,29229700
2025-08-21,224.17898559570312,224.5262175858548,222.00634089457284,222.63135242170605,24539400
2025-08-22,232.96873474121094,233.55405475683318,225.37935970494567,225.5678561833641,58205500
2025-08-25,230.51832580566406,232.44295187588773,230.51832580566406,232.2842163955325,28453700
2025-08-26,232.42311096191406,233.0084310277463,230.74650336838704,230.98460659384287,25121500
2025-08-27,234.0699462890625,234.2485123461812,231.70880528150497,231.88738647647187,25395400
2025-08-28,234.3477325439453,235.0917880790384,233.48463296734892,235.081872788196,25011200
2025-08-29,233.30604553222656,235.14138852488009,232.51238328843456,234.8636090102301,29254800
2025-09-02,232.04612731933594,232.54216437229547,229.6353945081203,230.1512772817961,33108600
2025-09-03,231.81793212890625,233.39532617191836,230.6175310538523,231.42110857999626,33252400
2025-09-04,234.71478271484375,234.79415045094183,231.72864544116172,232.37348748241786,30323800
2025-09-05,235.88543701171875,237.78028682922667,233.08778109172584,235.83583028461328,47542500
2025-09-08,236.3616180419922,236.66915854372687,234.51635989373705,236.61955181877192,31487700
2025-09-09,234.9727325439453,236.07393528753215,233.554058854747,236.0143981318441,35395800
2025-09-10,234.55606079101562,236.38148855101565,233.59376288763102,235.4290908006744,33910200
2025-09-11,238.8914337158203,239.02039304828537,234.36757848032448,234.97274425494072,43629800
2025-09-12,236.450927734375,238.41524527165404,236.31203797154353,238.29618609076363,46097600
2025-09-15,237.45291137695312,238.1374297021976,236.65924917137048,237.33385220651488,33014000
2025-09-16,237.06192016601562,237.70859131754398,235.54968609963942,237.2310493105571,37059300
2025-09-17,237.66880798339844,243.0312540181507,235.80837216954163,237.5991737132261,79955600
2025-09-18,243.58837890625,243.89679176318592,238.90246483842978,239.56903798940434,49167700
2025-09-19,241.73789978027344,244.31467142731046,241.27030117139725,244.31467142731046,56092000
2025-09-22,243.14068603515625,243.5386351764631,239.877454497923,241.00168283425543,53572900
2025-09-23,242.59349060058594,245.91641293642488,242.19554146580737,243.75750775963897,41854500
2025-09-24,240.36495971679688,243.35956729173796,240.32515569342962,242.65319009444508,36002200
2025-09-25,238.06675720214844,238.76319098879063,236.33566169342092,237.7583443324688,37209500
2025-09-26,240.1062774658203,240.44453575819483,238.10655795771424,238.39506881161327,28942800
2025-09-29,240.3848419189453,241.68814281456875,239.57898504032542,241.5986065348969,26391500
2025-09-30,240.72311401367188,240.89224315679317,238.17618790929274,239.87745311727886,33447700
2025-10-01,241.25039672851562,241.79757298421202,239.32031157844233,239.34021358907427,28520000
2025-10-02,242.7725830078125,242.8422172763844,240.23561547763484,241.7577929595841,28687400
2025-10-03,244.57333374023438,246.82177529193459,243.777420255658,244.09579172180338,34579600
2025-10-06,245.54830932617188,247.20977049475755,244.8121019084577,246.4636044811587,31507400
2025-10-07,242.911865234375,246.37407133080848,241.9468226300724,246.09550389665787,31766600
2025-10-08,245.4587860107422,245.69756461278692,242.5537146660734,244.02614476004806,25825000
2025-10-09,243.8769073486328,245.9860651117596,242.7626224334829,245.0508679357961,26243100
2025-10-10,236.57443237304688,245.627920069394,236.3456123628402,244.4937482533951,70569400
2025-10-13,243.1605987548828,243.37947534647657,240.16597592479903,240.59378569229128,36298600
2025-10-14,246.6327362060547,248.32405799922458,239.1312871503087,239.9968348772984,45320800
2025-10-15,249.05032348632812,251.47785271931943,245.79703536304635,249.08016891289878,45369000
2025-10-16,243.8072509765625,249.97555354358013,242.7526721249455,249.68704270297752,52740400
2025-10-17,242.16571044921875,243.9067645838484,240.23562515104618,242.07617416568388,55379500
2025-10-20,246.89141845703125,247.06054760131977,244.88174037531994,245.35928238159258,32545000
2025-10-21,245.7274169921875,247.100352245621,244.25497167576947,246.16515500380586,26337900
2025-10-22,242.09605407714844,245.59806425846776,239.53919968652795,244.77230535652328,46578400
2025-10-23,245.16030883789062,245.85672742928668,242.4343101449555,243.0411924561978,28591000
2025-10-24,248.15492248535156,249.82634232666942,247.69728247721022,248.52304139192023,26627000
2025-10-27,249.02047729492188,250.92071707827967,248.22456383364664,250.49290733076975,31798100
2025-10-28,247.6873321533203,249.61740219154274,246.84167125029907,248.27431245124546,28075900
2025-10-29,245.57815551757812,249.85617704503406,243.43915234424338,247.5679315600426,56235300
2025-10-30,243.5983428955078,246.87151787064127,243.37946631203894,244.01619405100655,44538700
2025-10-31,244.97128295898438,245.52841784410376,242.44427396411083,243.73763147930202,37214700
2025-11-03,244.18531799316406,245.00111827533942,241.25040137109733,244.91158199695184,28887900
2025-11-04,239.9669952392578,242.8123756767865,239.7680206649049,240.5539755468743,34468700
2025-11-05,243.42918395996094,244.47381937640696,240.4047311765752,240.7231026173452,38229200
2025-11-06,239.12135314941406,243.5386434182407,238.77313625339633,243.01135395681075,40601200
2025-11-07,240.37490844726562,240.42465588718122,235.0622097692863,237.19126964290277,54978900
2025-11-10,242.78253173828125,243.98635296879596,241.0116322083444,243.7575177851394,31238000
2025-11-11,242.99147033691406,243.48891437734937,241.28026162335368,242.12590738362127,27357900
2025-11-12,242.39451599121094,245.12051462440985,242.08610313469302,243.58837857612627,34543200
2025-11-13,235.5795440673828,241.43943430815762,234.634403418378,240.6037319562452,65710000
2025-11-14,236.26602172851562,237.50963185346896,232.07755132891384,232.14718560190167,58344400
2025-11-17,231.57012939453125,236.6241623430809,230.57524137743374,235.25122720242112,55765900
2025-11-18,232.27651977539062,233.87829018123904,229.7793561755495,230.12755789286345,63092500
2025-11-19,232.23670959472656,235.1616828827178,231.24182154742542,232.60482849516305,57280500
2025-11-20,227.9387969970703,237.877733874726,227.72986383137405,236.02724153302157,95483000
2025-11-21,234.3956298828125,235.89790536829736,228.40639959085433,228.784461906465,99504100
2025-11-24,238.6736297607422,239.16113035528838,234.27622653707553,234.75378371651172,36135300
2025-11-25,243.8769073486328,244.29475849901908,238.81291574482913,239.5093495095928,46160800
2025-11-26,246.03582763671875,247.55800519960658,243.51876198405915,243.79732943473223,34636600
2025-11-28,247.4783935546875,247.5380844066191,245.80698897745742,246.74217095902966,18911800
2025-12-01,244.36439514160156,246.42382066793164,244.08582770530379,244.3146628843094,36920000
2025-12-02,243.9167022705078,246.10545295219046,243.86695483167222,246.10545295219046,31918500
2025-12-03,248.35389709472656,248.56281507415667,244.22510277300714,244.71260335965434,32846300
2025-12-04,250.53271484375,251.36841715837824,247.26946808897856,247.6972778424488,40245800
2025-12-05,249.4880828857422,251.3684207106213,249.00058227159312,250.20440350291395,36956600
2025-12-08,249.5875701904297,251.47786666922042,248.90109497965128,251.40821721616754,29100000
2025-12-09,250.1049041748047,251.65692709080093,248.82150528066526,248.97073241459307,30170100
2025-12-10,253.50743103027344,255.25844377917153,249.25925464798317,249.61741496654983,51105200
2025-12-11,256.48211669921875,256.6910650415417,253.01992585763608,253.33828212666072,41345200
2025-12-12,252.55233764648438,256.8801067376986,252.1444299024636,256.6313847251182,57657700
2025-12-15,250.6421356201172,254.3829243511421,250.45311964513996,254.243640633335,43120100
2025-12-16,249.4562530517578,251.71224977749893,248.0287995763503,249.89547419240455,43115300
2025-12-17,246.8009796142578,251.71224130661219,246.26192996644315,249.9254112929038,38132400
2025-12-18,248.26837158203125,250.91365987611826,247.7692594335851,249.73574728530446,39068000
2025-12-19,250.34466552734375,250.95358295969004,248.61774175299533,248.83735231755918,43610400
2025-12-22,253.12973022460938,254.66698900784033,251.75217575985428,251.83203553493956,40497300
2025-12-23,251.63238525390625,252.77036035515005,251.01349105741926,251.9717778628382,24973500
2025-12-24,252.2612762451172,252.41100380141046,250.67408798993623,251.52258476011664,12103000
2025-12-26,250.9735565185547,252.30119669096328,249.95536344804316,252.13150038449373,17429900
2025-12-29,249.43629455566406,251.05341305787886,248.90723689181124,249.81560943454147,25218800
2025-12-30,247.58956909179688,249.7057997095627,247.50970932090274,249.5261266488213,22123600
2025-12-31,245.722900390625,247.83913105872463,245.57315760475174,247.73930253480913,35352000
2026-01-02,248.33824157714844,248.64768867487382,245.42342843203028,247.1902897181618,40007700
2026-01-05,252.28123474121094,253.0997860162791,249.12685738341997,249.34645272641694,37428100
2026-01-06,255.62527465820312,255.79498619928023,251.07338935304213,251.79211209377667,40677800
2026-01-07,255.02635192871094,256.34400014638345,253.51903864802088,255.9447165002269,33052000
2026-01-08,257.8113708496094,258.47020252240264,253.90832553599873,254.24771813167035,37957000
2026-01-09,259.7679138183594,261.09553869903476,257.63169924933896,259.11904366947834,36301500
2026-01-12,261.03564453125,261.19536406878757,257.78142368861864,258.8195854509196,28423400
2026-01-13,260.88592529296875,262.4231992352616,259.99749104900724,261.94404060738924,33882400
2026-01-14,262.72265625,262.99216584448385,259.72798334662684,260.6663166267548,37164300
2026-01-15,265.0385437011719,266.5757871898798,263.2617056653059,263.5911062804896,33465200
2026-01-16,265.2881164550781,266.7455154952865,264.2399625959103,265.39790651257925,33844900
2026-01-20,262.1137390136719,264.60929991337446,260.59644895347304,260.67632396176185,47911500
2026-01-21,267.3144836425781,268.11305086679903,262.4531363609282,264.1700833100514,59952800
2026-01-22,269.3109436035156,271.1177271573394,268.94160548504385,269.3508506420506,35110800
2026-01-23,264.33978271484375,268.57224413095685,263.9903981062369,268.56228260274906,42636700
2026-01-26,263.5112609863281,266.2164403024499,263.0221103655134,264.5993218148539,32119300
2026-01-27,264.25994873046875,264.3896923094651,262.1936169710598,263.58113300593817,26975500
2026-01-28,262.83245849609375,266.20646166458965,262.0937822272714,265.50772289941403,37139100
2026-01-29,262.90234375,264.58934534861123,258.9493838302234,263.6011129845145,43922900
2026-01-30,259.1889343261719,262.51303831651757,257.4819792968363,260.6064262411151,59164200
2026-02-02,261.7144470214844,263.3016200475048,257.8912612488776,258.0210352856685,42896200
2026-02-03,262.3133850097656,264.58933523578645,258.090885178703,262.5928866002107,54588000
2026-02-04,260.0574035644531,264.18007511299356,256.68343076157873,263.6909549168584,48826500
2026-02-05,255.375732421875,261.1554445962914,254.59711866224782,258.0409895577826,48279600
2026-02-06,264.5494079589844,265.2481771938009,259.1190650232475,259.2787845758739,43354900
2026-02-09,266.4060974121094,267.1947031132644,262.8723749750453,264.36971137645025,29064800
2026-02-10,265.6873779296875,268.04317260725713,265.4078763499184,266.75548522013577,24661700
2026-02-11,264.47955322265625,268.48241214355653,261.6346077378051,267.993291961257,41829400
2026-02-12,259.07916259765625,266.98508258145665,257.9312106600573,266.5458614197577,47628200
2026-02-13,262.4930725097656,264.6991703070259,258.05099232938085,260.13727761267194,45360300
2026-02-17,262.57293701171875,263.89056997875,258.59999320062315,261.9141052965086,33734800
2026-02-18,263.521240234375,266.4360687825878,261.38505593532153,262.56295337421034,36034700
2026-02-19,264.1301574707031,264.17009497269345,260.61638841687596,262.10376334797866,31006000
2026-02-20,264.14013671875,266.8553082318626,261.6745517622793,262.38328253736444,47126600
2026-02-23,260.0274353027344,263.90055041833654,257.6416950928997,262.932271639436,44001100
2026-02-24,262.8623962402344,263.67098596408636,259.39855663843406,259.93760629987247,34884200
2026-02-25,264.11016845703125,264.8089376433034,261.96399233260627,264.7789921332282,26012100
2026-02-26,265.5176696777344,265.7672257507315,261.65454654188096,264.53942936815383,41206500
2026-02-27,260.9458312988281,262.2934402656055,259.308728740458,261.6346085382168,40631500
2026-03-02,263.341552734375,263.8107193785221,257.33225335612786,257.3522068755043,53495700
2026-03-03,258.7796630859375,260.65632968253124,252.86020017686482,256.34399330696124,59537000
2026-03-04,261.2951965332031,262.49304738774214,258.36041472133206,260.7361933750741,37979700
2026-03-05,256.3040771484375,260.2969742881813,253.70868791492651,258.5300978072766,60414600
2026-03-06,250.4445037841797,252.85022809660097,249.4961937085378,251.04344448021388,64192000
2026-03-09,253.16964721679688,254.1978170480747,243.95604100615924,247.15035578448328,65369500
2026-03-10,252.9101104736328,257.19248603928344,251.9518084390785,252.51082684439007,55879100
2026-03-11,252.40103149414062,253.9283135220525,250.135057968197,251.89192733037353,50418100
2026-03-12,246.97068786621094,249.36642019196987,246.14215983536485,248.49796988942882,61802900
2026-03-13,246.15213012695312,250.16499613725875,245.1039915500912,248.81738721962282,53933300
2026-03-16,248.47799682617188,251.02347189793113,247.86907937945062,249.3165016024684,48755700
2026-03-17,250.0500030517578,251.7100067138672,248.9600067138672,249.8699951171875,40642800
2026-03-18,246.02000427246094,249.22999572753906,245.8800048828125,248.41000366210938,43192600
2026-03-19,247.6300048828125,250.08999633789062,242.52000427246094,243.02999877929688,59219500
2026-03-20,242.22000122070312,247.5,240.3300018310547,246.97000122070312,76749900
2026-03-23,247.4499969482422,251.36000061035156,246.11000061035156,247.1699981689453,78746600
2026-03-24,248.77999877929688,250.16000366210938,244.60000610351562,245.50999450683594,45210800
2026-03-25,251.82000732421875,253.07000732421875,249.52000427246094,251.74000549316406,45671700
2026-03-26,247.44000244140625,251.86000061035156,247.16000366210938,248.88999938964844,46830200
2026-03-27,243.10000610351562,246.74000549316406,242.41000366210938,246.00999450683594,48114400
2026-03-30,239.61000061035156,245.3699951171875,238.69000244140625,245.35000610351562,51290500
2026-03-31,248.0,248.9199981689453,242.24000549316406,243.0399932861328,58511900
