Date,Close,High,Low,Open,Volume
2016-04-04,82.47989654541016,82.86727038142483,82.22924834086632,82.65459636790533,10668900
2016-04-05,82.75334930419922,83.42935143760992,82.03937297375936,82.20647566650054,7939000
2016-04-06,83.11035919189453,83.1711248748248,81.94064587269207,82.57867395359091,6828700
2016-04-07,82.99639892578125,83.26224725639602,82.51028520483891,82.79132205395008,7822900
2016-04-08,82.86726379394531,83.27742327095567,82.60901845375274,83.07234642991638,6301600
2016-04-11,82.76854705810547,83.26225799946432,82.52549016627343,82.90526692194433,6823900
2016-04-12,83.24705505371094,83.73316878697878,82.60143579498953,82.79132415313893,8412300
2016-04-13,83.45215606689453,83.8167385495074,83.02680211060073,83.55089594865758,5758300
2016-04-14,83.4293441772461,83.77114669036253,83.1331188095048,83.55087550500286,4457100
2016-04-15,83.68761444091797,83.85471715723435,83.17111777000098,83.60406308275978,10057900
2016-04-18,84.25725555419922,84.38637823629753,83.30021668555105,83.5508706884,7772500
2016-04-19,85.58650970458984,86.55114033755238,84.67504759793337,84.80417033397167,10526400
2016-04-20,86.27007293701172,86.7334009551335,85.86751057911988,85.97384758705613,8213400
2016-04-21,86.26248168945312,86.38401301823752,85.65483663539656,86.06499617764484,7884500
2016-04-22,86.07260131835938,86.39920955109712,85.70042173056672,86.15615266591553,7508700
2016-04-25,86.2169189453125,86.24730178054159,85.43457977169649,86.06500476916703,6139900
2016-04-26,85.76119232177734,86.25489748302414,85.56370678031848,86.1713461306736,5853600
2016-04-27,85.65483856201172,85.98144677180022,85.41937885086169,85.79915556945609,5759300
2016-04-28,85.43455505371094,85.60924906206904,84.79652728836116,85.14592110000896,6640000
2016-04-29,85.13076782226562,85.2371048613512,84.69782250743607,85.11557350529111,7774500
2016-05-02,85.6396484375,85.67003126980988,85.01681486247912,85.23708605052626,5178800
2016-05-03,85.59408569335938,85.90549961471747,85.16114043054122,85.49534002968974,7554500
2016-05-04,85.23707580566406,85.48013263999681,84.84210482804082,85.10035597416864,5214600
2016-05-05,85.73841094970703,85.90551367409614,85.10038868742234,85.13077152775983,5404300
2016-05-06,85.63204193115234,85.86750740711204,85.2826480901355,85.51051641011401,6099900
2016-05-09,86.37641906738281,86.58149594865219,85.62446277615123,85.81435113822518,6512700
2016-05-10,87.09799194335938,87.34864597040617,86.52832686094368,86.58909252718524,8356400
2016-05-11,86.8701400756836,87.16636549139211,86.82456292292825,87.02204846504513,6680700
2016-05-12,86.76378631591797,87.16634868555148,86.23969262227982,86.96886318151019,7156300
2016-05-13,86.2549057006836,86.65746818494344,86.10299729735563,86.5131569402621,6779900
2016-05-16,86.92330932617188,87.06762055880505,86.06501011371698,86.12577578794865,6222900
2016-05-17,86.45996856689453,87.01443932716623,86.0118290285896,86.99925080829463,9233900
2016-05-18,86.2776870727539,86.6118924973053,85.73840473445841,86.29288138928834,8267900
2016-05-19,85.71560668945312,85.85992370104218,85.22189578211486,85.82194371011884,8232200
2016-05-20,86.16694641113281,86.38113888220516,85.4937692397187,85.83035490727221,7435200
2016-05-23,85.79975891113281,86.30464031841086,85.7079596387609,86.2663891625125,6462300
2016-05-24,86.20520782470703,86.82483695207692,86.07515737781924,86.07515737781924,6125300
2016-05-25,86.71007537841797,87.00077015103733,86.32758717133514,86.58003078872346,5453800
2016-05-26,86.3658447265625,86.68713344360701,86.32759356849694,86.52648908508475,3973600
2016-05-27,86.48822021484375,86.70241264900832,86.2051827138289,86.47292325653461,4647000
2016-05-31,86.20520782470703,86.92428180081906,85.92216440493782,86.64124421735767,10104700
2016-06-01,86.2740478515625,86.48824033555702,85.73091524248852,86.20520276869603,4748900
2016-06-02,87.5821304321289,87.70452943523794,86.33522122856047,86.34287262533121,7310800
2016-06-03,87.78870391845703,88.27063700768873,87.29911943013379,87.56686003526252,6881700
2016-06-06,88.56131744384766,88.73726458816128,87.91874005342966,87.94933981054103,6349400
2016-06-07,88.53074645996094,88.91323476848935,88.31654810468596,88.7449389789275,6417400
2016-06-08,88.58427429199219,88.69901608921268,88.28593394660476,88.37007598579743,5863800
2016-06-09,89.50222778320312,89.64757514893053,88.43891118499093,88.56895575627016,7375500
2016-06-10,89.5099105834961,89.6782063636335,89.01267464299232,89.30336364012452,6067400
2016-06-13,89.34159088134766,89.99181962806736,89.34159088134766,89.60168004551292,7940900
2016-06-14,89.59406280517578,89.63995953422929,88.96678221744159,89.08152404007537,6378400
2016-06-15,89.05089569091797,90.06830975496473,88.9973417459778,89.99181329067412,6371400
2016-06-16,89.22685241699219,89.41809652896899,88.14058726167765,88.50012712600318,6664300
2016-06-17,88.33949279785156,89.24981090548329,87.97995289272224,89.21156558053178,10702200
2016-06-20,89.15035247802734,89.60933716168927,89.06620460512018,89.19624919550147,5588200
2016-06-21,88.87494659423828,89.61697453760105,88.87494659423828,89.49457552841272,5493500
2016-06-22,89.08916473388672,89.6628971233396,88.97441708873461,89.1503642561422,5833800
2016-06-23,89.79292297363281,89.79292297363281,89.2574418565257,89.65522699547577,6775900
2016-06-24,88.4542236328125,89.59404273025312,87.97229057681008,88.02583869414369,13939500
2016-06-27,89.15801239013672,89.22685747292196,87.97229649417056,87.97229649417056,10877400
2016-06-28,90.44319915771484,90.5502954304072,89.15803804909746,89.6323198749324,10089600
2016-06-29,91.28463745117188,91.34583696538621,90.34371388812382,90.9097948038392,8341500
2016-06-30,92.79165649414062,92.87580438031613,91.1546071679572,91.16990413075827,11559900
2016-07-01,92.78398132324219,92.97522540895181,92.40149315182292,92.79163272083635,7051400
2016-07-05,93.53363800048828,94.26802029310433,92.82220989651451,92.83751268894271,9334100
2016-07-06,93.81672668457031,93.83202948440179,92.97525361939046,93.27359401671505,9332400
2016-07-07,93.71727752685547,93.94676698701515,93.33478925694816,93.77847121444668,6058700
2016-07-08,93.97736358642578,94.16860771494366,93.29653495580673,94.09211123079804,6129900
2016-07-11,94.03858184814453,94.43636714675648,93.64079654953258,93.87028604770182,6711600
2016-07-12,94.03089904785156,94.2450915091417,93.79375822803844,93.82435798483802,6415900
2016-07-13,94.09212493896484,94.39811675643456,93.55664363562421,93.84733265225077,5230800
2016-07-14,94.22981262207031,94.65819762681437,94.02327151944242,94.07681964503543,5322700
2016-07-15,94.09212493896484,95.0865968866643,93.87028101720702,94.68115437263954,7192800
2016-07-18,94.19918060302734,94.2603801074081,93.66369953046062,94.092084388514,6599200
2016-07-19,95.81332397460938,96.1958122938693,94.35221579360837,95.45378402069568,11325700
2016-07-20,95.72915649414062,96.44058485587941,95.65266001319925,96.26463769703761,7334600
2016-07-21,95.73680877685547,96.18814210399091,95.53791325552604,95.78270549858249,5492600
2016-07-22,95.64501190185547,95.88980415106663,95.35432292976334,95.71386282248451,5839200
2016-07-25,95.53790283203125,95.72149553521616,94.96417052780993,95.67559881849664,4880600
2016-07-26,95.73680877685547,96.0428005397529,95.43081701395805,95.64500949709401,5589900
2016-07-27,95.44611358642578,95.79800790592223,95.11717346400664,95.69855722750947,4812600
2016-07-28,95.20894622802734,95.62203411576414,95.17070091616452,95.60673715828017,4320400
2016-07-29,95.79801177978516,95.86685686487878,95.1171773103381,95.1171773103381,7020900
2016-08-01,95.92806243896484,96.16520330654745,95.6985671348921,95.85921151321982,4615100
2016-08-02,95.50730895996094,96.31053656988296,95.22427140767591,96.11929245669268,7158700
2016-08-03,94.78060150146484,95.62207459060048,94.61995711650962,95.62207459060048,5310600
2016-08-04,94.74995422363281,95.15539068277621,94.58165852293813,95.04064308354754,4728200
2016-08-05,95.04067993164062,95.14777617609478,94.67349447531426,95.14777617609478,5146900
2016-08-08,94.58935546875,94.97184375949601,94.2680667052373,94.85709610501057,5232500
2016-08-09,94.42102813720703,94.85706440950817,94.34453167187995,94.78821934160565,3941500
2016-08-10,94.36749267578125,94.68878137500052,94.27569340330133,94.54343398598405,4333500
2016-08-11,94.68114471435547,94.96418813799609,94.45165525189442,94.74234423886823,4052000
2016-08-12,94.26042175292969,94.68115539974475,94.0538747934659,94.45166591138432,4234800
2016-08-15,93.56427001953125,94.29864672912993,93.5413216592793,94.1839049278702,6469500
2016-08-16,92.04959106445312,93.57189212646347,91.84304421422887,93.41124781868096,11289100
2016-08-17,92.79928588867188,92.81458868511451,91.68242103693748,92.1796568678011,10442800
2016-08-18,92.34796142578125,92.86049426570385,91.72068094681293,92.69219850661109,8728000
2016-08-19,92.34797668457031,92.40188204050975,91.88592993719752,92.34028011603836,7798300
2016-08-22,91.73959350585938,92.3325581711995,91.60097892339927,92.3325581711995,6544900
2016-08-23,91.97830963134766,92.3787484396664,91.6548717330136,92.15542464984284,5603200
2016-08-24,91.41615295410156,92.10922580207729,91.34684860692468,92.00911756440799,6303900
2016-08-25,91.308349609375,91.80120014635916,91.1235321268164,91.53167342695248,5566000
2016-08-26,91.67029571533203,92.20934919946907,91.30065484389354,91.51627623754835,6482700
2016-08-29,92.34797668457031,92.50969275238863,91.68570752574682,91.87053092489046,5074900
2016-08-30,92.00141906738281,92.9255123208085,91.8397030417954,92.9255123208085,3820500
2016-08-31,91.90135955810547,92.11698692892307,91.6472375813208,92.05537910868946,5693100
2016-09-01,91.70108795166016,91.93981076781981,91.33144712721922,91.78579718486034,4551800
2016-09-02,91.8858871459961,92.26322446184642,91.56245516098153,91.91669103150802,5806400
2016-09-06,92.21703338623047,92.38645184063206,91.91670280806078,92.24013483451411,5280700
2016-09-07,92.10922241210938,92.37104665879666,91.97831028876574,92.2863374318705,4753800
2016-09-08,92.00141906738281,92.27094577669517,91.74729136635618,91.92441227547094,4833000
2016-09-09,91.04654693603516,91.76272146053455,91.00804059187928,91.66260731582656,7957300
2016-09-12,91.7626953125,91.98601324419067,90.39194857940817,90.6845826110222,7239800
2016-09-13,90.56906127929688,91.50855932151484,90.47664961317608,91.19282386869952,7957900
2016-09-14,90.76158905029297,91.1235274299441,90.45355601174467,90.75388660863784,6124900
2016-09-15,91.35455322265625,91.59328192619719,90.34575068991695,90.72308810002494,5812100
2016-09-16,91.06192016601562,91.74729059618872,90.9618119248947,91.26214252349902,12408800
2016-09-19,90.60757446289062,91.37765411309269,90.59216957975137,91.14662786793548,5457600
2016-09-20,90.83089447021484,91.05421827891395,90.63067798675353,91.00031293717565,5187700
2016-09-21,91.57017517089844,91.63947952016748,90.59217071277483,90.83089352724586,6337300
2016-09-22,91.99372863769531,92.28635683526697,91.74730334625538,91.83201259099184,5340500
2016-09-23,91.4931640625,92.10152770915543,91.41615727025385,91.95521656646022,4773000
2016-09-26,90.69998931884766,91.36225835418068,90.53057083884498,91.35455591184181,5998900
2016-09-27,91.80889129638672,91.80889129638672,90.65377189079602,91.16972381523533,5349500
2016-09-28,91.9397964477539,92.03990467356105,91.49314890140074,91.67797222245488,5076100
2016-09-29,90.3072280883789,91.84738721984449,90.13011307839523,91.54705665922798,6190200
2016-09-30,90.96951293945312,91.34685622301527,90.39965560593488,90.69998621922436,7941100
2016-10-03,91.4931640625,91.64718352223396,90.4304562289231,90.869401407492,6098600
2016-10-04,91.50088500976562,92.00914051681664,91.08504119724466,91.51628402123255,5733900
2016-10-05,91.77811431884766,91.97833671959444,91.33146660765978,91.80891821705815,5778700
2016-10-06,91.44696807861328,91.5239748766837,90.80780049166887,91.2544481458162,4448500
2016-10-07,91.82429504394531,92.07842273635292,91.40075476517406,91.7703897039111,4799300
2016-10-10,92.25556182861328,92.56358904654448,91.90902239557681,92.03223798294334,3657000
2016-10-11,90.59217071533203,92.124627593376,90.14552310255812,91.95521500341079,6394200
2016-10-12,90.8463134765625,91.20054947380348,90.48437503637818,90.83861103361916,4685200
2016-10-13,91.06963348388672,91.79350445852148,90.31495273877638,90.51517512017175,7387400
2016-10-14,90.53057098388672,91.48547407720592,90.53057098388672,91.25444780860629,5640500
2016-10-17,91.24676513671875,91.29297392559599,90.48438768554274,90.48438768554274,6956400
2016-10-18,88.8748779296875,91.23902176006551,88.68235805465594,90.39192960973436,12598300
2016-10-19,88.24342346191406,89.24452934780467,88.14331522342157,88.99810409708041,7400900
2016-10-20,88.45906066894531,89.0982223794356,88.24343340941812,88.42825677472715,6973000
2016-10-21,87.35784912109375,87.97390939877643,87.01130970685762,87.87380114590408,8422000
2016-10-24,87.48876190185547,87.9354095721941,87.35784975286589,87.73518718975915,6141900
2016-10-25,87.75830078125,87.91232027952026,87.08832918307137,87.5118754592607,5595000
2016-10-26,88.22032165527344,88.7285770376565,87.48104590609556,87.51184979671648,6429200
2016-10-27,89.09822082519531,89.75279328423936,88.397451338493,88.54376836466642,7548700
2016-10-28,88.81329345703125,89.25994109432631,88.22803123834261,89.19063086600858,8813300
2016-10-31,89.32154083251953,89.50636418670962,88.17412374932094,88.77478496233441,8552500
2016-11-01,88.82099914550781,89.28305171443228,88.2742432058725,88.37435733758595,7591900
2016-11-02,88.45135498046875,89.14442788683704,88.42825352946345,88.95960452831092,6591300
2016-11-03,88.58226013183594,88.89799560464648,88.36663877247331,88.46674701067984,6227100
2016-11-04,88.64385986328125,89.28302731709205,88.58995452833581,88.58995452833581,7160600
2016-11-07,89.8375244140625,89.88372732822117,89.20605325259588,89.24455959789037,6398200
2016-11-08,90.13783264160156,90.53827150674357,89.69118499857406,89.69888744076196,6675300
2016-11-09,92.6482925415039,94.3347690686038,90.94641700456062,92.40956969985679,16220000
2016-11-10,92.0552978515625,93.25661990948633,91.65485324876127,93.00249228177478,11904500
2016-11-11,91.23133850097656,92.01681717114297,90.96950836076005,92.01681717114297,8134800
2016-11-14,89.79127502441406,91.63176469261705,89.71426824388806,91.31603512988822,10054900
2016-11-15,89.57566833496094,89.86059993225986,89.19062849413403,89.63727611955125,7446700
2016-11-16,89.60647583007812,89.92990789931899,89.39085445058421,89.82979965176595,6594800
2016-11-17,89.76819610595703,89.85290534836645,89.42166256900379,89.85290534836645,5730300
2016-11-18,89.45027160644531,89.88449433052756,89.02379863397815,89.78369431696302,7717800
2016-11-21,89.17111206054688,89.69838495979936,89.01603423199495,89.51229038236906,5843300
2016-11-22,87.41870880126953,89.17111675213813,87.05426937757417,88.85319949628804,11649700
2016-11-23,87.67462158203125,87.95376651319833,86.50376400496056,87.03879277567117,7892600
2016-11-25,88.49652862548828,88.57407347097569,87.91497777937951,88.085566974106,3433300
2016-11-28,87.72113037109375,88.48878177251125,87.65910277484937,88.23289797203876,9065700
2016-11-29,87.21711730957031,87.93824056075887,86.97673894861356,87.58155085299606,7799600
2016-11-30,86.3021469116211,87.24813130750101,86.3021469116211,86.99225343426848,11178500
2016-12-01,86.36418914794922,86.48825618762905,86.06953880247272,86.34868372591026,8143300
2016-12-02,86.81391906738281,87.25589752200541,86.41071303973344,86.62782443276323,6167700
2016-12-05,86.79840850830078,87.17059775550919,86.63557497316692,87.15509233514277,5451600
2016-12-06,86.89144134521484,87.77539808497315,86.72860783166364,87.03101377337882,6530400
2016-12-07,86.14703369140625,86.75960107593262,84.76682111789782,86.75960107593262,11761100
2016-12-08,86.06178283691406,86.22461638905106,85.23985940731525,85.71285464174076,7774900
2016-12-09,87.04654693603516,87.17836373017865,86.22461757924884,86.38745704947563,7672100
2016-12-12,89.45027160644531,89.48128836042845,87.29465748926422,87.37995208375766,9544600
2016-12-13,89.8612289428711,89.92326244786821,89.17887813542468,89.58208408622468,7051600
2016-12-14,89.16338348388672,90.95456430180776,88.84547206401578,90.03959063734924,9378700
2016-12-15,89.8612289428711,89.88449002828484,89.085827877929,89.42700623957252,6738100
2016-12-16,89.85346984863281,90.3032038689474,89.52780283358034,90.2644373666833,11291100
2016-12-19,89.96202850341797,90.45829062508191,89.90000091457053,90.00080092280817,6310800
2016-12-20,89.68290710449219,90.14039098040156,89.1013561949412,89.9310352559336,5715200
2016-12-21,89.41150665283203,90.10161321803365,88.96952822437885,90.10161321803365,5907600
2016-12-22,89.51231384277344,89.5820971091594,88.30268398284305,89.17113543153134,4602300
2016-12-23,89.91551208496094,90.19465695807429,89.40375042814712,89.48128935604728,2992500
2016-12-27,89.87677001953125,89.94655329886558,89.46580234980624,89.86125868022856,3232600
2016-12-28,89.2486572265625,90.07058633981453,89.20989072462896,89.85346908245715,3278300
2016-12-29,89.55107879638672,89.84573502491912,89.17888955044454,89.34947875310195,2993600
2016-12-30,89.33395385742188,89.93876572715779,89.15561492959745,89.79144355109423,5506700
2017-01-03,89.82246398925781,89.94653100956441,89.34947474290205,89.77594181456341,5953000
2017-01-04,89.67514038085938,90.12487444860469,89.4115009247931,89.55882903011958,5828900
2017-01-05,90.6133804321289,90.69867503337393,89.512312199855,89.94653495830862,6217200
2017-01-06,90.17916107177734,90.72193954029717,89.76044371784421,90.46605572691999,5221400
2017-01-09,90.16364288330078,90.41952667723275,89.86123691441435,90.21792072602807,5457500
2017-01-10,90.07059478759766,90.72192887323777,89.84572775826736,89.96978885826698,5312800
2017-01-11,88.96177673339844,90.14038388095777,88.41123670977655,90.00856710497678,8887200
2017-01-12,88.8764877319336,88.9617823372568,87.90723623129855,88.60509257908244,6627300
2017-01-13,88.86099243164062,89.18665957482457,88.73693129340792,89.1246319636296,4935200
2017-01-17,89.07032775878906,89.20990019541605,88.1398428759955,88.34920448885647,6255400
2017-01-18,88.93851470947266,89.24867637067345,88.71365356883976,89.0703374086761,5014600
2017-01-19,88.5508041381836,89.09358846310992,88.33369277454945,88.9229992728714,5540800
2017-01-20,88.51203918457031,89.19439004165012,88.45776134270989,88.7756727262235,7502400
2017-01-23,88.3259506225586,88.99279019002167,88.24065602010046,88.79119014406743,7989800
2017-01-24,86.6588134765625,87.8529316721737,86.18581841479963,87.55052576918955,12450300
2017-01-25,87.46524047851562,87.46524047851562,85.88342163254343,86.79063943784145,9385500
2017-01-26,86.72087097167969,87.49627220389789,86.53477633238306,86.84493800843873,10164300
2017-01-27,87.91498565673828,88.03905268796188,86.76739519712828,86.8449341337222,8886100
2017-01-30,87.72113037109375,88.08556985979556,87.50401899463515,87.93049199542264,6969400
2017-01-31,87.81419372558594,87.93050509911939,87.17836492155755,87.45750985170095,8713400
2017-02-01,87.79866790771484,87.86845116611907,87.2093614236577,87.2171170909829,7082300
2017-02-02,88.06230926513672,88.10108168936785,87.44198597248675,87.48075839671787,7826300
2017-02-03,88.11658477783203,88.13209611345056,87.35669497607728,88.00802909186706,7267600
2017-02-06,87.93048095703125,88.07780313493896,87.32566907972435,87.97700312733467,6178400
2017-02-07,87.99252319335938,88.10107887873373,87.65910046946924,88.08556754319959,5507900
2017-02-08,87.93048095703125,88.15534797323213,87.73663069297952,87.85294203457867,5272000
2017-02-09,88.4577865600586,88.8997650885892,87.93051341059727,87.93051341059727,5854600
2017-02-10,89.35720825195312,89.9387589932868,88.57405751302863,88.64384076238545,6438500
2017-02-13,89.85346984863281,90.039570356526,89.34170824152756,89.38823041058065,5710800
2017-02-14,90.22566223144531,90.25667898182678,89.41924446904787,89.51229472019227,5539100
2017-02-15,90.87702178955078,91.07862776578627,89.62862533598498,89.86900374005717,5979700
2017-02-16,91.55936431884766,91.71444217422375,90.72192970179846,90.72192970179846,7119300
2017-02-17,92.16416931152344,92.19518606343617,91.53609635385214,91.64465202762644,8691400
2017-02-21,92.78450775146484,92.96284670944208,91.74546709724052,91.80750061125065,8595100
2017-02-22,92.67593383789062,92.86978410655038,92.46657815070799,92.48983923641265,5103900
2017-02-23,94.36631774902344,94.52140152879176,92.64493216240491,92.67594300251727,9980900
2017-02-24,95.79469299316406,95.80249402541192,94.36631803359549,94.83463603288403,10835000
2017-02-27,95.5371322631836,95.91178434435997,95.30297024620776,95.32638525690786,5946200
2017-02-28,95.3888168334961,95.73225282567364,95.1780758096514,95.23271281249905,8885500
2017-03-01,96.67667388916016,97.13718481498752,95.5527061373322,95.6073431277691,9393900
2017-03-02,96.4971694946289,97.06696047764797,96.02104449586939,96.59083547888845,6950200
2017-03-03,96.62206268310547,96.73133669313992,96.18496664296767,96.49717469735928,5585200
2017-03-06,96.55960845947266,97.12159242581288,95.69321750386254,96.01323846718984,6670700
2017-03-07,96.65326690673828,97.14499986147241,95.52929906164786,95.67760202870447,6644000
2017-03-08,96.86400604248047,97.3167159664024,96.3956881010031,96.59082107286748,7909900
2017-03-09,98.3080062866211,98.51094628076483,96.91866023322497,97.2386812222588,8571100
2017-03-10,98.51091766357422,98.72946561455514,97.98796278730057,98.37822868690509,7395400
2017-03-13,98.87779998779297,99.08854102036467,98.18312694211158,98.21434893860126,7162500
2017-03-14,99.1666030883789,99.71297316206659,98.94804910391665,99.01830008766918,7679700
2017-03-15,100.65740966796875,100.68862570686963,98.81534775853524,99.1665907235278,8360600
2017-03-16,100.26714324951172,100.45446330206443,99.72856832349065,100.2515292751414,7610700
2017-03-17,99.95494079589844,100.64181286866557,99.86908178680254,100.2593478445157,13300800
2017-03-20,99.96271514892578,100.23589413787955,99.88465720352738,99.93928823733,5827500
2017-03-21,99.32270812988281,100.25934425284555,99.23684912386271,100.20471319990975,7578600
2017-03-22,98.54998779296875,99.63492697057374,98.5109588047146,99.16660888646162,10272700
2017-03-23,98.26898193359375,99.12756595956907,98.08165591728691,98.42508595468502,8508100
2017-03-24,97.941162109375,98.62802815453797,97.66797113386806,98.23776213808443,6490300
2017-03-27,98.19092559814453,98.45630361330821,97.68357861946443,97.69138560667113,5004300
2017-03-28,98.0816421508789,98.17530216839317,97.39477026251632,98.05042016004552,5287600
2017-03-29,97.5040512084961,97.82407217112785,97.06695521561981,97.6055241746897,3971800
2017-03-30,97.30111694335938,97.90212393206501,97.00451098751641,97.3635549743386,4711700
2017-03-31,97.21527099609375,97.43381902131226,96.8093909878419,96.87183498218634,5657600
2017-04-03,97.32453155517578,97.80845755698273,97.00451059463845,97.35575354803207,4956400
2017-04-04,97.31674194335938,97.38698697358805,96.95769789388685,97.18405291626921,5358500
2017-04-05,97.41040802001953,98.03483012419397,97.10600097879968,97.34796402310589,5646300
2017-04-06,97.60552978515625,97.92554481119652,97.1762347996291,97.44941981087973,4324200
2017-04-07,97.5040512084961,97.93334616934692,97.43380619034939,97.66016117379925,3615100
2017-04-10,97.05133819580078,97.52746315380702,96.96548516131125,97.46502512463155,4594200
2017-04-11,96.95767974853516,97.40258272168309,96.74693278731519,96.98890174112279,4161500
2017-04-12,97.87871551513672,97.92554553027023,97.06696150789791,97.20745750828515,5556600
2017-04-13,97.55868530273438,98.07383924041633,97.53527029738267,97.66795929769974,5396500
2017-04-17,98.12847137451172,98.1987163870854,97.51185045920427,97.58209547177795,5367500
2017-04-18,95.08441162109375,96.29423864913923,94.40534661145065,96.14593565789852,13485700
2017-04-19,94.73316192626953,95.44344288176589,94.53022195827657,95.30294689699939,6993100
2017-04-20,95.1234359741211,95.3419839790035,94.71755600363677,95.11562898680772,6330100
2017-04-21,95.0375747680664,95.2561227678654,94.86585678108538,95.05318278734362,6021700
2017-04-24,95.91957092285156,96.16934090881811,95.34197894686382,95.63077195736459,5679000
2017-04-25,96.341064453125,96.5908344535124,96.01324244417651,96.27081347692945,5090000
2017-04-26,96.40350341796875,96.98890238414906,96.38008841211933,96.62205141254493,5021800
2017-04-27,96.58301544189453,97.02791838578896,96.31763745482822,96.4581334347415,4225200
2017-04-28,96.37230682373047,96.70793589099372,96.10692279252827,96.66890690096794,4381800
2017-05-01,96.27082824707031,96.61426428341386,96.00545018625027,96.31766422338191,4556400
2017-05-02,96.55179595947266,96.58301795081842,95.91956701093244,96.41129997590973,4881600
2017-05-03,96.26302337646484,96.55181643643567,96.0366683574416,96.46595743077212,3736500
2017-05-04,96.7469482421875,96.7469482421875,96.18497015079532,96.54401419042941,3753700
2017-05-05,96.40350341796875,96.62985839949015,95.8961564562819,96.62985839949015,4139800
2017-05-08,96.20057678222656,96.62987179894938,96.02105178750965,96.41912480710833,3608600
2017-05-09,96.1693344116211,96.3722743724415,95.9117574561551,96.18494838436885,3762500
2017-05-10,95.85712432861328,96.05225731093192,95.52149536082578,95.93518228552956,4237400
2017-05-11,96.16153717041016,96.16934415757521,95.49027919388894,95.61516716858422,4095900
2017-05-12,96.5049819946289,96.86402602231996,96.01324894789728,96.09130096174545,4097100
2017-05-15,99.1197509765625,99.40854994277083,97.04353907958945,97.10598306498362,9854600
2017-05-16,99.72858428955078,100.19690236086721,99.17440721041116,99.39295524669299,7233800
2017-05-17,98.8699951171875,99.82224518806066,98.69827711031043,99.72857919658578,6480800
2017-05-18,99.10415649414062,99.80663653830972,98.31581744707381,98.70608347661364,6571300
2017-05-19,99.12757110595703,99.43197813137952,98.69047506021953,99.15098611483769,6957200
2017-05-22,99.33050537109375,99.6349123789353,98.83876639305231,98.83876639305231,4858200
2017-05-23,99.533447265625,100.0251803275077,99.36953624499743,99.36953624499743,3972500
2017-05-24,99.52565002441406,99.90810908711673,99.35393200912262,99.74419806024416,3965200
2017-05-25,100.20133972167969,100.27205655841271,99.25849252473206,99.58062968580658,5294300
2017-05-26,99.7220687866211,100.31134985082667,99.65135793626537,99.96564236940374,4005200
2017-05-30,99.871337890625,100.09133515725898,99.14848801612023,99.54919475414243,3665400
2017-05-31,100.76705932617188,101.19920115966937,100.05992086884723,100.05992086884723,8813500
2017-06-01,101.18346405029297,101.18346405029297,100.66489395050165,100.82204512422118,5790900
2017-06-02,102.20492553710938,102.25206611154177,101.22279027324834,101.39564703880434,6562600
2017-06-05,102.42488861083984,102.55060475990511,101.98489407806326,102.11846299058817,4634700
2017-06-06,102.79417419433594,103.18702817566921,102.16560542641231,102.28345682523147,5619100
2017-06-07,102.7313461303711,103.30490975377077,102.59777717637148,102.92777317842152,5765200
2017-06-08,102.57418060302734,103.24202520187684,102.11061576577548,102.73131980340649,8101700
2017-06-09,103.34416198730469,103.47773089532626,102.38559736366616,102.4327379207383,5992500
2017-06-12,103.5720443725586,103.57989713729822,103.25775394866633,103.34418231661748,8020700
2017-06-13,103.72918701171875,104.28703305047912,103.24203983585477,103.51704246721273,5733800
2017-06-14,104.3184814453125,104.93918565039974,104.11418963964765,104.11418963964765,7329400
2017-06-15,104.53060150146484,104.77418108587217,103.56418388471583,103.7134703435946,5265000
2017-06-16,105.55989837646484,105.75632542071658,104.53061059386327,105.06489838848476,12639600
2017-06-19,105.33988189697266,105.81915228842635,104.88416979847491,105.40272798942814,7488700
2017-06-20,105.45775604248047,105.88203319726854,105.20632366263884,105.20632366263884,5201200
2017-06-21,105.9998779296875,106.1570171449015,105.30059823137461,105.51273077688438,5841100
2017-06-22,106.89556121826172,107.64198131866665,106.28271002096494,106.42413168697912,7311000
2017-06-23,107.19412994384766,107.25698801856882,106.32200562809022,106.42413950917921,9007100
2017-06-26,107.12345886230469,107.5634535596959,107.0134601879569,107.2334575366525,5561800
2017-06-27,106.07842254638672,107.42984113533281,106.0627170199454,107.24913166964568,6120500
2017-06-28,105.1434555053711,107.01343248519946,104.94702849567398,106.81700547550234,6557900
2017-06-29,104.2163314819336,105.0727505122896,103.95704634643077,104.81346537678677,5750000
2017-06-30,103.94131469726562,104.65631191413289,103.93346193263488,104.26345788143047,5264400
2017-07-03,104.42059326171875,104.75060118734794,104.22416625258161,104.33416489814029,2931000
2017-07-05,105.00202941894531,105.33202538043074,104.04346458317399,104.48345919848788,4302700
2017-07-06,104.12200927734375,105.26128327998101,104.03558093292573,104.97842796997206,4282200
2017-07-07,104.13775634765625,104.49918738367245,103.46991159158492,104.42847652519819,4994100
2017-07-10,103.35991668701172,104.39704528256675,103.10848430690399,104.29491136848426,4019600
2017-07-11,103.10845184326172,103.54844638096245,102.51917087549424,103.26559103687597,3733100
2017-07-12,103.89419555664062,104.41276586409629,103.53277648583658,103.74490907519527,5053200
2017-07-13,103.60346221923828,103.88631759206416,102.91990006363959,103.7920364641066,4424400
2017-07-14,104.18489074707031,104.49916916702895,103.50918135410132,103.7134611281791,4383100
2017-07-17,103.83131408691406,104.44416540724043,103.51703566226843,104.27132066595273,4939400
2017-07-18,105.64632415771484,106.03131348205018,102.99062674826766,103.41490387827834,10256000
2017-07-19,106.23560333251953,106.39274256339121,105.69346279540065,105.94488316700436,5503300
2017-07-20,107.30416107177734,107.70486788712758,106.55772878491784,106.64415715555661,6088600
2017-07-21,106.31414794921875,107.06843290710682,106.14915598243093,106.32986546618277,6773500
2017-07-24,104.50701141357422,106.19629072046045,104.38130725161385,106.06272180597304,8306700
2017-07-25,103.61917877197266,105.1670245492793,103.28131808501558,105.08059618647196,6262900
2017-07-26,102.88847351074219,103.90204367566007,102.73133428820691,103.4463315380398,5382200
2017-07-27,102.79417419433594,103.04559450813416,101.80418647739886,102.80989171049585,5838100
2017-07-28,103.59561920166016,103.7056178576109,102.55062597565092,103.03776116786788,4970900
2017-07-31,104.2791976928711,104.9549072531333,103.79206242464353,103.82348547883787,5440800
2017-08-01,104.11417388916016,104.77417779128928,103.93346438675708,104.63274410192092,3837600
2017-08-02,103.83919525146484,104.1063331535284,103.32062497878479,103.77633715881072,4032100
2017-08-03,104.77420806884766,104.81348389323227,103.32849566498052,103.6427861827592,4327300
2017-08-04,104.64060974121094,105.29274896980603,104.34204878506232,105.08061639308461,3192800
2017-08-07,104.38914489746094,104.87627992550911,104.11414235578518,104.56985434513199,3010800
2017-08-08,103.92561340332031,104.34203773583926,103.2420392060717,104.10632290882091,5535800
2017-08-09,104.67990112304688,104.82133483464676,104.00419158507266,104.34990511458818,6332300
2017-08-10,104.56985473632812,105.16700037444076,104.00414412598477,104.53056694609172,5607900
2017-08-11,104.5777587890625,105.66989262994711,104.30275614300935,105.00203591179223,4270600
2017-08-14,104.87630462646484,105.57558429453334,104.39702224797162,105.44201536793072,3041100
2017-08-15,104.7977523803711,105.23774700723202,104.65631868519186,105.1670361541196,3931800
2017-08-16,105.41846466064453,106.04703359998331,105.17489704402766,105.3477538020697,4469900
2017-08-17,104.53060150146484,105.86631487735639,104.52274873640175,105.42630826578318,5741400
2017-08-18,104.20845794677734,105.11201736914734,104.01203094287493,104.23988099226247,4792800
2017-08-21,104.85272979736328,105.00986899896603,103.86274203720866,103.93345287958701,4660000
2017-08-22,105.83486938476562,105.90558023021146,104.42059253108339,104.71131265506034,4150300
2017-08-23,104.34202575683594,105.6698742072731,104.22416236238102,105.62272165611948,5129900
2017-08-24,104.41272735595703,104.56201378234452,103.92559227107294,104.35773403457577,5398400
2017-08-25,104.12020111083984,104.81602652451949,104.07276066267455,104.30207224910116,4133300
2017-08-28,104.16763305664062,104.46809319076941,103.9699565181687,104.12018055262389,5349200
2017-08-29,104.53929138183594,104.72905318325857,103.81974571085148,104.0332398026733,3277900
2017-08-30,103.6378402709961,104.37319105302053,103.50340963482564,104.37319105302053,5430800
2017-08-31,104.66575622558594,104.76855187319885,103.78016930835736,103.89086767301093,7407100
2017-09-01,103.60620880126953,104.88714869237853,103.53504815514489,104.84762304356464,3820800
2017-09-05,102.71271514892578,103.72481796791176,102.57039384557649,103.36109992698536,5146600
2017-09-06,103.32156372070312,103.58249817920967,102.95784567445823,103.21876806774729,5601900
2017-09-07,104.52344512939453,104.78437959980678,102.98947330860499,103.47180452993346,3800200
2017-09-08,103.56668090820312,104.64204167963143,103.4797027551752,104.37320450307872,4854400
2017-09-11,105.32997131347656,105.43275490839707,103.59832291843334,103.87506283118039,5724200
2017-09-12,104.87134552001953,105.85972806600414,104.31784164209485,105.82019035112143,5465200
2017-09-13,104.72901916503906,105.75693949466621,104.25460275036167,104.902975469986,4679500
2017-09-14,106.09695434570312,106.32626590502619,104.36531786623752,104.48391897263264,6274500
2017-09-15,106.31041717529297,107.10112315958702,106.09692318127314,106.57925431430115,15522000
2017-09-18,107.04580688476562,107.3541818134386,106.04160665438182,106.3025411425234,5260800
2017-09-19,106.91930389404297,107.37000019866288,106.23139329293981,106.7611650514609,4903800
2017-09-20,105.33787536621094,106.18392468161622,104.64205008608809,105.36159558574072,8705500
2017-09-21,104.17552947998047,105.81229691093246,103.88297208158946,105.4090290750771,6051800
2017-09-22,103.89088439941406,104.68159057859073,103.79600351878288,104.36531293300759,4334900
2017-09-25,103.7169189453125,104.18343265431032,103.44808176370877,103.95413319122898,6017400
2017-09-26,103.53506469726562,104.32577084333887,103.44018382060669,103.97785820863172,4516200
2017-09-27,102.5941162109375,103.65365948655817,102.34108446828434,103.58249883339354,5796100
2017-09-28,102.37271881103516,103.00528609838663,102.23038544040277,102.72063142233935,3992700
2017-09-29,102.7997055053711,103.16343565469862,102.04063433361965,102.45970764130338,5736900
2017-10-02,103.75646209716797,103.8434402563848,102.8076171290324,102.91831550756123,4492900
2017-10-03,104.4522933959961,104.68949560279867,103.86716646703856,104.09646595535408,3900800
2017-10-04,105.07695007324219,105.30624957048431,104.4522974623126,104.68949967834945,3589000
2017-10-05,105.31416320800781,105.40904409338964,104.6578755986049,105.07694892933384,3741100
2017-10-06,105.33787536621094,105.36159558574072,104.75274846563323,105.16391904618023,2469500
2017-10-09,105.51971435546875,105.81228378277828,105.29831763844413,105.6857679258453,3750500
2017-10-10,105.87552642822266,106.0573974914924,105.10063794218716,105.6066892893228,4184600
2017-10-11,108.04998779296875,108.38999770263914,106.24717878254442,106.65044663041436,8269400
2017-10-12,108.19232177734375,108.73791094031074,107.551851739154,107.80487142815403,5172800
2017-10-13,107.87601470947266,108.65881799963206,107.80485406451713,108.01044534801024,4106600
2017-10-16,107.63092803955078,108.53233265807688,107.17231697886633,107.89186254296881,5120100
2017-10-17,111.323486328125,111.5844207416455,108.37415648807905,108.85648760424445,11717300
2017-10-18,111.23651885986328,111.94816152823725,110.75419976265023,111.32349700604621,6827700
2017-10-19,112.31188201904297,113.05514763638328,111.12582294419357,111.26025359006731,9181300
2017-10-20,112.5965347290039,113.56119705838704,112.14583856228171,112.58072929523584,5634500
2017-10-23,113.56121826171875,114.13844246287694,112.34353604730694,112.38307376954255,6686000
2017-10-24,111.99562072753906,113.3714537981122,111.43421404169516,113.3714537981122,6585800
2017-10-25,112.5649185180664,113.25282894977094,111.45793482736744,111.61607363100767,6563600
2017-10-26,112.13001251220703,113.66398403589113,111.79001473387277,112.68350428229517,5841100
2017-10-27,112.1063232421875,112.83377149298452,110.8570060075951,111.48957337596353,5140100
2017-10-30,110.69886016845703,111.65561991146616,110.16118578180073,111.55282425186847,6034300
2017-10-31,110.23233032226562,110.90442320732065,109.89232045611831,110.71466148223053,4832100
2017-11-01,110.68304443359375,111.16537567177637,110.17699297592826,110.56444333617937,5006800
2017-11-02,110.64347839355469,110.92813301971043,109.99510578494268,110.78581173924024,3494100
2017-11-03,110.76211547851562,111.01513516469522,110.14536566600648,110.48536350857677,2737000
2017-11-06,110.50910949707031,111.08633379009396,110.47748655338034,110.70678607448973,4220700
2017-11-07,110.51702117919922,110.81748136409134,109.83701328935848,110.76213819788244,4201900
2017-11-08,111.7425765991211,112.17745524261986,110.27186297115058,110.46162468752358,4440700
2017-11-09,110.9755859375,111.81373232183645,110.54069524792483,111.37884163226128,3517100
2017-11-10,110.35093688964844,110.80164513959014,109.59976853829606,110.80164513959014,4240800
2017-11-13,110.50910949707031,110.7147008593278,109.44956593775522,109.91607976481205,4322300
2017-11-14,110.29557800292969,110.92023039866511,109.8448698172906,110.35883592715352,4078200
2017-11-15,109.98722839355469,110.56444049483532,109.71047641974197,110.09001198693296,4811500
2017-11-16,109.80532836914062,110.44579824043667,109.62346938394649,110.24021904261787,4193800
2017-11-17,109.11744689941406,109.79745465980174,109.03046874174058,109.35466115354338,4247400
2017-11-20,109.06210327148438,109.56025205158579,108.91187922427835,109.23605960532235,4266300
2017-11-21,109.38626861572266,110.1137167109823,109.26766753804529,109.47324676109156,5660600
2017-11-22,108.5560531616211,109.41793212310762,108.0104759969335,109.35467417679176,3917000
2017-11-24,109.12533569335938,109.4179051310494,108.5718438811597,108.72207995844603,2606800
2017-11-27,109.86521911621094,110.0322774522359,109.37197094242063,109.39583641899563,3933100
2017-11-28,111.39268493652344,111.79841023066632,109.98456093822043,110.0243407841022,5052800
2017-11-29,111.22557067871094,111.87792590501532,110.54139887168186,111.55174829186312,5851400
2017-11-30,110.8437271118164,111.59949543955747,110.16750631698926,111.4244738724046,8941900
2017-12-01,111.36084747314453,111.79840146532912,110.2629990753312,111.03468189633755,5990500
2017-12-04,110.58917236328125,112.57009213560379,110.5255270382435,111.87000569929295,5916700
2017-12-05,111.11421966552734,112.02114416084196,110.74031102684387,111.20968156847543,6745300
2017-12-06,112.22004699707031,112.93604778716409,111.52792382517356,112.04502539098767,5591700
2017-12-07,111.38471984863281,112.57009125739249,110.78805858755122,111.38471984863281,4713100
2017-12-08,111.84614562988281,111.98138739996561,111.21766774077979,111.37677499151808,5101300
2017-12-11,112.28368377685547,112.30754925413214,111.2415174720965,112.09274781953877,4358600
2017-12-12,113.44518280029297,114.21686555687918,112.9996655932854,113.44518280029297,8016700
2017-12-13,113.67586517333984,114.10545579725435,113.13489830329192,113.36560190631815,6118400
2017-12-14,112.68938446044922,114.25661520180458,112.65756787738498,114.17706767459359,5337900
2017-12-15,113.33382415771484,113.8747912131237,112.79284496320143,113.34972638468248,12517000
2017-12-18,112.80870819091797,114.39980418193487,112.49048170925516,113.41332029742874,5833200
2017-12-19,112.7928466796875,113.2701805562808,112.45871782171409,112.88035748575945,6580100
2017-12-20,112.2995834350586,113.42926038826137,112.23593812428778,113.17467914517815,6289800
2017-12-21,112.22004699707031,113.10310614081294,112.18823040464817,112.64168664651366,6284700
2017-12-22,111.47219848632812,112.45073141229392,111.40855318015224,112.17228471516201,4665600
2017-12-26,111.4483642578125,111.80635858370024,111.12218652438185,111.74272539878609,3271100
2017-12-27,111.83023834228516,112.2916457068177,111.53587719567768,111.71089880530226,3753600
2017-12-28,111.82225799560547,112.17230116134412,111.63928530046125,111.93363426296753,2485000
2017-12-29,111.15401458740234,112.33938597929671,111.04263830581594,112.15640112167999,4452900
2018-01-02,110.76419067382812,111.33698644300573,110.3584653952874,111.1062827683306,6842100
2018-01-03,111.82225799560547,111.91771989931503,110.50164501181068,110.8676025412018,5350500
2018-01-04,111.81429290771484,112.28366339442402,111.55176056622466,111.7347332384992,4837600
2018-01-05,112.73714447021484,112.82465526065646,111.59950419447397,111.92568188058382,6158800
2018-01-08,112.8803482055664,112.96785900444387,112.10866538067536,112.72919208576866,5129800
2018-01-09,114.67034149169922,115.89548063949677,113.17470667255787,113.26221747876518,8897000
2018-01-10,114.53508758544922,114.68624370188596,114.01798605573735,114.20095876237492,6558600
2018-01-11,115.18743133544922,115.27494213273675,114.31233550167727,114.66237869082745,4962200
2018-01-12,115.9591064453125,116.4841711941675,115.27493447716583,115.34654304408438,5450600
2018-01-16,116.83419036865234,117.78884562747064,116.17388401203547,116.48414727462892,8804000
2018-01-17,116.92964935302734,117.99569296905248,115.736327274323,117.61382116371516,10619700
2018-01-18,116.8819580078125,117.29564653418842,116.12618952975747,116.8899091209548,5554800
2018-01-19,117.23197174072266,117.4626753548928,116.48415456380413,117.31153140856118,8738800
2018-01-22,117.85252380371094,117.85252380371094,116.7228466827689,116.95355034685485,7010400
2018-01-23,112.83261108398438,117.29563730464763,112.66554060831007,116.91377753909602,17473600
2018-01-24,113.02359008789062,114.20894967684767,112.80878857709065,114.1612187053605,13034400
2018-01-25,114.87712860107422,115.08397885416115,113.13488864369191,113.2144361617951,7938800
2018-01-26,115.61701202392578,115.83181341952418,114.66235668885687,114.95670561456865,8065600
2018-01-29,114.30436706542969,115.30676563236881,114.18503968322406,115.23516920304543,8013400
2018-01-30,113.3099365234375,114.41576029427509,113.3099365234375,114.08161933181707,8376100
2018-01-31,109.93682098388672,113.42132640543107,109.86522455062027,113.42132640543107,13137400
2018-02-01,111.39268493652344,111.9097865156725,108.99012548669945,109.41176514701597,9393600
2018-02-02,109.53108978271484,111.66316564933017,109.2924349916534,110.59713378557467,9262500
2018-02-05,103.73153686523438,108.99011133568061,97.17622091940947,108.65598252404462,19954100
2018-02-06,104.87712860107422,105.79996749631046,101.83017730775147,103.42922494071014,19193500
2018-02-07,104.55094909667969,106.14999670204229,104.49526703175907,104.92485774365699,10550400
2018-02-08,100.5254898071289,104.41572074592727,100.3266027199938,104.1452372208086,11680200
2018-02-09,103.04736328125,104.15317485706784,99.79357387013667,101.44830960812254,15030900
2018-02-12,103.63606262207031,104.47139062127528,101.57558972315509,103.42126121905152,9963900
2018-02-13,103.38946533203125,103.89861577286081,102.38706667666702,102.7928040901636,6339000
2018-02-14,103.15874481201172,103.42922831592742,102.14044397683213,102.97577210513975,6259700
2018-02-15,104.39981079101562,104.43959063794426,102.94395579498266,103.50084937377386,5606400
2018-02-16,105.92725372314453,106.96146896472742,104.08953905017776,104.18501310296189,7970100
2018-02-20,104.1134033203125,106.16591941434316,103.94634497331103,105.70449993840414,6563500
2018-02-21,103.34966278076172,105.35443537280634,103.30988294555657,104.0577001466484,6578000
2018-02-22,103.34966278076172,104.23272171026996,103.0075707649191,103.50081887108045,5732200
2018-02-23,105.02828979492188,105.07602075058801,103.43719319749765,103.4928752660736,5126800
2018-02-26,105.74085235595703,106.81371028784595,104.88415908560496,105.4526205904072,6684400
2018-02-27,105.42059326171875,106.5575041106784,105.36455464119912,105.8529470398286,7158600
2018-02-28,103.98745727539062,105.9490290601318,103.97944303119495,105.64478098475209,7985900
2018-03-01,101.90576171875,104.17958315862167,101.29727179619164,103.37093874836094,9424000
2018-03-02,103.13876342773438,103.370944356422,101.60953345838186,101.60953345838186,6910400
2018-03-05,103.91539764404297,104.3237331886826,102.62636256979808,102.98666151314752,5799800
2018-03-06,102.65837860107422,104.24364727281866,102.41818341642578,104.08352122199788,5546500
2018-03-07,103.31490325927734,103.54709642668188,101.89776871601863,102.06590901713346,6391700
2018-03-08,105.73285675048828,105.92501536700489,103.54710593627021,103.54710593627021,6423400
2018-03-09,107.12596130371094,107.14197757328256,105.33251783354922,106.09312571093969,7557800
2018-03-12,106.18921661376953,107.47023725868948,105.94101939830281,107.12596685448334,4942000
2018-03-13,107.56632232666016,108.39898513240303,106.84573676287168,107.12596651826188,9152300
2018-03-14,105.94103240966797,108.64719603181484,105.6047517741094,108.27890728519169,6770600
2018-03-15,106.53348541259766,107.47824988269272,106.06110928596742,106.1251621497734,6147200
2018-03-16,107.02986145019531,107.60632490858828,105.76485731204505,106.61353623222567,14233500
2018-03-19,104.27568054199219,106.86175232048687,103.57111125325422,106.76567913268975,6017000
2018-03-20,105.05228424072266,105.50864401062235,103.58710732829223,104.70800169017942,6214300
2018-03-21,105.03630065917969,106.3093194127868,104.61196107464399,105.20442875736533,5158700
2018-03-22,101.98583984375,104.62795643887513,101.76166092023341,104.45982835465523,7560100
2018-03-23,100.16036987304688,102.322108166041,100.00024382545494,102.18599430632898,8452500
2018-03-26,101.99382781982422,102.11392539323269,100.24842726374783,101.20920174259932,8358200
2018-03-27,101.8497314453125,103.36295138639163,101.1932048412393,101.76966841718992,7789900
2018-03-28,102.0418930053711,103.29890770314813,101.84974049911224,102.18600891216975,6868500
2018-03-29,102.60234069824219,103.09073315575556,101.53749072005452,102.45823089938716,6119400
2018-04-02,99.72803497314453,102.38616801879193,98.91138225247981,102.33813142005224,8916900
2018-04-03,102.76246643066406,102.87455588835725,99.82410390851447,100.22442514553796,8035000
2018-04-04,104.41179656982422,104.98024593177658,101.19321013842172,101.60153954416457,7717100
2018-04-05,104.6519775390625,105.04428451150743,103.68319482207478,104.41178236637816,5621700
2018-04-06,102.56230926513672,104.5959358422753,101.20922148374912,104.25966745787451,6399300
2018-04-09,103.66716003417969,104.99622916435897,102.22600758076454,103.00262546909005,6395800
2018-04-10,104.2837142944336,104.81214142174794,103.51509190771831,104.2837142944336,6019300
2018-04-11,103.78730010986328,104.36376373678468,103.30690968181678,103.3949808530641,4575400
2018-04-12,104.42776489257812,105.13233399605956,103.97140515370053,104.15554945417173,4559800
2018-04-13,104.57991790771484,105.22043434169336,103.78728966310733,104.95622085454592,4742300
2018-04-16,105.4926528930664,106.38938081318938,105.10834790834811,105.21243534420658,6379600
2018-04-17,104.5158920288086,105.84496183453594,103.13078358718758,105.77290692402781,11008700
2018-04-18,102.258056640625,104.00345135081587,101.6335564950673,103.83532327453814,9383600
2018-04-19,102.12194061279297,102.69840411841865,101.59351369649717,102.18598736242723,5959500
2018-04-20,101.40937042236328,102.72242348401467,101.01705124402324,102.48222831802757,7743900
2018-04-23,101.54549407958984,101.92179704801434,100.7048169753046,101.58552254124957,7501900
2018-04-24,101.03307342529297,102.04988665618566,100.32850415498889,101.63355526698368,6577500
2018-04-25,101.48946380615234,101.56151871245648,100.30450999899581,100.80891877679926,5859600
2018-04-26,102.49024963378906,103.45903250609976,101.37736307328127,101.37736307328127,8211100
2018-04-27,102.69842529296875,103.11475063088885,102.08192709684626,102.26607757460724,4266800
2018-04-30,101.27326202392578,103.26686001867108,101.27326202392578,103.17078683383626,8219400
2018-05-01,100.88896179199219,101.39336436124562,100.0562928700693,101.13715900899376,5122600
2018-05-02,98.87934112548828,101.02506310436998,98.63914595064254,100.49663616307618,7390800
2018-05-03,98.5030288696289,99.03145576085765,97.10190473541606,98.71920572819211,7282900
2018-05-04,99.43180847167969,99.68801386455557,97.5182731074214,98.15878353540191,6127600
2018-05-07,98.95140838623047,100.27246979623952,98.73523758857195,99.39176422570608,6707900
2018-05-08,98.1667709350586,98.87133408952994,97.43018134969077,98.36693154684879,5951800
2018-05-09,98.88735961914062,99.31970731410316,98.10272725974541,98.47102208691699,6808600
2018-05-10,100.36053466796875,100.92098807472448,99.27966853064919,99.45581085538907,4948000
2018-05-11,101.8737564086914,102.16198821552625,100.68880885474186,100.69681088218546,5716700
2018-05-14,100.92898559570312,102.16998384030047,100.56069080060608,101.9618150923179,6101600
2018-05-15,100.18437957763672,100.74483291297894,99.59991405647385,100.51264588799073,5875700
2018-05-16,100.36053466796875,100.80089047981843,100.08031101879959,100.43259566827935,3818100
2018-05-17,99.15957641601562,100.55269271203409,98.91938732134638,100.47262968047767,6473400
2018-05-18,99.4718246459961,99.63195681451795,98.7032085623441,99.10352982102228,5433900
2018-05-21,99.05548095703125,100.07229414044161,98.73522276806793,99.77606035509447,5558700
2018-05-22,98.40696716308594,99.47181698678027,98.28686957304633,99.11953845999251,7172700
2018-05-23,98.83931732177734,99.25565485571828,98.27086186172751,98.37494929942159,4940800
2018-05-24,97.87854766845703,98.79127964883918,97.31810035012332,98.65517188701779,6923600
2018-05-25,97.97533416748047,99.04808770770794,97.7010935979714,98.04792345858175,4594800
2018-05-29,96.30571746826172,97.43493145220967,95.67658563321503,97.19295482932041,9821900
2018-05-30,97.57202911376953,98.06404363565129,96.41861892941523,96.88643702460115,6423700
2018-05-31,96.48313903808594,97.7978627299621,96.41861113629928,97.53168975038172,10337500
2018-06-01,97.80595397949219,97.85434684071042,96.76546438725364,97.09615919511315,5741000
2018-06-04,98.36247253417969,98.70124096252933,97.61235255251658,98.28181572884684,4853000
2018-06-05,97.98338317871094,98.85448527591065,97.51556510095205,98.44313372996511,5125400
2018-06-06,99.04003143310547,99.04003143310547,97.96727777098633,98.37863559513005,6799300
2018-06-07,99.47557830810547,99.60462799305654,98.62059876120519,99.20940525613497,7414100
2018-06-08,100.06436920166016,100.7015684990698,99.47556891604349,99.49976534507971,6208100
2018-06-11,98.9351577758789,100.29020698082266,98.8464334369285,100.23374659728334,5571400
2018-06-12,98.8383560180664,99.3545669455416,98.36247041552915,99.33843804631036,5227300
2018-06-13,98.91095733642578,100.08856404269578,98.77384013824896,99.33038261213424,5836900
2018-06-14,98.73352813720703,99.33039602151523,98.47541645348322,98.97549861011623,5239200
2018-06-15,98.89484405517578,98.99163593879331,97.7898264603308,98.48348624195299,13173500
2018-06-18,97.85435485839844,98.24957761607874,96.99131389154148,98.08826396298677,6787400
2018-06-19,98.8625717163086,99.34651878594359,97.2494107150447,97.32200616003642,8572400
2018-06-20,98.43510437011719,98.93518659407428,98.12860593501438,98.74160280522001,6277200
2018-06-21,97.95919036865234,98.59638964424008,97.6849559773393,98.26569486920256,4417200
2018-06-22,99.08035278320312,99.51590702293569,98.12052610378849,98.1447225359312,9501400
2018-06-25,98.87870788574219,99.55623875600277,98.00760555786616,99.06422412215916,8170500
2018-06-26,98.68511199951172,99.12066615965277,98.0801766916025,98.79803276469049,5496400
2018-06-27,98.08824157714844,99.18519139824629,97.95918576115105,98.50766067169997,5666000
2018-06-28,98.40281677246094,98.73351771703952,97.65269669353845,98.22536808548908,5296800
2018-06-29,97.87046813964844,99.3545793568232,97.74948599600194,98.59639177012954,7308700
2018-07-02,98.06404113769531,98.18502942181253,96.87836703004226,97.87045742161989,5481400
2018-07-03,98.97547912597656,99.58041441974494,97.80594001951239,98.12050587997435,4248100
2018-07-05,100.82255554199219,100.91934741065185,99.39491086315456,99.69334168917779,7319100
2018-07-06,101.427490234375,101.56460743215283,100.50798902593952,100.95161072900945,7297900
2018-07-09,101.66947937011719,102.23408328574924,101.30651443544988,101.80659658481052,6706100
2018-07-10,102.74221801757812,102.85513879104126,101.71786352867096,101.9275761738399,5075600
2018-07-11,101.82272338867188,102.79062370744168,101.67753864854245,102.76642727637362,4827400
2018-07-12,103.0487289428711,103.41169386904956,102.57284323620715,103.0083974553887,6199000
2018-07-13,101.57268524169922,102.83901641334609,101.08067063165925,101.08067063165925,8250200
2018-07-16,100.5725326538086,101.70980805091665,100.14504593880623,101.62915122513303,7314400
2018-07-17,104.13760375976562,105.29100791084527,102.88740158435458,103.66978561572738,12858700
2018-07-18,103.08097076416016,104.0891961974805,102.5728212073861,103.89561248360482,7152000
2018-07-19,101.58073425292969,103.00031128024233,101.5242738729084,102.86319409357915,5984600
2018-07-20,101.5081558227539,101.74206490880084,100.9193554972917,101.06454023505461,5835500
2018-07-23,102.13729095458984,102.17762244283733,101.1855256769278,101.42750229897045,4631100
2018-07-24,104.3392562866211,104.54896279059352,102.55671408052946,102.62930337335354,7158800
2018-07-25,103.74237060546875,104.23438515834599,102.95999276022953,104.16179587368555,6523000
2018-07-26,105.08129119873047,105.83947872711893,104.73446754198761,104.77478671514196,7640600
2018-07-27,106.10565948486328,106.68639838703231,104.8070644824354,104.83932228480442,6620400
2018-07-30,106.60575103759766,106.86386272412628,105.86369839999178,106.29118511179253,11013100
2018-07-31,106.88806915283203,106.98485489061068,106.28313367682794,106.69448536983097,7598900
2018-08-01,106.9848403930664,107.2429520687577,106.53315726804873,106.78319526172336,5770400
2018-08-02,105.86369323730469,107.27520914713543,105.73463740033408,107.18648479764838,6563300
2018-08-03,106.42829132080078,107.0332266776535,105.58137935971871,105.80722090834841,6498700
2018-08-06,106.4847640991211,106.89611573519737,105.67010989407785,106.17825956198071,5840000
2018-08-07,106.0330581665039,106.60572332251503,105.9040023567912,106.37182043642022,4664600
2018-08-08,105.79914855957031,106.30729814499674,105.57330703436747,106.05726019262504,3721500
2018-08-09,105.82334899902344,106.24277426491979,105.3958623595785,106.0975833889616,4057800
2018-08-10,105.46038055419922,106.17017519917788,105.06515175280167,105.81527787668855,4324000
2018-08-13,105.03291320800781,105.58138203789488,104.7344823627717,105.43620345613948,3778000
2018-08-14,104.45217895507812,105.234563056171,104.33119679818427,104.58929616870523,4542800
2018-08-15,105.20226287841797,105.45231311027726,103.9923924254625,104.65379418064872,5377300
2018-08-16,106.85578918457031,107.17842879316227,105.31522966802329,105.67818845867693,7861500
2018-08-17,108.46087646484375,108.88836312808463,106.62187398327585,106.83158047417702,6700900
2018-08-20,110.40475463867188,110.5983261027037,108.08179861074572,108.83191264875511,7935000
2018-08-21,109.17064666748047,110.84832283234336,109.13031519168007,110.50149921682451,5832100
2018-08-22,108.57379150390625,109.4368261588059,108.42053925396243,109.34004044618479,4688400
2018-08-23,108.97711181640625,109.28361640095189,108.16246979280919,108.5738214925068,5057600
2018-08-24,109.65462493896484,109.81593858987125,108.75125864793489,108.97710022069238,4809400
2018-08-27,109.54905700683594,110.46657087435185,108.97257542187974,110.01999278000957,4325900
2018-08-28,109.06189727783203,109.53282068847683,108.71274987884804,109.43538996757941,6037500
2018-08-29,109.50035095214844,109.56530889770424,108.75335316244863,109.06190030647338,4648700
2018-08-30,109.57341766357422,110.10119629467148,109.28924060633162,109.37042874148925,4821900
2018-08-31,109.3623275756836,109.61403188881805,108.77771841445292,109.2892545278953,6139500
2018-09-04,108.57474517822266,109.41105877360965,108.34739851478525,109.36234340136791,4406800
2018-09-05,110.31231689453125,110.37727484609756,108.3636279053914,108.37985810118614,6174800
2018-09-06,111.1323471069336,111.48960951499016,109.7601403075608,110.01997201867755,6562000
2018-09-07,111.49776458740234,111.79818423693861,110.2229881695499,111.05930156376786,6375200
2018-09-10,111.40843200683594,112.43149159050427,111.2866312346041,111.6682513532375,4892200
2018-09-11,112.46397399902344,112.78876369667825,111.41655664905456,111.75757653949698,7856800
2018-09-12,113.15415954589844,113.66569565893118,112.50459243511094,112.78065443062043,6767700
2018-09-13,113.58446502685547,114.06351584320761,112.87806764038847,113.58446502685547,6456100
2018-09-14,113.25971984863281,113.95800233742979,112.94305757984479,113.67381284952104,4534800
2018-09-17,113.64131164550781,113.99856170367657,113.00797487687494,113.12977565099865,5295500
2018-09-18,114.11224365234375,114.35583282961754,113.53576206857132,113.89302454331151,4581200
2018-09-19,114.04727935791016,114.4776147982676,113.71437461666513,114.29085610569122,5049900
2018-09-20,115.28145599365234,115.41137186692565,114.08788023555536,114.33959688606976,5019300
2018-09-21,116.0122299194336,116.21521883662774,115.04600069127574,115.44385103972172,13283400
2018-09-24,114.05542755126953,115.70369676668359,113.8605537070352,115.3789194157548,6708000
2018-09-25,112.56951141357422,114.45325414376005,112.37463763096461,114.10410683193342,7982800
2018-09-26,112.1797866821289,113.67378198619156,112.01739804289758,112.82122614340331,7133300
2018-09-27,112.22853088378906,113.33279125965969,111.70076457325784,112.41527724743611,6450500
2018-09-28,112.18791198730469,112.50457419893388,111.57083014628525,112.13108153365849,6638500
2018-10-01,113.42208862304688,113.55200450268467,112.04988156934058,112.26098558165687,4871800
2018-10-02,114.06351470947266,114.26650360144752,113.38959010138102,113.5032633853086,6439100
2018-10-03,112.88623046875,114.70501618818308,112.76444203664104,114.11227944668188,5411800
2018-10-04,113.14602661132812,113.29217268374855,111.49775760635467,112.4964596029414,4738700
2018-10-05,112.94304656982422,113.87679069999336,112.50458353919124,113.51141310077331,4309300
2018-10-08,113.17851257324219,113.41397429161835,112.55330317074726,112.78064979175238,5174100
2018-10-09,113.02421569824219,113.36523555945233,111.8955979232399,112.65072306478021,4475300
2018-10-10,111.83067321777344,114.04732155846563,111.83067321777344,113.14605008980665,7265600
2018-10-11,108.67213439941406,112.5857663336326,107.89266396245169,111.97679963436734,11603200
2018-10-12,108.69649505615234,109.134958029741,107.36488833283121,109.12683054427409,6998000
2018-10-15,108.76146697998047,109.85761216546354,108.40420447835751,108.70463652170108,6398700
2018-10-16,110.88067626953125,112.04177944535635,109.41103833066877,109.41103833066877,9592800
2018-10-17,113.23535919189453,113.6738098642935,110.59650289147342,110.61273308675565,8261100
2018-10-18,113.2678451538086,113.51954949405847,111.81444958133514,113.02425591214427,7583900
2018-10-19,112.90242767333984,113.67378300872149,111.97679879299005,112.32593375100502,5924800
2018-10-22,112.60202026367188,113.07295609712027,112.16356959912989,112.54518980227839,4864300
2018-10-23,112.80499267578125,113.25969824760573,111.603301781038,111.87936372897929,8282700
2018-10-24,111.61956787109375,113.76313074616363,111.37597864653662,112.47212396231232,8279200
2018-10-25,112.43148040771484,112.93488885905039,109.6545940515623,111.61140980320728,9720700
2018-10-26,111.21359252929688,113.10545112550068,109.88198544567886,112.0011906861982,11371400
2018-10-29,111.68450927734375,112.9430430932159,110.60460670705142,111.22981606658082,6783000
2018-10-30,114.28279113769531,114.56698065403631,111.23795656031444,111.99306958856236,9646200
2018-10-31,113.66566467285156,114.83487028618059,113.35711759171068,114.48573533811803,9968900
2018-11-01,114.33961486816406,114.95669677907088,113.55201679808663,113.73064805456572,6913500
2018-11-02,114.22589874267578,115.29768599605796,113.39771301719854,115.27332832115913,7673200
2018-11-05,115.46011352539062,115.8985766002109,112.86185741530487,114.48576903279127,5601400
2018-11-06,115.76050567626953,115.97160965353129,114.53444489865208,114.91606498830622,5798900
2018-11-07,117.53057098388672,117.62800168950554,116.08529103306542,116.19084922379182,7173600
2018-11-08,117.9771728515625,118.3750232394654,116.92162789957679,117.17333219954676,5497100
2018-11-09,118.00962829589844,118.33441798158847,117.23015782916173,117.76603912899583,5343100
2018-11-12,118.23697662353516,118.74039754640839,117.5143365977328,117.72545299390734,7013600
2018-11-13,117.4737548828125,119.15450927402837,116.45069507259099,118.69981602504103,7432300
2018-11-14,117.1246337890625,117.98530502557962,116.56438225864125,117.74984327556511,6433100
2018-11-15,117.32762145996094,117.33573655833274,115.68746715804537,116.4425925483708,6657900
2018-11-16,118.53739166259766,119.14635830690065,117.36817372322261,117.49808958081051,8494300
2018-11-19,119.9501953125,120.52668923021884,118.845935219393,118.89465057226465,8714600
2018-11-20,118.91092681884766,120.77842767422396,118.82973867089545,119.76348290385233,8937700
2018-11-21,115.28958892822266,118.7322730064644,114.30711712566432,118.7322730064644,10275400
2018-11-23,115.48448181152344,115.89045975316927,114.97295802988491,115.17594700070782,3404900
2018-11-26,115.51714324951172,116.07279562768042,114.98601613170109,116.03193681822773,7590900
2018-11-27,117.02886199951172,117.13509243772043,114.11989356317406,114.86348169391242,5962100
2018-11-28,119.65998840332031,119.75803957848917,117.14323767099445,117.5272880648845,8411400
2018-11-29,119.1778793334961,120.28099238979557,118.35257376657087,118.98993130177276,6900000
2018-11-30,120.03585815429688,120.11757577822424,118.56504067047508,118.76114301852661,12517600
2018-12-03,119.47203063964844,119.81522215736055,118.43427684452774,118.94907035527426,8827200
2018-12-04,119.32495880126953,121.74365826121746,119.1533692516203,119.56193242288217,9803500
2018-12-06,119.2269287109375,119.66817152784013,116.6774855930045,118.07477737185745,11572500
2018-12-07,118.83468627929688,120.39540069454881,117.76425269102607,118.88372433668248,9444500
2018-12-10,118.69578552246094,119.20241240798758,116.34246978759141,118.8020159525224,6848100
2018-12-11,119.70899200439453,121.10628333571049,119.12882689836454,119.53739001100752,9857400
2018-12-12,120.19927978515625,121.33508480626533,120.11756217048642,120.11756217048642,8869200
2018-12-13,120.80392456054688,121.4167691605517,119.95411886794984,120.08486204168948,6008300
2018-12-14,108.67781066894531,118.79383944138827,106.38985426645354,117.94402100725966,58140200
2018-12-17,105.52368927001953,107.5746717824915,103.63612952292625,104.8536521914595,36933100
2018-12-18,106.5696029663086,108.51436741179376,105.57270795377897,107.90152273040376,24640100
2018-12-19,104.27350616455078,107.329563558028,103.84859692193105,106.12020744198415,21232100
2018-12-20,104.81279754638672,106.02214102025587,103.57893504597581,104.36337557247505,16609600
2018-12-21,104.66570281982422,106.71669777426821,103.8730955603375,104.42874168332723,19732900
2018-12-24,100.37580108642578,104.59217618113391,98.87229154622814,104.02019021131514,7531900
2018-12-26,103.5380859375,103.5789447513856,99.6975943310825,100.84973931933585,9253000
2018-12-27,104.11006927490234,104.11006927490234,100.56373774126797,102.85169397162429,9918700
2018-12-28,103.99567413330078,105.2050239477391,103.57077114855092,104.5186407644863,6537200
2018-12-31,105.45014953613281,105.85871267849028,104.11822970217304,104.73924118994765,7409900
2019-01-02,104.38789367675781,104.90268727928516,103.18671691643326,104.69840568696274,7631700
2019-01-03,102.72911834716797,104.8127928838059,102.43495238354429,104.7065624760547,8654500
2019-01-04,104.45326232910156,105.12329944942726,103.55442459513331,103.87310337141133,8831700
2019-01-07,103.78323364257812,104.87818634299278,103.61163783372854,104.28984805893968,8404700
2019-01-08,106.1937255859375,106.63496824432002,104.37153143152109,104.73922949072112,9351600
2019-01-09,105.3520736694336,106.42251945152462,104.8618054365518,106.08749472129055,7403500
2019-01-10,105.98947143554688,106.13654820357455,104.33887260697713,104.33887260697713,6224400
2019-01-11,106.0221176147461,106.09565597559954,104.84545396766867,105.40927300425622,5300400
2019-01-14,104.82096862792969,105.37662103714878,104.25714944370694,105.19685224019779,7374400
2019-01-15,105.7034683227539,105.80969874133257,104.30618297021326,105.01708516045863,5194400
2019-01-16,104.62483215332031,105.7443035150107,104.51044121933548,105.7443035150107,6264200
2019-01-17,105.4828109741211,105.83418169971107,104.15089760323073,104.35517913930347,7632000
2019-01-18,106.79022979736328,107.19061367332831,105.77698877592897,106.14469308852503,10593000
2019-01-22,105.2458724975586,105.81785842782112,103.78321563682545,104.75559171827176,10568100
2019-01-23,105.2458724975586,105.65443565751157,104.53497035493594,105.00073210791517,9267800
2019-01-24,103.799560546875,105.16416007231294,102.14079503300766,104.9925705189384,9917000
2019-01-25,104.78010559082031,104.95987438052192,103.79955649049406,104.69840043900213,7585100
2019-01-28,105.40113830566406,105.53186905306728,104.01201969199562,104.43692267486453,6927700
2019-01-29,106.49607849121094,106.61047568126122,105.00073577732307,105.3684401404591,6669300
2019-01-30,107.5665054321289,108.01592738996011,106.4715591845822,106.52875154192918,7299300
2019-01-31,108.7431869506836,110.46732421909753,106.93733205181294,107.55835611922033,17298100
2019-02-01,109.65836334228516,110.05875977768764,109.06186454534652,109.51128657113306,9575200
2019-02-04,108.57975006103516,109.61749151661655,108.03227691946212,109.46224798828008,7759000
2019-02-05,108.57975006103516,109.396876386074,108.47351964890548,109.10271041032568,6449800
2019-02-06,108.67781066894531,109.14357869948184,108.10582468541219,108.74318227682899,5066100
2019-02-07,107.90152740478516,108.38362891595798,107.47661824947407,108.22837292834292,6085300
2019-02-08,108.18751525878906,108.23655330936029,107.4847861542264,107.81981092382946,4436700
2019-02-11,107.86067962646484,108.40815279200218,107.25600163085883,108.11398680337747,4962200
2019-02-12,109.62566375732422,109.74006093678825,107.92603961360321,107.92603961360321,6262300
2019-02-13,109.86264038085938,110.2957163690619,108.84941163941612,109.55214083188122,7902200
2019-02-14,109.74823760986328,110.16498002635201,108.96380329945843,109.74007083500689,3910400
2019-02-15,111.439697265625,111.46421005902205,110.32022567093792,110.46731489967907,6665000
2019-02-19,110.87589263916016,111.43971189804147,110.82686704592881,111.24359705675566,5935500
2019-02-20,111.4151840209961,111.72568355888755,110.90855720000488,111.10467201474587,6089800
2019-02-21,110.6552505493164,110.95758331366432,109.71556021948116,110.29571295476278,6665500
2019-02-22,111.61947631835938,111.65215588977178,110.16499225748844,110.54903021211396,5223900
2019-02-25,112.0307388305664,113.0918299731768,111.75107626237966,112.15412823492167,6846600
2019-02-26,111.95671081542969,112.65587977506462,111.90736007494779,112.22815243913314,5106900
2019-02-27,111.75928497314453,112.0718563687113,111.36446653472727,111.47140149658998,4378100
2019-02-28,112.39263916015625,113.47017197310551,111.61122328864006,111.8250806431553,10133200
2019-03-01,113.79924011230469,114.01309754639229,112.69701897232348,112.86975914870399,5641600
2019-03-04,113.90614318847656,114.67111733802818,113.10827272814093,114.21049368073201,8377700
2019-03-05,114.14468383789062,114.44902176664078,113.8074370486496,114.1775801473287,6568900
2019-03-06,114.40789031982422,114.86851395164403,114.00485091750821,114.72046173472451,6236900
2019-03-07,113.7087173461914,114.43254899730205,113.2645356581193,113.94725006678507,6100400
2019-03-08,113.5606460571289,114.58060714222407,112.21167174512566,113.5853214215945,7046700
2019-03-11,113.97193145751953,114.35852894492403,113.11648944242216,113.60178839859327,6150400
2019-03-12,114.48188018798828,115.15637354324492,113.9225552552816,114.04593206365846,5552900
2019-03-13,114.67108917236328,115.02477776839461,114.35029687903592,114.81914136110656,6446900
2019-03-14,113.52776336669922,114.16934802183025,113.46195820321762,113.79097146957399,8493600
2019-03-15,113.18231964111328,113.72519039046362,112.54895579064126,113.51133297714708,11922500
2019-03-18,112.82859802246094,113.33035142756081,112.45845494844838,113.22341646467089,7369600
2019-03-19,113.87323760986328,114.18580901661207,113.07536721446412,113.19052311941594,5882500
2019-03-20,112.9273452758789,113.93085249289945,112.4009162891679,113.78280022369498,5475700
2019-03-21,113.59359741210938,114.15292261733768,112.64766206648417,112.68879187299915,5765100
2019-03-22,112.61473083496094,113.83209491381261,112.57360104119853,113.30566618638613,6528800
2019-03-25,112.36798858642578,112.69700190458684,111.65237771634601,112.61475485057335,4500300
2019-03-26,113.98015594482422,114.55593538557193,112.63116903928602,112.63116903928602,4758600
2019-03-27,114.08708190917969,114.72866652764158,113.56888667183793,113.99660138344527,6764900
2019-03-28,114.23518371582031,114.71226186527711,114.09535241269495,114.38323595993366,4602100
2019-03-29,114.98369598388672,115.0577346602207,114.23518868764505,114.56420205625311,7168400
2019-04-01,114.31741333007812,115.39494633461743,114.1200103680575,115.14819263209166,5885200
2019-04-02,113.27278900146484,114.34208851347046,112.61474984334777,114.34208851347046,5517800
2019-04-03,112.82859802246094,113.70872799167384,112.58183178943524,113.67581913337602,5947000
2019-04-04,111.51251220703125,112.69696731955142,111.15059013749048,112.58181143842933,5844600
2019-04-05,112.01426696777344,112.34329277713024,111.61944854759656,111.89911107226138,4759700
2019-04-08,111.98136138916016,112.28569925544303,111.61943930436416,111.90733529482922,4329600
2019-04-09,111.51251220703125,112.08005812402958,110.68173312439002,111.86620078795991,5210300
2019-04-10,111.5207748413086,111.97317759738428,111.3151383659155,111.77576206262732,4194100
2019-04-11,111.2164077758789,112.01426554468595,110.5665896550619,111.83331704065269,4485200
2019-04-12,111.8497543334961,112.1541047596922,110.83802669502676,111.22462415585782,5756800
2019-04-15,112.2939453125,112.51602362034811,111.7017113894684,111.86621802341014,5380900
2019-04-16,113.52776336669922,115.73217986360036,113.14938681444296,113.77452959199229,10745700
2019-04-17,113.93904113769531,115.27978217940307,113.23987222772861,114.33385958455601,9543700
2019-04-18,113.11649322509766,115.35381863300223,111.66058375684646,114.62175342938248,10485300
2019-04-22,113.37149810791016,113.91438139120115,112.24461428891078,112.67232910206079,4666500
2019-04-23,115.07415008544922,115.85557862057706,112.89440877970475,113.03424005676641,5790500
2019-04-24,114.49835968017578,115.27155465141126,114.21869715259528,114.86850273739131,5676300
2019-04-25,114.86849212646484,114.96720613670801,113.47840055564683,113.9390240999475,5218100
2019-04-26,115.47720336914062,115.58413833856001,114.5888524066365,115.057709533119,4613600
2019-04-29,115.02478790283203,115.51008685453779,114.8109305387883,115.44429424333308,4275200
2019-04-30,116.14344787597656,116.34908429663199,114.30095357957659,115.312681254907,6003700
2019-05-01,116.76036071777344,117.08938653154058,114.95076267073425,115.93781500993276,6656300
2019-05-02,116.20928955078125,116.9249005031776,115.25513324688276,116.72749750999516,8835600
2019-05-03,116.80972290039062,116.8755280695935,116.04476134163096,116.21748892861741,5281600
2019-05-06,116.87552642822266,116.99891582538996,115.09882453785458,115.36204521096948,5818900
2019-05-07,115.13175964355469,116.29155246563617,114.38323980368178,115.83092873373143,6606700
2019-05-08,114.98369598388672,115.91317694923497,114.90966985860823,115.32094284489605,4667300
2019-05-09,114.11177825927734,114.59708983257937,113.21520632643393,114.29273934402322,5604200
2019-05-10,114.37500762939453,114.53951429591034,112.2034869986453,113.8650206468252,4771600
2019-05-13,112.853271484375,113.56066131320529,112.30216735218946,113.38793373874134,5560000
2019-05-14,112.54071044921875,113.37969803951331,112.46667179626797,112.72165895906642,7179400
2019-05-15,112.61473083496094,113.09180883029288,111.31510716858445,112.60649734557792,6429400
2019-05-16,113.68406677246094,114.49015818635492,112.66410540616909,113.0095731549808,6857200
2019-05-17,114.01307678222656,114.35854452101525,112.57362159508045,112.68877750801,6915300
2019-05-20,113.85676574707031,114.3009474203394,113.24807745635172,114.01305142651498,4771100
2019-05-21,113.61002349853516,114.8027249663727,113.57712718852966,114.43256931025591,4859000
2019-05-22,114.1364517211914,114.29273743277238,113.0918275825081,113.79921747894363,5456800
2019-05-23,114.98369598388672,115.03305928512788,113.23990253836408,113.92261720172854,6951800
2019-05-24,114.99198913574219,115.5302972941668,114.75181154855457,115.5302972941668,5473300
2019-05-28,113.51781463623047,116.35016815964045,113.5012476181243,115.11618436784066,11919600
2019-05-29,108.76408386230469,112.54055496532662,106.4369171383681,112.54055496532662,23247400
2019-05-30,109.41004943847656,109.99805844087582,108.63156398611567,108.85517446724556,7360600
2019-05-31,108.61502075195312,109.31897374371238,107.33963828519369,108.9214537411674,7811000
2019-06-03,108.85517120361328,109.65021101079161,108.52389408651406,108.9048596119457,8434600
2019-06-04,110.75171661376953,111.22378190694629,109.79932147281332,109.81588849281961,6648900
2019-06-05,111.29000854492188,111.91113894658751,110.85935459475986,111.5550176117621,6860600
2019-06-06,113.19480895996094,114.0064285262512,111.46392844436322,111.72066034591015,9115800
2019-06-07,114.74349212646484,115.60478739034426,113.57576393781159,113.94843965163507,6533900
2019-06-10,115.13274383544922,115.24039785374882,113.95673836567832,114.78491229962385,4994700
2019-06-11,115.76216125488281,116.49095842213757,115.530273544744,115.67933879971933,8230500
2019-06-12,117.33567810058594,118.35434114839009,116.19280665311838,116.19280665311838,9216500
2019-06-13,116.5323486328125,117.55927612480892,116.11826170554164,117.36879967660477,7500800
2019-06-14,116.01888275146484,117.17833383493036,115.97747152760334,116.96300052562307,6548100
2019-06-17,115.48055267333984,116.14309421765867,115.29007624431168,115.94432796328437,5562800
2019-06-18,116.13482666015625,116.71454588374301,115.7704281090642,116.40812557347529,7122700
2019-06-19,116.31702423095703,116.74767820656609,115.86981587558192,115.95262568520562,6393400
2019-06-20,117.77462768554688,117.93197012729773,116.77253160584236,116.97957510159739,7335800
2019-06-21,117.67523956298828,117.95681568757819,116.7808101346448,117.15349854082045,11272200
2019-06-24,118.47853088378906,119.0085615614494,117.67520136089207,117.94850020612871,5894700
2019-06-25,119.45582580566406,120.06866649596466,118.58624055282559,118.6524959911967,7517000
2019-06-26,117.47649383544922,119.13284193246263,116.57377451850775,119.13284193246263,7674100
2019-06-27,116.51581573486328,118.01480882860136,116.44128309899355,117.79119828405831,5233500
2019-06-28,115.34806060791016,116.85534318244181,114.71036316199823,116.55720007082736,12792400
2019-07-01,115.41432189941406,116.15967339784568,114.88429107816832,116.10998498287445,5872300
2019-07-02,115.96920013427734,115.96920013427734,114.859450046134,115.29838123975684,4501200
2019-07-03,117.71662902832031,117.74975042164756,116.59858929034428,116.77251135686963,3436300
2019-07-05,116.41641235351562,117.48475113495518,116.2507674623136,117.38537430977874,4652400
2019-07-08,116.7476806640625,116.83878030241797,115.6462078137396,116.04372776432193,4078100
2019-07-09,117.112060546875,117.98992275638454,116.69797364526264,117.15347176442212,4217400
2019-07-10,116.94642639160156,117.59240093654593,116.49920546852982,117.41847888047822,4874400
2019-07-11,116.03547668457031,116.94647327311748,115.13276992487717,116.72286272194059,5817400
2019-07-12,111.2237548828125,116.04372030497109,109.5839741347514,116.04372030497109,17780100
2019-07-15,111.56333923339844,112.9298214517352,111.34800587848271,112.12649155901258,10038200
2019-07-16,109.73304748535156,110.83452034635329,109.11191702788732,110.08915621523728,10214500
2019-07-17,109.20301055908203,110.62747067281367,108.83033483283462,109.72476415798687,8862100
2019-07-18,109.37696075439453,109.74134674770652,108.63159647336381,109.42664917907643,6203100
2019-07-19,107.9193344116211,109.64193756861556,107.81995759156017,109.52599373290104,8340200
2019-07-22,106.53629302978516,107.78683110516533,105.87375136349803,107.66261007139391,12624800
2019-07-23,106.7019271850586,107.20711379293365,106.13877497270289,106.51145071757728,5803600
2019-07-24,107.48040008544922,107.48867727456532,106.47831681441349,106.73504868324198,6838600
2019-07-25,108.59016418457031,108.92971853663492,107.38931448551395,107.7123018202523,8897800
2019-07-26,108.26718139648438,108.73924663312016,108.06842772794899,108.73924663312016,4894600
2019-07-29,110.16368865966797,110.40385351503433,107.83652217164645,108.49077395048796,7832000
2019-07-30,109.38520050048828,109.72475480215412,108.71438172305507,109.70818778728685,5509600
2019-07-31,107.84481811523438,109.31896680820867,107.81168407891347,109.02082366598172,8559200
2019-08-01,107.90278625488281,108.27547466910924,106.8510143602651,107.87794204552539,7870700
2019-08-02,108.54875946044922,108.8800239666587,107.47213085987208,108.37483738068417,6574900
2019-08-05,107.79512023925781,108.8717488604387,106.84271265105002,108.4162506779855,9480000
2019-08-06,108.30029296875,108.67296865688513,107.3230412990693,107.94417165827102,7880600
2019-08-07,107.8365249633789,108.4162441438662,106.16361021088956,107.13257212047482,6771700
2019-08-08,109.05393981933594,109.27755032448243,107.85309011758085,108.47422058092985,5260500
2019-08-09,109.35209655761719,109.94838288760293,108.68127759561652,109.15334287224407,4677300
2019-08-12,109.260986328125,109.89868382646948,108.73095549022271,108.9048775850192,6852100
2019-08-13,110.49497985839844,111.05814478168642,109.318974227834,109.56742896937479,5013200
2019-08-14,107.87793731689453,109.76617296688664,107.77028329337534,109.75789577644116,7736200
2019-08-15,108.1098403930664,108.54878428773905,107.04150137479897,107.8034200228916,7251200
2019-08-16,108.78892517089844,109.04565706073035,108.15951754947405,108.88002480634825,5858900
2019-08-19,109.52600860595703,109.7910303446818,109.16989986109415,109.73305210048625,4958000
2019-08-20,108.1595230102539,109.86555932669317,108.04357916263955,109.28584008862133,7302000
2019-08-21,108.92969512939453,109.6584920919642,108.36654303062988,109.0704831540857,6912800
2019-08-22,108.71439361572266,109.42662368977268,108.32515086380398,108.98769252474628,7213500
2019-08-23,105.78266906738281,108.70611599298441,105.28575960665698,108.54877354612267,15714000
2019-08-26,106.63372802734375,106.8673533244217,105.65749894196526,106.3166596677563,8889500
2019-08-27,108.16898345947266,110.47186684086527,107.71842402480029,108.36923917022915,20183800
2019-08-28,107.36798858642578,107.52652278848856,105.97458218764166,106.68380375791216,9878800
2019-08-29,107.00084686279297,107.80184416686653,105.8243685450859,107.5014669949333,6749900
2019-08-30,107.1009750366211,107.71842057630221,106.48353586275168,107.0258839218503,7371100
2019-09-03,107.41803741455078,107.618280376142,106.3917476757164,106.79224633052151,5710200
2019-09-04,107.51815795898438,108.12725151455761,106.86734287623543,108.04382119182875,4807200
2019-09-05,107.28455352783203,108.38592821583349,107.05926742261296,108.38592821583349,4754100
2019-09-06,106.975830078125,107.82688823033017,106.85901742596208,107.53486296573499,6758300
2019-09-09,105.92448425292969,106.93408913823913,105.62410709736523,106.80058535096117,7684700
2019-09-10,108.0938949584961,108.0938949584961,105.41553046315757,106.24991018073511,8239500
2019-09-11,109.44558715820312,109.53736943735038,107.70173658602945,108.35255175393756,6203600
2019-09-12,108.82813262939453,109.94621104661016,108.51941623020251,109.6041123314052,5250000
2019-09-13,109.12017059326172,109.77933765241951,108.43598589453107,109.57908195122793,5369800
2019-09-16,108.08553314208984,109.09513811007037,107.91032054710948,108.56113564885386,5101700
2019-09-17,108.19400024414062,108.88653683379005,107.72674970934636,108.13560029310244,4976400
2019-09-18,108.81146240234375,108.9366142677649,107.45141938385466,108.38592059666358,4373600
2019-09-19,108.5611343383789,109.4622658679832,107.93534961490003,108.16063568020681,4730100
2019-09-20,109.8460693359375,110.13810728882194,108.71131256975747,109.30372768814905,12053100
2019-09-23,109.92118835449219,110.17984402935767,108.87821370963198,109.32043394052279,5183700
2019-09-24,109.76262664794922,110.78890987629187,109.58740134963662,110.2215379229385,7102600
2019-09-25,109.29540252685547,109.77934428525737,108.66126580057936,109.72093159452184,4522900
2019-09-26,107.50983428955078,109.56240131447345,106.82563679349362,109.3788367536593,7545800
2019-09-27,107.30121612548828,107.96870958580737,105.7158873281763,107.3095553376747,6006500
2019-09-30,107.95205688476562,108.70299357237221,107.63498850342633,107.69340119751502,6552100
2019-10-01,108.46100616455078,109.13685158714775,108.27744163846,108.48603653341571,7673000
2019-10-02,110.13813018798828,112.39095303187214,109.48731498268018,110.77225423295837,12051800
2019-10-03,109.46227264404297,110.4468345587516,108.47769799771076,109.8377409550484,6997600
2019-10-04,111.52320098876953,111.57326173695567,109.51234272579549,109.58743384807468,7233300
2019-10-07,111.10602569580078,111.65671946138313,110.25495467004863,111.04761299416644,5427200
2019-10-08,110.00460052490234,111.1894179980505,109.71257531153047,110.51357257682574,7870400
2019-10-09,107.81856536865234,109.51235544771356,107.23450201925644,109.42057315483518,7787700
2019-10-10,107.68505096435547,108.56949148255273,107.32627377481785,107.59326868048831,5119700
2019-10-11,109.5790786743164,110.6554227984285,109.15354964508563,109.42054450706685,7161400
2019-10-14,109.07011413574219,109.60411662827511,108.8197976823247,109.60411662827511,5700000
2019-10-15,110.8389892578125,112.01546761573488,110.22155646723824,110.97249305692915,10008800
2019-10-16,112.78308868408203,113.96790618492437,111.63999270944574,112.55780262786723,12434200
2019-10-17,113.61748504638672,114.71887238895296,113.18360402674328,113.44227243473928,8434000
2019-10-18,106.55029296875,112.1322956087532,106.55029296875,111.23116393877905,25868700
2019-10-21,106.8172836303711,108.19400492506853,106.01627358491001,107.35962529637365,13823600
2019-10-22,107.8018569946289,108.9199227609035,106.87569499859568,107.43472788173298,7613700
2019-10-23,108.38590240478516,108.8698440892273,107.69337855685832,108.18565945372082,6693400
2019-10-24,106.38341522216797,108.95330630983956,105.21528233087977,108.81980249789251,12111600
2019-10-25,107.09264373779297,107.7184285370439,106.22488168645538,106.65876271212417,6947300
2019-10-28,107.7851791381836,108.46937670240989,107.22614618605087,107.31792847560256,7876300
2019-10-29,107.7350845336914,108.44431225115916,107.2678340179289,108.2190262054802,4506300
2019-10-30,110.8389892578125,111.41471325133294,109.91282734032809,111.22280949736714,9627600
2019-10-31,110.17149353027344,110.83899985807172,109.21196193705511,110.45519231343408,7686700
2019-11-01,109.47059631347656,110.97248207586526,109.42053557666723,110.17982403593344,5541800
2019-11-04,108.6612548828125,110.09638885480916,108.5444422447022,109.97123700384194,6140300
2019-11-05,108.81978607177734,109.69588719945091,108.2023405834425,108.91156833718357,6257300
2019-11-06,109.27037048339844,109.70423875812575,108.21904391922558,108.819798318289,5450000
2019-11-07,109.66252136230469,110.45519228792068,109.312083404907,109.91283782662425,5873700
2019-11-08,110.9725112915039,111.00588088095472,109.27872134821622,109.55406820477964,5003000
2019-11-11,110.1214599609375,110.57203225433977,109.57911809729383,110.36343727114952,4371400
2019-11-12,109.59577178955078,110.21320458044951,109.3204249780866,110.13811346776556,5228700
2019-11-13,109.52903747558594,109.71260204603459,109.07012604946429,109.33712095908274,5885400
2019-11-14,109.27037048339844,109.6041172688231,108.58617302216697,109.32877044161707,4217500
2019-11-15,112.5911865234375,112.61621689318835,109.12016429293087,109.51232372785756,10495100
2019-11-18,112.49942779541016,113.21699491885708,110.6888251920717,111.99045561794635,9291800
2019-11-19,112.4910659790039,112.7997823629109,111.98209390380387,112.64124819875674,5192200
2019-11-20,113.42556762695312,113.75931438244265,111.86528181102454,112.73303101427088,7594400
2019-11-21,113.84275817871094,114.18485688087087,112.64124948052569,113.4255683658201,6424900
2019-11-22,115.20283508300781,115.67008577444923,113.89285257227783,114.0180044604759,9235800
2019-11-25,115.2531967163086,115.64807312714665,114.46345671446274,115.15238157135599,6111900
2019-11-26,115.24480438232422,115.38763011671934,113.54767672803573,114.65669464662942,10636500
2019-11-27,115.73212432861328,116.15220463470625,115.01798268032181,115.23643264418362,5523000
2019-11-29,115.51365661621094,116.16898069471091,115.05156583782502,115.60607477188813,3278900
2019-12-02,115.40443420410156,115.81611741933328,114.97595701098072,115.70689246390171,4717100
2019-12-03,115.23641204833984,115.48005294160181,114.39625158631316,115.02637193283317,5741400
2019-12-04,117.10157012939453,117.40402841066057,115.97574535922953,116.36222481522613,7257300
2019-12-05,117.25277709960938,117.41240961824163,115.90011841518564,117.07635060415346,5472900
2019-12-06,117.94174194335938,118.94993203795687,117.16879577684021,117.16879577684021,6640400
2019-12-09,118.04255676269531,118.30300448089176,117.67288407112648,117.9501385898031,4241000
2019-12-10,117.61405944824219,118.46261684025687,117.54684507761276,118.29458732359846,5310300
2019-12-11,118.44581604003906,119.28597648570221,118.15176757595556,118.4038054537897,6631500
2019-12-12,118.74827575683594,119.35319231065357,118.23577736595797,118.73148177799685,5012400
2019-12-13,118.78187561035156,119.13474142261116,117.88289787306216,118.54663173551185,4257200
2019-12-16,119.12632751464844,120.0169082328409,118.87428967158658,119.07591994603607,5353100
2019-12-17,120.6134262084961,121.02510942385264,119.73966502426987,120.14293843084886,10722400
2019-12-18,120.3025894165039,120.8823022385555,119.92451973859318,120.74787347579493,7849200
2019-12-19,122.1173095703125,122.56259352136505,120.65542597526516,120.89066984299748,9414700
2019-12-20,122.71381378173828,124.20929811958193,121.65521639804429,123.40275139481385,14532800
2019-12-23,123.03311157226562,123.30195627884778,122.10892985000594,122.44500175802422,6558700
2019-12-24,122.60459899902344,122.67181336829597,122.04169307867488,122.6634163795732,4238900
2019-12-26,122.52056884765625,122.81461723858371,121.95766302748649,122.6381907679928,3019300
2019-12-27,122.45337677001953,123.12550764558773,122.27693744749868,122.83144638132971,3432700
2019-12-30,122.0752944946289,122.83143363880747,121.8484476234438,122.47856785020223,2923300
2019-12-31,122.55421447753906,122.67183644093129,121.63844256114005,121.90730008879804,4435000
2020-01-02,122.6382064819336,122.6802170631141,121.89046428830662,122.55418531957257,5777000
2020-01-03,121.21836853027344,122.13414049382321,120.14296400393675,120.5630442976568,5752400
2020-01-06,121.067138671875,121.15114703378813,120.01693799921762,120.98311749012943,7731300
2020-01-07,121.80648803710938,122.2013645701077,118.78191737436798,120.99153117707746,7382900
2020-01-08,121.78968811035156,122.64664270539573,120.73107753319859,121.71406391210236,6605800
2020-01-09,122.15093994140625,122.6886421722039,121.81488085459488,122.4617952376984,6112700
2020-01-10,121.87364196777344,122.81461733117526,121.73921325305093,122.45335458266486,5042600
2020-01-13,122.41138458251953,122.48699595217839,121.58803086662601,122.22654824346539,4593200
2020-01-14,123.10028076171875,123.1758921058275,121.59638676758532,121.86524419529792,7037500
2020-01-15,123.51201629638672,123.83967844705498,122.86510180649974,122.99951777151232,4960300
2020-01-16,124.51177978515625,125.04948197616487,122.83145883577538,123.85645564048423,6476000
2020-01-17,125.32673645019531,125.52837957922657,124.2849328466144,124.68821910467689,9083600
2020-01-21,125.41077423095703,126.16691363023796,124.7638469903427,124.83106137558617,9543900
2020-01-22,124.55379486083984,125.3351379769366,122.66343372467196,123.25154351418003,10305300
2020-01-23,124.78903198242188,124.99067510777402,123.30194438004901,124.37734874226463,8671900
2020-01-24,124.61261749267578,125.14190991558661,124.28494257491474,124.83105461801736,9051900
2020-01-27,124.97386932373047,125.570388895346,123.50358850815718,123.94047554005172,7587100
2020-01-28,125.60400390625,126.50298186030277,124.46978202063502,124.73024256328077,7336600
2020-01-29,126.47777557373047,127.02388767501962,125.29315882874529,125.56200356397699,6288600
2020-01-30,126.3265609741211,126.4525799488023,125.22595252912319,126.04930640998784,6470600
2020-01-31,125.0746841430664,126.02406956950267,124.88145082594593,125.8140294535535,8651700
2020-02-03,126.16688537597656,126.43574285674151,125.3855423596852,125.53676507774277,5765200
2020-02-04,127.36833190917969,128.33451131817614,127.03226003052296,127.275913745028,6541400
2020-02-05,129.37632751464844,129.40153130552386,127.12469057772907,127.46915947946972,5979900
2020-02-06,128.98983764648438,129.8047943387934,128.32611650709603,129.5947542185041,6201200
2020-02-07,127.61198425292969,128.93104245781663,127.32633274531693,128.83021447525786,5700300
2020-02-10,127.58675384521484,127.62876442753074,126.77179726363973,127.43551831284358,4835600
2020-02-11,127.69593811035156,128.02360003629224,127.31785580979826,127.94797588428612,3715300
2020-02-12,126.93983459472656,127.83040258744656,126.79700886191587,127.59515869577828,5166800
2020-02-13,126.09968566894531,126.89783557555275,125.92325914402954,126.15850305713843,5480200
2020-02-14,126.13330078125,126.56177802387538,125.3099342556581,126.49456364506185,5716300
2020-02-18,125.30152130126953,126.6457830666061,125.23430693101967,126.41893616949162,7230700
2020-02-19,125.13348388671875,125.82240870358956,124.83102564960171,125.36033076951391,6115200
2020-02-20,124.65460205078125,125.50317231124359,123.83964538747465,124.85624517422234,7464700
2020-02-21,125.96526336669922,126.22572390225814,123.95728019274989,124.4193710528287,7776800
2020-02-24,123.36952209472656,125.9821693561358,122.81147717435387,123.86837456828118,10588900
2020-02-25,122.30415344238281,124.07974611125024,121.61083550513065,123.43715718140938,10529000
2020-02-26,121.48402404785156,123.63164706346055,121.4079305217251,122.89605050774236,10093800
2020-02-27,117.62844848632812,122.4056324583987,117.48471198862549,120.5370321851052,12566700
2020-02-28,113.70525360107422,116.08115704522396,110.61066761953032,114.449313547158,19820300
2020-03-02,118.38941192626953,118.48241940501316,113.30784143553485,113.95889378674019,11508200
2020-03-03,114.64376831054688,119.2095726854453,112.53843700856912,118.37250532465245,13662500
2020-03-04,121.3149185180664,121.45020449387762,115.95433751695883,116.41091155834579,10560500
2020-03-05,120.07199096679688,120.63848640515491,118.23721869288467,119.04892154433415,11339200
2020-03-06,120.08891296386719,120.91751693937151,116.18262417776678,117.0873216721115,12239100
2020-03-09,115.36248016357422,118.10195027831404,114.06037519409081,115.26947266575398,13848600
2020-03-10,119.7591552734375,120.02126375913359,113.49386451537956,118.34714192351585,12698100
2020-03-11,111.43927764892578,117.3156253093291,111.18561966253533,116.75758031958634,17763400
2020-03-12,106.03639221191406,113.0964582219817,105.26696790434694,107.64287089881908,21539200
2020-03-13,113.54461669921875,114.07729721536982,105.39382941703126,109.34240373280927,20084200
2020-03-16,107.49067687988281,113.09645763877842,103.51674575257482,104.48063554006296,18877900
2020-03-17,115.4892807006836,115.64148062338155,108.06563496702756,108.69132282420165,18911800
2020-03-18,114.1111068725586,114.71141738514468,108.82661974693511,110.77976412431276,17521100
2020-03-19,107.42304992675781,114.13646400148468,106.66208253969477,114.13646400148468,18482300
2020-03-20,101.3691635131836,107.75282768680069,99.88104986534498,107.23706113472237,19785100
2020-03-23,93.97088623046875,100.24462932560493,92.29676391383036,98.92562308209692,20815200
2020-03-24,100.7688217163086,101.16621615408512,96.27066682953372,100.413705753066,17604800
2020-03-25,100.954833984375,104.8103933697508,98.67193188714774,100.54053203833332,13986100
2020-03-26,107.0171890258789,107.46531243335505,101.78343171419493,101.9440821624558,15066800
2020-03-27,104.13397216796875,107.90498066684661,101.95253476232004,102.85723852269221,12133200
2020-03-30,112.46231842041016,113.29093515713419,107.80351996680488,108.61522273501389,21754000
2020-03-31,110.87275695800781,114.7452301599692,109.95959615521717,114.1364562914421,15746100
2020-04-01,108.91116333007812,110.11179725164982,106.11250102467609,107.97263790455365,12606100
2020-04-02,112.58070373535156,113.2993991142453,107.56678875835239,109.17326761501218,11594500
2020-04-03,113.44315338134766,113.96737043534378,111.25326476372628,111.92968177307759,10071200
2020-04-06,118.16960144042969,119.1926839872091,114.60151413412814,115.8444267356948,14994400
2020-04-07,116.24181365966797,120.0889232270958,116.0557986633295,118.25415067374,11567100
2020-04-08,121.12886810302734,121.86447731788671,116.08958954279483,116.47006994961063,10758200
2020-04-09,119.41248321533203,122.95520509696316,118.6092438322803,121.76302182337577,11125400
2020-04-13,118.17803955078125,119.63233135928265,116.54618330800433,118.37250505378458,8153200
2020-04-14,123.47100830078125,124.64627795504421,121.79688605909055,122.95524173874745,13838000
2020-04-15,124.84918975830078,125.06056925623848,121.36564685921267,123.0651462796434,11962300
2020-04-16,126.54864501953125,127.40261333569961,123.81762619318269,125.39874031871436,12181700
2020-04-17,128.53562927246094,128.7723732422081,126.48947759017251,128.51026476867222,10920000
2020-04-20,128.2397003173828,129.36424068986992,126.90378046664429,127.61401241718998,12226200
2020-04-21,126.55708312988281,128.2143034984014,125.61857086849507,126.92911298209573,9951100
2020-04-22,129.35577392578125,131.0552600731293,128.2904132320479,129.20357401171455,11515600
2020-04-23,131.48648071289062,132.74630699711318,129.95609541622113,130.4211328299663,10665000
2020-04-24,130.9368896484375,132.1544373690933,129.9053568796362,131.537212975164,8653400
2020-04-27,130.45497131347656,131.94309130490237,130.20977676120643,130.89464430199612,8924000
2020-04-28,128.00296020507812,129.4488015567396,127.41955076320735,127.88458820974057,8558700
2020-04-29,127.03057861328125,128.205847651375,126.11741798704232,127.99446823515974,9285200
2020-04-30,126.86151123046875,127.1912627244948,124.42642823673037,125.52560418401069,14829600
2020-05-01,125.38184356689453,126.54866239602808,124.11356671838564,126.50638392076193,7309000
2020-05-04,125.36495208740234,126.04981957373099,124.36723418143721,125.78771106924277,7198400
2020-05-05,126.40492248535156,127.48718433470519,125.67777659579409,125.98216354727347,6562300
2020-05-06,125.20429992675781,127.09826478450866,125.17047198378043,126.82769284700993,6191600
2020-05-07,124.78995513916016,126.43026155314436,124.40102421926109,126.29497562379846,5570500
2020-05-08,125.728515625,126.13436062545979,125.0436481549804,125.91453060470656,4712100
2020-05-11,126.0751953125,126.91226281568693,125.23812780931308,125.5171503103754,5887500
2020-05-12,124.40950012207031,127.11515475285978,124.31649263937541,126.91223871903742,7039200
2020-05-13,124.40106964111328,125.93990571916632,123.4540806914996,123.51327314529216,6970500
2020-05-14,124.83226013183594,124.93371814961719,121.97440554959249,122.92984488896292,6871400
2020-05-15,127.19972229003906,127.23353733129807,123.1581475266373,125.02673496872262,10340400
2020-05-18,127.26736450195312,129.88846238655316,127.21663548958242,128.93303588321808,7388400
2020-05-19,125.99903869628906,127.75771688502566,125.47480900151642,126.91219926937778,6107300
2020-05-20,124.8661117553711,127.15747157372135,124.5194591258589,126.61634048437566,5713400
2020-05-21,124.04593658447266,125.55940794632268,123.29342617075652,125.55940794632268,6487300
2020-05-22,122.9135971069336,124.54824342795227,122.64967166321382,123.08388332057206,6140900
2020-05-26,123.0753402709961,124.67593687151484,122.85398641835471,124.46309213170169,7072300
2020-05-27,123.35630798339844,123.66280495594181,121.75571123889269,122.87102868829575,7950000
2020-05-28,125.127197265625,126.09776899677048,124.13959431364815,124.3183896548396,6189600
2020-05-29,126.64264678955078,127.15347946880526,123.73093169623547,125.97006298651324,8504000
2020-06-01,125.31449890136719,126.29357972538537,124.30986475116951,125.39962902157778,6141800
2020-06-02,126.21697235107422,126.30211547149493,124.40353041244624,125.20382897674246,6078300
2020-06-03,126.55748748779297,126.97466788884462,124.68445622185001,126.4468170478914,6339500
2020-06-04,124.92284393310547,126.31910505059277,123.94376322542725,124.98244670208389,8170500
2020-06-05,125.40814208984375,127.40036603520775,124.81217932725802,125.7401794140711,9725400
2020-06-08,124.9569091796875,125.67206447742952,124.07998978081045,124.19918233043411,7555600
2020-06-09,124.26732635498047,127.13647039293043,124.00338786375075,126.21697920472607,8247200
2020-06-10,125.83385467529297,127.73242674912039,124.81220218220727,124.81220218220727,10137100
2020-06-11,119.93376922607422,127.00021832871764,119.83160789156824,126.49790777937788,11913300
2020-06-12,121.02352905273438,122.35169130833498,119.43145435621193,121.61098268692024,8687400
2020-06-15,120.2573013305664,121.23638212729443,118.67373563942245,120.04445654945036,8649600
2020-06-16,122.99020385742188,123.80752034139037,121.5513714115686,122.67518482477809,7579100
2020-06-17,122.6156234741211,123.80754903574406,122.14736236383554,123.3648282595637,5100100
2020-06-18,122.09628295898438,122.7007548604141,120.78515183661823,121.33855606032347,4797400
2020-06-19,122.45386505126953,124.19919491193038,121.96006358394504,124.12256091504139,12206900
2020-06-22,122.0792465209961,122.30912251150998,120.92137044535257,122.14735840674146,5285600
2020-06-23,121.62798309326172,122.66666633007732,121.47472814485747,122.37720063877074,5921600
2020-06-24,119.03983306884766,121.05759739687967,118.10331085401488,120.46163461971982,8211200
2020-06-25,118.9120864868164,119.67833527262471,117.0986453171819,119.67833527262471,7421200
2020-06-26,117.32855224609375,118.85252811725306,116.65596846996613,118.79292534428504,12849700
2020-06-29,118.37577819824219,118.93769168276822,117.4733181727404,118.12037478801928,5309800
2020-06-30,119.72944641113281,120.06148373888657,117.35409145865174,118.68224076966676,7738300
2020-07-01,119.51664733886719,120.3765358777547,119.24419968831728,119.78057288095053,6174800
2020-07-02,120.01892852783203,120.7596242849798,119.47404635191565,120.25731366785696,5152200
2020-07-06,121.73017120361328,122.40276791853354,120.79366205651459,121.04055626146418,6156400
2020-07-07,121.6195068359375,122.57304724889552,120.2402638917503,120.37648766246254,5622600
2020-07-08,121.97711944580078,122.07928080760446,120.64044767078764,121.636559921426,6257400
2020-07-09,121.3130111694336,122.96467569101779,119.6868739902456,121.54287417012505,5738600
2020-07-10,121.2108154296875,121.63650489933283,120.41051714819243,121.53434358374169,4282400
2020-07-13,123.62874603271484,124.84621172494609,121.98557786418579,122.26653448339579,6951900
2020-07-14,125.93596649169922,126.33611561767421,123.67129547894949,123.72238912587046,7447100
2020-07-15,126.22544860839844,127.88564808731466,126.19990827712398,127.47697680489779,8512800
2020-07-16,127.06832122802734,127.14494222348752,124.88027086801252,126.58302894141993,9304700
2020-07-17,127.15347290039062,128.20066554865093,126.5915595804406,127.70686411515068,7441100
2020-07-20,127.36631774902344,127.97931173641877,126.37019277624553,127.90267774473384,6191500
2020-07-21,127.48554229736328,129.12869812663928,127.28120658661187,127.36634971384595,5575900
2020-07-22,127.71536254882812,128.05592195259686,125.87639373252871,127.64725066807439,5910200
2020-07-23,127.37483978271484,128.43055464386785,127.09388309407697,127.88567248769557,6566300
2020-07-24,126.10625457763672,128.21768387217455,125.1782545762461,128.13254077492235,5405900
2020-07-27,125.30599212646484,126.78739670233487,125.0335575210386,125.46775626297561,5675200
2020-07-28,125.00796508789062,125.99556772690472,124.93985321716438,125.49324430417501,4842200
2020-07-29,124.76107788085938,125.55286713751771,124.36094168675722,124.63337622221114,4489100
2020-07-30,125.01652526855469,125.57843868832602,124.42056239501673,125.52735801216795,5922500
2020-07-31,124.0970458984375,125.53587903814255,122.56457350423612,124.86329508655574,8259600
2020-08-03,125.45073699951172,125.82533295501436,124.4290715122723,124.63340720792345,4078700
2020-08-04,125.34004974365234,125.34004974365233,124.1481240326676,125.14423616063682,4162200
2020-08-05,126.34467315673828,127.11943137769106,125.8338534108366,126.94064901348112,5467500
2020-08-06,125.62100982666016,127.06835194067904,124.72705902384911,126.34467438816145,4837900
2020-08-07,126.5149154663086,126.55747402042724,125.28040561258837,125.58690255011017,3635100
2020-08-10,126.02962493896484,126.86397267254605,125.76569954300632,126.7362710264409,4096600
2020-08-11,125.127197265625,127.05130950708461,124.61636456880521,126.97468849986618,6388400
2020-08-12,127.41739654541016,127.91119797195168,125.56990549616785,125.61246405746195,5257300
2020-08-13,126.00411987304688,127.0172631857237,125.60397061524988,126.46385891869903,5155500
2020-08-14,126.20845031738281,127.14495959107312,125.6465369585597,125.67207729386848,4240200
2020-08-17,126.84698486328125,127.90268670025849,126.19992839182818,126.27656238887889,4306900
2020-08-18,127.78346252441406,127.79198462809737,126.48937588369749,127.0768164423194,4322600
2020-08-19,128.03887939453125,129.05202242061534,127.12791067603487,127.34926452562003,7816300
2020-08-20,128.91583251953125,129.05205630474083,127.32375762681654,127.49403086282095,4874700
2020-08-21,130.05665588378906,130.81438270048588,128.20916494849484,129.22230807227203,6722800
2020-08-24,130.3994903564453,131.04227459364924,128.85681864913892,130.90515722859627,5387900
2020-08-25,130.32237243652344,131.18799699889124,129.87670499240733,130.93944641222876,3863500
2020-08-26,130.52804565429688,130.82800376357892,129.10534683977042,130.1509435032197,8008300
2020-08-27,131.11082458496094,131.35079629277678,130.17664807400095,130.63088116932929,5575400
2020-08-28,131.67648315429688,131.72790379699964,130.18521912852756,130.90514735879975,5395700
2020-08-31,131.47933959960938,132.32780618665396,130.49372953077784,131.12794784261357,6362700
2020-09-01,129.85955810546875,132.05359283577587,128.61684455185494,131.8736074985729,6307700
2020-09-02,131.83934020996094,132.26786305544186,127.91406937605807,129.2339139860484,6881900
2020-09-03,128.17117309570312,133.2448815179994,127.09986608734299,132.69637285281812,8672800
2020-09-04,127.3484115600586,129.3710398420165,126.09713221906809,128.7025452729988,7200100
2020-09-08,126.20854949951172,129.31962968439277,125.90001251359392,128.77112094025892,8756800
2020-09-09,128.2997283935547,129.49960012389397,126.94559472676694,126.97130504950836,6960700
2020-09-10,125.90860748291016,128.36832485871898,125.57436012843618,127.9140916097539,6191800
2020-09-11,126.65422821044922,127.2970125651825,125.66863076418397,126.02858843353687,3934700
2020-09-14,127.1427001953125,128.1025869330685,126.85129479780002,126.94557032222076,4375800
2020-09-15,127.60554504394531,129.0625202474026,127.28844229167281,128.08548858602717,3658800
2020-09-16,127.18557739257812,128.6082764014908,127.1427355693113,128.03405734843125,4323000
2020-09-17,126.13140869140625,127.382701113844,125.17152173335799,126.87703423364167,5461400
2020-09-18,127.85406494140625,128.25687744673272,125.3000725430962,125.56575460459263,12174000
2020-09-21,124.35733795166016,126.78276580667229,122.52326065241455,126.4828076541785,7574500
2020-09-22,123.59456634521484,124.57159792165024,123.1746092436626,124.0059446201667,5295900
2020-09-23,123.79165649414062,126.45706857352206,123.74023585554754,126.39706911017895,8784400
2020-09-24,123.98881530761719,124.48590344488763,122.84894281520963,123.89453974576449,5614800
2020-09-25,124.83723449707031,125.34288813797313,123.32026049688702,123.41453601277355,5531200
2020-09-28,126.0799789428711,127.09128647531612,125.48861538551884,125.75429742955176,5843200
2020-09-29,126.03710174560547,126.77416135547644,125.18005629587066,126.49991361184868,6768600
2020-09-30,127.59697723388672,128.3254582851129,125.84859655598294,126.37139499391253,8487700
2020-10-01,126.2599868774414,128.25689197799193,125.52292700519601,127.96549955994803,6457800
2020-10-02,125.33434295654297,127.19413018647695,124.98295115081265,125.30863263685313,5485600
2020-10-05,127.03987884521484,127.16844354507923,125.48862824019871,125.98571630921968,4992800
2020-10-06,125.35150146484375,127.3655641244281,125.01725415936804,127.0827374694133,5118200
2020-10-07,126.73992156982422,127.03987971660649,124.96583070386606,125.54862857679416,5603100
2020-10-08,127.60554504394531,128.4283147428576,126.87705090347632,127.27129771446111,4413500
2020-10-09,129.38821411132812,129.82530279061893,128.08550074665246,128.25690730260092,5054100
2020-10-12,130.13381958007812,131.24798163665864,129.43104888676052,129.9281369759266,7273200
2020-10-13,127.15133666992188,128.65973282222208,126.6456827019755,127.69984555052952,11057600
2020-10-14,126.9284439086914,127.72548994730458,126.31993584898953,127.54551771551036,7706400
2020-10-15,126.1485595703125,126.7570546982407,125.4114997399845,126.39709707098466,5978600
2020-10-16,126.9284439086914,127.49408400037834,125.99425437386938,126.49992115826028,6097000
2020-10-19,123.68885040283203,127.61410847679609,123.52600961597928,127.29700573028103,7250800
2020-10-20,123.88592529296875,124.91437724138201,123.51738894061401,123.98020081775941,5325400
2020-10-21,123.35457611083984,124.56301363536632,123.3374446133491,123.51741687935493,5221300
2020-10-22,124.34016418457031,124.86296246887228,123.27742304406954,123.55168388451231,5279700
2020-10-23,124.47733306884766,126.38854148540237,123.71456285219716,125.02584184174823,4154400
2020-10-26,123.38887786865234,124.07451708523172,122.34328100580188,123.78311159088625,6929500
2020-10-27,122.68608093261719,123.66311246139728,122.48896409261636,123.19174781063167,4890100
2020-10-28,118.58082580566406,121.6833265899583,118.42655080249294,121.21194891009871,8426100
2020-10-29,117.57811737060547,118.8722518424636,116.60108566528314,118.27232238787643,7205400
2020-10-30,117.50950622558594,117.87802950460822,114.54412311221843,117.14096986908748,7364100
2020-11-02,118.8636703491211,119.13791817311719,117.8352181235465,119.11220784828879,7088000
2020-11-03,118.70084381103516,120.80918224220373,118.08376978618003,120.00355709433835,6363000
2020-11-04,119.47213745117188,122.16325979767102,118.87220821675675,119.5492814850425,10263500
2020-11-05,119.78067779541016,121.55476830830195,119.35215503316309,120.45775108314758,8016200
2020-11-06,121.91474151611328,122.72036650499594,119.68641763526671,120.32920186118646,5942500
2020-11-09,125.1972427368164,127.69124896822022,124.20306654404318,127.21129237077514,12351600
2020-11-10,127.0827407836914,127.48555332611349,125.35150473397177,126.19998472114429,7386500
2020-11-11,126.67137145996094,127.87123034522192,125.86574631807956,127.84552001750068,6382400
2020-11-12,127.09983825683594,127.39979630700937,125.77141524185282,126.50847482531294,4710300
2020-11-13,128.47113037109375,128.90823199723116,127.19414079506859,127.7769255266144,5893500
2020-11-16,129.2853240966797,129.6709919716686,128.3854236700542,129.3453104838003,6266400
2020-11-17,127.99971771240234,129.0967346238624,127.80258788235503,128.55679191303625,7297700
2020-11-18,126.30281066894531,128.35114920739488,126.3028106689453,127.58837911761604,6661000
2020-11-19,126.1056900024414,126.37995087367858,124.77726669702743,126.24282043806,7987700
2020-11-20,125.43719482421875,126.79132844459406,125.24007799746454,126.0285583819594,6354900
2020-11-23,124.15995025634766,126.00677187854163,123.4436578426829,126.00677187854163,7318300
2020-11-24,124.15995025634766,124.92802062332669,123.93557473586904,124.2721446007621,11034800
2020-11-25,123.99600982666016,124.41888516799311,123.28835566890808,124.32395450640219,7594600
2020-11-27,124.27212524414062,124.84170897857985,123.59898561920272,124.70362567901611,3059000
2020-11-30,124.8589859008789,125.01433293780423,123.46092841030601,124.4706380610921,15663200
2020-12-01,127.24948120117188,128.69932957358634,125.87731291839215,126.24839698787962,9738200
2020-12-02,127.84497833251953,129.19989633693172,127.46525575374538,127.59471381561002,7745500
2020-12-03,128.58712768554688,129.08766976277963,127.45659866987809,127.75864106880177,7310500
2020-12-04,129.68319702148438,129.7177112762101,128.82019580145146,129.268946954654,6747100
2020-12-07,128.56129455566406,129.37251782049867,128.16430819495747,128.88923923762368,6634700
2020-12-08,130.7877960205078,131.2969634183239,129.06179412823676,129.45014192032787,8339800
2020-12-09,132.12542724609375,132.47062229744532,130.96899617053708,131.89241334384053,8440100
2020-12-10,131.3919219970703,132.02190913461388,130.90000503233134,131.8838389618093,7392900
2020-12-11,131.99600219726562,132.39298845699676,130.51163940264553,130.7705423400049,5977400
2020-12-14,128.6475372314453,132.4533608004512,128.57849558635564,132.25487430103553,8547300
2020-12-15,129.94207763671875,130.0974115087564,129.0445491482191,129.45016070523025,7612600
2020-12-16,129.16534423828125,130.24409537259743,129.0617883432585,129.6227336657634,8486100
2020-12-17,132.57418823242188,132.8072021523448,129.41561508483048,129.52779624243564,9920300
2020-12-18,133.34228515625,133.8514657747664,130.89136537764006,132.6001037395328,17137200
2020-12-21,132.05641174316406,132.39298159377844,129.49329781604297,131.18477233818467,7893400
2020-12-22,131.7975311279297,132.815866121211,131.05534964346882,131.5213644507573,4699500
2020-12-23,131.12437438964844,132.55695921379674,131.0898469752821,131.86655577832224,4607300
2020-12-24,131.58181762695312,132.07372155167084,131.02087201364498,131.04676100082193,2114900
2020-12-28,132.20310974121094,132.78994403135277,131.4350394683202,132.31530407188163,3855500
2020-12-29,133.02294921875,133.70471408964994,132.7295320929626,132.9970602469657,5212000
2020-12-30,134.6713104248047,134.9561023386887,133.41996159229632,133.54078120712435,5412800
2020-12-31,135.819091796875,136.0607310059769,133.86007598104604,135.08553573244828,5099900
2021-01-04,135.0596923828125,135.81913767845487,133.01438368328462,135.69831803308935,11765900
2021-01-05,136.64755249023438,137.01001126984863,133.82554917002028,134.84388386012486,9602300
2021-01-06,137.93344116210938,138.2786362691222,135.2495077247846,135.69827189858063,8230100
2021-01-07,138.39944458007812,138.9690283116858,136.65619231305797,137.21713760826822,7747200
2021-01-08,138.11468505859375,139.02947725162483,137.97661489573073,138.52029661381613,8228900
2021-01-11,137.53646850585938,139.21933103152605,137.01867579425857,138.5634418278076,7066200
2021-01-12,136.46636962890625,137.78676027268088,135.77596610778866,137.34662127918807,6903200
2021-01-13,136.25924682617188,136.75116378724408,135.27542607237956,136.55266404767875,6643100
2021-01-14,138.64112854003906,139.763032661102,137.7436131442002,138.46853094487994,10030800
2021-01-15,138.33905029296875,139.29698184217196,137.31207708987216,138.33905029296875,7630800
2021-01-19,140.4793243408203,140.7036998963341,139.02948874823466,139.80618450592664,9057600
2021-01-20,140.1341094970703,141.65298654793125,139.63356732649842,140.84176348418887,6839900
2021-01-21,139.57315063476562,140.2204013967852,138.13194051820406,139.21933022614127,6818000
2021-01-22,141.143798828125,142.53323079400948,139.6939504788614,140.11682565746924,8137000
2021-01-25,143.24090576171875,143.3358364007517,141.23875024077478,142.40379371797846,9924400
2021-01-26,147.12437438964844,149.86008537692337,146.18370666722862,146.4512348113712,14205700
2021-01-27,144.880615234375,147.50413253716954,144.5095179487888,145.95072806982716,14207300
2021-01-28,145.98524475097656,147.45234374123652,144.8115629250987,145.15675803986002,8944400
2021-01-29,140.7813720703125,143.25818098552713,138.55482767720272,141.75655434784332,22505900
2021-02-01,140.41888427734375,142.66267874900052,140.32395365022776,142.66267874900052,9971400
2021-02-02,139.15892028808594,141.23875599357103,139.0985038933539,140.9971167513451,11443300
2021-02-03,138.5116729736328,139.39193776004288,137.70908829216435,138.89139555476467,8601900
2021-02-04,139.7975311279297,139.88382332346123,137.87302949384593,138.9431554315645,7758100
2021-02-05,141.9204864501953,142.77486202809473,141.4113191116053,142.274319957357,9495300
2021-02-08,142.3260955810547,143.18909641273825,141.42858051017672,142.42102619927377,6035300
2021-02-09,143.49118041992188,143.7673338932704,142.3692764826335,142.5677630261356,5544200
2021-02-10,143.9572296142578,144.9324251946254,142.9992977452149,144.88927250049036,5921300
2021-02-11,143.3099822998047,144.4491502454302,142.91300910785912,144.12120556380702,4871300
2021-02-12,143.7587127685547,143.99172673316227,141.5321685369782,141.87736368070372,4413100
2021-02-16,142.45559692382812,144.16433540300685,142.08449960582243,143.7587238353119,5656100
2021-02-17,142.9647674560547,143.3358516136179,141.84286337614293,142.36929458149794,6676700
2021-02-18,143.03379821777344,143.396257077178,141.7910746036144,142.36065845482912,5189100
2021-02-19,140.65191650390625,143.2236692798141,140.59151327405706,142.91298835506322,8190900
2021-02-22,140.56504821777344,141.14686280827513,139.1930025004335,140.56504821777344,6447100
2021-02-23,139.32327270507812,141.71132427643664,139.28852998923506,140.22638456004242,7042800
2021-02-24,141.19033813476562,142.75342962406697,139.74014063511245,141.02534330388545,10286100
2021-02-25,141.33795166015625,142.15423344995642,140.6693065774198,141.6592622426,9719700
2021-02-26,137.6038818359375,141.0339896883226,137.17836968698208,140.6779497218781,14417500
2021-03-01,138.3507080078125,140.26982593679338,138.15097048995443,140.20035374586,10551400
2021-03-02,138.09019470214844,139.61854319663894,137.72547562677454,138.7501606599013,7610900
2021-03-03,135.65869140625,137.98594973766677,135.51974705051862,137.42150651189476,8499600
2021-03-04,132.92330932617188,135.55450711624786,131.5338920919328,135.45898451576312,11033200
2021-03-05,135.55450439453125,136.0668468548148,132.975407483692,133.71352460855869,8331600
2021-03-08,136.68336486816406,138.3593495501763,135.45026362696757,136.33601725813705,6546700
2021-03-09,136.94390869140625,139.59247779420411,136.2405210322376,136.2405210322376,7461300
2021-03-10,138.2030792236328,138.8543661441032,136.6486802703153,137.9165246390362,6635600
2021-03-11,138.1944122314453,139.48830712989425,138.00336699139334,138.5417599858303,6305600
2021-03-12,138.59385681152344,139.2104009863318,138.23781679482235,138.31596804225455,5474800
2021-03-15,139.30587768554688,139.5142941938139,137.63858537079514,138.72406317340395,5524100
2021-03-16,140.13087463378906,140.40007107881922,139.14961145517572,139.34065665819034,6369100
2021-03-17,139.60986328125,140.44350309112082,138.53306417216217,139.6619641130587,6001400
2021-03-18,139.34934997558594,140.2351038938168,138.90647964170364,139.12357528094392,4801800
2021-03-19,138.97593688964844,140.24378123754278,138.48096572846418,139.5403934950637,14891500
2021-03-22,139.3754119873047,139.5056640814984,137.2044554142937,137.4736519092723,7544100
2021-03-23,139.2451629638672,139.9832802646881,137.96863941074832,139.1235899231162,7178300
2021-03-24,140.5998077392578,141.09477885283746,138.78489157202446,139.02803760158372,6370100
2021-03-25,140.65188598632812,141.06870579144595,139.49693590610795,141.0600267383782,6269800
2021-03-26,143.22235107421875,143.3699877923151,140.13960311707038,140.75614740831273,7619200
2021-03-29,144.1862030029297,145.04590632010206,142.0934115598643,142.26708538391418,8535100
2021-03-30,143.29176330566406,143.85621976966388,142.61442614923453,143.30045560924827,7236300
2021-03-31,142.7187042236328,143.62181641521173,142.15424750973594,143.24841820873706,8281500
2021-04-01,141.39871215820312,142.2757736391803,140.9037278146612,141.19898791015174,7229700
2021-04-05,141.9197235107422,143.06599459243355,141.25107863021887,142.10208963754337,7387100
2021-04-06,141.88502502441406,142.86630155097313,141.54635635823814,142.48421110698672,5074200
2021-04-07,142.07606506347656,142.6578797636072,141.8242399621082,142.0239642321911,4608000
2021-04-08,141.5203094482422,142.51026505470603,141.41610777928807,142.41474244134255,5039400
2021-04-09,140.02667236328125,141.48554854302904,138.7501490807695,140.782160867046,8418300
2021-04-12,140.36532592773438,140.74741629107388,139.2364261952668,139.88771297356,5022800
2021-04-13,138.48963928222656,138.88040876247305,135.92791352231558,136.21448134128715,18424100
2021-04-14,138.87171936035156,139.03671414538698,136.80496489595347,137.0568032258911,7718300
2021-04-15,139.27984619140625,141.01661091141904,139.14090183369404,139.56641396026396,7524600
2021-04-16,140.88638305664062,141.12083679377923,139.42749355100608,140.10483084811534,9049400
2021-04-19,141.2771759033203,141.64189502743815,139.67066269546217,141.1121810792144,8353500
2021-04-20,144.5682830810547,145.70586178568306,139.80955173823074,139.80955173823074,14050700
2021-04-21,144.66380310058594,144.94169179474036,143.5349034688925,144.47275793597032,6333200
2021-04-22,143.43939208984375,144.3946179875292,142.95310008755416,144.01252762845502,7233000
2021-04-23,143.73464965820312,144.20357029496387,142.4147047818031,142.87494636526822,6015300
2021-04-26,142.5189208984375,143.63914165911174,142.20630269202428,143.46546782231871,6027800
2021-04-27,141.70260620117188,142.33653477061185,141.08606223695546,142.2062694855869,6217700
2021-04-28,140.6605987548828,141.72002650344533,140.37403092940616,141.42477962282058,7448000
2021-04-29,142.58839416503906,142.6404949914258,140.51296066102495,140.59111190060509,6394300
2021-04-30,141.31185913085938,142.70127622079204,141.12950625371454,142.5449605042045,9079100
2021-05-03,143.4654541015625,143.56097669023274,141.65052491682798,142.06735798582346,6594100
2021-05-04,145.6885223388672,145.75799452253497,142.99653153621335,143.1354759035489,10179500
2021-05-05,145.08065795898438,146.2355949226637,144.83749868980195,145.4540560411358,7792300
2021-05-06,145.66250610351562,145.79275819691404,144.3599321676624,144.83753201043476,5529900
2021-05-07,146.32244873046875,146.91294246007763,145.7406340555429,146.14877488355233,5316200
2021-05-10,147.85946655273438,148.95362354436764,146.95634148781474,147.53815607268456,8357500
2021-05-11,146.6524200439453,148.38049249359628,146.13138531764506,148.18944731065042,8217900
2021-05-12,146.06192016601562,147.45133733603348,145.84482456135436,146.35716700824358,6758300
2021-05-13,147.59027099609375,148.23286545897665,144.99380298254027,144.99380298254027,8018600
2021-05-14,147.81607055664062,149.02312170445234,147.77264878144572,148.9102277390387,5797700
2021-05-17,147.96371459960938,149.26628853407996,147.89424239971487,147.97239365567097,5722600
2021-05-18,148.0158233642578,148.81473383013127,147.21691289838435,147.60768244956068,5846000
2021-05-19,147.69447326660156,147.76394544540435,145.92296583328854,147.54684985556935,5533800
2021-05-20,148.55418395996094,149.00573326893928,147.35581200432972,147.57290760496065,4853200
2021-05-21,148.45867919921875,150.00439900135305,148.38051470324956,148.77997648659982,6501800
2021-05-24,149.02662658691406,149.72566941265077,148.34506349843232,149.332448656645,5195100
2021-05-25,148.615966796875,149.44607447206974,148.31887787449125,149.13150580921183,7444700
2021-05-26,147.73341369628906,148.61594714305966,147.0431040367719,148.54604152354315,5726400
2021-05-27,147.5062255859375,148.6945945198207,147.13049785919503,147.89943305184812,8114700
2021-05-28,147.89068603515625,149.42856960995135,147.8207804181474,148.12661582591946,6400800
2021-06-01,144.64015197753906,148.72079747909368,144.5090872754114,148.6771048006733,10448400
2021-06-02,145.22561645507812,145.68872957696223,144.273177267289,144.43920146817862,6806000
2021-06-03,145.08578491210938,146.05570370467552,144.7974425681952,144.9547202103302,5808800
2021-06-04,145.02462768554688,146.42271341037852,144.9372423278198,145.93337407349392,6510300
2021-06-07,144.03724670410156,145.33048082384488,143.8537560968897,145.0508583115322,5362800
2021-06-08,142.770263671875,144.7537945472418,141.6168539409847,144.4217460894512,7746800
2021-06-09,144.6925811767578,144.85860535868278,143.00615308274905,143.29450876717655,5552600
2021-06-10,145.99452209472656,146.4314221440884,145.00712371656675,145.05081638812922,6463100
2021-06-11,144.14210510253906,145.99455749440006,143.49548807276938,145.98582429122257,7389900
2021-06-14,144.5003204345703,144.57897257792814,143.2158332016821,143.74011860278685,4931300
2021-06-15,143.7313995361328,144.92850154218272,143.644014182978,144.37800315019987,5062900
2021-06-16,143.67898559570312,144.83240846118127,142.84887792725857,144.0023007927367,6988500
2021-06-17,144.36927795410156,144.78869833961107,142.8663404617977,143.4692647658553,5874700
2021-06-18,141.53817749023438,143.46928213755203,141.37215328981046,142.66538741251512,12993000
2021-06-21,143.16343688964844,143.53043141294887,141.77409762291083,142.22847750881658,6592300
2021-06-22,142.97119140625,143.33818590811114,142.67410252376246,143.04984356125377,5627800
2021-06-23,142.10617065429688,143.03239699280803,141.97509258764887,143.03239699280803,4493400
2021-06-24,142.7527313232422,143.4779870735491,142.25467215323184,142.66535930500962,4549200
2021-06-25,143.48672485351562,143.9847839931362,142.3333022849091,142.37699495792575,10963800
2021-06-28,143.3207244873047,144.2382174404315,142.88382435087613,143.6877190019286,5604000
2021-06-29,143.3294677734375,143.86248651070397,142.78771583275633,143.30325483005842,3749500
2021-06-30,143.94984436035156,144.15081466555267,143.01487178144075,143.3032274366245,6151700
2021-07-01,145.015869140625,145.0595484787217,143.85371341824333,143.94983196169238,6320200
2021-07-02,147.65476989746094,147.93439239135193,144.73628011642924,145.0683284946412,9059900
2021-07-06,146.772216796875,147.54989842107722,145.91589635669484,146.71979091955637,6098500
2021-07-07,148.0304718017578,148.10911060743868,146.34403074774892,146.34403074774892,6293500
2021-07-08,147.74215698242188,148.07420536450476,146.43145652658046,147.41010860033902,5755500
2021-07-09,148.32757568359375,148.869327510799,147.8819424063571,147.99552735949652,6120900
2021-07-12,148.09165954589844,149.5771172732687,147.27028519473998,148.31010960383918,7840500
2021-07-13,147.90817260742188,148.33632619832764,147.3838871221953,147.64602986480858,4691200
2021-07-14,148.9130401611328,149.271301471178,147.7071915239729,148.54604564833068,6162900
2021-07-15,147.12176513671875,148.4586786462221,146.5538002252016,147.93440642016066,6656900
2021-07-16,146.88584899902344,147.7509028407667,146.75477094233142,147.0955525567136,5834900
2021-07-19,145.8197784423828,146.96445454596002,144.4566522935998,145.47025037017394,8219700
2021-07-20,147.191650390625,149.2538195271864,145.78483144576995,145.83725732780508,9902800
2021-07-21,148.1003875732422,148.27514493112858,146.3440407936849,147.934363416654,7585200
2021-07-22,148.52859497070312,149.48104758292766,147.3664387862092,147.98684296482497,5281900
2021-07-23,150.1101531982422,150.45093479446612,148.87810486305406,149.4198568024011,5014900
2021-07-26,150.1800537109375,150.41598352586954,149.2975202054181,150.13637436232392,4484900
2021-07-27,150.870361328125,150.92278721224324,149.1314939504423,150.11889254511684,7089300
2021-07-28,150.45091247558594,151.49948338515532,150.36354045521045,150.9315052536164,5750700
2021-07-29,150.45091247558594,151.46452391049874,149.4984734547556,150.94025178884704,4214100
2021-07-30,150.4683837890625,151.14994684224604,150.15381520042914,150.76547264134615,5346400
2021-08-02,150.52955627441406,151.02761542900353,149.6819690583184,150.70431363860104,3721500
2021-08-03,152.3820343017578,152.47815286840998,150.6781263775916,150.93152259887395,6033000
2021-08-04,151.48199462890625,152.556765080779,151.39460928060055,152.21598355539828,4793100
2021-08-05,151.77037048339844,151.91018172604743,150.6606404112147,151.91018172604743,4291000
2021-08-06,151.26356506347656,151.98882088654793,150.68685368612333,151.98882088654793,4581100
2021-08-09,151.78782653808594,152.25967274198524,151.10625016980404,151.79655973946362,3950200
2021-08-10,151.84027099609375,152.1373598768769,150.97520396108374,151.3946243417855,3678300
2021-08-11,151.86648559570312,152.4519301612189,151.65676873649434,152.25969304022763,4221300
2021-08-12,153.08982849121094,153.16846732781195,151.6830093039807,151.88399299725364,4300400
2021-08-13,154.0072479248047,154.04219405775663,153.01984967150798,153.1683940695308,5882100
2021-08-16,155.3966522216797,155.44034490613785,153.74517008098977,154.26945562821703,4782800
2021-08-17,156.82093811035156,156.85588425514905,154.93352629606608,154.93352629606608,6041900
2021-08-18,154.82867431640625,156.84715083733454,154.77624843271474,156.84715083733454,7134100
2021-08-19,156.03453063964844,156.69861408759022,153.85002982428549,154.33060933715745,5615000
2021-08-20,156.7947235107422,157.21414390954874,155.59762140035505,156.314130692769,5428700
2021-08-23,156.11785888671875,157.2781220154512,156.0563229736178,156.80347196559728,6461700
2021-08-24,154.16653442382812,155.76630763083656,154.06984468700492,155.57292815719018,5734800
2021-08-25,153.1468963623047,154.61481258096003,152.84804205937556,154.43023162247738,5700300
2021-08-26,152.32943725585938,153.5776052776175,152.10968908134495,152.90077714465116,5031600
2021-08-27,152.00421142578125,153.19085701576643,151.84599916704462,153.19085701576643,7046100
2021-08-30,152.64588928222656,153.19086051347142,151.87237134443484,151.8811564437769,3252700
2021-08-31,152.18002319335938,153.3754539020131,151.60866984307,152.4964611283667,7106800
2021-09-01,152.71620178222656,152.71620178222656,151.2394870209756,151.97783769541874,5327400
2021-09-02,153.7621612548828,153.99070790316384,152.86559850541133,153.2435588662423,4544300
2021-09-03,153.85888671875,154.01711238988707,152.7777293800461,153.91163755070576,4096900
2021-09-07,151.468017578125,153.8500801124077,150.89666431691225,153.252371557449,6859900
2021-09-08,151.09884643554688,152.0481602029395,150.3780793641569,150.8527295416708,4661700
2021-09-09,147.73231506347656,150.7296700894112,147.40707863188007,150.4747680982985,7114600
2021-09-10,146.76539611816406,148.62885614612037,146.67749149284575,148.15420604154454,6699300
2021-09-13,145.73696899414062,147.7762247570047,145.148045588975,147.60042892764156,6273500
2021-09-14,144.8579864501953,146.38742502499562,144.6030710794866,146.26436659469715,5259600
2021-09-15,145.40296936035156,145.87763292449577,144.4272869366818,145.03379403955273,7935300
2021-09-16,145.22715759277344,146.31711323882797,144.32179629307527,145.60511797062142,5665400
2021-09-17,144.8140411376953,144.95468318265367,143.76803772340844,144.41849712206812,13419800
2021-09-20,143.98779296875,145.18322358494686,142.54624546795654,143.69772376639736,7270800
2021-09-21,144.62066650390625,145.89520322449974,144.36576452473318,144.6909875287315,6663600
2021-09-22,144.09324645996094,145.8688152178853,143.82955941720778,145.34142772001667,5657100
2021-09-23,144.91073608398438,145.71062265457263,144.28664536974108,144.5063935432633,4697900
2021-09-24,144.4712371826172,145.6051318365038,144.0581095507106,144.8140437907563,4399300
2021-09-27,143.4252471923828,144.47125072387465,143.14397648331328,144.1548127934432,5775500
2021-09-28,143.10879516601562,144.0756924727534,142.19464868612485,143.36371055250277,7610400
2021-09-29,144.17237854003906,144.73493330083832,143.08242282308146,143.2758022795153,5124100
2021-09-30,141.95730590820312,145.38537170760472,141.87819979260834,144.71734215531083,6972300
2021-10-01,141.05197143554688,142.30892466370773,139.4258294396371,141.98370162947188,8568300
2021-10-04,139.9532012939453,141.51780703161643,138.59076009657215,140.63002934390585,8620700
2021-10-05,140.26966857910156,141.61452645124027,139.89169471159641,140.5157854829985,5129000
2021-10-06,140.55972290039062,140.5948767062062,138.74020161197413,140.52455568221114,7312600
2021-10-07,141.81671142578125,142.9330361654937,140.65644777091342,140.65644777091342,5309200
2021-10-08,141.4562530517578,142.0539749112472,140.85854460462923,141.79907299405667,4343200
2021-10-11,140.8585968017578,142.2649906527123,140.58611117857225,141.39478294854305,4101600
2021-10-12,138.60833740234375,140.79702026867216,138.30068464479496,140.63880804755237,6686400
2021-10-13,139.93565368652344,140.70917165690216,138.6611167852338,138.72265272031663,6901100
2021-10-14,140.73550415039062,141.64086544528817,140.28722275784878,140.3839124792632,4579200
2021-10-15,141.781494140625,142.22977549099488,140.99919134545326,141.54416240814152,6918400
2021-10-18,140.74432373046875,141.4211519461939,139.93565195885952,140.85859708714548,7465500
2021-10-19,144.04051208496094,145.16562153227738,141.28047587633114,141.42990300782571,10081300
2021-10-20,143.96144104003906,144.81406513689961,143.50436102435697,144.13723691918884,6003200
2021-10-21,143.62741088867188,144.49761854509808,142.64294329443499,144.41851241606798,4524100
2021-10-22,143.90866088867188,144.2075151357283,143.24063138130538,143.328522588601,4304300
2021-10-25,144.22512817382812,144.42729274546136,142.14191970397655,143.90869025579306,6715400
2021-10-26,145.69305419921875,145.9391711061739,144.19876914631524,144.64705063847663,6939100
2021-10-27,143.92626953125,145.70182512840697,143.548295695808,145.63150410292093,7018800
2021-10-28,143.1439666748047,145.20959147404363,142.67810161642,143.95263834996987,6278800
2021-10-29,143.17034912109375,143.49557215960573,141.17503174356523,142.70448401800587,8526800
2021-11-01,143.2933807373047,144.13720614199036,140.11141833095581,143.4164391676698,5846400
2021-11-02,145.55239868164062,146.77419800408586,143.25822718699285,143.89110300705875,8450600
2021-11-03,145.08653259277344,145.71062330982323,143.65377020300906,145.06894898335065,6717800
2021-11-04,144.68222045898438,145.02502711499687,142.9857573780445,144.9810747924587,8224400
2021-11-05,143.65374755859375,144.68218065606905,142.57259046588936,142.81870730955603,6215900
2021-11-08,143.16148376464844,144.30417653414418,142.40554978596901,143.8734654421243,5578800
2021-11-09,142.8450927734375,143.79440645854748,142.4143949526679,142.93299740464465,6112800
2021-11-10,144.3921356201172,144.89315448828137,142.7044712334961,142.86268348269604,6225100
2021-11-11,143.3285675048828,143.98781212182226,142.8275485704392,143.70654139302513,4118800
2021-11-12,145.0426025390625,147.33677436959516,144.69101077082308,147.16976358535325,18995200
2021-11-15,143.7328643798828,145.43811205919837,143.46916393452318,145.0337695879987,7496200
2021-11-16,142.98573303222656,144.4624476614049,142.94178071717204,143.43401445611033,7594700
2021-11-17,143.52191162109375,144.03172894200898,142.21220780982725,143.16152143370084,5414500
2021-11-18,142.74839782714844,144.56791901020364,142.51107947381675,143.6713427716389,6358700
2021-11-19,143.17910766601562,143.44280813509732,142.20342531906752,143.31095119437498,7620700
2021-11-22,141.2946014404297,143.8957691369264,141.2503612312629,142.47132080314088,7634500
2021-11-23,142.17051696777344,142.44478737971207,140.48064078427257,141.1353608161581,7734000
2021-11-24,141.77235412597656,142.10854996780424,141.01146853623837,141.68387372010824,5230900
2021-11-26,140.85220336914062,142.58631938395598,140.37444428864845,142.09086152264135,8523100
2021-11-29,141.33883666992188,141.9316176512659,140.16211734866909,141.11764913209728,9188500
2021-11-30,137.95907592773438,140.6752652013479,137.88830780027516,140.24173279442357,14981700
2021-12-01,139.86131286621094,141.6308132615321,138.24221838446607,138.79961532906157,9835800
2021-12-02,138.98538208007812,140.9318294895539,138.68457030320397,139.13578796851522,11334700
2021-12-03,141.01150512695312,141.26807677020514,139.427794552373,139.7109211244478,8750500
2021-12-06,144.16119384765625,144.67435056267925,141.40962029826684,141.72813089723917,9692000
2021-12-07,144.5327606201172,145.3378863606147,143.69225081969404,145.09900008042248,8311300
2021-12-08,145.3998260498047,145.60332828995863,143.89575360202755,144.63009779422435,6216400
2021-12-09,146.78004455566406,146.8508261877241,144.64780695330037,145.25827321691327,8574200
2021-12-10,146.4173126220703,147.4790101414626,145.67411220830093,146.4880942567253,6572200
2021-12-13,149.03616333007812,149.69972595710448,144.92208044260116,145.76259040345798,11142300
2021-12-14,150.6640625,151.26569948393274,147.8948043466695,148.92996016439668,10482400
2021-12-15,151.4161376953125,151.55770095708715,149.89436638177443,150.2748159602668,8552200
2021-12-16,153.07061767578125,153.51299274813505,151.1507114817917,151.522304922543,8998600
2021-12-17,148.8415069580078,151.0976224345002,148.3372064163252,150.0890078509197,16726200
2021-12-20,148.4168243408203,149.08922953438847,147.35512695615992,148.46990718502113,7954500
2021-12-21,147.9390869140625,148.72651405222396,146.85083444767133,148.69111648409498,7954200
2021-12-22,148.57611083984375,148.78845577112332,146.97471496290427,147.80638240180986,4178200
2021-12-23,148.85922241210938,149.478544857317,148.07179526744181,148.53186915540323,3501500
2021-12-27,150.11557006835938,150.27483213004658,149.25736126430277,149.64665352596356,3704800
2021-12-28,150.7171630859375,150.9737346376482,150.04474446727892,150.22169176158422,3187000
2021-12-29,151.7788848876953,152.16817709822564,150.32789523949202,150.40751950976903,3662000
2021-12-30,152.45127868652344,152.95559269423666,151.95582081943178,152.2831740172857,4231800
2021-12-31,151.35421752929688,152.77865233777587,151.31881996250038,152.64594521282942,4409500
2022-01-03,151.77001953125,151.8231158750928,149.61124072248492,150.59331383025142,6012200
2022-01-04,151.36305236816406,152.43359245478905,150.93837609001125,151.3453535856782,6748400
2022-01-05,152.37167358398438,153.47761128361253,151.84081808807645,152.17702746883253,7016100
2022-01-06,151.8496551513672,152.61938337353033,151.11531099105144,152.3097154564548,7301600
2022-01-07,153.9022674560547,154.21193537154502,151.40727935204887,151.69924848659895,6986000
2022-01-10,153.1414031982422,153.6722586986405,152.3185920228626,153.6722586986405,7698400
2022-01-11,151.5134735107422,153.40683842073636,150.50485881102972,153.0529437367104,8341100
2022-01-12,150.2217254638672,150.47831057335603,148.93884041707173,150.06247691332894,8116200
2022-01-13,149.31044006347656,150.77912864705254,149.04502580156736,149.52278497322072,6159400
2022-01-14,148.49647521972656,149.21312074529968,147.88599540158145,149.19543546087309,5847700
2022-01-18,147.84173583984375,148.39027653995865,146.87734804419728,147.84173583984375,7815600
2022-01-19,147.38168334960938,149.27504815298715,147.1516531679673,147.93022412902602,5926500
2022-01-20,146.20497131347656,148.51416988754377,145.92184476789407,148.00985579080626,6011300
2022-01-21,145.86875915527344,148.62918892159806,145.51486448020907,147.03663588337548,10550300
2022-01-24,144.18772888183594,145.24942633128157,140.02054985499774,145.09902043012988,14054600
2022-01-25,148.31063842773438,149.00074230866693,142.9578985305828,143.64800241151536,14081200
2022-01-26,148.97421264648438,149.7173994230276,147.0719920038819,148.23101236972724,9963200
2022-01-27,150.92953491210938,152.09741166808456,149.52278531986212,149.8678373613608,9066700
2022-01-28,151.9912109375,152.0354511417276,149.78819186924233,151.1683998397688,9783100
2022-01-31,152.43359375,152.72556291252823,151.13302348086967,151.73464708834678,8054800
2022-02-01,151.1860809326172,152.15929781068328,149.9031826611907,151.94696645557747,8154700
2022-02-02,152.85829162597656,153.05293774463544,150.09786189782199,150.09786189782199,7382800
2022-02-03,152.84945678710938,153.61034258421802,151.3276851928921,152.40708163763267,6240400
2022-02-04,151.8496551513672,153.04405961677054,150.5136739379313,151.292258300717,6392200
2022-02-07,151.34535217285156,151.94698926981587,150.4163618541394,151.65502011249404,6065700
2022-02-08,151.7434844970703,152.22125711026558,150.83219297585225,151.30996558904752,6296100
2022-02-09,151.72581481933594,152.38937746129432,151.51346991383133,152.2389715491431,5387500
2022-02-10,149.89434814453125,151.48690089519502,149.788182461225,151.47805825499086,10355300
2022-02-11,148.38145446777344,150.5402335062667,148.2310350612003,149.62894192643358,13125300
2022-02-14,146.51461791992188,148.61147127903197,144.93090772447246,148.38144111945255,8967600
2022-02-15,148.02752685546875,148.72648694635345,146.8773491048004,146.9835282896192,6631400
2022-02-16,147.9390869140625,148.4964703600356,146.61196161377572,147.3020656899075,8482400
2022-02-17,147.03663635253906,148.15141673274366,145.9129998302889,147.93908532711413,6227600
2022-02-18,145.46054077148438,147.24139949122005,145.08656207076473,146.90303198667064,6423200
2022-02-22,143.48382568359375,145.79894808613906,142.86052767887077,145.64757668405474,6868900
2022-02-23,143.55503845214844,144.8194466533732,143.22558390015246,143.81325701700672,8016900
2022-02-24,140.8125457763672,142.58450568962698,138.65770763131505,142.27284987412477,12883400
2022-02-25,147.81130981445312,148.6928399871524,142.20160076074606,142.46873235128012,11340400
2022-02-28,146.53799438476562,147.0811433550756,144.58795153868874,145.02425331311827,9373500
2022-03-01,146.0304412841797,146.6982634241988,144.61466160818946,145.1756229667297,8737800
2022-03-02,147.846923828125,149.2627172087898,146.06606463990107,146.3955328287991,6793300
2022-03-03,150.01959228515625,150.78536237182323,148.0962744561909,148.43462850363983,7333700
2022-03-04,150.90997314453125,151.24834066934648,148.56815302689432,149.2715862850962,6302500
2022-03-07,153.3408660888672,154.15114658625902,149.0222776941459,149.85928357575173,11663400
2022-03-08,150.23329162597656,154.15117665099126,150.0462954212613,153.18951099862332,11100300
2022-03-09,150.80313110351562,151.57780037160623,149.49419873454355,151.38190480707468,7248200
2022-03-10,151.0702667236328,151.50656846712698,149.66338653449506,150.09078887458898,6171400
2022-03-11,150.79425048828125,152.67305739173833,150.5004071048731,150.59835489934247,5188000
2022-03-14,152.87783813476562,155.04157522879666,151.6846659038133,151.97849567295603,7729500
2022-03-15,156.8402557373047,157.1786233040599,153.64361700855582,154.3381509499866,10554400
2022-03-16,155.39776611328125,157.56150335969173,153.65251824801945,156.23477204933147,9603300
2022-03-17,157.4279327392578,157.4635439397706,155.11281068653878,156.01215314527312,7472100
2022-03-18,155.6826934814453,157.60602449889225,154.63199317315326,157.60602449889225,13809500
2022-03-21,156.56422424316406,157.7484971360299,155.21968055828506,155.52242333444968,7574900
2022-03-22,155.82516479492188,157.04504888008748,154.85459988647807,156.5642229212315,8442100
2022-03-23,155.2374725341797,156.30598519453793,155.01486516381857,156.02995422919025,5254200
2022-03-24,156.0388641357422,156.30598210539586,154.9970632934668,155.82515617314388,5012300
2022-03-25,157.5347900390625,158.2293239820819,156.02106256291455,156.43956552689752,4809500
2022-03-28,158.3450469970703,158.65668910574792,157.02721541286283,157.29433333833705,5604200
2022-03-29,158.2649383544922,159.74304094367415,157.42793248161934,159.04850704637016,5933400
2022-03-30,159.91226196289062,160.152681779302,158.21153802395443,158.8882732720933,6277600
2022-03-31,157.810791015625,160.46428027999684,157.5881836765459,159.91220484000658,11490400
2022-04-01,158.66563415527344,158.87932853883294,156.3594250201881,157.65054507273823,6525600
2022-04-04,157.13412475585938,158.6656648732994,156.28821928779016,158.6656648732994,6860600
2022-04-05,158.14918518066406,159.9656553955576,156.97381171047482,157.1340960868079,7446100
2022-04-06,162.2629852294922,162.59245342671264,159.0485337700752,159.73416837918637,10330900
2022-04-07,161.8444366455078,162.9040497647684,160.48208080270817,161.7643012634311,7385200
2022-04-08,162.16502380371094,163.11778993513119,160.66019570417893,161.46159044391942,7144500
2022-04-11,160.13482666015625,164.0170995482464,159.921132290915,162.94858694141539,5932000
2022-04-12,160.18829345703125,160.9985877239495,158.67456572351188,159.564995400509,5957500
2022-04-13,160.864990234375,161.02526101620208,159.6005820258628,160.18825514610413,5643100
2022-04-14,160.18829345703125,161.52393797252694,160.03692204236717,160.27734185948242,6188200
2022-04-18,158.1937255859375,160.62459458329755,157.37453198649067,160.03690778797352,6318700
2022-04-19,163.01980590820312,165.56643437517843,160.2327577140553,160.91839211316844,14380800
2022-04-20,163.74110412597656,164.12399593207354,161.96914427090582,162.27190067114918,8044900
2022-04-21,163.2691650390625,164.61370878646667,162.5568186720554,163.77670282424913,6969200
2022-04-22,161.6485595703125,163.08215155662737,161.50610118152144,162.47666604035794,8003600
2022-04-25,165.62879943847656,166.23429861130396,162.14723014550768,162.36092454672453,11176500
2022-04-26,164.44451904296875,166.1274438977044,163.9993042780655,164.8185114019387,10190000
2022-04-27,162.14720153808594,164.5691706283367,161.8266464059388,164.05271993838437,11090100
2022-04-28,163.35816955566406,164.28421007324567,161.98690078976412,162.2807440967427,9403900
2022-04-29,160.6869354248047,162.54793007231794,160.45541502768396,162.50340587388104,8463100
2022-05-02,159.06631469726562,161.5328080516178,157.63272275467736,160.69580220370136,7145400
2022-05-03,158.75465393066406,160.83826908133847,158.21149144572055,159.20878162650794,5898700
2022-05-04,160.45538330078125,160.7225148517048,157.73957077566274,158.63000022082454,5923000
2022-05-05,157.392333984375,160.01911222026757,156.0656025525456,159.76088002305565,7089200
2022-05-06,157.0450439453125,157.4902586878796,155.54912893198744,155.94981948292266,6434000
2022-05-09,157.89988708496094,158.99511171975473,155.46010502036157,156.22587504159512,7855200
2022-05-10,157.68618774414062,159.54718250237855,157.16083749721042,158.70127702925936,8186700
2022-05-11,156.8313446044922,158.78138728916355,156.60873724024887,156.67997322723176,6138900
2022-05-12,158.38070678710938,158.4519427847174,155.56695960941815,157.13411079616247,6898600
2022-05-13,157.4724578857422,159.28892803417813,156.53750422082092,159.11974426024585,7732200
2022-05-16,158.56768798828125,159.50264168654004,156.8669643717285,157.47246350071433,5516700
2022-05-17,159.2266082763672,160.01017699022816,157.24094072671613,159.13755989241952,5751100
2022-05-18,156.27040100097656,159.71635934191508,155.97655759089125,159.24443272213873,8608800
2022-05-19,154.8813018798828,155.64707175615732,153.7682650589533,155.5758357691928,6874500
2022-05-20,157.5882110595703,157.7484954367331,154.97925911392304,155.69160544013042,7522100
2022-05-23,160.805419921875,161.2445253851176,159.03104386258798,159.15650451982674,7040800
2022-05-24,162.5618438720703,162.86654571305095,160.50070677676473,160.63512400500326,6419800
2022-05-25,160.96670532226562,162.69628458358855,160.46486274100658,161.78220635390397,6558900
2022-05-26,160.82334899902344,162.20341624769335,160.0526581870117,162.20341624769335,6897600
2022-05-27,162.28407287597656,162.34681004498157,159.72107902285606,161.09218973256242,5853600
2022-05-31,160.8860626220703,161.45959898134834,156.83545439294,159.51495204951215,16391400
2022-06-01,159.25506591796875,161.1549024458975,157.63302045257868,160.54551240395628,5175400
2022-06-02,158.75318908691406,159.34465219602447,156.45904406583688,159.28192871885497,8666500
2022-06-03,158.09902954101562,160.11537020624243,157.8570648324165,158.68153615992566,4234200
2022-06-06,158.0811309814453,159.96305474220517,157.72267582424712,158.80702523718142,5386500
2022-06-07,159.8196563720703,160.67996783486996,158.08112026175723,158.6008897763798,5447800
2022-06-08,158.86973571777344,160.81438281830498,158.4395868295465,159.60458650625668,4333100
2022-06-09,155.6704559326172,160.09743208423293,155.60771877494895,158.80698563560443,5509600
2022-06-10,154.6309051513672,155.903438320268,152.9013260809895,154.29036329131512,6647300
2022-06-13,153.07162475585938,154.36208501292276,152.41743803566516,152.41743803566516,7997000
2022-06-14,150.7236785888672,153.34043855740052,149.8902508287118,153.29562826075858,7116800
2022-06-15,152.33677673339844,153.63619348868153,151.12696691085418,152.02311828335073,7796100
2022-06-16,152.41741943359375,152.53392348191645,150.02469702989043,150.9118780927045,7056700
2022-06-17,151.86181640625,154.3172623961121,151.66466201191565,152.91031186292747,12486600
2022-06-21,155.04312133789062,155.80485536268486,151.9514022901767,153.01782445521553,8219700
2022-06-22,157.4896240234375,159.44322716530147,153.8602087623806,154.1380134592344,10593100
2022-06-23,161.0025634765625,161.14595098207374,158.18864863328423,158.61879747563273,10223500
2022-06-24,163.35940551757812,163.57448674051005,161.28929831577133,162.00622205136153,9374400
2022-06-27,163.20709228515625,164.30936837751085,162.6514827803237,162.7769434321951,5908600
2022-06-28,158.56503295898438,163.96882487708652,158.00045319392777,163.25190101295766,9245700
2022-06-29,158.60984802246094,159.78380421902352,158.10799173058604,158.81595902454345,7097900
2022-06-30,159.0758514404297,159.77484853230538,156.85339949893233,158.49335842192897,10777200
2022-07-01,160.87710571289062,161.05633326090128,158.34099556969306,159.02206572180768,5498400
2022-07-05,159.64039611816406,160.527590850562,156.47698304218795,160.25874271884894,5676400
2022-07-06,159.78378295898438,160.80539491597398,158.98620883180988,159.57767198432595,5335600
2022-07-07,159.96302795410156,160.5186374569703,159.0758331284561,159.3894915941187,5725800
2022-07-08,159.765869140625,161.29829403824633,159.3088368532148,159.8106794450813,3828300
2022-07-11,159.82859802246094,160.4290177833551,159.0847907644082,159.24609144307334,3645200
2022-07-12,157.5882110595703,159.91819622744416,157.00570451196413,159.4970040238862,4708800
2022-07-13,157.2207794189453,158.01835349427427,156.3783950457294,157.4179337903015,5291700
2022-07-14,157.4358673095703,157.73159890481077,154.40688495449058,154.61299594237883,5359600
2022-07-15,159.72103881835938,159.9719600828447,158.21551123144738,159.25504999813424,5691100
2022-07-18,156.13644409179688,159.68520941375536,155.8496827736602,159.28194404571525,7605700
2022-07-19,153.86021423339844,158.39473748644227,152.23818261730474,158.018355592723,13256400
2022-07-20,152.9819793701172,154.63089431788637,152.13062477963314,154.31723592410992,7455800
2022-07-21,153.5196533203125,153.59134705414905,152.13958654795817,152.39050777929532,5729200
2022-07-22,154.24557495117188,154.57716026838938,153.29565665283116,153.7795860675009,4257000
2022-07-25,154.55027770996094,155.01626659631447,153.88712074589358,154.24557583911712,4437300
2022-07-26,155.6435546875,156.8085541382882,154.577146103059,154.63986958488073,4525500
2022-07-27,155.21339416503906,156.01993849662668,153.35836818333507,154.70259506179818,4648500
2022-07-28,156.1095733642578,157.80329898736667,153.63620038780553,155.39264949922972,5513000
2022-07-29,156.39634704589844,156.69207865048193,154.95354273672856,155.74214667476593,6451400
2022-08-01,155.8496551513672,156.96984412748677,155.51806991599213,156.0826495356946,5461400
2022-08-02,154.9624786376953,157.2655940048888,154.76532426096344,156.83543154246468,5794200
2022-08-03,156.45907592773438,157.05949574894558,153.93193598881842,154.63093301495599,5010000
2022-08-04,153.94985961914062,156.90716229342777,153.77960232106486,156.65624096825786,5651600
2022-08-05,153.34043884277344,153.71682072173732,152.15751264530178,153.51070976582005,5235500
2022-08-08,152.52496337890625,153.67203606068,151.8438932472859,153.51073537457978,4629800
2022-08-09,152.50698852539062,153.349372752181,152.10372326287072,152.82960347024266,5532500
2022-08-10,152.9461669921875,153.45697988450635,151.92455488173582,153.25982547071865,5603400
2022-08-11,149.78269958496094,152.30088207682581,149.639312122105,151.01939252227635,9328700
2022-08-12,148.13380432128906,150.4996430737061,147.99937342931432,150.14117436928964,14606900
2022-08-15,148.84178161621094,149.43324481753302,147.98148393627432,148.76113127262659,10072000
2022-08-16,150.16807556152344,150.7774518642912,148.4026564576473,148.63565086620264,7453600
2022-08-17,150.1770477294922,151.05527224041984,149.12855227095736,149.12855227095736,7406600
2022-08-18,149.45115661621094,150.822267015739,148.69837912938118,150.26664390948562,8312100
2022-08-19,151.72735595703125,152.4532362338563,149.65724889373553,149.74686948250638,8128500
2022-08-22,151.1951141357422,152.39500543618487,150.8162032670859,152.37695812832627,5462600
2022-08-23,149.8779296875,151.35749211442376,149.5802110949649,150.6628153985085,5566300
2022-08-24,149.3817138671875,150.29290307336674,148.92161087980057,150.26583900152394,5684300
2022-08-25,150.78012084960938,150.8793603927062,148.58783413067502,149.71554995401965,5678700
2022-08-26,148.1999053955078,151.11391920691082,148.13674670215926,151.07783835789894,5667100
2022-08-29,147.05413818359375,147.81195988632922,146.1700128637357,147.4781604195185,5259200
2022-08-30,146.53988647460938,147.54129859529044,146.1790229467857,147.32478598502072,6973300
2022-08-31,145.5565185546875,147.55032598343757,145.4933736333931,147.26162415448914,8741700
2022-09-01,149.16522216796875,149.30957309535995,145.68283519951302,145.69186573626382,7509600
2022-09-02,146.81959533691406,149.94110528011663,146.16099933109854,149.63436985514312,5803700
2022-09-06,147.21652221679688,149.95913470350013,146.89175328748752,147.90218222150358,7394600
2022-09-07,148.01947021484375,148.33522237613974,146.2963171853253,146.97294665875341,4590600
2022-09-08,149.2103271484375,149.23739122540383,147.12631062566194,147.84805146557395,5838400
2022-09-09,149.49903869628906,149.94109449281146,148.30816416821358,148.8494732748047,5500600
2022-09-12,149.43585205078125,150.274879632456,149.0569412534655,149.85987422621884,6365300
2022-09-13,145.54750061035156,148.35325781977227,145.07836702512634,147.56837209850107,6726400
2022-09-14,148.5517578125,149.183275939623,146.4948051892635,146.4948051892635,9555700
2022-09-15,148.9306640625,149.82381994986994,148.04653871199162,148.36229088271347,7174500
2022-09-16,151.20413208007812,151.23119615658086,148.63293468382716,149.14717966950187,20201500
2022-09-19,150.01324462890625,150.14856499967448,148.02846784996515,150.0312919336954,7380900
2022-09-20,148.83140563964844,149.67041949760392,148.2449989926512,149.05694877557977,7143400
2022-09-21,147.30674743652344,150.48239898120383,147.27066658802045,148.87653278461215,8071200
2022-09-22,149.92300415039062,150.80714302177302,146.90073484329307,147.18942285549622,7401100
2022-09-23,150.4102325439453,151.09587883514217,148.55175899812357,149.52610715891672,9598600
2022-09-26,149.48997497558594,150.51845103695823,148.29911447791983,149.58019772867763,8735500
2022-09-27,148.80435180664062,151.267279166034,148.317170890503,150.08543525497868,8686700
2022-09-28,150.08541870117188,151.00563851210975,148.94868629899682,149.98617917483486,8660900
2022-09-29,148.4344482421875,150.81618321860256,147.8570583620281,150.19368195782465,7008100
2022-09-30,147.37889099121094,149.5260658129056,147.34281015051968,148.85845324861543,8985200
2022-10-03,147.23458862304688,148.29915961610573,145.88132951113272,148.21795360718255,8657000
2022-10-04,149.41781616210938,149.76064614275637,146.98195298408396,147.8209806298619,6236100
2022-10-05,148.9577178955078,149.7967318021871,148.14576806542712,148.87652566571202,4539400
2022-10-06,146.0707550048828,148.85846476851142,145.87227595057334,148.6690024835578,5890700
2022-10-07,144.52806091308594,146.3504535853483,143.5988241518473,145.94447863163302,6363500
2022-10-10,144.71749877929688,145.50238447492208,143.60781665630776,144.91597783709685,5315600
2022-10-11,146.81056213378906,148.0555648862766,144.68143397463945,144.68143397463945,6212200
2022-10-12,146.77447509765625,148.7502354638518,146.60306008636985,147.0000182670199,4341700
2022-10-13,148.99380493164062,149.7516404060667,145.02425085025135,145.15055446831204,6465100
2022-10-14,148.371337890625,149.47197599099854,147.59546876782593,148.3532905809607,5684600
2022-10-17,150.29290771484375,150.8522640043408,148.8674735675115,149.21932027839316,6710800
2022-10-18,149.76966857910156,150.8161921004159,147.09924538837151,148.85847920761285,10883600
2022-10-19,148.5788116455078,149.98619873634362,147.85707079311305,149.76065558034912,10044600
2022-10-20,148.9577178955078,149.5260910362011,148.25402437182152,148.8584783592925,5659900
2022-10-21,152.2055206298828,152.8009439867642,148.34420986557868,148.59683081723824,8487600
2022-10-24,154.25344848632812,155.24584373175603,152.69269393311853,153.19790832495102,6855500
2022-10-25,154.0098876953125,154.37075122207472,152.03412753604565,153.52270679151624,5661900
2022-10-26,155.3631591796875,155.68794188655866,153.83848518815506,154.56022606632015,6123800
2022-10-27,155.45335388183594,156.46378275865646,154.9210753675152,155.48944849375724,5390900
2022-10-28,157.76290893554688,158.232042514623,155.70595662906157,156.07585067729585,6073900
2022-10-31,156.9509735107422,158.02456114279565,156.45477581112985,157.44717121035453,7810000
2022-11-01,156.1570587158203,157.5464122882982,153.74825942261785,157.03216727657193,6985000
2022-11-02,153.75726318359375,156.92389768751505,153.6309595755154,155.97661374389705,6877300
2022-11-03,154.0189208984375,154.69555040785565,152.41305463070347,153.19794045648848,4819900
2022-11-04,154.70457458496094,155.62479461632037,152.6837164970353,154.7767500546816,5300900
2022-11-07,156.0578155517578,156.84271509006118,154.66847577759802,154.87597162516713,6621000
2022-11-08,156.8336639404297,157.60051607109224,155.33605428806226,156.1931291750592,5148400
2022-11-09,155.5796661376953,157.8802090803644,155.48042659848804,157.22162691984076,6150000
2022-11-10,157.4020538330078,157.6727083648612,155.2097672676628,157.29379752669098,7877500
2022-11-11,152.69271850585938,156.17510542833415,150.5004456100581,155.83227542182226,11074700
2022-11-14,155.09249877929688,156.31042355957516,153.59488892265725,153.59488892265725,6581500
2022-11-15,155.5255126953125,156.07583845669816,153.8384545691566,155.34508095319873,9351000
2022-11-16,156.49087524414062,157.8711983089817,156.19315661520557,156.6532597147985,5500900
2022-11-17,157.75389099121094,157.8711778266218,156.0578022098376,156.07584951514556,4464100
2022-11-18,158.9627685546875,159.3597265993423,157.53733456072604,157.88016446584754,6555700
2022-11-21,159.77999877929688,160.3066379292374,158.74488427214874,159.70735746327946,5706600
2022-11-22,160.5518035888672,160.88775755857043,160.10688071567847,160.1704332090399,4707900
2022-11-23,160.7243194580078,161.07843723912475,159.8163237264346,160.20676909556707,5389200
2022-11-25,160.9331512451172,161.73217798212866,160.58810847043782,161.0602700797495,3058600
2022-11-28,161.01487731933594,161.41439763959585,160.31571675888108,160.48823815671284,6183100
2022-11-29,159.88897705078125,160.95133047388538,158.59054970751498,160.72433152395075,6700500
2022-11-30,161.62322998046875,161.63230494944,158.69948280164238,160.14319259819857,13288000
2022-12-01,162.29513549804688,163.40289121773307,161.41437867411747,162.53120936186522,6282600
2022-12-02,162.42230224609375,162.49494357675738,160.67895187491794,161.16926353825104,5823900
2022-12-05,162.33151245117188,162.8581517570362,161.62327672895532,161.95015582035668,5120600
2022-12-06,159.8980712890625,163.4392494859582,159.74369980555448,163.36660815692997,7943500
2022-12-07,160.86959838867188,161.51428143937756,160.01608020389887,160.32480927524645,5702600
2022-12-08,160.89686584472656,161.14202860969172,160.1159888401376,160.55183683450178,4798500
2022-12-09,159.57115173339844,161.52333673145304,159.4985104228081,160.8241762400702,4561000
2022-12-12,161.47796630859375,161.5052050736205,159.44406462704654,159.76185483733025,4882400
2022-12-13,162.72190856933594,163.6208154069419,161.90470416115912,162.62202849238923,9177500
2022-12-14,163.22132873535156,164.38356231301512,162.14990028450305,162.14990028450305,9533600
2022-12-15,161.16017150878906,163.2939532196404,160.17044560631152,162.71283649075937,7602400
2022-12-16,159.50759887695312,160.71523478965725,158.77212459554949,160.71523478965725,18841800
2022-12-19,159.33506774902344,159.96158694451714,158.0548044527033,159.21703773959374,5736000
2022-12-20,159.50759887695312,160.20675942744805,159.05360103856427,159.80723911287953,6174700
2022-12-21,161.33267211914062,161.78666997700168,159.489441924618,160.05240868970796,5472000
2022-12-22,160.74246215820312,161.17829617278863,159.2079473564283,160.50638828674298,5709100
2022-12-23,161.15110778808594,161.18743538269015,159.63475630392904,160.41563332890567,3683400
2022-12-27,161.10565185546875,161.94101999563304,160.70614543158516,161.72309606494932,3067300
2022-12-28,160.4065399169922,162.0318462882769,160.39745109192708,161.4053269750998,2645400
2022-12-29,161.22372436523438,161.89564621305527,160.7788153115357,161.21464939543577,2828800
2022-12-30,160.39743041992188,161.41439499709338,159.26243582636195,161.16015731652914,4216600
2023-01-03,161.79579162597656,161.96831306375083,159.81635335956375,159.95256105750454,6344900
2023-01-04,163.55728149414062,163.6117590232245,162.0590801697553,162.4313617583828,9788800
2023-01-05,162.34963989257812,163.43015703204188,161.99552211077128,162.54940006230666,6255300
2023-01-06,163.66624450683594,164.28367500634923,162.8853675572114,163.55728944337278,5706000
2023-01-09,159.4258575439453,163.22127222622248,159.06265101734863,162.8036020392767,7925300
2023-01-10,159.0445556640625,159.93438771350569,158.2818424788255,159.5348673245957,5047500
2023-01-11,158.79031372070312,159.5530268856946,156.27516141540383,159.41683305441637,6494800
2023-01-12,157.99127197265625,158.63595509813328,156.9016797645178,158.22734589702932,4269400
2023-01-13,157.4736785888672,158.0003177273189,156.52029424235857,157.25576850048307,6088000
2023-01-17,156.50216674804688,158.5179186626038,156.25700398683932,157.99127940200702,6053300
2023-01-18,154.141357421875,156.175272940969,154.09596871716215,155.8574688784832,7047800
2023-01-19,153.9325408935547,155.5215336883604,153.18799147426006,153.47854295218164,6939500
2023-01-20,153.2152099609375,154.45915972206186,152.0711264329748,154.450084752206,8620600
2023-01-23,152.8247833251953,154.0233445291498,152.49790425638207,153.54210782435769,8425400
2023-01-24,152.8247833251953,155.25821947189795,150.73639004416157,153.4694664918528,10541800
2023-01-25,153.91436767578125,153.91436767578125,151.7079444661187,151.78966076538396,7099800
2023-01-26,153.3513946533203,154.27755415536018,153.13347069551241,153.95067514610582,6946100
2023-01-27,152.75213623046875,153.3332530136691,152.33446590296816,153.0336127239837,6058100
2023-01-30,147.0953369140625,153.0336240488737,146.25998234232588,152.47974599148205,23259100
2023-01-31,148.3846435546875,148.39371852317956,146.23269835440266,146.82288996940224,11612500
2023-02-01,149.74664306640625,150.70911625231665,147.45849011646834,147.99421808732683,9865300
2023-02-02,150.30960083007812,150.92704510549186,147.83986529316743,148.00329786744726,10099000
2023-02-03,149.46519470214844,151.03602361467958,148.8114365936547,150.75454712308974,6868500
2023-02-06,148.33018493652344,149.68310357959214,148.09411103142202,149.4107020860656,7021000
2023-02-07,148.36648559570312,148.80233348890408,146.56865806472058,146.73210448839953,7310800
2023-02-08,148.5571746826172,149.41976781299726,147.91249164964663,148.27569823685351,6054700
2023-02-09,146.5504913330078,149.63768483415268,146.25086496294836,148.57533159374535,7949500
2023-02-10,147.23147583007812,147.8125924394839,146.50509045950557,146.88644693553002,7028000
2023-02-13,147.77630615234375,147.83987250427404,146.32350743161413,146.48695386878103,6414700
2023-02-14,147.13162231445312,147.97606554975383,146.87738461789095,147.7672304107739,6316000
2023-02-15,144.707275390625,147.07714480559312,144.63463406946747,147.04990604202348,12621800
2023-02-16,143.6812286376953,144.96149190312295,143.39066339552716,144.43486664779147,11177000
2023-02-17,146.68089294433594,147.33935308758453,143.23312441018243,143.59894335341264,12401900
2023-02-21,144.49514770507812,146.6442899774536,144.3945492592528,146.0041104378945,9423900
2023-02-22,144.2939910888672,145.2725411490799,143.91903187208098,144.95245128995666,9820200
2023-02-23,144.24822998046875,145.03472315986136,143.2788343312424,144.22994950168015,9385100
2023-02-24,142.638671875,143.44345950560515,141.9436368923819,143.26054307714813,8689700
2023-02-27,142.32772827148438,143.48916659041117,141.82473603063713,143.07763255865015,7267100
2023-02-28,140.16030883789062,141.9985158039271,139.95911191668696,141.7332953375381,9062300
2023-03-01,139.52931213378906,140.14204320251858,138.92572130624058,139.9316920642547,6767000
2023-03-02,139.4195556640625,139.7030566331754,138.30383226947438,138.779389934684,8762500
2023-03-03,140.85536193847656,140.94680620697287,139.7762135155214,140.26091139770526,5747200
2023-03-06,142.26370239257812,142.41917018181493,141.35833032851883,141.44063434260363,8148200
2023-03-07,140.91937255859375,142.8947529727853,140.2426319394367,142.74842539664542,7457700
2023-03-08,139.885986328125,141.0199903119066,139.44700353966022,140.8187933558355,6230500
2023-03-09,138.31300354003906,140.47128680450777,137.82830557406064,140.34325364282606,7439400
2023-03-10,138.65133666992188,140.37065062611572,138.18493326788737,138.8799682511364,8504300
2023-03-13,139.9774169921875,142.58382297118516,138.6147815049397,139.09032521432886,10799600
2023-03-14,140.76390075683594,140.86449921826343,138.91655353542436,140.17860442341197,8421200
2023-03-15,141.15716552734375,141.6510036786891,139.49272066199384,139.77622163355935,7757700
2023-03-16,140.864501953125,141.17543758373208,139.55673588374282,140.33407496026052,7605500
2023-03-17,139.35552978515625,141.70585525008212,139.28236600255246,141.27602674888786,20540700
2023-03-20,140.7364501953125,140.90107218386856,139.35552052119877,139.43782453819492,7129000
2023-03-21,140.7364501953125,140.95594152853266,139.16346386031063,140.8370486453846,8376800
2023-03-22,138.1392364501953,140.89195630781177,138.1209420121439,140.69991354925835,7943500
2023-03-23,138.21237182617188,138.72450434975727,137.27955104131865,138.25808698004832,9051500
2023-03-24,139.60247802734375,139.70307651017114,137.9380468941438,138.53248359430773,5696200
2023-03-27,140.1968994140625,141.3309032151218,140.02313716594784,141.01996758931944,6772300
2023-03-28,138.84341430664062,140.33408295218027,138.76109631950266,139.36468713416028,6115300
2023-03-29,140.20603942871094,140.2700629745724,139.07203562947694,139.2275034421279,6012000
2023-03-30,140.3157958984375,140.65418019664668,139.7487939270228,140.45298324784136,4555700
2023-03-31,141.7515869140625,141.92534915655853,140.1420255314559,140.64500386975706,9890000
2023-04-03,143.4434814453125,143.5897950740668,140.78220608625327,141.70587279115333,6841900
2023-04-04,144.94329833984375,145.38226711722538,143.20568975699143,143.55321426447506,8314500
2023-04-05,151.4547576904297,151.5004868134286,148.8483511797517,150.32073963107447,16704200
2023-04-06,151.03404235839844,152.93625910842732,150.71396646362962,151.80225520589022,9615400
2023-04-10,150.27499389648438,150.75053760615327,149.65310865024355,150.55849486501637,5354000
2023-04-11,150.22923278808594,151.15289928796915,150.01888170078948,150.36640614539814,5903800
2023-04-12,149.9091796875,150.75054237882,149.1592752264706,149.92747412447147,5764100
2023-04-13,151.91200256347656,152.11319951658365,149.80858875208162,150.14695910295836,5640600
2023-04-14,151.66505432128906,151.92112059607015,150.0371984510812,151.78394721835363,7225100
2023-04-17,151.50955200195312,152.0308386276833,150.84195179150345,151.5735755333497,8046400
2023-04-18,147.24789428710938,150.61335877883278,146.00413779412378,150.21096492013658,14571500
2023-04-19,148.6379852294922,148.77515861740585,147.39422867899816,148.14414707843662,6752000
2023-04-20,149.59823608398438,149.81772745228068,147.20218128698843,148.54652230978462,9498800
2023-04-21,148.7843017578125,150.86942082656736,148.12584163561988,150.3847229525319,7014200
2023-04-24,149.68968200683594,149.80857491029596,148.03439137204393,148.78430975607463,5278900
2023-04-25,151.06146240234375,151.21694416866154,150.12865553182868,150.26582890850287,6263100
2023-04-26,148.7202606201172,150.33897605858107,148.37275011947438,150.0646153810266,5518200
2023-04-27,149.06781005859375,149.4427692489413,148.27217651944767,148.9763518325596,5739700
2023-04-28,149.70797729492188,149.76284664927223,148.66541769856664,148.8940493114039,6024900
2023-05-01,149.6165313720703,150.25669709003958,148.3727748537732,149.6165313720703,4893400
2023-05-02,150.92431640625,151.33585056549808,149.57996125268986,150.29329084993796,7541700
2023-05-03,148.94891357421875,151.97599379197842,148.61968350480456,151.3998516364279,5937200
2023-05-04,148.2721710205078,148.97634630750412,147.46738331586567,148.7751493813436,5128000
2023-05-05,148.775146484375,149.1866945236859,147.86977428884768,148.9214740559271,5194500
2023-05-08,148.43678283691406,148.6745686399828,147.54969108215587,148.1441416352618,4994900
2023-05-09,147.2844696044922,148.27215972460755,147.0466838255639,147.92463525052125,5520500
2023-05-10,147.83316040039062,148.12581549396782,146.37906703490654,147.42162638529024,6756600
2023-05-11,147.22959899902344,148.32702780492065,145.76635128811756,147.99779776769506,5867600
2023-05-12,147.03753662109375,147.75086601496136,146.33334746653483,147.5679635468401,3904200
2023-05-15,145.91268920898438,147.2661843671949,145.3548275494854,147.0558472034851,5104500
2023-05-16,145.7206268310547,146.55284916762318,144.97986271229817,145.46456056665897,5599200
2023-05-17,145.40054321289062,146.3790791093099,144.28481999707972,146.13215309805625,6840700
2023-05-18,144.9341278076172,145.34566186218456,144.09276526473872,145.09874980218268,5173000
2023-05-19,145.327392578125,146.2601994524515,144.62320334766784,145.03473743393724,6527100
2023-05-22,144.54417419433594,146.6358163387458,144.46124918161314,145.58539066469842,5675900
2023-05-23,144.4888916015625,145.83418051873556,144.08346167967875,144.7561131681918,5793000
2023-05-24,144.35069274902344,144.79297357480638,143.66883201189037,144.73769022906527,5015100
2023-05-25,142.27748107910156,144.00975348255426,141.64169449161764,143.78862010245814,6886100
2023-05-26,142.22218322753906,143.07910310771402,142.08396081922376,142.53546485728998,6845400
2023-05-30,142.2406005859375,143.1712503249046,141.2731140341215,141.87203561951733,5593100
2023-05-31,142.8763885498047,143.45689173465078,141.7614703761967,142.54467445272869,11324600
2023-06-01,142.39723205566406,142.85794526338375,141.11644990059742,142.39723205566406,7901300
2023-06-02,144.63632202148438,144.94960366403294,141.98260914377195,142.56311235073477,7659700
2023-06-05,145.88023376464844,146.17508290024833,144.43358757418804,144.43358757418804,6430500
2023-06-06,145.75125122070312,147.0688985551948,145.03253960547275,147.0412568822901,5073600
2023-06-07,146.06455993652344,146.32255827981433,145.069417443892,145.67756242158708,6504300
2023-06-08,147.6678009033203,147.8152325127677,145.41953212858252,146.04609537895564,5818400
2023-06-09,147.43746948242188,148.1008977784599,146.93990529032064,147.81525777374858,6264400
2023-06-12,147.33609008789062,147.65859498324585,146.2580227820595,147.4282383608071,6510600
2023-06-13,148.110107421875,148.20224164016258,146.64502853461397,147.17945761615366,6066800
2023-06-14,148.86566162109375,149.3448073331232,148.33123256918634,148.90252655424734,6699100
2023-06-15,150.8651580810547,151.03102216346744,148.74587430260902,149.31716829775,7138300
2023-06-16,151.32589721679688,152.02619048032184,150.99418305508902,151.5562538829869,13426600
2023-06-20,151.23373413085938,152.32101063909369,150.93887090566554,151.3535100137235,7995800
2023-06-21,151.00335693359375,151.96163416519838,149.90685731156842,150.72692621260282,7177500
2023-06-22,152.60667419433594,152.6988224814184,150.9204617716801,151.02181926352895,5485900
2023-06-23,152.47764587402344,153.20558064716897,152.06300678114218,153.05814903996838,9450700
2023-06-26,150.7730255126953,152.01694287503747,148.65374171110702,152.01694287503747,6978800
2023-06-27,150.45974731445312,151.00339970834764,149.67654311961275,150.81910313558095,4927500
2023-06-28,150.15565490722656,150.37678824871685,149.1881543586526,150.37678824871685,6780400
2023-06-29,151.2061004638672,151.40881542695394,149.4830232776298,149.86081153245993,4547500
2023-06-30,152.51451110839844,152.90150853317903,151.43644384082705,151.90636627237808,7580000
2023-07-03,150.51504516601562,151.47332267189728,150.15568934382816,151.42724852856978,4033700
2023-07-05,150.0174560546875,151.0402400991634,149.94374024267037,150.18332014668945,7224600
2023-07-06,148.9025115966797,149.61199980031347,148.34965013373156,149.50143313166427,6332500
2023-07-07,146.73716735839844,148.3865145759663,146.69109322229662,147.86130879199195,7022200
2023-07-10,146.9767303466797,147.70466512742834,146.50680791115292,146.90301454230942,5739200
2023-07-11,146.16590881347656,147.70468957731163,145.21684052236785,146.62662212216446,6606700
2023-07-12,145.6591033935547,146.45153074913884,145.47482090478337,146.45153074913884,6940400
2023-07-13,146.33175659179688,146.62661985352506,145.04176497137155,145.58540329284693,6401700
2023-07-14,147.3084259033203,147.64013995132694,146.488357015172,146.67263947298673,5362200
2023-07-17,146.57130432128906,147.30843419403465,145.7235796598997,147.19786752509302,5486800
2023-07-18,146.56210327148438,148.2483155276567,145.76046668046186,146.57132653519474,6332500
2023-07-19,146.2672576904297,147.80603836364938,144.96804286207262,145.50247195586178,7522600
2023-07-20,155.1498260498047,155.85010525229353,148.62612358712255,149.2158360891803,21892900
2023-07-21,156.81761169433594,157.39811501216414,154.9655350364481,154.9655350364481,12080000
2023-07-24,157.6376495361328,160.16236324337848,157.5547245243249,158.02464698442253,15155400
2023-07-25,158.84471130371094,159.11191879822263,156.41214594391397,157.0571416719184,13790100
2023-07-26,159.1488037109375,160.19002026962272,157.93251384841804,158.4853754331731,14288200
2023-07-27,160.04257202148438,160.59541948898197,158.52220985119746,158.65120899959882,12446400
2023-07-28,160.77047729492188,161.58133704100163,159.6186942737183,160.32819655153807,14138800
2023-07-31,154.3665771484375,156.84521663047954,153.61101474557486,156.35686172061835,22632700
2023-08-01,155.61973571777344,155.8040182232047,153.01209678935186,153.29773678174843,15810300
2023-08-02,156.5595703125,157.78506916893488,155.58286053244635,155.58286053244635,14595600
2023-08-03,157.2322235107422,157.85880086622666,156.33843864620394,156.5964369514466,17424800
2023-08-04,155.75794982910156,159.11194216718178,154.69831483888245,156.95580724838473,23415100
2023-08-07,159.49891662597656,159.72004996528295,156.05277680332318,156.17256673534825,17736400
2023-08-08,159.5726318359375,159.91356919589987,157.9232846150283,159.39757261415963,27378700
2023-08-09,159.4712677001953,160.5585440619006,158.5314088713675,159.40676110593287,42974400
2023-08-10,158.64199829101562,162.14342179135897,158.1536433724255,160.32821046759855,48213800
2023-08-11,160.1900177001953,160.28215192294059,158.1352262890358,158.9276537158854,45905600
2023-08-14,159.8122100830078,161.8024946434898,158.25499709058957,159.88592588819444,64036900
2023-08-15,159.3515167236328,160.84422330027445,158.61437263966454,159.2225175634274,88958100
2023-08-16,158.84471130371094,161.0008459058339,158.6051454789814,158.97371044931182,85832700
2023-08-17,160.33738708496094,161.60895989146402,159.18560419786746,159.27775245277482,70904200
2023-08-18,158.93687438964844,160.31901424698597,157.84958372408565,159.56343770957835,49631700
2023-08-21,154.2007293701172,156.50429560474785,152.91994710605664,156.35686399136688,151319500
2023-08-22,152.9752655029297,154.65225479492742,152.41319465047786,153.7492605607748,56834800
2023-08-23,151.60231018066406,153.41752162133238,150.62560028057928,152.86466006362042,119011400
2023-08-24,152.11830139160156,153.57415698592686,150.98495070444534,151.14159152625936,70755100
2023-08-25,154.29934692382812,155.71936384075903,152.26676980220063,152.48952282988992,18185500
2023-08-28,152.48023986816406,154.2622358507261,151.44075401328007,153.13920875527043,18458000
2023-08-29,152.4988250732422,153.77034018998162,151.0695318455298,153.0185680651376,12208600
2023-08-30,151.9605255126953,153.90957601900047,151.91411685074797,153.24133094037785,9939100
2023-08-31,150.05784606933594,151.81199958264511,149.68660519064733,151.62636498136908,15333000
2023-09-01,148.94412231445312,150.80035519431098,148.5079064547319,149.8165540338956,8610100
2023-09-05,149.12974548339844,150.32702364337314,148.7585045654455,149.0183760403992,9019800
2023-09-06,146.6516876220703,148.49864461273762,146.0391414761129,148.35014256926064,9753800
2023-09-07,148.52647399902344,149.48243280724193,147.55194889650886,147.70045092701136,9931800
2023-09-08,149.01837158203125,149.12974102169852,147.74685660605405,148.1180975129001,6957000
2023-09-11,150.96742248535156,150.9952648454044,148.91627893588435,149.48243052684683,6309300
2023-09-12,151.82130432128906,152.1461366110073,149.91866259432578,150.55906526865368,6045800
2023-09-13,152.2018585205078,153.0928425971733,151.283017914631,151.98838148881921,7397500
2023-09-14,151.96981811523438,153.38983538899697,151.69138030113797,152.84223582856436,7758400
2023-09-15,149.84442138671875,152.97218394107378,149.62168246762224,152.19255523843,13392100
2023-09-18,150.79107666015625,151.42218903125044,149.19471527665206,150.46623024672482,5789000
2023-09-19,150.54051208496094,151.14379638172946,149.7794638250477,150.58692074808707,5550800
2023-09-20,151.199462890625,151.78416665735364,150.03931726196686,150.5312178755632,3837400
2023-09-21,150.03932189941406,151.74705291871763,149.97434694447264,150.8839113420461,4526700
2023-09-22,148.9626922607422,149.79799141238422,148.73066314507125,149.70518826327586,4976700
2023-09-25,148.7399444580078,148.83276177232352,147.3199273529671,148.5636142199021,6722500
2023-09-26,147.589111328125,148.57291269574907,147.44060926759488,148.3223172388465,4904800
2023-09-27,145.8163604736328,147.3477467880264,144.09933955949197,147.1806926425718,10211600
2023-09-28,145.60293579101562,146.60530341191608,144.9903754401428,146.1783635474466,7861900
2023-09-29,144.55416870117188,146.27119017395387,144.18292770475557,146.05771314717506,7680700
2023-10-02,143.9972686767578,144.2478640959969,142.29882795173137,144.2478640959969,7259700
2023-10-03,144.17359924316406,144.32210126712584,142.82783328559987,143.56103901577097,5740800
2023-10-04,144.3406524658203,144.72116938977175,143.45894480389416,144.38706111369663,4955200
2023-10-05,145.84423828125,146.6795375354206,144.85116090848877,145.03678139142278,5993300
2023-10-06,146.3083038330078,146.92086420284207,145.33377854680526,145.788560790216,5802200
2023-10-09,147.1436004638672,147.45917087293503,145.7978342177383,145.88136131340238,4414100
2023-10-10,146.97654724121094,147.82113675698636,146.54960736844387,146.9951135387927,5273500
2023-10-11,144.95323181152344,147.61693586351447,144.82329606473857,147.06935051363072,6922900
2023-10-12,145.09243774414062,145.3059005496707,143.9230161846205,144.71190662328922,5792400
2023-10-13,145.57510375976562,146.04843815798398,144.832607599511,145.4637201304688,5359800
2023-10-16,146.20620727539062,146.87445236222098,145.5658045536836,146.4753690208299,6408100
2023-10-17,144.86968994140625,147.52410349368134,143.49608159241853,144.76759656778287,12244400
2023-10-18,141.75120544433594,144.73974120898797,141.12009312729467,144.2385646138041,9097300
2023-10-19,141.37071228027344,142.103918085073,139.35668700988606,140.76742805724876,7733800
2023-10-20,142.00181579589844,142.80927256958594,141.3799794784464,141.76051061898562,7207000
2023-10-23,140.507568359375,142.46589490797504,140.34051417284692,141.87190086376123,5874000
2023-10-24,140.3590545654297,141.0365898081602,139.3381349108751,139.91356261002286,6155300
2023-10-25,140.67465209960938,141.23151361089975,139.43096498432718,140.36837189552816,5880800
2023-10-26,138.28936767578125,141.04587499663583,138.1779982202105,141.04587499663583,7612500
2023-10-27,135.13377380371094,137.9738081484137,134.53048955593,137.81603003614515,11385800
2023-10-30,136.4609832763672,136.65589399463477,135.50502430633895,135.58855140190985,8205300
2023-10-31,137.67677307128906,137.8623935050079,136.09897814178197,136.9342771744824,7576900
2023-11-01,138.0016326904297,138.99470989515495,137.7881698792718,138.46569090021018,5733000
2023-11-02,139.4402313232422,139.58871920364922,136.93430538501966,137.09209765621614,5349100
2023-11-03,140.46116638183594,141.32432220577593,139.3567053341168,140.34052085091426,4926800
2023-11-06,140.7952880859375,141.4728092515802,140.48900790263542,140.86953911479276,4851400
2023-11-07,140.0527801513672,141.30574314451601,139.8485933797143,141.0087390541356,4840400
2023-11-08,139.54232788085938,140.91593639892181,139.53303765179285,140.47044442369997,5460000
2023-11-09,136.82293701171875,139.68153762059563,136.67443496820803,139.68153762059563,6973600
2023-11-10,136.6651611328125,137.82530681305707,135.1708929301801,137.59327767700816,6930700
2023-11-13,137.01785278320312,137.26843405872188,136.1082883545003,136.6651639573006,5889300
2023-11-14,137.04568481445312,137.862417698531,136.40528216809705,137.02711851924366,6713600
2023-11-15,138.103759765625,138.6791875543606,136.68374243011314,136.75799346123,6729100
2023-11-16,139.31028747558594,139.3752482641238,137.9552312014053,138.75341193015643,6875600
2023-11-17,139.02256774902344,139.95068427202415,138.35433688144244,139.7279453701419,7023300
2023-11-20,140.24815368652344,140.70656355922554,138.03089285449911,138.3770556909202,8851700
2023-11-21,141.38014221191406,141.53918380851164,139.9674685418936,140.4258926323287,5916300
2023-11-22,141.0994873046875,142.24084379179428,140.69719386775384,141.85727960468344,4633500
2023-11-24,142.67120361328125,142.8395955588241,141.1369040274046,141.1369040274046,3351400
2023-11-27,141.52984619140625,142.5028251085682,141.23982829649938,142.47474550631964,6449700
2023-11-28,141.85728454589844,142.02567649605507,141.11819291929532,141.64209802024047,5909000
2023-11-29,142.3063507080078,142.39054668704213,141.33338608558628,141.57662367235565,5190000
2023-11-30,144.69198608398438,145.14104552718203,142.1285771398524,142.44666031731148,12481900
2023-12-01,148.17225646972656,148.24710210341533,145.44980543009595,146.3572891099728,10342900
2023-12-04,148.6400146484375,149.70653982951072,147.81672704362893,147.81672704362893,8920300
2023-12-05,148.33131408691406,149.34170883767493,148.0225811679027,148.5652013641639,7268200
2023-12-06,146.5256805419922,148.43420850569504,146.10468634496345,148.30323221605622,6642900
2023-12-07,145.3843231201172,146.48827847135195,144.7388062382235,146.48827847135195,6532400
2023-12-08,144.4674530029297,145.80529529363696,143.92483295200964,145.40300186134164,6254700
2023-12-11,145.06622314453125,145.4591520046874,144.40199136022366,144.54231799765637,6090400
2023-12-12,145.07557678222656,145.30946401046228,143.74708476354527,145.01008150615567,5324400
2023-12-13,145.74916076660156,145.88950167057897,141.98826436578128,143.75645126328445,10764600
2023-12-14,146.7595672607422,147.0308844653029,145.05687550161443,146.38535337037308,9240700
2023-12-15,145.15977478027344,146.5911634949868,143.84999771870304,145.46850763888625,21727800
2023-12-18,145.42173767089844,146.35728666335112,144.78555693285136,145.20656539973086,7231400
2023-12-19,146.37599182128906,146.41340749732564,144.95395345105584,145.29075163675992,6651500
2023-12-20,143.39158630371094,146.56309655685993,143.24189505111931,146.45082097974446,7008300
2023-12-21,144.8603973388672,145.13171453108265,143.4196582236222,143.78452174650104,4598600
2023-12-22,145.44044494628906,146.4414748920263,145.02880112735264,145.24397338712615,3798900
2023-12-26,146.07659912109375,146.2730706637749,144.8697473671298,145.0100739866572,4170000
2023-12-27,146.2731170654297,146.43215870979384,145.40304892232317,145.4778945682617,5288100
2023-12-28,146.48825073242188,147.1057164420194,145.9362802989984,145.9456306490189,4377500
2023-12-29,146.63795471191406,146.78763170195052,145.92692833902555,146.42276816467424,4313700
2024-01-02,149.65975952148438,151.22212448027972,146.68470657947933,146.81568285520638,9622100
2024-01-03,150.59530639648438,151.03501551807074,149.50071590509174,150.28657354885928,8232000
2024-01-04,150.27723693847656,151.5402194938575,150.0807653719002,151.1753559633682,6766600
2024-01-05,150.7449951171875,150.9414523871629,149.1919805553051,150.1555947565753,5602500
2024-01-08,151.11920166015625,151.24082757640102,149.32294961612314,150.71692251464248,6569800
2024-01-09,151.2127685546875,152.75641848136192,150.2491543597962,151.2127685546875,6357000
2024-01-10,151.43728637695312,152.13894800794588,150.81047036630736,151.39052035516087,4945100
2024-01-11,150.76370239257812,151.74603161133194,150.4175538611038,151.62441995925218,4946000
2024-01-12,151.92379760742188,151.99864323852637,151.2689161794382,151.40924281566882,4496900
2024-01-16,150.17431640625,151.7928120382831,149.85621892467444,151.15664562581915,6923200
2024-01-17,150.09011840820312,150.904055741047,149.5662132550844,149.921726441277,5072100
2024-01-18,150.81985473632812,150.96953172127544,149.39781631424648,149.68783420897128,5368500
2024-01-19,151.259521484375,151.48405833305247,149.94975888877715,150.76368176780284,7071300
2024-01-22,151.99862670898438,153.03708653019396,150.94145191319777,151.5589175961533,6824200
2024-01-23,149.51007080078125,150.16495219049938,146.79698463965894,149.3697441727501,9149800
2024-01-24,148.7148895263672,150.2491894619094,147.96644739980718,149.45396702581198,7247900
2024-01-25,149.2761993408203,149.33232999796272,148.25645433514634,148.75229417369772,5478900
2024-01-26,149.22003173828125,150.38011737493068,149.08905547892903,150.0900852592621,5591900
2024-01-29,149.08909606933594,149.75334217104398,148.71488216225947,148.7616481941349,6483200
2024-01-30,148.537109375,149.4632936904655,147.93835862371196,149.07972947387728,7200500
2024-01-31,148.65870666503906,150.26785183025905,148.4435344264755,150.06202994107912,8256800
2024-02-01,148.15353393554688,148.27515986850543,146.92796708151445,147.9664269985413,8012000
2024-02-02,146.5163116455078,148.10674189705205,145.88949560476627,147.7886587018118,8295900
2024-02-05,145.75851440429688,146.77825922974645,145.32815565002258,146.5163066924813,9121600
2024-02-06,147.87286376953125,148.4996798488214,145.57142136202944,145.78659362200213,9229900
2024-02-07,147.7980194091797,149.09843188117594,147.52671649430744,147.62962745001983,8690300
2024-02-08,146.31985473632812,147.19927306142978,145.30010977438877,147.19927306142978,9755000
2024-02-09,146.6566619873047,147.06830584788221,145.63691696245746,146.19825209512598,6529200
2024-02-12,147.67640686035156,148.20031198614205,146.27308344112242,146.4882557016412,6701500
2024-02-13,146.38534545898438,148.2377283842858,145.71174907244858,147.47993601826903,8621000
2024-02-14,145.702392578125,146.37598893625676,144.86038999278855,146.27307798500487,9098800
2024-02-15,147.74191284179688,148.26581805616286,145.84274930204697,145.92694529535297,7462500
2024-02-16,147.57220458984375,148.24147959606134,146.74266605215664,147.61934007652707,8541000
2024-02-20,148.8070831298828,149.5140723096364,147.46851867559718,147.58163234156362,9501700
2024-02-21,149.58006286621094,149.58949859497682,148.11896328078404,148.9579232681752,7472500
2024-02-22,151.24855041503906,151.52192762202995,148.72224929291693,149.86285045886265,8065000
2024-02-23,152.558837890625,152.94532876826761,150.97518900233135,151.6538997783806,6726000
2024-02-26,151.5690460205078,152.71908289398888,151.36167576254726,152.52113398020288,5465400
2024-02-27,151.7481689453125,151.80472578404667,150.48501826780543,151.14487202592605,5078600
2024-02-28,152.2854766845703,152.34203351922065,151.0977256219848,151.76701506072203,6071100
2024-02-29,152.12521362304688,152.8887595885133,151.71044436187233,152.70965337266693,9849100
2024-03-01,152.82276916503906,153.24697415953636,151.8518385554312,152.54940635748378,5670100
2024-03-04,150.6735076904297,152.34200592909934,149.19355137809112,152.06864314988644,8532900
2024-03-05,150.7960662841797,151.99323854766547,150.0702200978755,151.4087844310236,8298200
2024-03-06,150.20220947265625,151.70102313208528,150.08909580288264,150.31533752616204,5773700
2024-03-07,149.7591552734375,151.16371227518246,149.16529414909374,150.82435689681535,5188700
2024-03-08,150.3719024658203,151.1920053833454,149.34440050297823,149.75916982614635,5284000
2024-03-11,151.98382568359375,152.06867532188554,149.76860141784033,150.34361989385164,4620800
2024-03-12,153.40725708007812,153.7560338660242,151.88958613750427,152.3137768416587,8018700
2024-03-13,151.86126708984375,153.35064482888012,150.64523776168417,153.2092527598989,6260000
2024-03-14,150.0796661376953,152.27603315060168,149.58948295629912,151.7104504493581,6988300
2024-03-15,149.10874938964844,150.06083751707908,148.0906974576433,148.9956357046999,13165500
2024-03-18,147.77015686035156,149.58948312487718,147.52507246124296,149.47636946124726,6602300
2024-03-19,147.25172424316406,147.8644424935395,146.73326259391334,147.68533625254992,7840600
2024-03-20,146.82749938964844,147.46851035600218,146.30905219406327,146.77094255985594,5982300
2024-03-21,146.81809997558594,147.94927989158865,146.20538171633996,146.66727215112346,5915800
2024-03-22,146.3279266357422,147.39312844042718,146.21481295161067,146.7615530644696,7248600
2024-03-25,146.3184814453125,147.03489196761947,146.0168258251422,146.48815194385955,7498100
2024-03-26,146.83694458007812,147.27055655891888,145.88485660477699,146.68611676842403,6864100
2024-03-27,148.9013671875,149.14645161320047,146.5258793074097,147.04434096151928,8461600
2024-03-28,149.11814880371094,150.01366548684342,149.0427349041998,149.12757014725085,6181500
2024-04-01,148.731689453125,149.08046622644517,147.7796157397121,148.6751326124497,4364700
2024-04-02,148.68455505371094,148.77882604468695,147.00663497722104,147.59108923055152,6102300
2024-04-03,145.4135284423828,148.9861884642231,145.40410709818596,148.74108967778864,8098200
2024-04-04,143.7544708251953,146.58242762831392,143.66963557319747,146.4033213960526,6947400
2024-04-05,143.65078735351562,144.2352271927179,142.9155196900892,143.3114319408778,6783000
2024-04-08,142.89666748046875,144.26351052266276,142.86838906043073,143.2737370538649,5935400
2024-04-09,143.5565185546875,143.78276029447073,142.28394652570643,142.85896502855562,6135300
2024-04-10,141.5863494873047,143.11345574513714,141.17158024156575,142.84007856784092,6809500
2024-04-11,140.25723266601562,142.21795122188618,139.88017749069675,142.1519730388852,8374400
2024-04-12,139.06004333496094,140.5211569826305,138.7112522732236,139.56906914566744,7100200
2024-04-15,139.12603759765625,140.9170854446071,138.91865295870687,139.861305178029,8502300
2024-04-16,136.16610717773438,137.86288401154576,135.16689814885964,136.69399010742436,12774900
2024-04-17,136.4677734375,137.07107031619805,135.30830078671556,136.68457943260324,9378100
2024-04-18,137.38217163085938,137.43872847579888,134.92184818984796,136.6657465716664,9887700
2024-04-19,139.42770385742188,139.6350885122052,136.2509558548223,137.7686266191553,9750800
2024-04-22,140.56829833984375,141.65235705313026,138.85267873143096,139.99327989435628,10118700
2024-04-23,140.9830780029297,141.85975213587426,139.70107027851722,141.26587657432253,10110400
2024-04-24,140.0121307373047,140.44575708007275,138.43790328235892,139.6444969530207,9756300
2024-04-25,138.40020751953125,141.0019225000743,137.9383027479979,140.80395920263672,7642700
2024-04-26,137.7592010498047,138.7395530738445,137.58009481855413,138.28708401534396,6183000
2024-04-29,138.40020751953125,138.77726265860187,137.61780444141473,137.75919652263332,6149600
2024-04-30,136.298095703125,138.45677757408473,136.2415388652366,138.45677757408473,8817700
2024-05-01,142.5101776123047,143.141767354433,139.154337494872,140.21011792443156,14470900
2024-05-02,141.32244873046875,143.59424450914054,140.58718099538785,143.32086725312607,8459800
2024-05-03,140.7096710205078,141.29411066998045,139.3428284685676,141.29411066998045,6532700
2024-05-06,140.0592803955078,141.4449804265679,139.42770508084675,141.27529553310512,5042800
2024-05-07,140.19125366210938,141.14332732364093,139.9367335092064,140.81340764310204,7333500
2024-05-08,140.40805053710938,141.14331814547634,140.17238747330634,140.56829969444763,7735100
2024-05-09,141.25645446777344,141.49211754537484,140.35150192094164,140.43633717678227,6546200
2024-05-10,141.31301879882812,141.48268931950705,140.63430794864544,141.39785405916757,5710600
2024-05-13,142.54788208007812,143.2831497240159,141.12448228398986,141.43554488557442,5628500
2024-05-14,142.69873046875,143.4811337172499,142.05771933225955,143.14177826469253,8254200
2024-05-15,143.9147186279297,144.1786601097006,142.62328963614115,143.11347283817227,5548000
2024-05-16,145.432373046875,145.52664401568836,143.59420422485735,144.22577944146187,7591000
2024-05-17,145.771728515625,145.97911314019834,144.89506891661713,145.97911314019834,6521800
2024-05-20,143.74769592285156,145.76226857345125,143.7381839197797,145.486695984456,7742300
2024-05-21,143.71917724609375,145.00203605624256,143.29154314270733,144.23231787015257,5492400
2024-05-22,145.8667755126953,146.41793510153835,142.84491702559305,143.33904810524348,6609800
2024-05-23,142.25575256347656,145.23960684089337,141.95167298425133,145.15408581861163,8000400
2024-05-24,139.66151428222656,142.3602840026551,139.46195072895367,142.09420893162718,9520600
2024-05-28,137.20030212402344,139.49044706008516,136.9817290824054,139.49044706008516,10499800
2024-05-29,137.25730895996094,138.18857158860038,136.56361436413783,136.6681448785771,8263800
2024-05-30,138.05552673339844,138.36911826005073,136.8581891316362,137.4283436800939,8490300
2024-05-31,139.3764190673828,140.14613721410345,137.97002029930064,138.33112836813362,14621200
2024-06-03,140.39321899414062,141.49552371786388,139.47145380705962,139.92758039963485,7329200
2024-06-04,140.45021057128906,140.93484409223848,138.9202720051539,140.1461165581439,8876400
2024-06-05,138.71121215820312,140.63076575726186,138.5971841523187,140.61175625628087,5891300
2024-06-06,139.1388397216797,139.6899992819761,137.46636603871238,138.26459112603757,5016300
2024-06-07,139.76605224609375,140.92538561725425,139.06284552096216,139.3859346243991,5111600
2024-06-10,139.81353759765625,140.2221476373959,138.3596224562548,139.2433685422041,5749900
2024-06-11,139.46194458007812,139.84206216479,138.207592800537,139.50946109066751,5661200
2024-06-12,138.17906188964844,139.8895544749341,137.58038585979827,139.74700496782654,6180500
2024-06-13,138.21707153320312,138.73972407870536,136.72515190331634,137.85597800176626,6840400
2024-06-14,138.3026123046875,138.71123689865664,137.29532607304745,137.92250921727728,4075300
2024-06-17,138.6922149658203,139.1483415298389,137.54239380443985,137.8084688417842,6666600
2024-06-18,138.40713500976562,139.1103416317523,138.03652944547594,138.7017315608699,6156600
2024-06-20,140.43121337890625,140.71629791621663,137.79895553441006,138.0460355667466,8749700
2024-06-21,141.3529815673828,141.66657311523005,140.0416013672948,140.53574694269062,15172300
2024-06-24,141.70457458496094,142.27474365974027,140.80181896656197,141.59054657000584,6914700
2024-06-25,139.8705596923828,141.78060148860925,139.63299165553863,141.76159198566108,5912500
2024-06-26,139.51895141601562,139.87054743974454,138.5306603493167,138.92977287625246,5267800
2024-06-27,138.5496826171875,140.03210485383192,137.6374149715589,139.4999547688829,5739200
2024-06-28,138.89178466796875,139.75653582777954,138.4071365784031,138.77774214689308,10495700
2024-07-01,139.15786743164062,141.30547744758792,138.37863724443636,138.80627134717227,5144400
2024-07-02,138.7682342529297,139.83253436991393,138.4926617226397,139.1483372947093,5492000
2024-07-03,138.44515991210938,139.35741310920847,137.54240421706226,138.92979351681808,3246200
2024-07-05,139.19586181640625,139.26238782754987,137.3143270012343,138.52117670339115,4888500
2024-07-08,138.24557495117188,139.89905355225164,138.02701643781103,139.11982350461608,5260200
2024-07-09,139.73751831054688,139.81354182023662,137.9604995840531,138.42613814340208,5890400
2024-07-10,141.9991455078125,142.03716450982265,139.38589736964423,139.93705689878527,6093200
2024-07-11,142.25575256347656,143.09199678135258,141.24846630103704,142.14172453376756,6350400
2024-07-12,142.4268035888672,143.37707579962824,141.81862995398026,142.5408316141575,5336400
2024-07-15,141.818603515625,142.77837304956867,141.46699300318977,142.6168285438554,6711400
2024-07-16,143.5005645751953,143.5670905729122,141.74257013552804,142.24621311824347,6469600
2024-07-17,148.79360961914062,149.65836072444452,143.8902020220348,144.0137420370787,13801400
2024-07-18,147.6912841796875,149.25924180368438,146.9310636195679,147.86234069321495,10166200
2024-07-19,146.9976043701172,148.72709218037255,146.45594227294762,148.72709218037255,7398000
2024-07-22,146.56996154785156,147.39669356504305,145.9522760350071,147.07360455832458,6840600
2024-07-23,144.77395629882812,145.86676338411584,144.0327452409806,145.68620937002459,6261900
2024-07-24,148.508544921875,148.63208495342113,144.75497246339478,145.16358256773395,7168200
2024-07-25,151.70144653320312,152.59470468060522,148.24245646241357,148.69858303768186,10019600
2024-07-26,152.65171813964844,153.54497628383004,151.53990146018913,151.80597650313655,8356900
2024-07-29,150.67515563964844,152.04354990882837,150.1905220443151,152.0150429032207,5625000
2024-07-30,153.30740356445312,153.51646459181447,150.485094195077,150.65613621746252,6545700
2024-07-31,150.00045776367188,152.3761380291719,149.8959272519898,151.90100197607188,8293200
2024-08-01,152.7657470703125,152.81326357826595,149.8674285851847,150.59912770765834,7213400
2024-08-02,155.9776611328125,156.65236070043406,152.99380733375668,153.84904641947276,11280400
2024-08-05,153.23138427734375,157.53611595936755,152.59470367647071,155.64506915975795,12032200
2024-08-06,151.06475830078125,153.44993607394514,151.03625129751646,153.04132602714884,7607100
2024-08-07,150.9982452392578,152.63271456658043,150.3235601041438,150.96973823354892,5993000
2024-08-08,152.25259399414062,152.70872053306917,150.17149581652734,150.68465086032305,5094800
2024-08-09,152.63272094726562,152.92730301857407,151.41637365282872,152.1575848322511,4579200
2024-08-12,151.92950439453125,153.65899203562424,150.81768780382836,152.96529747903207,7605400
2024-08-13,150.51361083984375,152.39514570661416,148.66058297863026,152.30012718809206,9711400
2024-08-14,150.59912109375,151.61591921928917,149.5728254670382,149.98145001748912,5141200
2024-08-15,151.17880249023438,151.56841757654476,149.9909622270953,150.49460533866602,7237800
2024-08-16,151.46385192871094,151.98650442328892,150.31401644063936,151.22628393117546,5012800
2024-08-19,151.69192504882812,152.3190935531645,151.21678904554295,151.5303805477112,4408400
2024-08-20,152.19557189941406,152.9272709229686,151.72993338442444,152.04352489451944,7275100
2024-08-21,153.4024200439453,153.44993654953444,152.33811991875712,152.4236409288165,5019400
2024-08-22,154.2766876220703,154.409725141578,152.794250904696,153.94408657329998,6552100
2024-08-23,155.96817016601562,156.05369117816977,153.65900133783921,154.41922194588088,7093400
2024-08-26,156.42428588867188,157.46959096477664,155.40748781464256,156.00616385822997,6870600
2024-08-27,156.0221405029297,157.06579539684213,155.26573396231137,156.54876004895922,4388700
2024-08-28,156.950927734375,157.98501321041408,155.79237915246588,156.07004335331814,5187000
2024-08-29,157.2477264404297,157.71689925750266,156.41471932996876,157.6307291309154,7390100
2024-08-30,158.8084259033203,158.9233194014905,156.84557918591628,157.1423971295614,7971000
2024-09-03,160.0531768798828,160.67553621109667,157.76478858917997,158.21480765392596,6956500
2024-09-04,160.24465942382812,161.67131705958903,158.98077245361435,160.67552466910686,6939100
2024-09-05,157.97543334960938,160.2542373965506,157.82223226458788,160.09146672248764,4600400
2024-09-06,157.391357421875,158.8850313848179,157.14240202134536,158.1573335802651,6016900
2024-09-09,159.5265655517578,160.29255642151548,157.47754837594093,157.83181312655384,7538200
2024-09-10,160.26380920410156,161.297894532952,159.66058910975752,160.37870270395436,6559600
2024-09-11,157.81265258789062,159.6988842126655,157.1136781609321,159.6988842126655,5920200
2024-09-12,157.64028930664062,158.0807387218851,155.79235074433652,157.21899367729145,4540900
2024-09-13,158.48287963867188,158.70309703997754,156.85515848847854,157.73604270375895,3693400
2024-09-16,159.89039611816406,160.13933691293664,158.73183305198233,159.28717600345252,5187800
2024-09-17,159.96697998046875,160.5893392075475,158.87543336857362,159.17226590570118,5066500
2024-09-18,159.08609008789062,161.19256828842722,158.69353243238905,159.54569330076674,4722800
2024-09-19,157.81265258789062,159.29674234773438,157.4296498998191,159.16269505942404,4956100
2024-09-20,157.1807098388672,157.86051587200063,156.59664352065153,157.31475712779906,11839000
2024-09-23,156.28067016601562,157.5062495407499,155.80192776619572,157.41049521676248,4671600
2024-09-24,155.85939025878906,156.53921096362285,154.68168792709733,155.8689598481309,6041600
2024-09-25,153.77206420898438,156.37642402506611,153.54226259813296,156.07002187726422,5420000
2024-09-26,154.52850341796875,154.6721203238069,153.21675364444167,153.42740151304534,6122000
2024-09-27,154.53802490234375,156.48171767663166,154.48057815789105,155.11252156698504,7553800
2024-09-30,155.16998291015625,155.2848764098711,153.84864922320168,154.7008247129483,6010000
2024-10-01,155.1029815673828,155.83066481936012,154.32740653914954,155.5242626437529,4408000
2024-10-02,154.3178253173828,155.22743296630276,153.8199291245827,154.6433666468811,4684400
2024-10-03,153.6763153076172,154.57635338596907,153.40822072386032,153.94440989137405,4791200
2024-10-04,153.47525024414062,153.67632850425497,152.0294532854357,152.84332130533906,5331100
2024-10-07,152.74755859375,154.02101521114693,152.45074062466867,153.4369488619658,4266000
2024-10-08,152.90077209472656,153.43696132242454,152.1922279809481,152.70927802912882,4766300
2024-10-09,153.8199462890625,154.36571970535155,152.7284140665448,153.1209863894832,6047200
2024-10-10,153.68589782714844,154.52848922416922,153.19758578208973,154.4997658456399,4793900
2024-10-11,154.5955047607422,155.7444836174916,154.3465493582396,155.28488038674476,5253500
2024-10-14,154.72955322265625,155.2465885985896,154.0593021585878,154.5380445700316,5964000
2024-10-15,157.12326049804688,159.6605893574553,152.2400822059094,153.19756699965725,10548000
2024-10-16,157.2956085205078,157.97542918608636,155.72533396557202,157.0275139338158,5982100
2024-10-17,157.47752380371094,157.98498957110436,156.67324009049022,157.27644557037658,4798000
2024-10-18,158.09988403320312,158.26265469448518,156.96047479417044,157.87966662206372,5908000
2024-10-21,155.90724182128906,158.22435313671053,155.40934566613956,158.0807362698682,6082700
2024-10-22,156.50088500976562,156.76897958045865,155.01678067267747,155.41893713877533,5680300
2024-10-23,158.8084259033203,158.9424731878716,155.51467592856474,155.89767860589578,7441600
2024-10-24,156.7115478515625,158.47331651642438,156.39557608937645,157.98500448944213,5386300
2024-10-25,154.0401611328125,156.95090853103437,153.78163614291879,156.72110691667785,6400400
2024-10-28,154.72955322265625,155.0838179319058,154.15505648490011,154.27953418709438,4842500
2024-10-29,153.2837371826172,155.2753073075725,153.25501380759857,154.59550128538734,5216900
2024-10-30,153.78164672851562,154.42315984310346,152.268818869165,152.67096076442635,5820500
2024-10-31,153.06353759765625,154.0305920927161,152.68054947943023,153.1880153106068,8613900
2024-11-01,153.32205200195312,154.2125058897296,153.08268079211308,153.75291725765334,5256400
2024-11-04,151.51239013671875,153.465652572988,151.34961948453443,152.91030967197577,4644000
2024-11-05,151.61773681640625,151.84752383750802,149.70276705357225,150.96663949981158,6547100
2024-11-06,151.16770935058594,154.0114404591287,150.6602435604475,153.10181818429658,8926600
2024-11-07,150.0665740966797,152.00069729640109,149.85592629225175,151.73260274713957,7522800
2024-11-08,148.86016845703125,150.40171962568812,148.80272170454427,150.32511908568574,8926100
2024-11-11,148.4484405517578,150.88046018417558,148.32397745958923,149.0037835023882,7146800
2024-11-12,146.1504669189453,148.4484244004467,145.89194195400776,147.96011245339344,7181400
2024-11-13,146.72496032714844,146.98347067627225,144.98233116460233,146.01641639126865,7161900
2024-11-14,145.41322326660156,147.06009842012966,144.35041447112772,146.66752611503128,7716400
2024-11-15,147.45265197753906,147.86436340854468,144.4844433989031,144.4844433989031,11328500
2024-11-18,148.18992614746094,148.72611529626187,145.85366090477817,146.102601692419,7510600
2024-11-19,146.4951629638672,147.44307810148936,145.58555539688734,147.40477053084703,8233700
2024-11-20,146.60049438476562,146.73454166877198,145.35576125610208,146.52389384961083,9061300
2024-11-21,148.88890075683594,149.42508995892942,146.31326405886693,147.08882448404214,10141100
2024-11-22,148.5729217529297,150.4400142800186,147.5579901541049,149.27188159946877,8266000
2024-11-25,149.15699768066406,150.36342340416172,148.54420792443443,148.57293130284674,12256200
2024-11-26,149.13768005371094,149.842248175922,147.8250517189238,149.75538663906448,5683500
2024-11-27,149.9870147705078,151.1741813291962,149.214892597838,149.2438464429488,4140400
2024-11-29,149.61062622070312,150.2476403791146,148.79988896124615,149.49481082000614,5687800
2024-12-02,149.40792846679688,149.6009590168451,148.56822274679237,149.35966714746309,6946500
2024-12-03,147.05291748046875,149.40792848224658,147.00465616112996,149.40792848224658,8674400
2024-12-04,145.228759765625,146.2807888412993,144.53383796417515,146.02018948393368,10333100
2024-12-05,144.31185913085938,145.14190382981053,143.7617065470866,144.77513544062865,7898100
2024-12-06,144.10916137695312,144.8233906501293,143.21156264421623,144.18637654653605,8389600
2024-12-09,144.38905334472656,145.63411284878092,143.26945559195312,144.08983907065988,8410300
2024-12-10,144.0319366455078,145.5762104800708,143.16329181812034,144.7075509253966,9398700
2024-12-11,141.53216552734375,143.3273777161118,141.27156617149208,143.3273777161118,13446700
2024-12-12,141.14610290527344,142.62280802723592,140.92410377284637,142.07265547376997,6176300
2024-12-13,141.51284790039062,141.81204745583807,139.9878815503258,140.58629538850732,8324900
2024-12-16,138.83935546875,142.12091918898983,138.5208484156869,141.61902794834907,8732400
2024-12-17,141.3101806640625,141.5514725449612,138.70423129581408,138.82969305932582,10343000
2024-12-18,139.70799255371094,141.62868113831064,139.63077738813394,140.60559123988054,9336100
2024-12-19,138.57876586914062,140.16164014512123,138.37607419299624,139.1192573691405,9516700
2024-12-20,139.437744140625,140.4029116007374,137.7776549310487,138.06720811453977,17702800
2024-12-23,140.2098846435547,140.267792336278,138.45327275208308,139.59217804236087,8720800
2024-12-24,140.76968383789062,140.76968383789062,139.30262513434346,139.94928558321214,3164100
2024-12-26,140.50909423828125,141.27157012571573,140.03615683513323,140.44152544042234,4656300
2024-12-27,139.99755859375,141.49357126864479,139.6404365792638,139.8238207734319,5588300
2024-12-30,138.34710693359375,139.8334731418133,137.97069219491507,139.79485819424823,6268700
2024-12-31,139.58251953125,139.6307808518437,138.3181524590472,138.75247488981566,5811400
2025-01-02,139.00343322753906,140.6924764224552,138.77178771612694,140.17127770359986,6051300
2025-01-03,139.16749572753906,139.53426406799142,138.61734321686058,139.05168034730627,5878800
2025-01-06,138.65597534179688,139.7755732470575,137.9513924186499,138.51119137128023,7910500
2025-01-07,141.1364288330078,142.05333494389205,138.58838741289765,138.75246410833705,8422000
2025-01-08,137.3143768310547,140.518725097436,136.51328608263773,140.42221718909192,11175600
2025-01-10,137.1116943359375,138.66561461864163,135.77975845725183,136.08861913004924,8821500
2025-01-13,139.437744140625,140.01685050760713,137.35297889223335,137.99963932323428,10376400
2025-01-14,139.70799255371094,139.76590024607194,137.8838266079042,139.4667006840154,8681700
2025-01-15,139.92034912109375,140.96273190360154,139.23507364033154,140.2485025728215,7434600
2025-01-16,142.62283325195312,142.91238650355243,139.04205465266526,139.29300767678671,8964000
2025-01-17,141.90858459472656,143.2115666863725,141.5032159884405,142.3043068272754,10773100
2025-01-21,142.98956298828125,143.67483841127958,141.9278875467793,142.4201176828794,11111700
2025-01-22,140.2098846435547,140.40291519506144,137.15995185697216,138.98411781419193,16834700
2025-01-23,141.53216552734375,142.75793240990325,139.7659071861939,140.3739674407519,10506400
2025-01-24,141.70590209960938,142.48768543303163,141.2812260352102,141.69624099896276,9887300
2025-01-27,147.564453125,148.1049445489984,142.8447848105536,143.27910722431753,15152300
2025-01-28,145.1418914794922,147.64167173750818,145.0646763132196,147.34247217275632,10320600
2025-01-29,145.8850555419922,146.58963839073303,144.77511885501838,145.2577025845351,7156400
2025-01-30,147.54515075683594,148.77091760335432,146.08775313618244,146.6185982057209,8911000
2025-01-31,146.85023498535156,147.8443563711025,146.76337344149866,147.30386490630056,8457800
2025-02-03,146.57998657226562,147.15909297526994,145.52795750985246,146.70546306261699,6687500
2025-02-04,148.14356994628906,148.80952317315663,145.69203616511683,146.08775838820736,9645000
2025-02-05,149.3017578125,149.34035803117018,147.969821995434,148.46206682902104,8947000
2025-02-06,148.16285705566406,149.44653159302166,148.03739529569998,149.39827027274904,7418100
2025-02-07,147.7864532470703,149.10874282931792,147.47760728360964,148.1821754843593,6204900
2025-02-10,148.867431640625,148.99289339360163,146.98534334582476,148.2593714390873,6936200
2025-02-11,150.6916046142578,150.94254285931459,148.57788545917066,148.74196216485632,7554500
2025-02-12,149.85189819335938,150.23797402314958,148.8963918101136,149.86155929365853,7746000
2025-02-13,151.77259826660156,152.6219504290928,149.39827959749562,149.85190952725455,10704700
2025-02-14,150.7108917236328,151.98491982924142,150.62403018751039,151.81118202971,6411800
2025-02-18,150.7887420654297,151.23626468246152,149.08617874352478,149.96177679957768,9670700
2025-02-19,153.61013793945312,154.0090277952753,150.55525326507066,150.7984766144488,7974700
2025-02-20,155.35159301757812,155.61427836184367,152.69559849943272,152.69559849943272,7224000
2025-02-21,157.9005889892578,159.07778159453383,154.96244700278118,155.5461889335318,12546900
2025-02-24,159.3015594482422,160.40091881814757,157.6573673427363,158.27028004687892,10201900
2025-02-25,161.58786010742188,161.9186402982549,159.49614525019376,159.65181175594168,12303700
2025-02-26,158.65945434570312,160.65388874567248,158.1535456309635,160.60524110759033,11396400
2025-02-27,159.2918243408203,159.50586206584,157.3460376371317,157.9103175626223,8364600
2025-02-28,160.54685974121094,161.44191981373382,158.289740114278,159.85609895248652,12037200
2025-03-03,162.74559020996094,162.79423784404756,160.37172818020133,160.48848547104393,9191500
2025-03-04,160.93601989746094,165.38214973546795,160.83873946731583,163.5239198311518,11999700
2025-03-05,160.64414978027344,161.9478381887641,159.09725287252516,160.05068422605132,8744800
2025-03-06,161.3349151611328,161.37382436546258,159.0777953354491,160.52741185341884,8037900
2025-03-07,162.17160034179688,163.89362578587057,160.2355371659095,160.65388903997257,9637600
2025-03-10,163.15420532226562,165.294567637911,162.5218306080433,162.9401676061837,17559000
2025-03-11,161.36407470703125,162.7650433593784,160.57603355137917,162.6677480965093,9890300
2025-03-12,158.43568420410156,159.75881972232855,157.83248024677997,159.29182023694912,8010700
2025-03-13,158.57188415527344,160.0798568926511,158.25082758516842,158.99994473690649,5286700
2025-03-14,158.39675903320312,158.727539199118,156.73311976951868,157.72546026726332,6235800
2025-03-17,158.4259490966797,159.0680622686795,157.34603688747066,158.0076120830635,6669800
2025-03-18,159.7977294921875,160.39119501744185,158.55242721709214,159.00968826991965,7348800
2025-03-19,158.57188415527344,159.90474322450672,157.81302856963381,159.52531543168692,5936400
2025-03-20,158.60107421875,158.77618789181005,157.54060921069274,158.58161219557422,7485900
2025-03-21,159.1945343017578,159.68098094831194,158.0756981075792,158.5816067766441,17047100
2025-03-24,158.86375427246094,159.93394293381326,158.09517503034425,158.42595521833496,8046400
2025-03-25,156.65530395507812,159.73937434084758,156.20776644625838,159.08753752541767,7456200
2025-03-26,157.3363037109375,158.08543569928875,156.28557717855708,156.8401334783579,7223500
2025-03-27,158.70809936523438,159.6226215034605,156.9471647500084,157.94924372823283,6752500
2025-03-28,159.27236938476562,160.0604105860502,158.49405177226188,159.15561209352714,5760300
2025-03-31,161.34461975097656,162.11321376385112,159.7782609592967,159.91446542617436,12481400
2025-04-01,149.0959014892578,157.42386594435982,148.97915904115746,156.3731393759347,23303100
2025-04-02,151.14869689941406,151.56703387395896,149.29046721695548,149.83528506528043,10356900
2025-04-03,155.4878387451172,156.29532724714963,153.21125678333485,154.446835624984,13249300
2025-04-04,149.08616638183594,155.4878057228184,148.78455700558925,154.84569261752847,16601700
2025-04-07,146.5371856689453,148.57054397010987,143.40446802169475,147.1792988166815,18083000
2025-04-08,145.9340057373047,149.42668937844223,143.98821899414062,149.42668937844223,12018400
2025-04-09,146.87771606445312,149.03754057475763,137.6644144868036,138.34543688978812,18773700
2025-04-10,144.65951538085938,147.1014723585021,141.19601741107385,146.29396909214825,13830500
2025-04-11,147.6171112060547,148.2203152078777,144.17307510704813,145.28217298759347,9943900
2025-04-14,150.17581176757812,150.47740631813335,147.072279736712,147.4808931450617,10685300
2025-04-15,149.45587158203125,152.0632334778731,147.97708437949197,151.47949153017248,10847700
2025-04-16,149.73802185058594,151.41139963137073,148.1132917072422,151.15843785474706,7986900
2025-04-17,153.20150756835938,155.11810853732888,149.9812331535937,149.9812331535937,10981100
2025-04-21,152.6664276123047,153.9409155665808,151.27519720272846,153.67824504215548,6285400
2025-04-22,153.4739227294922,154.41763044672643,152.02430632426632,153.2793470326259,7136300
2025-04-23,151.1681671142578,152.8415447934777,150.14662617069615,152.24807928113609,9099400
2025-04-24,150.73036193847656,151.67406969029523,149.2807603253007,151.57678926088408,8310400
2025-04-25,150.38986206054688,150.70118022596543,148.31759438866158,150.13691512332085,8643600
2025-04-28,151.1389923095703,151.58651495044614,149.6504666278673,151.28492037829616,5815200
2025-04-29,151.68380737304688,152.76371959682837,150.10771003458157,151.23626989541486,5246700
2025-04-30,152.0729522705078,153.9117200490407,150.8179264212635,153.9117200490407,9598200
2025-05-01,150.27310180664062,150.8860144752473,149.20291326594125,150.79845764332825,7325800
2025-05-02,151.88809204101562,152.47183393908284,150.83736553159852,151.83945925382096,5974500
2025-05-05,150.7984619140625,152.53993439396783,150.5357765656926,152.42319194810284,5464100
2025-05-06,150.2828369140625,151.67406727843394,149.5239812889191,150.6233555245234,8644200
2025-05-07,153.03611755371094,153.65876866577935,150.31201337147158,150.5455131054373,7853100
2025-05-08,151.44058227539062,152.77344141312827,150.58443137777405,151.5962487740799,7606100
2025-05-09,150.03961181640625,151.8297319959907,149.64072198487162,151.2070808533016,6520400
2025-05-12,149.96177673339844,151.148707779188,147.08200595545642,147.8992476319424,9023800
2025-05-13,144.41629028320312,147.5879172387248,144.06604808573897,147.5879172387248,10549600
2025-05-14,142.39266967773438,144.78599382334744,142.1591699321315,144.6400509154053,10216000
2025-05-15,145.5545654296875,145.59347462933604,143.336369920384,143.98820664200468,7945800
2025-05-16,147.2279510498047,147.39334113632552,145.17514550683833,145.6129445411787,8051200
2025-05-19,148.35650634765625,148.52189642911543,146.95553760450343,147.7727644229513,12639900
2025-05-20,149.4947967529297,149.86448613375595,147.99653267031832,148.2008468071015,7351500
2025-05-21,149.02780151367188,150.2439182443103,148.8526878301439,149.03753994842893,7032200
2025-05-22,148.47325134277344,149.16401213735736,147.26685827209232,148.51216054400712,7535300
2025-05-23,148.7943115234375,149.31966740126413,148.0841035336355,148.85268274928774,6727300
2025-05-27,150.37408447265625,151.1492526106123,149.07884863006834,149.65778796891962,6990700
2025-05-28,149.56947326660156,150.75677285026757,149.0788563261916,150.40352805427477,8459300
2025-05-29,150.69789123535156,151.14925040607753,148.71579473504596,148.90223155564834,6810600
2025-05-30,152.2973175048828,152.7879344461785,150.34465668844726,151.0118885418378,15529700
2025-06-02,152.4837188720703,152.62109099827282,149.4419032283184,151.58098561810556,6669300
2025-06-03,151.52212524414062,152.7388605754872,151.18850933750107,151.8949988882907,8209800
2025-06-04,150.3446502685547,152.02255175157072,150.2563428162781,152.02255175157072,6983900
2025-06-05,150.77639770507812,151.19832107582351,149.77553498101082,150.79601160201483,5295400
2025-06-06,152.1206817626953,153.1019156075027,151.1100121003389,151.1100121003389,5391500
2025-06-09,152.31692504882812,153.06267235085258,151.5515638501274,151.9440663702561,5319000
2025-06-10,153.51405334472656,154.48548037607026,152.11089593856136,152.513190491746,6791600
2025-06-11,152.3463592529297,153.66122396588617,151.8263065201517,153.3668508220171,6016000
2025-06-12,153.72010803222656,153.7397219302814,152.25806411531335,153.30799158645613,7075500
2025-06-13,154.15184020996094,154.71113570567954,153.04304119427528,153.04304119427528,6587500
2025-06-16,152.30712890625,153.56310711488956,151.55157460228295,153.48460660529443,7024000
2025-06-17,149.52041625976562,152.36598838641433,149.2456719843281,152.06180829378278,6407100
2025-06-18,147.90138244628906,149.78534974895297,147.8817685483284,149.70686421222803,8325200
2025-06-20,146.97901916503906,148.55880634155997,146.2430937406804,148.42143419457733,22605500
2025-06-23,148.4803009033203,148.5882222442172,146.92994975378497,146.92994975378497,7397900
2025-06-24,149.333984375,149.85403712588132,148.14668480995888,148.65693061226455,9544200
2025-06-25,149.4222869873047,150.19747010043844,147.90137155069095,148.53918252601417,7153700
2025-06-26,149.1573486328125,150.34464815120182,148.6863605881969,149.83440236894492,7156900
2025-06-27,149.54986572265625,150.45259913466958,148.17612924768179,149.15736317018863,10010800
2025-06-30,149.8834686279297,150.0993412699026,148.67655520049212,149.3045442573842,9039300
2025-07-01,152.9939727783203,154.78963243463514,149.94233505186827,150.12877187004233,10896700
2025-07-02,152.64073181152344,153.3668502339576,152.1599368184062,153.07247709121725,5544000
2025-07-03,153.08229064941406,153.3472279865642,151.97350655771282,152.5131732081926,3482500
2025-07-07,152.35617065429688,153.415904915593,151.98329703297813,153.09209597693814,6270900
2025-07-08,152.8664093017578,153.8182072991739,151.31607305131817,151.5809954009529,6438200
2025-07-09,153.3472137451172,153.74952318778975,152.15992925739673,152.866403803452,6147400
2025-07-10,154.73077392578125,156.25168944402995,152.89587134958674,153.17061563995466,6732900
2025-07-11,153.95559692382812,154.23034122517612,152.2678733741525,154.142033765266,7872000
2025-07-14,153.87709045410156,154.5148864299502,152.60148352996484,153.9261401657519,10185600
2025-07-15,152.258056640625,154.24015323506973,151.8950049026972,153.4257273325383,6873200
2025-07-16,161.68771362304688,163.0025633969383,156.80117321156885,157.29179013965734,22134800
2025-07-17,159.92149353027344,161.60921700124823,159.25426167881125,160.1177373117364,11295700
2025-07-18,160.6279754638672,162.0017118134992,160.2943595540406,160.85365505316872,9792600
2025-07-21,161.2755889892578,161.8250775251508,159.72523777873707,160.6966646369734,8254000
2025-07-22,164.77859497070312,164.90616016372098,161.61903571523425,161.90358694684275,9288000
2025-07-23,165.92666625976562,165.9462801585278,163.4637594729104,165.43604928675916,10617600
2025-07-24,166.3780059814453,166.79994431442555,165.7107741631659,166.3191343471783,6636900
2025-07-25,165.14166259765625,166.6920139022101,164.29780087422668,166.5644487084836,6254900
2025-07-28,163.1007080078125,164.78843159589317,161.95266608553234,164.70993108337294,8014600
2025-07-29,164.95523071289062,165.6126556259495,163.24787834524747,163.54225150828125,7663400
2025-07-30,164.1211700439453,165.44584174400563,163.65018198339874,164.5529153379632,6189200
2025-07-31,161.6484832763672,163.93476013361044,161.1480443889056,162.81613907808057,11036200
2025-08-01,164.1898651123047,164.47441634646825,161.69752270023744,162.37457646550328,8927800
2025-08-04,167.83023071289062,167.97742477350116,163.51280777223997,163.89548837392292,12679100
2025-08-05,167.53587341308594,168.34047738669344,166.4663171345052,167.3396146645784,7934400
2025-08-06,167.388671875,168.94883003784128,166.49574551547207,166.72144007168663,8957200
2025-08-07,168.31103515625,168.39934260624966,166.73124811457265,167.95779038381158,9315900
2025-08-08,170.07728576660156,170.69546795870062,167.19245550006215,167.8106376921612,7686800
2025-08-11,170.55807495117188,171.3234361561855,169.8025206945773,170.14594355852734,7256800
2025-08-12,169.53758239746094,171.48042121662925,168.58578437082326,170.73468888514046,7916700
2025-08-13,171.14682006835938,171.26456334863667,169.459096512991,169.75346968612578,5878700
2025-08-14,171.44117736816406,172.4224112061355,169.4787096922212,171.03886790121015,8241700
2025-08-15,173.3251495361328,173.94333166305356,171.67668382759828,172.2752370849106,9477600
2025-08-18,172.9424591064453,174.23769492312,172.79528002384126,173.18776755907857,9284000
2025-08-19,174.46337890625,174.83623758239492,172.6775261392796,172.73639777380563,9274200
2025-08-20,175.48385620117188,177.22064428876024,174.65962336966695,175.15024028924466,9030000
2025-08-21,175.57215881347656,176.7005866808631,174.81661955831103,175.19930014613504,8859600
2025-08-22,175.92539978027344,177.76031715049112,174.13956206652745,176.66132512343876,9524000
2025-08-25,175.06192016601562,176.87719365359845,174.94416193258107,176.15109024754096,6229100
2025-08-26,174.44911193847656,175.1113623885591,173.7374366614811,174.7060999231484,9145000
2025-08-27,174.74563598632812,175.63523765047452,174.12293141199973,174.92356235209343,5951100
2025-08-28,173.42112731933594,174.4491094077899,172.61061748261204,174.33048680845172,6424700
2025-08-29,175.12124633789062,175.35847646446518,173.42113480328985,173.935125869698,6942300
2025-09-02,176.00094604492188,177.12776270121626,174.84447750943602,175.41777231103694,9049000
2025-09-03,175.94163513183594,176.22827497981044,174.48863278118253,175.6154493916547,7111700
2025-09-04,176.69285583496094,176.83123630448588,175.49685643742527,175.9416497264455,7854800
2025-09-05,176.36666870117188,177.4341816359529,174.5182977834804,175.94164836318845,9733800
2025-09-08,176.0701446533203,177.37487259095406,174.65667304834938,175.30904455833596,8382500
2025-09-09,174.91368103027344,176.03060370864756,174.4095689027739,175.94164806814993,6005700
2025-09-10,173.75718688964844,174.56771178484678,172.31407853418943,174.261298986729,6891600
2025-09-11,176.4358673095703,176.78182602350546,173.599060151726,173.71766767314836,5792500
2025-09-12,176.00094604492188,176.73239425710358,174.67644516657117,175.65500242690814,7220200
2025-09-15,175.34857177734375,176.92019676144542,174.88400556753885,175.7044094043786,4768100
2025-09-16,174.41946411132812,175.5660386777145,173.61881809435098,175.51662893199313,7959300
2025-09-17,175.15089416503906,176.4457431926535,174.5479474709965,174.6665700727086,6714900
2025-09-18,172.14605712890625,174.97298534494763,171.8594021766082,174.55784393897036,8200900
2025-09-19,174.152587890625,175.111372273971,171.32565957029007,172.66993349357537,25621000
2025-09-22,172.1954803466797,174.59737311930513,172.10650962439226,174.05373018239203,7193900
2025-09-23,174.53805541992188,174.92354491124786,172.80829217483426,172.8675959300631,8350400
2025-09-24,174.64678955078125,174.90377752572223,173.70777820434947,174.10314664000316,6676800
2025-09-25,175.6747589111328,176.3370093451046,173.87581289751407,175.15088893974706,8475000
2025-09-26,177.6318817138672,177.82956594360434,175.26951972500925,176.534716894135,8634400
2025-09-29,179.519775390625,179.76688443728418,177.72082937376246,177.75048125277442,8597100
2025-09-30,183.27584838867188,183.8392642929195,178.97615973360132,179.5988643175683,11569000
2025-10-01,183.89854431152344,184.40264130628626,181.78329160457017,183.8491194887416,13063800
2025-10-02,183.82936096191406,184.432307649533,181.96121714000282,182.06006679331983,7728100
2025-10-03,186.45860290527344,187.58541956236877,184.74861251387858,184.89687190994138,8675100
2025-10-06,185.98416137695312,187.72380368143425,185.20328832291253,185.8260079631804,5806100
2025-10-07,186.70570373535156,187.04176840652755,180.82451166041724,181.64491547464473,8776800
2025-10-08,187.4964599609375,188.02032992573695,186.0928824059712,186.68593506002426,5751200
2025-10-09,188.87039184570312,189.87860099777504,187.53599693612736,187.80287893451043,7484800
2025-10-10,188.51455688476562,189.8489518132843,187.6546222006277,189.78963297098187,9598000
2025-10-13,188.69247436523438,189.08785791521092,187.0912124642651,187.6348554190202,7979500
2025-10-14,188.64305114746094,192.15198752359413,183.73052212206747,190.68910619899648,13613300
2025-10-15,188.9593505859375,191.33160656608345,187.1109796787497,189.26576340131732,9473000
2025-10-16,189.8983612060547,190.81761473078961,188.2279015859536,189.12738216329106,10611800
2025-10-17,190.98565673828125,191.3612673461334,189.4634564408156,190.2739814193722,7764400
2025-10-20,191.4798583984375,192.2310644671735,190.10593270864481,191.26240123179355,8034700
2025-10-21,189.66114807128906,191.31183476056947,189.55241948302077,190.77807075185612,6716000
2025-10-22,190.70889282226562,191.21298988100622,189.56230315049532,189.7797603324635,6343100
2025-10-23,190.24432373046875,191.75662996640008,189.32507018729754,190.33327937203177,8882500
2025-10-24,188.1982421875,190.08615890653152,187.2295789564792,189.97743032369885,6903400
2025-10-27,188.0994110107422,188.59362910846755,187.33831091719009,187.79299820332676,7126000
2025-10-28,184.7683868408203,187.31855425668894,184.46197400676374,187.0714451863413,8329500
2025-10-29,184.44219970703125,184.93641780369282,182.5246310788101,184.54103427695995,10551100
2025-10-30,186.86387634277344,187.19006211561478,184.74862336808084,184.91665572093723,7072500
2025-10-31,186.68594360351562,187.30866324699156,184.60034258095476,185.2922599991901,8791700
2025-11-03,184.1061248779297,186.8440974299442,183.37469172794485,186.81444554993618,7542600
2025-11-04,184.69918823242188,185.6480936170402,183.47352191944393,184.66953635312188,7209400
2025-11-05,183.84913635253906,185.65797643943674,183.25606858943368,184.48173492809292,5049400
2025-11-06,184.80792236328125,185.35156530399473,183.22641836890384,184.60034411961252,6767400
2025-11-07,184.4125518798828,186.17196713607015,183.5526021168054,185.56902044160103,6959200
2025-11-10,186.2312774658203,186.24115639867696,182.97931375749687,183.84914248376896,5323800
2025-11-11,191.58859252929688,191.6775481684981,186.86386864875197,187.19993334062747,7465600
2025-11-12,192.14210510253906,193.28869467126262,190.83737721032932,191.12401706134077,8803000
2025-11-13,192.99217224121094,193.73349940731035,191.2129840261044,191.96420520711595,8631600
2025-11-14,193.664306640625,194.8998519494097,191.31183862869028,192.74506817041248,8824800
2025-11-17,197.27210998535156,197.96401234879545,193.6346567167117,194.6824118183157,13257000
2025-11-18,197.68724060058594,197.9837744779547,196.23423817558447,196.7086833299708,12468600
2025-11-19,200.168212890625,201.12699722777688,197.07441778716495,197.68724341540397,14690800
2025-11-20,200.72174072265625,202.14507614142028,199.23908646439702,199.66410677890858,10612600
2025-11-21,201.54214477539062,204.54699941305245,200.64267925299822,201.60146361938962,13189100
2025-11-24,203.6672821044922,203.73646479570215,200.65254867686934,201.35434501536758,14803900
2025-11-25,205.57713317871094,206.6215838446117,204.09500679162497,204.09500679162497,10275300
2025-11-26,206.46241760253906,206.71109559930028,204.85098904051847,205.39808366901323,6729000
2025-11-28,205.8258056640625,206.3629586449613,203.54792185749713,205.90538444560678,5638300
2025-12-01,204.254150390625,206.601671225268,204.254150390625,205.40801990791223,8473700
2025-12-02,204.333740234375,204.5227379456605,202.02601625292777,204.15469935722084,8393600
2025-12-03,204.2442169189453,205.9252826285737,203.90601848146164,204.8111948667149,8363300
2025-12-04,201.40928649902344,203.7767059746564,200.64336916828415,203.50812947813563,9049900
2025-12-05,200.8621826171875,202.37414907500914,199.74811005779273,201.90663323067022,7785300
2025-12-08,200.5538330078125,202.18516011668032,199.927174755095,201.58834201037314,7785700
2025-12-09,198.90261840820312,204.45309801733026,198.85287977253054,201.84695743157303,7509400
2025-12-10,205.44781494140625,205.70644978186098,199.1214458560129,199.52928142896002,11599800
2025-12-11,208.8994598388672,210.1229665164575,206.73099498321687,206.800616929999,9009000
2025-12-12,210.46116638183594,211.14752008902906,207.8550258037756,209.16803774867068,6922700
2025-12-15,213.03746032714844,214.05207078419528,207.9047429304409,209.23766850267896,8467000
2025-12-16,208.19322204589844,213.5945008532235,207.7058077078452,212.86836535212407,9949800
2025-12-17,209.2177734375,210.40148312707717,207.35766688422177,208.28274174394826,8457600
2025-12-18,207.2084503173828,209.94390826491855,206.6613556922556,208.69057663307282,7499900
2025-12-19,205.27871704101562,208.13355089193627,204.94051859312015,206.46242678675088,24803900
2025-12-22,206.22369384765625,206.97966948419256,204.41331076850065,205.03998416945456,8187800
2025-12-23,204.69183349609375,205.43786749372595,202.20505350398636,203.9358578426093,7047300
2025-12-24,206.68125915527344,206.84041671879498,204.48295412427228,204.91067300087317,2376500
2025-12-26,206.5320587158203,206.93987910302855,205.61692549143734,206.4325814439545,2316700
2025-12-29,206.46241760253906,208.36232114053888,206.28337673035918,206.90009330533488,4348900
2025-12-30,205.81585693359375,206.59173105435548,205.4279198732129,206.41267500751042,3937400
2025-12-31,205.85565185546875,206.40274650834,205.27871705590465,205.8158700525786,4083800
2026-01-02,206.2535400390625,206.29332184084635,202.60293362874384,205.72634389134794,6325500
2026-01-05,203.22959899902344,204.8509843578355,199.8475843916204,204.781347234846,9477000
2026-01-06,203.70706176757812,205.6169221452363,203.04060655560488,203.51807923906964,8107900
2026-01-07,206.39279174804688,207.15870903533664,203.94579362788576,204.17457313070608,7545900
2026-01-08,204.6619873046875,207.87490270971202,203.88611318431748,205.83574014080108,6557800
2026-01-09,203.30918884277344,205.60697117688437,202.9311934187722,204.82115536067752,6154300
2026-01-12,208.6110076904297,208.79004856995033,202.77205294406903,204.4630603557572,11794300
2026-01-13,212.5202178955078,213.25631025751974,207.75555397803453,208.8000046390471,11379600
2026-01-14,217.39430236816406,217.70266064794117,213.0175606277502,213.59449538718158,11858800
2026-01-15,218.40892028808594,218.5879611619112,214.76827073930042,217.07599467784007,8492100
2026-01-16,217.50372314453125,218.94605246635012,216.9864686699265,217.88170337226921,10021500
2026-01-20,217.0561065673828,217.5733458657319,213.36571846475653,215.94201883517667,14057100
2026-01-21,216.85716247558594,217.523617709026,209.38688065367336,209.8842366647272,14762900
2026-01-22,217.33462524414062,220.99515803275426,216.946688180368,217.61314338335688,13160000
2026-01-23,218.97589111328125,220.0402402000813,216.68805056082226,218.63769268831862,6950600
2026-01-26,220.3187713623047,220.85590917617478,218.83664498443017,219.04554118755243,6856700
2026-01-27,223.25315856933594,224.30755083656834,219.53293031085727,220.8260589167103,8154100
2026-01-28,226.5158233642578,227.36133465606514,224.88449625169972,225.20279620683007,9026500
2026-01-29,226.0880889892578,228.78376524947475,225.87920796420136,227.60005551381826,9645300
2026-01-30,226.0482940673828,227.29168402374904,224.13844891577625,227.0529476880107,11045500
2026-02-02,229.52980041503906,229.96747613576758,226.0483083177362,227.11265747297156,8187500
2026-02-03,231.86737060546875,233.95625667459254,229.26121487432323,230.27582535252645,9346600
2026-02-04,233.23011779785156,234.58292668984654,231.70820969161971,233.75731392991355,8641400
2026-02-05,236.53256225585938,238.31310525407034,233.74738076944124,233.75732242542819,10267500
2026-02-06,238.72093200683594,239.6659053461298,236.72155122592875,237.6963798882826,8274000
2026-02-09,237.37806701660156,239.466968252147,235.78652177255736,238.97955391635966,9378500
2026-02-10,237.08961486816406,239.22823962936926,236.62209900682328,238.71098513165373,6723300
2026-02-11,239.58633422851562,239.9842129594366,236.14462401145659,238.07436773043472,6803900
2026-02-12,243.25682067871094,245.0473052999273,238.41256295657277,239.2083355857912,10254300
2026-02-13,242.16262817382812,243.6546961418469,241.32707375448166,243.29659922239838,13268500
2026-02-17,242.04327392578125,243.19714349398103,240.5909877205504,242.83904656516387,12703000
2026-02-18,243.6945037841797,243.7740825673282,241.53598051736643,241.9537577453205,8129700
2026-02-19,245.60433959960938,245.6540782344269,242.97830056910783,243.3264406566298,7553900
2026-02-20,241.2077178955078,245.57450296026227,239.00939770123207,245.16666739827662,13565800
2026-02-23,244.5399932861328,245.5048651358389,241.31713613528814,242.3416882762172,9622700
2026-02-24,246.27999877929688,247.25,244.5399932861328,245.35000610351562,7246300
2026-02-25,245.1699981689453,247.25,243.72000122070312,244.86000061035156,7698200
2026-02-26,243.47000122070312,245.47000122070312,242.02000427246094,245.11000061035156,7172600
2026-02-27,248.42999267578125,248.94000244140625,242.5,244.02999877929688,16428600
2026-03-02,248.55999755859375,251.7100067138672,246.8699951171875,249.19000244140625,9042400
2026-03-03,246.75,247.8800048828125,244.36000061035156,246.4600067138672,6178700
2026-03-04,245.3000030517578,246.57000732421875,243.17999267578125,245.75,5768000
2026-03-05,239.6300048828125,243.0,235.92999267578125,242.6300048828125,9375400
2026-03-06,240.39999389648438,240.7899932861328,235.42999267578125,238.1199951171875,7179800
2026-03-09,242.58999633789062,244.08999633789062,240.0399932861328,240.8699951171875,7844000
2026-03-10,243.7100067138672,245.0,240.82000732421875,242.3000030517578,7214100
2026-03-11,242.99000549316406,243.69000244140625,241.36000061035156,242.8699951171875,6933200
2026-03-12,242.0399932861328,244.39999389648438,240.3000030517578,241.4600067138672,7710200
2026-03-13,241.52000427246094,245.58999633789062,241.5,244.2100067138672,6415300
2026-03-16,243.19000244140625,245.05999755859375,241.6699981689453,243.9199981689453,7571500
2026-03-17,238.11000061035156,244.13999938964844,237.22000122070312,243.5800018310547,7281800
2026-03-18,237.27999877929688,239.11000061035156,235.4199981689453,237.8699951171875,6811500
2026-03-19,237.60000610351562,239.25999450683594,236.30999755859375,238.33999633789062,7511500
2026-03-20,235.3699951171875,238.2899932861328,234.5,236.8300018310547,17156600
2026-03-23,235.4199981689453,238.30999755859375,234.25,237.39999389648438,7313700
2026-03-24,235.27000427246094,236.0,232.24000549316406,234.13999938964844,9046200
2026-03-25,239.92999267578125,241.4600067138672,235.72999572753906,236.8000030517578,6456400
2026-03-26,239.24000549316406,241.64999389648438,238.92999267578125,240.0,5171400
2026-03-27,240.4499969482422,242.67999267578125,239.1300048828125,241.19000244140625,7617600
2026-03-30,242.49000549316406,244.2100067138672,240.50999450683594,243.49000549316406,7241300
2026-03-31,244.44000244140625,245.3300018310547,242.64999389648438,243.00999450683594,7553000
