Date,Close,High,Low,Open,Volume
2016-04-04,45.60410690307617,45.889131744735636,45.41922409799741,45.78898676954245,12305000
2016-04-05,44.95703125,45.31909189677355,44.84147910442155,45.13420905157066,12886600
2016-04-06,45.303672790527344,45.3575963272677,44.641180266445964,44.81835802125176,12167900
2016-04-07,44.15587615966797,45.01095378961892,43.96329121377318,44.87999449833167,19226800
2016-04-08,44.47942352294922,45.126509104178645,44.440904180172595,44.45631132956059,13547700
2016-04-11,44.83377456665039,45.357605837919344,44.610375331247724,44.610375331247724,17627800
2016-04-12,45.665748596191406,45.75048645586047,44.83378302745074,44.941630143897356,17779200
2016-04-13,47.59928894042969,47.884313795673016,46.513110122684026,46.59014291428083,37516800
2016-04-14,48.2155647277832,48.46207321094431,47.46063213077569,47.52225778225951,24249900
2016-04-15,47.66092300415039,48.454375003082475,47.337381695962804,48.43896785431929,19290700
2016-04-18,47.969058990478516,48.207865382853804,47.39900625390428,47.48374410083142,13813100
2016-04-19,48.777923583984375,48.90117785385379,48.18476149192108,48.18476149192108,19255600
2016-04-20,49.48662567138672,49.54054922073402,48.64695813480361,48.9011687333533,14594400
2016-04-21,48.99360656738281,49.81017069294351,48.79331952683263,49.50203361974471,15395800
2016-04-22,49.27864456176758,49.59448086600937,49.02443098310638,49.02443098310638,12444700
2016-04-25,48.99360656738281,49.26322724108499,48.646956033300306,48.99360656738281,10687200
2016-04-26,49.247825622558594,49.35567272870216,48.785622899482355,49.155385665665996,12048000
2016-04-27,49.386478424072266,49.79475752295444,48.99360353314441,49.19389349990328,15284100
2016-04-28,48.99360656738281,49.62528492268873,48.80102163128679,49.02442086242527,12852500
2016-04-29,48.68547439575195,49.00131358613927,48.3003045080302,48.60073655027508,16376400
2016-05-02,49.13997268676758,49.30174332679152,48.63925068065969,49.06293694965173,10247300
2016-05-03,48.192466735839844,48.46208453397622,47.607006747581416,48.45438242772101,19120300
2016-05-04,47.42981719970703,47.96135055840554,47.19871586716911,47.56847858695236,17030200
2016-05-05,47.17560577392578,47.761062668485316,47.03694438915406,47.45292560485641,14033900
2016-05-06,47.45293426513672,47.514562864555,46.674892298467704,46.759630153361165,11057900
2016-05-09,47.152496337890625,47.676327613485256,47.029242092963244,47.27575058281801,11197100
2016-05-10,47.79187774658203,47.96135048960654,47.26034145003312,47.41440998437502,11897200
2016-05-11,47.61469268798828,48.22325875083713,47.61469268798828,47.737946908913514,11254000
2016-05-12,47.58388900756836,48.192458144718266,47.27575191724578,47.96905890116505,11071700
2016-05-13,47.14479446411133,48.069202774900376,47.00613307056232,47.529964348722345,15122300
2016-05-16,47.49915313720703,47.753366688092775,46.990728974048736,47.15249963082337,10951300
2016-05-17,47.49915313720703,47.88432304683038,47.10628112238102,47.321975331413874,12180900
2016-05-18,49.33256530761719,49.43270737355051,47.52226487462527,47.52996991884375,24007100
2016-05-19,48.83184051513672,49.47122397359362,48.45437565054076,48.939687619306994,16076200
2016-05-20,48.924278259277344,49.44811248471211,48.81643115998106,49.19389894613111,11862000
2016-05-23,48.885765075683594,49.20160428953191,48.6546637136066,48.878062970346775,9347500
2016-05-24,49.717735290527344,49.89491016715472,49.155387545125,49.2555296111654,13839400
2016-05-25,50.472660064697266,50.99649135293742,50.010457369715056,50.0258674566426,18935200
2016-05-26,50.095191955566406,50.51888116010514,50.00275494892214,50.51117611714287,9428400
2016-05-27,50.403343200683594,50.42645245884422,50.11061613527002,50.23386747120248,10116000
2016-05-31,50.280086517333984,50.70377584550125,50.04128301085469,50.63444807028886,15139400
2016-06-01,50.60362243652344,50.780797296103955,49.50203630716114,49.88720620026367,14031000
2016-06-02,50.69606018066406,50.69606018066406,50.19534401418955,50.47266093417523,10637600
2016-06-03,49.794776916503906,49.96425265613433,48.95510620255645,49.49434478796916,20261700
2016-06-06,50.287784576416016,50.65755029119554,49.76395324219391,49.794767541527754,13193500
2016-06-07,50.11830139160156,50.6421326476739,50.1028971828461,50.41873341875216,9924100
2016-06-08,50.2646598815918,50.441840579030746,50.01044639809346,50.018151439866855,9428000
2016-06-09,49.879512786865234,49.995064957183786,49.509747017291375,49.91032709076535,10817800
2016-06-10,49.178497314453125,49.35567513154522,48.97821024166613,49.247828020151196,16678400
2016-06-13,48.7393913269043,49.56365160100523,48.73168628457278,48.90116195251441,14314900
2016-06-14,47.82270812988281,48.89348024894258,47.514570957534254,48.284910949791794,19509300
2016-06-15,47.73796081542969,48.51600276068132,47.691739367138325,48.07690928705984,16982100
2016-06-16,47.930545806884766,47.992171466033795,46.91369745271286,47.337383777182275,16791200
2016-06-17,47.976768493652344,48.308014888931275,47.70715070150138,47.99217564443433,15751500
2016-06-20,48.04609680175781,49.1861994551265,48.02298754604649,48.878065270726346,12213200
2016-06-21,48.49288558959961,48.53140198758148,47.86890936328724,48.32340991214402,11611600
2016-06-22,48.308006286621094,49.07834605686329,48.284897033869996,48.492889124468945,12643500
2016-06-23,49.340267181396484,49.41729998695123,48.93968718894969,49.07064648472855,16583600
2016-06-24,45.91225814819336,47.5299737465904,45.711971061583576,46.590158101958224,44108700
2016-06-27,44.379276275634766,45.25746317602116,43.9478849304392,45.22664887880438,37300700
2016-06-28,45.85062789916992,45.87373715414962,44.87999804943633,45.596414339940026,29088700
2016-06-29,47.14479446411133,47.152496568813824,46.22038615332228,46.497708940420296,21483000
2016-06-30,47.8689079284668,47.90742432529417,47.00612829736007,47.47603597904717,21343600
2016-07-01,47.55838394165039,48.14063645444062,47.480751457874135,47.868919799734286,14217800
2016-07-05,46.23085021972656,47.04600316819484,45.88149810995745,46.929554439264805,23357700
2016-07-06,46.72770690917969,46.805342359400115,45.6175451436893,45.811629327005946,20429800
2016-07-07,47.03046798706055,47.4652145446081,46.70440510741107,46.98388672954239,13771400
2016-07-08,48.000885009765625,48.26483656460179,47.61271677761092,47.61271677761092,16998800
2016-07-11,48.342472076416016,48.87038111003183,48.24154750665424,48.45892076938243,13151400
2016-07-12,49.0644645690918,49.34394616684842,48.82379920180392,48.932485831711816,16588100
2016-07-13,49.03342056274414,49.24303180450544,48.62972516692488,48.97131517341996,18526900
2016-07-14,49.77869415283203,50.44634395819984,49.72435083951032,50.260018949973755,28985900
2016-07-15,49.82529067993164,50.306621576222,49.382778988640815,50.267802371222466,17607100
2016-07-18,49.65449523925781,49.996085286862616,49.60791693203136,49.78647105838547,10824400
2016-07-19,49.57685089111328,49.76316999841938,49.26631509695136,49.38276676013428,9737400
2016-07-20,49.63121032714844,49.86411372914284,49.46041528874982,49.77095118374917,10411100
2016-07-21,49.44487762451172,49.825283866465,49.39829932326501,49.685543039746584,9808700
2016-07-22,49.716583251953125,49.75539651776521,49.37499334413767,49.607896630916684,8195700
2016-07-25,49.584617614746094,49.81751800151809,49.43711472747129,49.670015114243284,8168300
2016-07-26,49.786460876464844,49.887388418786685,49.460400946604665,49.67001217072432,8067800
2016-07-27,49.941734313964844,50.22121596052627,49.7321201175547,49.74765016624042,11806800
2016-07-28,49.76317596435547,49.83304933983315,49.46817018217211,49.6855434872523,10013400
2016-07-29,49.66225814819336,49.91068564777828,49.4914631316702,49.53027937320108,13210400
2016-08-01,49.53028106689453,49.92621148243144,49.38277815943754,49.80200068988098,11422600
2016-08-02,49.41381072998047,49.69329229472728,49.204199556420356,49.367229482026595,13550000
2016-08-03,50.197933197021484,50.20569229937337,49.41383148202179,49.44488269887657,13122300
2016-08-04,50.120296478271484,50.322145682819986,49.895158119924915,50.06595314508294,9873000
2016-08-05,51.471107482910156,51.5254507958849,50.51621107152318,50.570554384497925,20752700
2016-08-08,51.31583786010742,51.61860859999746,51.11398872585505,51.292548714420036,11359200
2016-08-09,51.13728713989258,51.45558202340454,50.99754633364948,51.377949558375576,10097000
2016-08-10,50.67924499511719,51.29255153146894,50.58608840725138,51.176099873659325,11556100
2016-08-11,50.81898880004883,50.99754880896204,50.477398829768454,50.67148296324999,9604500
2016-08-12,50.710304260253906,50.733593409560214,50.35319015060863,50.43858764671706,7685400
2016-08-15,51.020835876464844,51.10623336555208,50.81898672744252,50.89661919307343,8371600
2016-08-16,51.0130615234375,51.207145613508246,50.64818248642828,50.741344981933736,10128900
2016-08-17,51.152809143066406,51.222682504779925,50.881092565240884,51.08294170433006,11868100
2016-08-18,51.19938659667969,51.230440765490535,50.873326708631396,50.943200069200074,9313600
2016-08-19,51.12953567504883,51.16835487934611,50.63268065953436,51.02084901059123,9084900
2016-08-22,51.08295440673828,51.14505683784296,50.780183584305405,51.04413520469155,9055600
2016-08-23,51.05965042114258,51.50216200154952,51.05189132047022,51.29255374682102,8949600
2016-08-24,51.19938659667969,51.41676577835562,51.059645798519405,51.230440765490535,10167200
2016-08-25,51.29254913330078,51.34689244800748,51.075175874473985,51.16833838096136,9978700
2016-08-26,51.40900421142578,51.92138322380722,51.12175757284783,51.49440170065227,14038600
2016-08-29,51.97572708129883,52.0921787426318,51.595323849056804,51.6186129967279,14583100
2016-08-30,52.402706146240234,52.48033860038009,51.97571876400616,51.97571876400616,13791200
2016-08-31,52.402706146240234,52.612314364715495,51.90585133217327,52.371651979988975,14952300
2016-09-01,52.177581787109375,52.57351510859805,51.74283518969635,52.51140675954528,12226500
2016-09-02,52.39493942260742,52.46481277514803,51.999012142457424,52.32507199304321,13720700
2016-09-06,52.35615539550781,52.441552916870165,51.789426928555805,52.40273370789466,16649400
2016-09-07,52.138763427734375,52.47258244464526,51.98349257024113,52.138763427734375,10070400
2016-09-08,52.208641052246094,52.54246605723165,52.014556884765625,52.18535189982504,12253000
2016-09-09,51.742835998535156,52.34837760381996,51.73507097403763,52.03784177668004,19686900
2016-09-12,52.06113052368164,52.24745557230839,51.05189649702203,51.34690227288039,16453000
2016-09-13,51.6496696472168,51.90586212985149,51.09847140829167,51.32360971821509,18876100
2016-09-14,51.54874801635742,52.20863289813231,51.40124217675701,51.447820474324374,12648600
2016-09-15,51.73505783081055,51.960196100216436,51.30807043659648,51.46334127220921,12531300
2016-09-16,51.098472595214844,51.44006257999561,50.803466832071976,51.30808086216253,25161500
2016-09-19,51.38571548461914,51.73506454487623,51.12175799131004,51.35466131346645,13466900
2016-09-20,51.5953369140625,51.898107756409544,51.424541890588976,51.820475270188595,10092200
2016-09-21,51.89033508300781,52.11547340595177,51.4788776359985,51.89033508300781,14116800
2016-09-22,52.317317962646484,52.34060711072751,51.89033050456885,52.00678216795163,12781700
2016-09-23,52.208641052246094,52.71326107229106,52.15429772227071,52.31732771219686,13967400
2016-09-26,51.06741714477539,51.859283740060434,50.88109803181683,51.704012876780126,16408100
2016-09-27,51.517704010009766,51.55652321429492,50.54728313267079,50.78018651242374,13711400
2016-09-28,51.78942108154297,51.835999388671134,51.230457704088835,51.688499441772265,11278000
2016-09-29,50.96650314331055,52.17758644301593,50.733599775069344,51.781653086197366,18727200
2016-09-30,51.696250915527344,52.06113006213044,51.30032351740659,51.30032351740659,21680100
2016-10-03,51.634151458740234,51.95244640041411,51.4400672992142,51.50993475361389,14901700
2016-10-04,52.07987594604492,52.5334258574844,51.68888587743192,51.77490416980958,17226900
2016-10-05,52.93223190307617,53.22938217660236,52.23627013047547,52.306645471823366,16280000
2016-10-06,53.07298278808594,53.151179591991784,52.43175945040406,52.96350606941101,17485000
2016-10-07,53.26066589355469,53.31540426274091,52.705460730084454,53.01043249641268,18497000
2016-10-10,53.675106048583984,54.00353621261092,53.35449735494832,53.44050966511683,13027500
2016-10-11,53.41705322265625,53.81586470308887,53.11990296301995,53.56563133549144,15657100
2016-10-12,53.276302337646484,53.636012469561635,53.213748463513,53.377963569428516,11899800
2016-10-13,52.9713249206543,53.072986141585865,52.25190473360888,52.75237146946953,17890000
2016-10-14,52.799293518066406,53.98008513488482,52.627262908216125,53.80023305357576,24163800
2016-10-17,52.52560043334961,53.01043022972146,52.18934876100219,52.72109545294615,14963400
2016-10-18,52.94004821777344,53.338859722947504,52.814934509229964,53.05734642118163,11870300
2016-10-19,53.44834518432617,53.56564340689141,53.02607516271255,53.02607516271255,12705800
2016-10-20,53.37795639038086,53.70638655803982,53.127723029397764,53.23719975195075,14122000
2016-10-21,53.55781936645508,53.58909928870836,52.94005432553179,53.02607262021953,12175700
2016-10-24,53.85496520996094,53.99572184981028,53.56563045970562,53.933162017425246,10197100
2016-10-25,53.80022048950195,53.901875730587555,53.471784391315246,53.86277434845979,9945100
2016-10-26,54.058265686035156,54.15210541720142,53.46396528674745,53.46396528674745,9801300
2016-10-27,54.136478424072266,54.55874237707473,54.034817205061245,54.339788930026344,14210700
2016-10-28,54.04264831542969,54.38672148847039,53.54218149975324,54.371078544585785,12766500
2016-10-31,54.15994644165039,54.41017984907845,54.13648799189698,54.292881634276384,14336300
2016-11-01,53.933162689208984,54.566564593403605,53.4326959559629,54.331974168088664,15564500
2016-11-02,53.706398010253906,53.839333206553015,53.18247273116787,53.68293955985232,12449800
2016-11-03,53.4718132019043,54.105221330661095,53.346699450544115,53.84716638805783,10369700
2016-11-04,52.986976623535156,53.61255716378478,52.89313685778193,53.5578187919375,13571300
2016-11-07,54.64476776123047,54.71514907323955,53.95662741444198,54.01918725488678,16515100
2016-11-08,54.762046813964844,55.168679668574946,54.144282029254136,54.503992036927585,17531700
2016-11-09,57.28004455566406,57.983827866278524,55.77082266524886,55.88029940622945,50948400
2016-11-10,59.93877029418945,60.40795711742867,58.03855858894159,58.03855858894159,56192300
2016-11-11,59.97004318237305,59.99350162588042,59.25061710729073,59.665071484710296,27574300
2016-11-14,62.17524337768555,62.90248515560115,60.40796656874443,60.40796656874443,46130700
2016-11-15,62.057945251464844,62.09704664542309,60.82241518121915,61.28378657257916,28126300
2016-11-16,60.525264739990234,61.26814349530029,60.11863172143531,61.166488223679096,26054900
2016-11-17,61.01008987426758,61.3541630561456,60.68165963667594,60.939714523084454,19306700
2016-11-18,60.76767349243164,61.32287865333069,60.64255977745744,60.96316851948207,19770000
2016-11-21,61.033531188964844,61.127364955025435,60.43922481777172,60.99442980908431,11983500
2016-11-22,61.40888214111328,61.432340584139574,60.806760227982885,61.2681255169222,14410100
2016-11-23,61.666961669921875,61.964112010777,60.90843988912157,61.67478314274419,13373700
2016-11-25,61.64349365234375,62.12831750345491,61.361980334779616,61.85462565749945,6185700
2016-11-28,61.24467849731445,61.67476991979533,61.01008209122771,61.13520176541649,13007200
2016-11-29,61.713863372802734,61.90154287809291,61.29941490584687,61.29941490584687,14144100
2016-11-30,62.69133377075195,62.9728470417597,62.323802224378866,62.49583877510957,25351900
2016-12-01,63.9581413269043,64.34130983491323,63.06668465421122,63.06668465421122,23823600
2016-12-02,63.80956268310547,63.98942069653709,63.26217910489366,63.96596225261852,16931500
2016-12-05,65.10765838623047,65.13111683235529,64.34913680934615,64.35695828006578,18529800
2016-12-06,65.44391632080078,65.537750114313,64.45861972667977,65.37353500963194,16130000
2016-12-07,65.74105072021484,65.75668769334241,64.78703427653564,65.3344237925324,18996900
2016-12-08,66.56214904785156,66.85929934159725,65.6394122802852,65.86618722789433,20844900
2016-12-09,66.8514633178711,66.85928478775084,65.79579159337645,66.48393179195786,14567200
2016-12-12,66.25718688964844,67.08608401651925,65.91311368255384,66.74983228214109,14511300
2016-12-13,66.28067016601562,66.99226933279967,65.54560657229415,66.45270683399622,16669000
2016-12-14,66.25718688964844,67.3441389218402,65.49866511911844,65.59249892757286,22622600
2016-12-15,67.25028228759766,67.63345083014208,66.39010545154451,66.7810954648445,19438900
2016-12-16,66.42139434814453,67.4770663335656,66.38229295511469,67.4770663335656,23008500
2016-12-19,66.8045425415039,66.8123640109283,65.83488914403638,66.3118973563623,21685100
2016-12-20,67.66474914550781,67.67257061839007,66.89841185204808,67.08608543897189,14587300
2016-12-21,67.83677673339844,67.88369363238257,67.27375008144902,67.58654332875814,11400500
2016-12-22,67.94625091552734,68.16520439058529,67.41450420494314,67.59436225433203,13924200
2016-12-23,68.07136535644531,68.14956216779909,67.56307713359433,68.03226396775129,10759400
2016-12-27,68.13391876220703,68.15738317488433,67.83676849467129,68.07136489317031,6946400
2016-12-28,67.64125061035156,68.33721213356856,67.52395245076879,68.15736012610289,9455600
2016-12-29,67.1642837524414,67.77422739793603,66.49960172763409,67.70385203854937,14689000
2016-12-30,67.47706604003906,67.5787213090255,66.98442070659489,67.32848790641395,13617800
2017-01-03,68.2121353149414,68.62658386542721,67.23466006717851,68.29814764799193,20550700
2017-01-04,68.33794403076172,68.55024428050167,67.93692578231258,68.37725578120806,15266600
2017-01-05,67.70889282226562,68.49519978246005,67.04053310590956,68.2593052947833,14300800
2017-01-06,67.71675872802734,68.1099122148386,67.57522323281346,67.92905897132513,12893300
2017-01-09,67.763916015625,68.22783411899898,67.2449506806191,67.41008037742601,12806600
2017-01-10,67.96050262451172,68.33006781114062,67.4022254698972,67.67743167301066,13989000
2017-01-11,68.47160339355469,68.47160339355469,67.55162579926576,67.96050273037908,14713100
2017-01-12,67.81109619140625,68.62099122886049,67.63810773698987,68.21997908348949,21337400
2017-01-13,68.17280578613281,69.32867788822986,67.70102284624814,68.49519449446542,28296000
2017-01-17,65.69595336914062,67.00908464174653,65.48364711605677,66.78105488797512,30024600
2017-01-18,66.00260925292969,66.23063899505298,65.2870670277449,65.75885001187588,21270100
2017-01-19,65.49937438964844,66.57661112200364,65.35783889208508,66.09696338020818,16555600
2017-01-20,65.79029083251953,65.91610280449052,65.49149639765595,65.60157887360806,18436800
2017-01-23,65.8217544555664,66.04978419230632,65.42860097823126,65.49937172365549,12179200
2017-01-24,66.61593627929688,66.83610130020298,65.70381719377512,65.98688822038208,15175300
2017-01-25,67.64598083496094,67.75606331971558,66.96975642915638,67.49658060606014,17551000
2017-01-26,68.2121353149414,68.36939432238891,67.58308728705818,67.58308728705818,15962800
2017-01-27,68.35366821289062,68.39298596277544,67.83470270983366,68.1413679610332,12535400
2017-01-30,67.64598083496094,68.01554603337104,67.08770366254936,67.77179281699225,13661900
2017-01-31,66.5451431274414,67.7403328373306,66.12053673043168,67.30786169249342,15655100
2017-02-01,66.7967529296875,67.70100685025797,66.58445275656636,67.26067701027686,15430900
2017-02-02,66.5136947631836,66.76531871881124,66.17558857066082,66.31711804713345,11081400
2017-02-03,68.55023956298828,68.6524573059699,67.52017938686782,67.77179736878449,17885200
2017-02-06,68.22785186767578,68.76254083720929,68.1020458743393,68.24358136624657,11828400
2017-02-07,68.18856048583984,68.72324961507383,67.99984843994778,68.51880806591289,9392800
2017-02-08,67.59093475341797,67.86614094560123,67.12701660074404,67.76392321680318,13970900
2017-02-09,68.56595611572266,68.66817984739369,67.59093728445737,67.59093728445737,13749100
2017-02-10,68.40868377685547,68.7861136372727,68.32218955882327,68.7861136372727,10992500
2017-02-13,69.31294250488281,69.77686061649281,68.74680067447808,68.75466542185718,18739100
2017-02-14,70.42163848876953,70.53172096616152,69.28149597333316,69.43089619224162,17932100
2017-02-15,71.23155212402344,71.45172313519522,70.25653307073496,70.83053985152978,17381800
2017-02-16,71.18436431884766,71.58538252671626,70.58676938150072,71.08214657917537,17672700
2017-02-17,70.948486328125,71.13719833658048,70.52387980981523,70.6260975645939,15776600
2017-02-21,71.56179809570312,71.67188059015848,71.12932686816708,71.168644615778,14068300
2017-02-22,71.6010971069336,71.78981506303919,71.09786122207527,71.17649070426346,11839000
2017-02-23,71.6561508178711,71.82127455892359,71.17650309427034,71.69546856533188,11067000
2017-02-24,71.02709197998047,71.19221568180933,70.5553091177488,70.9091447646614,15062300
2017-02-27,71.10572052001953,71.3416149475486,70.78333186899941,71.0192262965285,12361000
2017-02-28,71.255126953125,71.41238591919551,70.44522588063131,70.64966733575899,15183500
2017-03-01,73.59832763671875,73.89712811027346,72.81988545375754,72.96142094148192,24451400
2017-03-02,72.45030975341797,73.84993493005166,72.36381552348713,73.81062318856624,16862500
2017-03-03,72.9692611694336,73.21301431675082,72.45029588915897,72.45029588915897,12817500
2017-03-06,72.27732849121094,72.5918524496405,71.63255707600081,72.53681120684375,15059200
2017-03-07,71.87631225585938,72.41099515639634,71.71904728595568,72.05715947244212,11156800
2017-03-08,71.71906280517578,73.00860584220307,71.63256855277365,72.87493508814394,17378400
2017-03-09,72.00210571289062,72.45030030085422,71.67185833208464,72.02569395451332,13726200
2017-03-10,71.77410125732422,72.34024325131233,71.18437101342765,72.30092550210072,13729900
2017-03-13,71.83700561523438,72.16725310450042,71.49889337649644,71.79768786692104,10004300
2017-03-14,71.95492553710938,72.0650079917289,71.37305427807036,71.56963094689719,10237700
2017-03-15,72.12793731689453,72.77270875942914,71.65614835973368,72.18297856202386,16601400
2017-03-16,72.05716705322266,72.97714472752608,72.00212580772704,72.36382627799047,14492000
2017-03-17,71.30229187011719,72.37166946315287,71.2787036289397,72.20654577586643,21734700
2017-03-20,70.79124450683594,71.6876343393859,70.60253243657505,70.97995657709683,14623600
2017-03-21,68.71534729003906,71.27084426054346,68.45586461941717,71.05067932754712,33089200
2017-03-22,68.82543182373047,69.25003820685279,67.63024815197643,68.32219596203986,21741000
2017-03-23,68.71534729003906,69.58814827373489,68.4794528623747,68.57381183324935,16090100
2017-03-24,68.63672637939453,69.26576826659365,68.22784345362211,69.02987980853595,16093200
2017-03-27,68.59740447998047,68.72321644922346,67.01693210991837,67.25282055368166,16689300
2017-03-28,69.66679382324219,69.99704129893034,68.39298041728908,68.42442741579148,16264400
2017-03-29,69.40730285644531,69.8397740226071,69.25790863462639,69.66678555614239,10207600
2017-03-30,70.00489807128906,70.34301025759916,69.28936195549734,69.35226194438081,11631000
2017-03-31,69.06919860839844,69.7768760529611,68.9984338634651,69.75328780464999,16987600
2017-04-03,68.81755828857422,69.32865883257061,68.09415757964844,69.18712338960306,19831800
2017-04-04,69.04692077636719,69.33161822588558,68.58033697680469,68.71477576310082,14280800
2017-04-05,68.16118621826172,70.01962314911215,68.11373263110917,69.92472200832101,17635500
2017-04-06,68.39054870605469,68.73060369765044,67.41783130057793,67.99513620575804,14379600
2017-04-07,68.15327453613281,68.65149193712098,67.78158595277858,67.95556835634983,13097100
2017-04-10,67.91604614257812,68.55661847004114,67.53645353635589,68.07421475643379,15081600
2017-04-11,67.79741668701172,67.84486424703627,67.06194933905726,67.64715803558093,14690500
2017-04-12,67.53642272949219,67.97137264378178,67.2438154524693,67.95555880636758,14730600
2017-04-13,66.7456283569336,68.7938621233946,66.7456283569336,67.61553461308891,30529800
2017-04-17,67.90023803710938,68.07422051029836,66.72191042348788,66.77726793463745,19071700
2017-04-18,67.34664154052734,67.7183241210706,67.01449054558414,67.50480408401323,14127000
2017-04-19,66.79307556152344,67.94767928193556,66.71399427203245,67.61553424596406,17588500
2017-04-20,67.65505981445312,67.8369461282889,66.86423506400254,67.20428994803686,15635800
2017-04-21,66.84050750732422,67.75786714486871,66.83260360368328,67.61551844364678,19820600
2017-04-24,69.19718933105469,69.63214550597061,68.34309686041038,68.4459079745811,25468300
2017-04-25,69.79821014404297,70.48622397300274,69.79821014404297,70.02755009820136,18253800
2017-04-26,69.93263244628906,70.42294596028634,69.7032925462023,69.86936501864155,12832200
2017-04-27,69.2841567993164,69.88518529843259,68.8096631562306,69.88518529843259,13329000
2017-04-28,68.80174255371094,69.47394228000435,68.762198908953,69.2762361232408,10755600
2017-05-01,68.84920501708984,69.38696612133548,68.45379261789496,69.08645487001255,15712300
2017-05-02,68.40633392333984,68.70684512573594,68.02673542716964,68.57240637994137,14414200
2017-05-03,68.80174255371094,68.88082380971373,68.02673176445211,68.05836547355585,11540500
2017-05-04,68.88084411621094,69.37906763958279,68.4617079056704,69.34743392115324,11540100
2017-05-05,68.80174255371094,69.07062003082306,68.34306282197639,68.99944871047447,9436000
2017-05-08,68.88084411621094,69.05482655081603,68.5249753425295,68.83339655532404,8162200
2017-05-09,68.60407257080078,69.46606897272073,68.40636630978983,69.00739503264768,10273900
2017-05-10,69.1418228149414,69.18136647424345,68.38263161776163,68.43007918211184,8334900
2017-05-11,68.92829895019531,69.18136266866786,68.28772669912809,68.87293541681181,10907400
2017-05-12,68.73848724365234,68.84129832472773,68.27980743112225,68.54869098911078,8738800
2017-05-15,69.07061767578125,69.18924257249734,68.69102524650523,68.88082146114324,8835600
2017-05-16,69.2841567993164,69.66374930037945,69.07063073814368,69.08645061190448,9795000
2017-05-17,66.64280700683594,69.28416512551061,66.40556317353936,69.28416512551061,24679700
2017-05-18,66.39766693115234,67.06196307513552,65.92317313317349,66.484658164692,23350100
2017-05-19,67.04613494873047,67.48899496789817,66.54791742716682,66.59536499107328,13412900
2017-05-22,66.98287200927734,67.44946187526963,66.59536946646439,67.3624706465849,11636000
2017-05-23,67.8211441040039,68.06629788863044,66.8326129937162,67.02240927750721,11753000
2017-05-24,67.78158569335938,67.98720180893059,67.40989711142771,67.91602444705397,9833800
2017-05-25,67.49690246582031,68.0742072843741,67.28338240244646,68.0030299075728,12238500
2017-05-26,67.50482177734375,67.66298436228477,67.23593814272495,67.30711552940951,8113500
2017-05-30,66.3501968383789,67.33872776256955,66.25529569759158,67.32290788901469,12603200
2017-05-31,64.96627044677734,66.28694665705285,64.56294803539133,66.21577530808118,28327900
2017-06-01,65.68592834472656,65.70174822488646,64.5708681341129,65.21143450970976,17123500
2017-06-02,65.353759765625,65.6305472337395,64.8318185448254,65.0769722975105,14998500
2017-06-05,65.47239685058594,66.04179176704305,65.30632433887185,65.35377190407148,9080200
2017-06-06,65.60681915283203,65.81243527288107,64.95043317612682,65.0769680295459,12196800
2017-06-07,66.35812377929688,66.51628635429066,65.71755147348645,65.88362398728457,13711100
2017-06-08,67.18055725097656,67.79740559797708,66.34228498223958,66.35810485533675,17951000
2017-06-09,68.7701187133789,68.8412960774548,67.5285241120709,67.62342525300078,19120200
2017-06-12,68.78595733642578,69.38697995893143,68.71477995294856,68.77013745853502,16053400
2017-06-13,69.01529693603516,69.47397689631293,68.78596298941235,69.2367330100947,12557200
2017-06-14,68.87294006347656,69.04692251294861,67.86859505995434,68.6198763279305,16175700
2017-06-15,68.46171569824219,68.86503811223307,68.20074201662952,68.20865195551596,12509700
2017-06-16,68.15327453613281,68.77011685169353,68.02673968498507,68.68312564990792,16936600
2017-06-19,69.64794158935547,69.77447645652127,68.68313434451717,68.77803549489151,15972300
2017-06-20,69.21298217773438,69.5293132968343,69.09436328739687,69.39487453210897,11197800
2017-06-21,68.89665985107422,69.23671476185895,68.61196243583517,69.18135726631327,10005900
2017-06-22,68.81755828857422,69.08644180661165,68.52495702994652,68.74638696626367,12180600
2017-06-23,68.69104766845703,69.59258752415697,68.49334145389977,69.32370996844621,18812000
2017-06-26,68.99156188964844,69.33161683455374,68.50125431805134,68.80967554325439,10082400
2017-06-27,69.63212585449219,70.33595944180044,69.19716980232893,69.3632422858328,15415200
2017-06-28,71.03189849853516,71.22960474085278,70.06709107066264,70.06709107066264,17466200
2017-06-29,72.08370971679688,73.26994737741279,71.41941348942326,73.02478749142745,27697800
2017-06-30,72.28136444091797,72.75585796004184,72.09156823997091,72.72422425429859,16892700
2017-07-03,73.7524642944336,74.33294458033184,72.68693295141527,72.80620432063195,13208100
2017-07-05,74.49197387695312,74.57944358837567,73.64113710223559,74.04667794003991,17535400
2017-07-06,74.25343322753906,75.1519847865523,73.85584576013945,74.38066412912453,16596100
2017-07-07,74.62718200683594,74.8816377964582,74.13417732696416,74.71465175327214,12817800
2017-07-10,74.10234832763672,74.49198231657967,74.02282598700512,74.34885059682675,13987200
2017-07-11,73.81610107421875,74.21368859774675,73.37875237165628,74.21368859774675,13262300
2017-07-12,73.56163024902344,73.8160859693443,73.21175135856865,73.6411465241169,13540100
2017-07-13,74.03076934814453,74.25341731149172,73.42643482855789,73.70475084944387,12820100
2017-07-14,73.35488891601562,73.64115238248756,72.02694820953397,72.20983505012785,22235200
2017-07-17,72.67102813720703,73.14813182783331,72.55970414495098,73.01295356105135,14374200
2017-07-18,72.41656494140625,72.82210576651167,71.82018387312849,71.92355440761726,14719400
2017-07-19,72.51993560791016,72.85391361744716,72.3609030827607,72.63125958885517,11651200
2017-07-20,72.51993560791016,72.93342988002189,72.28138682018597,72.48018050997378,11561700
2017-07-21,72.27342224121094,72.64715529111598,71.97920544163225,72.40860047343585,10971300
2017-07-24,72.58355712890625,72.79030428229252,72.28934632604758,72.3291014273164,10725100
2017-07-25,73.792236328125,74.36475718477784,73.37078851692435,73.45031086371526,16447700
2017-07-26,73.10042572021484,74.10234775068439,72.90163200358928,74.03077885801375,11815500
2017-07-27,72.79827117919922,73.20380604725985,72.4881534251747,73.02091920088824,12332400
2017-07-28,72.58355712890625,72.9572902677075,72.28934632604758,72.71873539328469,9351900
2017-07-31,72.9970474243164,73.44234336095295,72.75849256300276,72.76644600950046,11520300
2017-08-01,73.97509765625,74.06256735419451,73.37871666119258,73.54570261180451,12523700
2017-08-02,74.03873443603516,74.11825071163314,73.56163071574436,73.84789416125943,10165600
2017-08-03,73.55367279052734,74.05463075633098,73.34692563319616,73.71270533204205,11078800
2017-08-04,74.47607421875,75.06450186842895,74.32498906634102,74.34884333952091,14324000
2017-08-07,74.7623291015625,74.89751342296712,74.51582686455167,74.65895856561971,7978300
2017-08-08,74.49197387695312,75.7165437701666,74.42835843833633,74.7066683989071,13745400
2017-08-09,74.37271118164062,74.49198863600394,73.81609115021634,73.93536860457964,11214400
2017-08-10,73.30716705322266,74.00691869607232,73.2117438928195,73.87174043552788,13252300
2017-08-11,72.69489288330078,73.688861576411,72.55176114882477,73.25946637298297,10679500
2017-08-14,73.54570770263672,73.87173224785211,73.4184829029026,73.45029061951153,10994800
2017-08-15,73.73655700683594,74.39654743658375,73.67294157102593,74.19775374970385,8812700
2017-08-16,73.22763061523438,74.13413529770773,73.06064466671855,73.98305017284532,11085400
2017-08-17,72.0826187133789,73.12429607622609,71.96334124383283,72.96526349463407,13837500
2017-08-18,72.15416717529297,72.79030950829082,71.716824629722,71.81224173297964,13040700
2017-08-21,72.06669616699219,72.31320450164957,71.69296907472979,72.2416356087804,11502100
2017-08-22,72.80620574951172,72.92548318777172,72.36090978449043,72.41657178011809,9211800
2017-08-23,72.89366149902344,73.42642707890332,72.23366505825808,72.25752539470014,8811300
2017-08-24,72.7743911743164,73.25150088242228,72.68692753231241,73.10041573707528,8623200
2017-08-25,73.068603515625,73.53775974856173,72.99704070384063,73.06065006985955,11794600
2017-08-28,72.83800506591797,73.30716131781648,72.4642719669569,73.28330704625758,7292900
2017-08-29,72.4404296875,72.60741568275776,71.81224081008114,71.92356480691963,10886100
2017-08-30,72.60740661621094,73.06065599437088,72.51198952609435,72.55969807115265,9165300
2017-08-31,72.27342224121094,73.0367891644059,72.20185943592752,73.00498145093515,13217400
2017-09-01,72.91751861572266,73.44233683731397,72.32113758211521,72.55969242223883,9815800
2017-09-05,71.17608642578125,72.44836468471635,70.786446469372,72.3767958097162,16897300
2017-09-06,71.65320587158203,71.97922440381666,71.27947272322083,71.56573615316972,11845700
2017-09-07,70.39683532714844,71.66911399719775,70.03900903662631,71.65321316800481,14592300
2017-09-08,70.30935668945312,71.10453151579854,70.16622497804285,70.22188697321893,14242200
2017-09-11,71.39874267578125,71.76452233864434,70.73079272038197,71.08067155733883,13219000
2017-09-12,72.27342224121094,72.55968559574667,71.64523355024089,71.70089553213946,14003800
2017-09-13,72.48018646240234,72.75849643762106,71.8201899020962,72.05079132919242,12485400
2017-09-14,72.33706665039062,72.78236268398936,72.15417374133202,72.51995349274577,10562800
2017-09-15,72.85391235351562,72.92547516858076,72.17006158717344,72.42451726301924,18171800
2017-09-18,73.88766479492188,74.06260427802681,73.03682772712409,73.10044318765394,11318700
2017-09-19,74.69873046875,75.03270246368349,73.56957752391787,73.72066269307,12626100
2017-09-20,75.2235336303711,75.77220617469847,74.51582855533832,74.8259462369054,15311600
2017-09-21,75.56544494628906,75.83580747813626,74.89750116178607,75.1121956448903,10851500
2017-09-22,75.40642547607422,75.5257029058336,75.08835435228325,75.30304887248846,8358300
2017-09-25,74.84185028076172,75.4461787277972,74.3090785831067,75.15196795052259,10463400
2017-09-26,74.50786590576172,74.77027500904546,74.22160253248879,74.57148133686712,9358100
2017-09-27,75.68472290039062,76.11411793639192,75.20761932706733,75.51773695306252,15090200
2017-09-28,75.84380340576172,76.24139097962299,75.47007618236427,76.01078945877886,10270400
2017-09-29,75.9471435546875,75.95509093431738,75.55750355155112,75.78015758192991,11438400
2017-10-02,77.00469970703125,77.03650741670363,75.90736102348569,76.1538631900712,13797200
2017-10-03,77.4102554321289,77.47387086380894,76.94905265250091,76.99676725961167,9633500
2017-10-04,76.62305450439453,77.48184485974514,76.55943905584195,77.37052085812967,12166600
2017-10-05,77.6548080444336,77.90275731082586,76.42308605931606,76.78300394946322,14236200
2017-10-06,77.51882934570312,78.09470277544766,77.15891150319484,78.02272164781164,10231900
2017-10-09,77.1109619140625,77.63884208218771,76.89500622088217,77.55086103713899,7765100
2017-10-10,77.68679809570312,77.72679168260649,76.97495618440848,77.15091820331989,10631500
2017-10-11,77.45484924316406,77.59082377826144,76.89497563569718,77.44685540746072,14283600
2017-10-12,76.7750244140625,77.98275910990978,76.4790937464166,77.82279691670479,18251600
2017-10-13,76.67102813720703,77.35087642127729,75.95118626494713,76.3670976143261,13190600
2017-10-16,78.25467681884766,78.34265783412907,77.05494235828111,77.05494235828111,12434000
2017-10-17,78.07874298095703,78.52664202026469,77.83879358008978,78.43866098009114,10335700
2017-10-18,78.37467193603516,78.8225770676597,78.08673510219317,78.50264657426119,10158600
2017-10-19,78.47062683105469,78.54260796450532,77.65480403895984,77.73479121234668,9133900
2017-10-20,79.59038543701172,79.8943159687701,78.96652449688584,79.40642346899679,15326600
2017-10-23,79.45442199707031,79.97430822054325,79.3744409093435,79.5903965585883,9238600
2017-10-24,80.71815490722656,80.93411058583874,79.79036317952855,79.88633805698582,13000800
2017-10-25,80.79810333251953,81.14202740938687,80.13425499061076,80.98206527686615,14632700
2017-10-26,81.37397766113281,81.91785746066878,81.03805351787466,81.0620472277982,13054400
2017-10-27,81.39798736572266,81.76591133072812,80.82211990790712,81.12605046360133,10400400
2017-10-30,81.11005401611328,81.52595929452984,80.67814886035458,80.88609844848023,8839500
2017-10-31,80.47019958496094,81.34200380248234,80.43820592989147,81.07806682694931,8690200
2017-11-01,80.71815490722656,81.34201601936545,80.56619265053034,80.86212332557912,8418200
2017-11-02,81.25399780273438,81.39796615521466,80.11025702190595,80.67813049497711,8731800
2017-11-03,81.11005401611328,81.20602887150503,80.56617412762068,80.86210473463228,7103500
2017-11-06,80.60617065429688,81.33401260083888,80.51019578814432,81.05406963545136,8121500
2017-11-07,78.9825210571289,80.58216705322265,78.58260955810546,80.43019873090088,18822600
2017-11-08,78.09471130371094,78.67858473434221,77.70279977206694,78.5985975586818,18524700
2017-11-09,78.08670806884766,78.55860675622824,77.43085353041027,77.67880278059242,13697800
2017-11-10,77.99075317382812,78.65460171755956,77.9827532341207,78.23069644555655,9314000
2017-11-13,78.27066802978516,78.42263633065787,77.27888936079462,77.33487671866915,9303100
2017-11-14,77.79879760742188,78.20670913559375,77.46287333818223,77.85478498562848,11043800
2017-11-15,78.53462219238281,78.97452118035376,76.7430142817966,77.09493835390555,15384100
2017-11-16,78.75858306884766,79.23047577740898,78.63060844147545,78.80657050302919,9808000
2017-11-17,78.49462890625,78.71058453394241,78.03873003932355,78.23868578976789,9017900
2017-11-20,79.19047546386719,79.3024501936087,78.19069673248575,78.74257044273604,9483200
2017-11-21,79.12651824951172,79.62241088562651,79.11052446868041,79.58241728029708,13389400
2017-11-22,78.89454650878906,79.59838860800826,78.85455291474103,79.20647701543348,7342200
2017-11-24,78.63858795166016,79.10248670211874,78.5906005299453,79.04649934272992,3680000
2017-11-27,78.32667541503906,79.28646068177142,78.32667541503906,78.63060599233226,13076200
2017-11-28,81.07007598876953,81.34201293413969,78.35867596444264,78.55063181424312,16773000
2017-11-29,82.96563720703125,83.35754874354048,81.54994716970828,81.90987115815395,21105500
2017-11-30,83.59751892089844,85.30914619808098,83.21360719870495,83.77348100280662,23945900
2017-12-01,83.81346130371094,84.23736655985671,81.7419163529336,83.90144233070336,19683500
2017-12-04,85.54105377197266,86.70080059838216,85.39708541083783,86.16492073833307,23576600
2017-12-05,84.55728149414062,85.9089842042593,83.27756602115254,84.44530677163947,17193900
2017-12-06,83.9254379272461,84.58929256318518,83.6055074675747,84.42133044484504,15476200
2017-12-07,83.677490234375,84.13338913176639,82.96564820339837,83.14160414972865,13371800
2017-12-08,84.72526550292969,84.7332654429399,83.45354353662319,83.78147395321257,13506900
2017-12-11,84.47730255126953,84.82922050136168,84.22935328619533,84.55728362619207,10591200
2017-12-12,85.46110534667969,85.87701681644232,84.4133389362198,85.50909888683174,15508800
2017-12-13,84.38932037353516,85.6690358611288,84.36532666160603,85.3411055256579,15020300
2017-12-14,83.70948791503906,85.14116588284506,83.69348803595227,84.87722889957219,13034200
2017-12-15,84.89322662353516,85.1971572164901,84.14139092781383,84.61328974816006,29350600
2017-12-18,85.54906463623047,86.0849445647259,85.16515302561122,85.73302660535242,12713100
2017-12-19,85.18916320800781,85.9729864574872,85.133175833045,85.86101170756156,12149900
2017-12-20,84.89322662353516,86.16494857476236,84.85323302612461,86.06096766236146,13091500
2017-12-21,86.24491882324219,86.43687464191115,85.22914015753118,85.25313387209412,12323700
2017-12-22,85.94097137451172,86.74879424229448,85.42908518756305,86.54083857192012,14573400
2017-12-26,85.59706115722656,86.3728905014194,85.10117476563866,85.74102955204756,7403700
2017-12-27,85.75703430175781,85.81302167502594,85.31712915310389,85.31712915310389,9496500
2017-12-28,86.21293640136719,86.25292389679308,85.70905002340415,85.9010058670806,7440600
2017-12-29,85.53307342529297,86.60483331440669,85.53307342529297,86.4528649919757,8925700
2018-01-02,86.34088134765625,86.39686870769377,85.42908371152265,86.0849382586041,13578800
2018-01-03,86.42884826660156,86.77277230852539,85.96495568855839,86.26888615033337,11901000
2018-01-04,87.66700744628906,88.4629552577911,86.9916531411112,87.12029439312698,12953700
2018-01-05,87.10421752929688,88.07705020032527,86.65398538227431,87.84389251448775,14155000
2018-01-08,87.23289489746094,87.37761330946933,86.58970059210021,86.95149968909894,12466500
2018-01-09,87.67505645751953,88.14136570055048,87.22481817141812,87.40973845330936,13292300
2018-01-10,88.63985443115234,89.00164730177956,87.94842287639257,88.01274351728973,15834500
2018-01-11,89.11421203613281,89.18657429605469,88.47906559501465,88.97753526444684,13676800
2018-01-12,90.58549499511719,90.73021334968014,89.11419274605271,89.76542840856251,18884200
2018-01-16,90.26388549804688,91.19651612835537,89.29910069023663,89.65285798227808,22703300
2018-01-17,90.8427734375,91.09201435784078,89.49207080909548,89.95838619920073,14940300
2018-01-18,91.05986022949219,91.42969469486145,90.26390614037328,90.65786544531426,14572900
2018-01-19,90.85885620117188,91.92815758717983,90.69001914022326,91.60656669048902,18785500
2018-01-22,91.92011260986328,91.9683500125916,90.44881048712412,90.57745173966968,12475700
2018-01-23,91.82366180419922,92.16937761642824,91.13223017974119,91.38950663531014,12320800
2018-01-24,92.99746704101562,93.26278505686066,92.18544203584624,92.34623748753536,15904500
2018-01-25,93.02159881591797,93.39947492783175,92.5231291652693,93.29495848294344,13510000
2018-01-26,93.52005004882812,93.52005004882812,92.4266239356902,93.02157439508943,13883900
2018-01-29,93.42359161376953,94.34818090577079,93.27887323646539,93.27887323646539,11679900
2018-01-30,92.54723358154297,93.7451762416343,92.44271715279447,92.88490770576416,14279100
2018-01-31,92.99746704101562,93.79342108855073,92.58743679902236,92.98138994942803,13141400
2018-02-01,93.9622573852539,94.05873220189778,92.8447124434719,93.07786400633009,13800600
2018-02-02,91.87991333007812,94.00244498656517,91.7271533717706,93.65672927783683,16477300
2018-02-05,87.47406768798828,92.12916190138864,83.59883820513097,90.85082142911739,30097600
2018-02-06,90.13526153564453,90.43273985292677,85.71331937395418,85.90627513259383,33114800
2018-02-07,90.74629974365234,92.0165985292296,89.36343678152576,89.68503381778015,21878300
2018-02-08,86.7343978881836,90.9392662944297,86.7022375673496,90.9392662944297,27425800
2018-02-09,88.47101593017578,89.28304714010419,85.40781753054077,87.71526374664121,28188000
2018-02-12,89.83777618408203,90.63373012730939,88.49511532317484,89.37950245947498,18043300
2018-02-13,90.3925552368164,90.89103102055093,89.08205433522866,89.50012624800776,16358200
2018-02-14,92.48294067382812,92.67589649780783,90.47296628333737,90.55336403216599,15186900
2018-02-15,92.86882019042969,93.25473167937959,91.83167309620396,93.05373432314869,12130200
2018-02-16,92.20152282714844,93.31906782290484,92.05680446123988,92.09700639275196,13214300
2018-02-20,92.22561645507812,92.77232945163473,91.63066606098624,92.17737905754285,13461500
2018-02-21,92.6115493774414,94.42856117036196,92.19347141637883,92.45878941467397,14212500
2018-02-22,92.44271850585938,93.60850086633297,92.26583982850127,92.86079036092582,17070400
2018-02-23,94.31599426269531,94.38031488664716,92.70801546761288,92.70801546761288,12162500
2018-02-26,95.48981475830078,95.59433730211079,94.32403262559723,94.98330366351722,16511200
2018-02-27,94.35619354248047,95.94005359269242,94.34815193122371,95.60237952733462,17563300
2018-02-28,92.86079406738281,95.26472113136045,92.73215279364112,94.72604959896258,17735600
2018-03-01,91.19652557373047,93.7773310291758,90.56941477030769,92.84470643622603,18690000
2018-03-02,91.10807037353516,91.30102609468497,89.33929630609958,90.36036005338383,18353700
2018-03-05,92.50704956054688,93.20652278237527,89.95840377622785,90.08704506785558,13933000
2018-03-06,92.58745574951172,93.11808575585606,91.91210121949082,92.97336736613404,10674400
2018-03-07,92.24171447753906,92.53918665533998,90.93924932953279,91.45380209897783,13006500
2018-03-08,92.24974060058594,92.64369981689093,91.01963781919206,92.54721888217195,11173700
2018-03-09,94.90292358398438,94.9350839008273,92.99746621522625,93.70498091786382,15366600
2018-03-12,94.597412109375,95.47375776264607,94.26777345406529,94.87076560835568,12339300
2018-03-13,93.46378326416016,95.2486410098631,93.1261091322578,95.03156040081635,13312300
2018-03-14,92.41859436035156,93.73713670369227,92.13719925060568,93.71301799913596,12905100
2018-03-15,92.65176391601562,93.26279775675671,92.32213135497979,93.15828131232176,8748000
2018-03-16,92.81256103515625,93.7451857779661,92.73215716829785,92.73215716829785,19888900
2018-03-19,92.08091735839844,92.82058623351804,91.09201369869474,92.53919113254354,13214900
2018-03-20,92.16934967041016,92.8205791593118,92.01658971268648,92.35426994207316,9921200
2018-03-21,92.24974060058594,93.76928005218451,91.82362720666019,92.30601961235061,13633000
2018-03-22,88.39865112304688,91.33321429212677,88.06901858767851,91.01161723604407,22550400
2018-03-23,86.03491973876953,89.17851555353529,85.8339223599702,88.6559211418664,23081500
2018-03-26,88.68809509277344,89.37149119291377,87.35347548202745,87.78763062305205,20217500
2018-03-27,86.96754455566406,89.79759108966928,86.26807760181386,89.29911538105559,18039900
2018-03-28,86.83087158203125,87.77153788535442,85.74548691404657,87.05598767507063,19189300
2018-03-29,88.41474151611328,89.06597116035071,86.65400224515528,87.23287576623486,13274600
2018-04-02,86.71027374267578,89.02576762586612,85.28721490525973,88.40669222305895,18822500
2018-04-03,87.90017700195312,88.03685375023848,86.23591891614237,87.12030617451391,14050700
2018-04-04,89.23480224609375,89.41168093607659,86.04296261491346,86.1072832538079,15302600
2018-04-05,90.40647888183594,91.17414576505207,90.01052801831666,90.20446225441982,16627000
2018-04-06,88.15196990966797,90.13981888847557,87.1257281861078,89.33175240328998,18906000
2018-04-09,89.21054077148438,91.2953537729213,88.7984251397915,88.89539533697159,15974300
2018-04-10,90.91558074951172,91.20648523745814,90.03478489293525,90.60851147609088,13951400
2018-04-11,89.3883285522461,90.34992360368771,89.30751696106611,90.22871854703541,14503300
2018-04-12,91.61050415039062,92.43472929319046,90.0994175293562,90.14789954803317,16435500
2018-04-13,89.1297607421875,93.04888305985001,88.11967735283841,92.94383044171947,39152800
2018-04-16,89.05701446533203,90.07518005289019,88.7176279911655,89.64690576429072,16580500
2018-04-17,89.05701446533203,90.43880753734597,88.87923883646617,89.99437463023986,15501400
2018-04-18,88.33786010742188,89.75197697185237,87.99039114555939,89.31562017102087,16081400
2018-04-19,90.27721405029297,90.3984252901039,88.48330496325845,88.50754597820868,17911000
2018-04-20,90.07518768310547,91.10142958432,89.59842516848269,90.74588446152882,15584400
2018-04-23,89.63883209228516,90.46305734759022,89.39640963569352,90.15599424562542,11285800
2018-04-24,89.21863555908203,91.23071965094033,88.55601503386998,90.30144183528358,16453100
2018-04-25,88.87925720214844,89.31561397269766,87.75604494955427,89.10551489834585,13548200
2018-04-26,88.9681167602539,89.54992560274992,88.35398451927946,88.86307033899242,10299500
2018-04-27,88.40248107910156,89.01661337828895,88.18429965995544,88.5236922936207,9384000
2018-04-30,87.9014892578125,89.12975401904528,87.87724824470621,88.68531489523224,13744900
2018-05-01,87.9014892578125,88.05502389423143,86.89948833737682,87.63482578352469,10503400
2018-05-02,87.20654296875,88.47520724016036,87.05301451231321,87.36007759024548,12162100
2018-05-03,86.65705871582031,87.0853330188018,84.99244352610093,86.9398807871233,15379100
2018-05-04,87.6186752319336,87.86917394384609,85.63891422185257,86.00254178205199,11967900
2018-05-07,88.37822723388672,88.62872585313637,87.56207841738433,87.88530622080624,9356700
2018-05-08,89.68733215332031,89.97015429951212,88.30553866901721,88.50755536844855,12543200
2018-05-09,91.64282989501953,91.82868174807335,89.71962757086888,90.05093781379041,11368100
2018-05-10,92.35394287109375,92.47515410777784,91.10951942691892,91.46507074384304,9159700
2018-05-11,92.0064697265625,92.709489935032,91.85293508946864,92.5155494992105,10253000
2018-05-14,92.0387954711914,92.68524511184442,91.90950184402512,92.20848873305255,8710700
2018-05-15,91.33576202392578,92.0468645402887,90.96405214721725,92.0468645402887,11536200
2018-05-16,91.58626556396484,91.86909380625652,91.01253901727583,91.22263805967398,7571100
2018-05-17,91.27918243408203,91.64281602359328,90.66505022617191,91.4731166494535,8617200
2018-05-18,89.80044555664062,91.14992156203554,89.56610548582425,91.10951576307919,11806300
2018-05-21,90.62468719482422,90.93983273394315,90.43882912980176,90.54388175288143,9441900
2018-05-22,91.31958770751953,92.35391173709182,90.73777889962074,90.78626091192646,11507600
2018-05-23,90.89942169189453,91.1256793823191,89.79237425445146,90.91558647838754,11453900
2018-05-24,89.88124084472656,90.62466055617195,88.98428652317854,90.61657816483543,14084800
2018-05-25,89.42064666748047,89.76003313615368,89.04893063220014,89.25902965973718,8283500
2018-05-29,85.59850311279297,88.24087842690562,84.81467745178509,88.22471980603491,30643800
2018-05-30,87.55400848388672,87.75602511913567,86.18029783021719,86.98028197958669,17490800
2018-05-31,86.47119903564453,87.42471776486649,85.99443658850446,87.23077736345786,19808200
2018-06-01,87.59442901611328,88.030785761482,87.10959024294566,87.54594082325488,13594200
2018-06-04,87.63480377197266,88.28934178673636,87.48935156480935,88.07116039346255,9415400
2018-06-05,87.14189910888672,87.52169139696541,86.51969054005447,87.46512698161703,10415200
2018-06-06,89.17823028564453,89.48529337359129,87.6590673001927,87.80451953449567,15453600
2018-06-07,89.53376770019531,90.09941176543495,88.91155306337376,89.84083074060284,13444400
2018-06-08,89.7842788696289,89.8085198808011,88.93580648824903,89.38832796867906,10383200
2018-06-11,89.55802917480469,90.43074264495223,89.50954098309026,89.79236924540315,12642900
2018-06-12,89.04084014892578,90.12364618467036,88.49943096599601,89.80850077635321,15294100
2018-06-13,88.86310577392578,90.05904116922795,88.5479602194164,89.25905677432416,14979700
2018-06-14,87.29542541503906,89.17822189155554,87.09340878447013,89.11357509015949,20487300
2018-06-15,87.19039154052734,87.57826007463366,85.87323897393256,87.1095861096768,26028600
2018-06-18,87.4166488647461,87.59442451094473,86.21263130420878,86.67322903978744,9786800
2018-06-19,86.90756225585938,87.17421953908652,86.13989531367824,86.38231775122148,12707200
2018-06-20,86.89949035644531,87.78836245966463,86.8186849225271,87.41665253159326,8876900
2018-06-21,86.87525177001953,87.44089598831029,86.08334369935288,86.54394146712094,11048700
2018-06-22,85.45304107666016,87.57017774166854,85.25910682312816,87.4004844991957,19478900
2018-06-25,84.67729949951172,85.4126368974728,84.00660274391176,85.38031965882168,16907600
2018-06-26,84.73387145996094,85.01669356128401,83.3197547882861,84.61266022651978,17086800
2018-06-27,83.42479705810547,85.59041587059299,83.41672083065743,84.58841497677312,16276800
2018-06-28,84.79043579101562,85.21871013900562,83.64298260110671,83.78035245516776,14491300
2018-06-29,84.2005386352539,86.38232219008057,84.16013900362651,86.2045465487548,18972400
2018-07-02,84.91162872314453,84.91970494924784,83.53791198343588,83.81265779740085,11130000
2018-07-03,83.72380065917969,85.47730411499775,83.65107144220134,85.17832334814327,8311700
2018-07-05,84.26813507080078,84.80435406594582,84.1137660849951,84.6012395892802,10723400
2018-07-06,84.54439544677734,84.90187902621767,83.03322275004281,83.78068897965112,12173700
2018-07-09,87.16048431396484,87.30672698691694,85.07246771593661,85.07246771593661,13900800
2018-07-10,86.624267578125,88.07044171594634,86.55114314045514,87.76170373243697,14575900
2018-07-11,86.43738555908203,86.98173080191732,86.29114290593333,86.37238744689124,10186500
2018-07-12,86.81112670898438,87.38797108301914,86.09616597748257,87.27422747115662,12456800
2018-07-13,86.41302490234375,87.58296629116096,85.42182524776939,87.17673733099521,21289100
2018-07-16,89.84159088134766,89.99595365841122,86.91674384996848,86.9736156517417,24662600
2018-07-17,89.7765884399414,90.1259455478764,89.16724507948932,89.93095740812886,14821900
2018-07-18,90.61343383789062,91.09278724987695,89.53286328071674,89.71160502082817,14244900
2018-07-19,89.28099822998047,90.25594523159165,89.15100818909451,90.23157248633565,16775300
2018-07-20,90.41030883789062,90.78403870622755,89.19162205909399,89.37036377842067,13578100
2018-07-23,92.09211730957031,92.81520446704974,90.12597034650406,90.23158765989487,18140000
2018-07-24,92.7420654296875,93.25391164708563,92.14896846790359,92.25459195618048,14000400
2018-07-25,93.57887268066406,93.85510530725773,92.11644642646235,92.5226752527895,13329100
2018-07-26,93.3107681274414,93.91198510609517,93.09140726987872,93.77386878101642,11897800
2018-07-27,94.26950073242188,94.48886786358015,93.27830098081807,93.5789126722502,12802700
2018-07-30,94.83822631835938,95.55318713630774,94.29387474027136,94.47261649439912,13411600
2018-07-31,93.39203643798828,95.12257579344634,93.28641913872453,95.12257579344634,15843800
2018-08-01,93.96887969970703,94.80571030940813,93.66014174373542,94.04199793229299,13531600
2018-08-02,94.36698150634766,94.44822605248696,92.88830845179098,93.08329660223758,11058100
2018-08-03,95.13069915771484,95.16319821980451,94.19637746652643,94.24512296037979,11016100
2018-08-06,95.15506744384766,95.48817194546814,94.39135506669777,94.88695486056376,9857400
2018-08-07,95.50443267822266,96.10564981414471,95.32569094086585,95.65879547075271,10562100
2018-08-08,95.69941711425781,96.0893934364056,95.28506184823414,95.32568722279873,8997100
2018-08-09,94.9600601196289,95.64252785669751,94.81381747586853,95.47191247207054,9694200
2018-08-10,94.0257568359375,94.20449236969576,93.17267354934087,93.83888878890403,12630600
2018-08-13,92.53084564208984,94.1476354054348,92.47397382725548,93.88764908068303,10336300
2018-08-14,93.1482925415039,93.4651506030346,92.33583470197672,92.83955459540428,10597600
2018-08-15,92.3764419555664,92.88829429550397,91.7833512804319,92.47393911521179,10152100
2018-08-16,93.24579620361328,93.68452424048536,92.86394617386674,92.90456535223352,10118600
2018-08-17,93.24579620361328,93.48953606806296,92.86394617386674,93.14017890158495,8505100
2018-08-20,93.12393188476562,93.47328904904829,92.70957659722986,93.09955293962406,8618700
2018-08-21,93.6926498413086,94.56197959332707,93.33516636245764,93.7332752179279,10976700
2018-08-22,93.40828704833984,93.76577051283027,93.25391806166226,93.68451976285557,8314700
2018-08-23,93.21329498291016,93.55452580369541,92.96955514031401,93.4001568234804,9265400
2018-08-24,93.17266082763672,93.61138878382047,92.98579280611801,93.41640064725917,8845700
2018-08-27,94.82196807861328,95.28506886938891,93.57078207228423,93.61140744984233,13768000
2018-08-28,94.35885620117188,95.08194320709839,94.220739851402,95.05757046285213,8302600
2018-08-29,94.05013275146484,94.54573259012521,93.725148336162,94.52947996015088,7221700
2018-08-30,93.58702850341797,94.27761648622399,93.4164130863879,93.9120067081065,8991800
2018-08-31,93.09141540527344,93.30264996847968,92.47394574702501,93.294529853514,13065700
2018-09-04,93.55452728271484,93.62764551751262,92.31958781859481,92.89643217672598,10174200
2018-09-05,93.09954833984375,94.00137711009663,92.82331562750923,93.4326590561362,11462400
2018-09-06,92.7014389038086,93.18891237124892,92.21396543636828,93.02642328162263,9877600
2018-09-07,92.88018035888672,93.24578390879273,92.31958246370682,93.0264230185614,10955600
2018-09-10,92.38459777832031,93.40829658662828,92.34397859774712,93.31079939584001,8276900
2018-09-11,92.96955108642578,93.09142100240977,91.95397878416148,92.2464641030985,9333800
2018-09-12,91.87273406982422,93.33515446324402,91.68586603918608,92.8233082553313,10800800
2018-09-13,92.230224609375,92.7258244593422,91.53963658520242,92.10836087459806,12470800
2018-09-14,92.21398162841797,93.01831330085687,91.99462069904827,92.46584162113179,10337900
2018-09-17,92.49020385742188,92.96955723906574,92.05148204854353,92.44958468178001,9561300
2018-09-18,92.86392974853516,93.15641505471646,92.26270650885074,92.88830249095675,7944200
2018-09-19,95.56130981445312,95.91878711053852,92.97769319077652,92.97769319077652,16052800
2018-09-20,96.38186645507812,96.87746620830771,95.93501838480562,96.27624917269976,15590000
2018-09-21,95.7481460571289,96.86934173629642,95.65877520738191,96.78809100120947,24788200
2018-09-24,94.830078125,96.24375300190988,94.59446461242148,95.67503500503845,12492500
2018-09-25,94.56196594238281,95.8456507960695,94.50509414246308,95.09006476938671,9308300
2018-09-26,93.44891357421875,94.95196578709351,93.15643440584272,94.85446859859321,14023600
2018-09-27,93.04268646240234,94.05013883486193,92.75020728812987,93.77389989448993,13283000
2018-09-28,91.6777572631836,92.81519969692208,91.41777095249158,92.33585245474976,15815100
2018-10-01,92.21398162841797,93.11581049088926,91.8402516978043,92.10836432147146,10146300
2018-10-02,92.59580993652344,92.71767983765272,91.65335597958833,92.10021021754216,13753100
2018-10-03,93.46514892578125,93.96887500873073,93.01017452735029,93.38390438299876,17142000
2018-10-04,94.30785369873047,95.56780151921303,93.44061940023026,93.71879277871145,16357400
2018-10-05,93.77604675292969,94.98690127407895,93.28515337422576,94.76600424723706,13777600
2018-10-08,94.34874725341797,94.7250942658405,92.73699605889047,93.47332988405132,14370900
2018-10-09,93.6942138671875,94.11147068368597,92.9987900010019,93.81693719462443,14069500
2018-10-10,91.19886016845703,94.04600864129402,91.19886016845703,93.84147186195935,23086400
2018-10-11,88.46627807617188,91.19889369857748,87.85266751256823,90.78981998950839,33705600
2018-10-12,87.50086212158203,90.6752780352762,86.39636437759816,90.29893097950232,32075700
2018-10-15,87.00179290771484,89.05534466222468,86.98543270592036,87.70540018229639,18903200
2018-10-16,88.86714935302734,88.99804965661447,87.32085167497556,87.67265521369445,19302800
2018-10-17,89.85712432861328,90.65072825135292,88.5480898260386,88.6708069341168,18794500
2018-10-18,88.43355560302734,89.86531365232472,88.20447531385491,89.1944329874756,17582500
2018-10-19,88.28629302978516,89.35806417612348,87.76267292685871,88.07357294815594,15234500
2018-10-22,87.01814270019531,88.63807077255377,86.8136058860715,88.48262703835805,16199100
2018-10-23,86.10999298095703,86.85450993066613,84.84186232150499,85.25093592236463,21407500
2018-10-24,84.50643920898438,85.93001382797054,84.19554546795509,85.70911679339136,23168900
2018-10-25,85.79093933105469,86.64181340056561,84.85825176758433,85.2345988333733,17464700
2018-10-26,84.61278533935547,85.54547268562429,84.04826799311994,85.08731223257098,19174900
2018-10-29,85.78274536132812,87.23904659404188,84.84187469375289,85.46366840548494,18445200
2018-10-30,87.29630279541016,87.52538925217581,85.79091495989914,86.48633882395515,18019700
2018-10-31,89.19441223144531,90.38891273325422,88.18809458933215,88.42535804561099,20860000
2018-11-01,89.16168975830078,90.176190597214,88.62170957893153,89.68530349722167,13065000
2018-11-02,88.6707992553711,90.65889737966715,87.94264868130904,89.91438660660107,19009200
2018-11-05,89.25167846679688,89.41531165823845,88.70352131989559,88.8589712912731,10276400
2018-11-06,89.66895294189453,89.72622300967306,88.16356473630499,88.90807561742591,10825000
2018-11-07,91.20706939697266,91.41160623463526,89.46441154522721,90.2989253383932,12679600
2018-11-08,91.94338989257812,92.39337339734581,90.8143488832998,90.82253210392332,11662500
2018-11-09,91.05160522460938,91.92702250380893,90.6752582509502,91.8206656118948,10432200
2018-11-12,89.13714599609375,91.58341092164396,88.85079568898027,91.15797082938803,13279700
2018-11-13,89.66077423095703,90.91254504732457,89.25988373633895,89.25988373633895,13746100
2018-11-14,87.81172943115234,90.57706437228434,86.70723209844392,90.18435726117187,18361400
2018-11-15,90.053466796875,90.06165001705693,87.38630503666127,88.55625584395398,19100000
2018-11-16,89.98802185058594,90.61799878158908,88.80989395600649,89.54622154938039,13798600
2018-11-19,90.6752700805664,90.9779805978017,89.6116760547954,89.96347965636869,13987000
2018-11-20,88.72808074951172,90.39710215159045,88.34355672466289,89.81621826157766,18936200
2018-11-21,88.06537628173828,89.67712748724217,88.06537628173828,89.20260054757702,10619600
2018-11-23,87.25541687011719,87.86084416652973,86.77270668367619,87.32904713610012,6488400
2018-11-26,89.39077758789062,89.97984465474492,87.90992669983507,88.13082997088976,13948300
2018-11-27,89.76713562011719,90.02075932203654,88.87535168948331,88.98171484858712,9238200
2018-11-28,90.7652587890625,91.14160577866117,89.07169421488437,89.83257141441183,13977300
2018-11-29,90.0452880859375,90.6507215703573,89.70166772470577,90.21709826655336,11144300
2018-11-30,90.96980285644531,91.0761597613437,89.65258516684577,89.8734821976251,18652700
2018-12-03,91.82884216308594,92.3606391041207,91.41976855336198,91.94338227445122,16034500
2018-12-04,87.72994995117188,91.30525015555199,87.32087624416495,91.30525015555199,23555900
2018-12-06,86.06092834472656,86.2000119068216,84.17100357673215,85.91366156075257,27213900
2018-12-07,84.50643920898438,87.52540488070241,84.19554546795509,86.03637697666728,19248600
2018-12-10,82.92740631103516,84.67005771801968,81.22565852164186,84.16281041450482,23636400
2018-12-11,82.117431640625,84.80913651145714,81.98652510056351,84.37551327897903,16860700
2018-12-12,82.64922332763672,84.18734398275438,81.86380280334933,83.17284325246244,22621500
2018-12-13,82.73104858398438,83.42647246797158,82.3628785922491,83.0828521359263,17250900
2018-12-14,82.05199432373047,83.40193863123523,81.7001907313743,81.80654763437738,19879500
2018-12-17,81.00475311279297,82.27287748210405,80.538409475207,81.62654046826255,25113500
2018-12-18,80.6202392578125,82.54288424947987,80.2766188746826,81.34020666655641,20837200
2018-12-19,79.59754943847656,82.2892547325663,79.03302581913576,80.51387663709276,28767900
2018-12-20,78.91031646728516,80.40752774974615,78.28852891989929,79.04122305113658,31825200
2018-12-21,77.0449447631836,80.53025468841152,76.65223747812593,79.09849663428389,41313900
2018-12-24,75.38408660888672,77.08583437551938,75.38408660888672,75.99769704226183,17009300
2018-12-26,78.50941467285156,78.50941467285156,74.54140149027242,75.83407573080613,22542900
2018-12-27,79.39302062988281,79.48301733891566,76.53768808884442,77.57673249044767,20304700
2018-12-28,79.22122192382812,80.44025992031258,78.90214490623804,80.1375431058428,17963300
2018-12-31,79.8675537109375,80.84114490014089,79.17212340754574,79.84300404498374,13237200
2019-01-02,81.25020599365234,81.63473622160714,78.4930536001329,78.50123057887812,15670900
2019-01-03,80.09550476074219,81.56363265493655,79.74909383366125,81.35743477557982,16286400
2019-01-04,83.04825592041016,83.24620411315435,81.06050543826616,81.74508387513681,16935200
2019-01-07,83.10600280761719,83.69160408447914,82.23996911649627,82.83382007124655,15430700
2019-01-08,82.94927978515625,83.98026914625875,82.10799523526687,83.82355674972007,13578800
2019-01-09,82.80905151367188,83.70807105074661,82.42139857836129,83.1472126897425,14230300
2019-01-10,82.80081939697266,83.08125178327204,81.87705063805568,82.49564427213566,14376100
2019-01-11,82.40491485595703,82.6193560972094,81.61310954500021,82.38841550345501,15439900
2019-01-14,83.25445556640625,83.60086648426537,81.3739319635599,81.54713742248946,21258500
2019-01-15,83.86478424072266,84.51637015862023,81.32442538699355,81.56361563224648,26504900
2019-01-16,84.5411376953125,85.32468718615611,83.96378610128673,84.33493979849467,18533000
2019-01-17,84.88752746582031,85.3659079772838,84.06273608439729,84.21944846051849,14247600
2019-01-18,86.26493835449219,86.5206279937287,84.81330987230011,85.58860958882144,16428700
2019-01-22,84.90401458740234,85.44012387397677,84.2359293856755,85.01948486075604,17083700
2019-01-23,84.68959045410156,85.53087500522264,84.10398925125715,85.31643374851433,12146700
2019-01-24,84.73906707763672,85.02774281047978,84.07923773008959,84.2359438178278,11296800
2019-01-25,85.27520751953125,86.03401432132581,84.73909169271478,85.37418478211087,14369400
2019-01-28,85.67933654785156,85.97626198361662,84.61535478513673,84.86279474582747,12283100
2019-01-29,85.91851043701172,86.69381629275145,85.55560653461606,85.67932019869504,9743300
2019-01-30,86.11647033691406,86.80104239457233,85.5968477442513,85.89377314215608,12526300
2019-01-31,85.36591339111328,85.61335333829615,84.73082675591081,85.29168518255396,17520600
2019-02-01,85.67933654785156,86.47938528907076,85.38241111208652,85.77831379065978,13000800
2019-02-04,85.98451232910156,85.98451232910156,84.96177264943393,85.60510900104195,9871500
2019-02-05,85.60511779785156,86.23196115294103,85.19272201288801,86.20721212000858,12763000
2019-02-06,85.56385803222656,86.28967849117349,85.34116712310538,85.5391152970641,8745000
2019-02-07,84.442138671875,85.36590727684636,83.6668390587068,85.15970943318247,13177500
2019-02-08,83.60086059570312,84.40915268044104,82.52862921005242,84.19471143743833,12892600
2019-02-11,83.20498657226562,84.1370052445582,83.11425897951747,83.93080731425084,10978500
2019-02-12,84.62360382080078,84.887536840297,84.03800263043917,84.08748810513859,12852300
2019-02-13,85.02775573730469,85.65459906153403,84.87104962574234,84.87104962574234,10754100
2019-02-14,84.47514343261719,85.03600190108926,83.59261678441287,84.51638552444327,11518500
2019-02-15,87.05675506591797,87.18046877060843,85.49789946021347,85.69584768037869,14716900
2019-02-19,86.7515640258789,86.90827641333757,85.621597486224,86.52887310555387,12764900
2019-02-20,87.17223358154297,87.26296116862004,86.50414805009716,86.77633081132838,10030300
2019-02-21,86.99075317382812,87.41964194887944,86.5701077823664,86.97425382133044,8400100
2019-02-22,86.60310363769531,87.50212331212435,86.42164850896225,87.18045514488283,10647300
2019-02-25,87.5103759765625,88.4753805112352,87.172214737281,87.2217002131125,11230700
2019-02-26,86.84228515625,86.99074785635794,85.72881805176984,86.19069921092395,15465400
2019-02-27,86.73507690429688,86.91652574792676,86.19896117234839,86.75156996547787,9968800
2019-02-28,86.07524871826172,86.77632029398247,85.92678598400767,86.61136449710474,15156900
2019-03-01,86.13298797607422,87.35368232611525,85.94328313724128,86.68559684384321,13813300
2019-03-04,85.93500518798828,87.36189057370342,85.17619243051881,86.53709929647587,12466300
2019-03-05,85.86905670166016,86.23196703081662,85.16798507796666,85.88554976541239,10856600
2019-03-06,85.54737854003906,86.2484500823481,85.40716549010926,85.66284885088244,9070800
2019-03-07,84.92877197265625,85.34116767512216,84.26069294831235,85.15971255921171,12705700
2019-03-08,84.96178436279297,85.14323952137272,84.1204934080433,84.1204934080433,10582400
2019-03-11,86.06698608398438,86.23194814868879,85.49788426556738,85.76181727643508,9763200
2019-03-12,85.81132507324219,86.4299188183267,85.57213473669019,86.26495671070757,10219100
2019-03-13,86.09999084472656,86.58662113956917,85.7370805429904,85.9350350490248,13022200
2019-03-14,86.88352966308594,87.32067442416471,86.15771544124442,86.1907078548726,10926500
2019-03-15,87.88153839111328,88.08773626974785,86.7928138436292,86.94127656795249,24811700
2019-03-18,88.409423828125,88.90429758674625,87.84031554474687,87.88155764657417,12935500
2019-03-19,88.08773040771484,89.40739548462342,87.88153254280228,89.24243341709769,12889300
2019-03-20,86.20719909667969,87.96400890252556,86.11647782694045,87.78255377772841,14920700
2019-03-21,84.84630584716797,85.35767256177992,84.35967557864704,85.35767256177992,19751000
2019-03-22,82.28118133544922,84.39264503659584,82.08322689397308,83.9802493891745,31115200
2019-03-25,81.59661102294922,82.94926837524093,80.90378299540585,82.14097005855012,21032300
2019-03-26,82.41316223144531,82.8090649061003,81.50589287232458,82.33068434291789,15987100
2019-03-27,82.13270568847656,82.85026997444236,81.72031010613955,82.38013926228444,12753200
2019-03-28,83.06472778320312,83.1389622694499,82.2646792470146,82.47912673847888,12454100
2019-03-29,83.49363708496094,84.12047402495969,82.96576479406131,83.74932040804835,14523400
2019-04-01,86.30619812011719,86.339190541377,84.22772592203692,84.25246866481655,17499300
2019-04-02,86.71858215332031,86.96602213278705,86.05050301848424,86.27319396587625,10295400
2019-04-03,86.89179229736328,87.72483356088821,86.42991102300985,87.27119567167651,11499200
2019-04-04,87.73118591308594,87.87247817005266,86.80866154625524,86.89177687652136,11952100
2019-04-05,87.52340698242188,88.1882915547268,87.25745442166175,87.93065179484302,9933700
2019-04-08,87.80599975585938,87.80599975585938,87.1909855456649,87.3572035459952,8056300
2019-04-09,87.15774536132812,87.43200444253091,86.64245938731607,87.33227617329739,9092200
2019-04-10,87.54833984375,87.86416287184313,86.82528468113522,87.37380906860818,10882300
2019-04-11,88.28804779052734,88.70359916490638,87.73120412984325,87.8558708103191,11183800
2019-04-12,92.42694091796875,92.95884619862288,90.4904698870314,90.9558917632121,25834100
2019-04-15,91.37142181396484,92.252388540336,90.68991793603799,92.18589881058469,15163800
2019-04-16,92.33549499511719,92.57651550323621,91.30492957552615,91.33817443948837,11583200
2019-04-17,94.99503326416016,95.29423071859922,92.2607048471424,92.83416135080907,17791900
2019-04-18,94.29691314697266,95.5352544151093,94.1888720768703,95.18619279710738,12501900
2019-04-22,94.41325378417969,94.68751916308027,93.63202165447599,93.77330757422128,7975900
2019-04-23,94.52960968017578,95.05320838588527,93.789928859891,93.91459552033659,9193100
2019-04-24,94.37171173095703,94.87037207016424,93.75669118315157,94.13069119316465,9245700
2019-04-25,94.42156219482422,94.87035833738918,93.49903784746449,93.92290192779961,9311800
2019-04-26,95.13631439208984,95.22773618415876,94.41325285685645,94.70413749488958,7889300
2019-04-29,96.50763702392578,97.37198449624978,95.11969085098465,95.24435751021777,14242200
2019-04-30,96.449462890625,97.00630013175508,95.79289105105572,96.76527960780105,11389100
2019-05-01,95.70979309082031,97.23901906500566,95.6682354181435,96.17520858890965,10412900
2019-05-02,95.91758728027344,96.2250912904978,95.2277703619233,95.71811802190908,8613300
2019-05-03,96.50763702392578,96.97305245486575,96.13363704622644,96.40790242837735,8185400
2019-05-06,95.6516342163086,95.96745739128271,94.51302724787475,94.8953338389588,9387000
2019-05-07,94.0891342163086,94.7706381644367,93.32452126783517,94.7706381644367,15017700
2019-05-08,93.5904769897461,94.47144383619894,93.46581031467188,93.63203466170765,9575800
2019-05-09,93.51567840576172,93.69852202483337,91.90334338655238,92.36875889632694,12205900
2019-05-10,93.50736999511719,93.78162907719877,91.87009660130752,92.875730144435,13189000
2019-05-13,90.96416473388672,91.79526722150857,90.57355189098384,91.4877633592061,13783700
2019-05-14,91.68724822998047,92.85079326062493,91.0057442798732,91.04730195057168,10503600
2019-05-15,91.33818817138672,92.16929087296292,90.26606492545618,90.76472527823981,10142000
2019-05-16,92.51002502441406,93.22477374177663,91.91163015957012,91.93656856294645,9672700
2019-05-17,92.06124114990234,92.87572456693353,91.28000894180617,91.42129487572875,9570100
2019-05-20,92.54328918457031,92.92559568553433,91.72881204711109,91.90334286228092,8518200
2019-05-21,92.85910034179688,93.01700553093981,92.43523622186603,92.61807981637777,7967900
2019-05-22,92.10279083251953,92.9089613774007,92.04461390354922,92.58483186730761,7918900
2019-05-23,90.29097747802734,91.24674664643847,89.34352111026232,91.12207999998327,14558000
2019-05-24,91.18029022216797,91.38806592853719,90.748119542877,91.02237865626773,8537300
2019-05-28,90.19126892089844,91.28001785061167,90.12478551897046,90.75641905255686,11665500
2019-05-29,89.94194030761719,90.09153905573082,88.9778580773714,89.30198764148247,9966400
2019-05-30,88.97784423828125,90.73978407082109,88.54567366695399,90.29930069788857,10367800
2019-05-31,88.06363677978516,88.58722917103303,87.13279952120108,87.7311944488044,10952800
2019-06-03,88.47918701171875,88.8116293385793,87.51511123871418,87.93066256208736,11680700
2019-06-04,91.20520782470703,91.33818729927852,89.0360292870399,89.63442424099087,12858600
2019-06-05,91.52934265136719,91.73711833677093,90.29100134178785,91.30494770108785,8340500
2019-06-06,91.72879028320312,92.1443415561963,90.53200058792386,91.54594670855666,8726700
2019-06-07,90.72317504882812,91.4379175473135,90.55695070200905,91.17196493321345,10618900
2019-06-10,91.70388793945312,92.42694972146786,91.60415965283848,92.04464316088439,11380600
2019-06-11,91.98644256591797,92.72612342527707,91.72880277064752,92.10279643093108,9847700
2019-06-12,90.81459045410156,92.16929193134551,90.49877370656782,92.00306758463526,9670500
2019-06-13,91.03897094726562,91.5542567931808,90.63173248724098,90.97248122376514,8406900
2019-06-14,91.2717056274414,91.67063774559813,90.28269130555294,91.06392993567061,9077400
2019-06-17,90.77303314208984,91.72880246506503,90.64005367348354,91.17195886628866,8128600
2019-06-18,92.01136779785156,92.59314342052109,90.57356385519365,90.59849591858628,11057300
2019-06-19,91.34650421142578,92.74275071238301,91.1719670579955,92.10280439944428,13126500
2019-06-20,91.5792007446289,92.32718803829387,90.61511865112584,92.1526572470514,13638000
2019-06-21,90.95584869384766,92.80920349517422,90.66495778117307,91.5791754939079,27089500
2019-06-24,90.30762481689453,91.23014300477683,90.20789020756186,90.82290444642025,13039600
2019-06-25,89.55963134765625,90.57357768585075,89.48482880524637,90.3242443322319,18660100
2019-06-26,90.15802001953125,90.84783041346307,89.89206741997907,90.00842128598251,10324600
2019-06-27,90.45721435546875,91.0473028493228,90.12477834984045,90.45721435546875,10906600
2019-06-28,92.91728210449219,93.44087450988589,92.16928842477958,92.28564229264485,21634700
2019-07-01,94.479736328125,95.17785941316588,93.98107607583735,94.10574272411155,12724500
2019-07-02,94.5794906616211,94.9119266720142,94.09744956941645,94.33847011551877,10174900
2019-07-03,94.42881774902344,95.30765613830333,93.96010734711432,94.86404792426757,6849400
2019-07-05,94.98961639404297,95.64246498182928,94.51253424252978,95.00635970361274,7929400
2019-07-08,94.47068786621094,94.98125024643969,94.1610004990504,94.54601360147345,6917200
2019-07-09,94.8724365234375,94.98961414484499,93.86805508688708,93.97686105370792,8947300
2019-07-10,94.5962142944336,95.27417772230848,94.36185908902515,94.88916468689456,9242300
2019-07-11,95.50016784667969,95.71778614626395,94.67992457130194,94.88917121705965,11595200
2019-07-12,96.50454711914062,96.5463926132039,95.3578733020417,95.52526804969541,10783400
2019-07-15,95.33277893066406,96.73054507747578,95.02309157709867,96.7054365001572,12946600
2019-07-16,96.35388946533203,96.67194204072646,94.51251530932657,94.98123209786085,16945000
2019-07-17,95.40809631347656,96.20323737795601,95.19048440529122,95.77637244379129,13120900
2019-07-18,95.97725677490234,96.31205270908445,95.03983582203402,95.35788844737131,9397200
2019-07-19,95.03144836425781,96.35388857222483,94.91427076463545,96.1613788667308,10402800
2019-07-22,95.6424789428711,95.79313682248284,94.38699874134076,94.50418276832991,9061100
2019-07-23,97.39178466796875,97.46711041491594,96.10282422824037,96.15304139287183,12752200
2019-07-24,97.78514099121094,97.82698648764239,96.6886842592159,96.73890779491457,10011000
2019-07-25,96.84773254394531,98.12832120302681,96.52130823420696,97.83537712835161,10138400
2019-07-26,97.27458953857422,97.5173164334928,96.69706670633,96.89794171444485,12800400
2019-07-29,96.96488952636719,98.07808315879431,96.91467237731652,97.47545182738412,8500400
2019-07-30,96.7472915649414,97.15741965402783,96.05259744287832,96.41250198666121,7121100
2019-07-31,97.09043884277344,97.24109667571611,96.13627469603671,97.17413621980813,13648000
2019-08-01,94.52928161621094,97.760050846307,94.24470281260412,96.52967935379608,15664500
2019-08-02,94.52090454101562,94.93939787443274,93.24031596247153,94.07730262930573,11025500
2019-08-05,91.7086181640625,92.88877229218583,90.6205330694396,92.72974280055767,15855300
2019-08-06,92.42842864990234,92.48701745530572,90.6791233702285,92.1103760470984,10203500
2019-08-07,90.41967010498047,90.62891677518016,88.67037100724778,90.39456152626876,17320900
2019-08-08,91.95133972167969,92.13547777803932,90.9971755984529,91.27338268299233,10903300
2019-08-09,91.85089874267578,92.44515840446516,90.6372708452567,91.52447451135063,9980800
2019-08-12,90.12672424316406,90.82142470691575,89.73333948933596,90.76283589585846,9393700
2019-08-13,91.51610565185547,92.34472692808394,89.58266877872347,90.35269486660195,12124700
2019-08-14,87.71621704101562,89.48225965651886,87.42326655964499,88.971697210196,19491800
2019-08-15,88.0510025024414,89.03864711116732,87.33119339511394,87.73294984006264,13365600
2019-08-16,90.16020202636719,90.37782034111078,88.61177801703687,89.03027133770459,11830600
2019-08-19,90.9720687866211,91.85927247277452,90.74607884554771,91.75883178944186,8265400
2019-08-20,89.81703186035156,90.76283082476311,89.75844305256776,90.26900539998431,8374000
2019-08-21,90.06813049316406,90.7544592646433,89.93420956911878,90.57032118693161,8189300
2019-08-22,90.9971923828125,91.4575312229203,90.33597214287792,90.70424832352542,9343400
2019-08-23,88.7373275756836,91.04741266743112,87.9756729953741,90.39456405982246,14762300
2019-08-26,89.44876098632812,89.54919529231653,88.72895199347307,89.23951433458424,8209500
2019-08-27,88.50296020507812,90.02627554287305,87.7496709972233,89.85050912532374,14331800
2019-08-28,89.39016723632812,89.73332840564802,87.91706910151166,87.95054933022348,10585500
2019-08-29,91.4156494140625,91.9764287313654,90.41126197093442,90.51170263095693,10002200
2019-08-30,91.95133972167969,92.53722773218723,91.62491548929685,91.93459641526496,10170300
2019-09-03,90.86326599121094,91.22317049548657,89.82540436392588,91.21480522693915,9868800
2019-09-04,91.95970153808594,92.25264551200391,90.86324497042199,91.60816238368469,6929200
2019-09-05,94.05218505859375,95.1821156736459,93.0729058988944,93.11475778251521,13224700
2019-09-06,94.25305938720703,94.56274672099629,93.70901683247493,94.29491127053291,7836600
2019-09-09,96.58824920654297,97.14065700931839,95.08167086133616,95.17373989274883,13985100
2019-09-10,97.81864166259766,98.15343124681863,96.86447729902352,97.34155948081059,14333100
2019-09-11,98.08647155761719,98.09483682675341,96.57152131704937,97.83537299809498,9919200
2019-09-12,98.68910217285156,99.1578126686546,97.02349408753423,97.55079978101423,12283500
2019-09-13,100.63090515136719,100.7731913456398,99.39216213151431,99.6014087886333,16257200
2019-09-16,99.73534393310547,100.32960375775994,99.08248890583091,99.51772559068061,11993900
2019-09-17,99.24150085449219,99.27498108475874,98.12830714450813,99.11595158741788,10735400
2019-09-18,100.23751831054688,100.50535377060994,98.55517343462199,99.0322555474125,10665600
2019-09-19,99.91944885253906,100.72295514862171,99.67672199449841,100.1872842845666,9382600
2019-09-20,99.51771545410156,100.72297190589373,99.49260687593735,100.2207811855052,21862800
2019-09-23,99.50096130371094,99.70184267854046,98.49657997236645,98.58027735236169,9135100
2019-09-24,98.2036361694336,99.81902051119205,97.96090929691331,99.39215557084945,11696500
2019-09-25,98.7644271850586,99.06574289749625,98.0278812133785,98.15342410547626,9389400
2019-09-26,97.95256042480469,98.8062905040488,97.8855999508047,98.66399790037327,9899200
2019-09-27,98.53004455566406,99.30007054646714,98.16176847932357,98.73091951289535,10207800
2019-09-30,98.50495910644531,99.4088998190194,98.11157436632355,99.06573861926934,9755000
2019-10-01,96.71379852294922,99.60139956963746,96.59662091666452,99.09920891617436,11250300
2019-10-02,94.78872680664062,96.16975589155962,94.52089136601457,96.09442378148009,12548700
2019-10-03,94.65375518798828,95.26121412190781,93.24478543525888,94.72124561864723,12735200
2019-10-04,96.70392608642578,96.9739071202282,94.72124582912835,94.7803039791209,9453100
2019-10-07,96.49298095703125,97.44634985479335,96.23987098006936,96.34111625822493,6771600
2019-10-08,94.34156799316406,95.3877434814082,94.20658072219109,95.3877434814082,10806300
2019-10-09,95.02495574951172,95.47211757816328,94.55249064676049,95.05870417640169,7273700
2019-10-10,96.3580093383789,97.36200432376462,95.33714335452744,95.4552596543545,10994100
2019-10-11,97.98632049560547,99.54714832713866,97.75852664560308,97.89351392493847,15076500
2019-10-14,98.24786376953125,98.60221905969108,97.5813532088713,97.74165020240186,8779000
2019-10-15,101.209228515625,102.58444330188765,99.44591642348801,100.27273046391656,23379000
2019-10-16,100.97298431396484,101.76605626858696,100.71987432597989,101.2092168697618,11087700
2019-10-17,101.53826904296875,102.56757368568664,101.14173301469003,101.87574692470734,10818500
2019-10-18,101.71543884277344,102.10353613617019,101.12485740431204,101.24297369200431,10417400
2019-10-21,104.23809051513672,104.42369724372553,102.92192735873854,102.97255322731323,12714600
2019-10-22,105.28424072265625,105.54578297237956,103.87527776139582,104.15369100532381,12549100
2019-10-23,105.56266784667969,105.58797755819829,104.76115717308254,104.78646688460114,8828300
2019-10-24,105.48675537109375,106.01828517677781,104.67681224089347,105.70611698037378,8020500
2019-10-25,106.33043670654297,106.85352774392979,105.25051263683936,105.46143550785507,9055700
2019-10-28,106.73541259765625,107.32599406810216,106.642606018464,106.7860320274501,9522200
2019-10-29,106.66791534423828,107.5031681170663,106.25450831643424,106.35574717565264,9797300
2019-10-30,106.07732391357422,106.52447933140769,105.39392949375556,106.34730490755979,8513700
2019-10-31,105.39395141601562,106.0773459779824,104.49964039432929,105.8748553627336,11589100
2019-11-01,107.82378387451172,107.98408089374836,106.32200749170319,106.47387222988132,11682600
2019-11-04,108.68433380126953,109.19054092390884,108.4649657951208,108.90368893370896,9159900
2019-11-05,108.92056274414062,109.93298982945763,108.70119474528755,109.16522758088959,13747600
2019-11-06,109.08929443359375,109.54488209943105,108.4818356300051,108.57464219371192,11231100
2019-11-07,109.67989349365234,110.76824984927214,109.61239662973408,110.04267465428879,13528900
2019-11-08,110.00049591064453,110.01736047065621,109.04712044787668,109.57865018357344,9293400
2019-11-11,109.61237335205078,109.7642444820426,109.13147600011008,109.34239882742092,8679000
2019-11-12,108.97118377685547,110.20296600551012,108.84462234325349,109.3677197627987,9099000
2019-11-13,108.39746856689453,108.68433342982327,107.50315773361652,108.10218429812477,8023300
2019-11-14,108.49872589111328,108.70120360044587,107.64658928530561,107.75627329366738,8483400
2019-11-15,109.28334045410156,109.28334045410155,108.32996510100202,109.03023047223256,10163600
2019-11-18,110.20294952392578,110.22825923211913,108.8277415084943,109.30863883787508,8749300
2019-11-19,110.16922760009766,110.73449930886731,109.83174330654973,110.51514417334324,8824500
2019-11-20,109.36772918701172,110.20297550169627,108.78558001392238,109.93300092609131,11782800
2019-11-21,109.6208267211914,110.28735019300626,109.16523899097824,109.67989130358193,7705500
2019-11-22,110.34639739990234,110.70919141220418,109.76426112218768,109.80643539507724,8167900
2019-11-25,110.93697357177734,111.42631607018222,110.41387621212657,110.7344830254247,10068500
2019-11-26,111.08885955810547,111.21542100881058,109.98362573998573,111.21542100881058,10490700
2019-11-27,111.41787719726562,111.7300388759912,111.07196065539183,111.61192260238896,6607900
2019-11-29,111.1647720336914,111.71317915708451,110.90322976465096,111.25757860080662,5712000
2019-12-02,110.92012023925781,111.99161202672084,110.8188813809405,111.62881799489982,8615600
2019-12-03,109.4942626953125,109.64613383308775,108.4902679260647,109.48583041632268,10361300
2019-12-04,111.65411376953125,111.76379776815462,109.67144675732632,110.00048587948766,10318200
2019-12-05,112.26158142089844,112.47250428178955,111.51912883097455,111.9409745527568,9587400
2019-12-06,113.93209838867188,114.55643475454151,113.6030592073769,113.63681407780827,10170600
2019-12-09,113.40055847167969,114.28643697195587,113.4005584716797,113.58617160025979,8498200
2019-12-10,113.47649383544922,113.70429411916265,112.10971788058687,112.42187958047292,7532900
2019-12-11,113.20652770996094,113.91523840668891,113.0631016891394,113.29933429681154,9011900
2019-12-12,116.44630432128906,116.82596292117738,113.23184176921175,113.46807435908495,13717400
2019-12-13,115.4254379272461,117.12969844858594,114.92766300661334,116.38724577122774,10592100
2019-12-16,115.87260437011719,117.13814180414742,115.85573980673645,116.75005086699049,11372000
2019-12-17,116.58130645751953,116.99472000211614,115.77980196173776,116.20164778832954,11546800
2019-12-18,116.46316528320312,117.28999219591896,116.19319070613834,116.55597186019327,10381500
2019-12-19,115.8810043334961,116.6150116393927,115.67008151008143,116.22690797987845,9350400
2019-12-20,115.78826141357422,117.17191538068349,115.50139643205135,116.44633995441188,29992600
2019-12-23,115.75444793701172,116.35347444592827,115.4844734056565,116.09193219334078,9738400
2019-12-24,116.07508850097656,116.1172756544935,115.63636527708165,115.86416560710367,3324300
2019-12-26,117.30683898925781,117.35747128389214,116.243792528686,116.33659909161985,6770900
2019-12-27,117.39126586914062,117.9227957744268,116.99472972927856,117.52625963456474,7868200
2019-12-30,116.96092987060547,118.18427968956644,116.82593617195536,118.03240856015815,6963000
2019-12-31,117.61054992675781,117.6780467686334,116.67405216550664,116.85966526223795,7201600
2020-01-02,119.0363998413086,119.04484499329799,117.49244325100531,117.93959860039449,10803700
2020-01-03,117.46558380126953,118.22128931417473,116.3957125113327,116.75233627464497,10386800
2020-01-06,117.37216186523438,117.40613343114413,115.90320907036407,115.95415346287253,10259000
2020-01-07,115.37677001953125,117.05799980674644,115.32582562542724,116.56551573648005,10531300
2020-01-08,116.27682495117188,116.82025342840481,115.13902360139618,115.22392660812692,9695300
2020-01-09,116.70137023925781,117.37215965524912,116.36171936833645,117.21932648060145,9469000
2020-01-10,115.5381088256836,116.54004984758033,115.3173324974738,116.50609123512506,10190900
2020-01-13,116.49757385253906,116.49757385253906,115.27485669148223,115.63997973979892,12355200
2020-01-14,117.8561782836914,119.5204225004445,116.91366800305534,117.12594497656474,24906000
2020-01-15,116.09004211425781,117.68636923590843,115.60604435472612,117.04953826159368,16293400
2020-01-16,116.54004669189453,117.09196158475964,116.19190938095775,116.70986566228711,10783800
2020-01-17,117.3466796875,117.4230962697627,116.599473733673,116.78626550486344,14697700
2020-01-21,116.19190216064453,117.2363140285538,116.0645411798537,116.48909505763129,8474200
2020-01-22,116.05604553222656,116.66740417234146,115.8013235624758,116.53155677392657,7549100
2020-01-23,115.93714141845703,116.10697329682401,114.39177238487278,115.23239353991767,9345700
2020-01-24,113.05870056152344,115.84377316257054,112.35395247556545,115.79282876660798,15166400
2020-01-27,112.10769653320312,112.88038770444517,110.13777326701118,110.61327153966592,12860500
2020-01-28,114.14556121826172,114.60408670945495,112.48980351419169,112.79548285620136,13062800
2020-01-29,113.9757308959961,115.08805998759317,113.51721840679923,114.4682149511223,9326000
2020-01-30,115.3852767944336,115.5890673631679,112.668133993104,112.668133993104,9048900
2020-01-31,112.38790893554688,114.48520623822883,111.63220351173867,114.19651269573059,12785200
2020-02-03,113.2455062866211,113.98423890347024,112.64264698742977,112.64264698742977,10021100
2020-02-04,114.87579345703125,115.98813560577726,114.69748806699197,115.09656978650875,9157100
2020-02-05,116.82874298095703,116.94761755865933,115.48715105754118,115.96266232470764,10150700
2020-02-06,116.8457260131836,117.42311310375041,116.42117210905262,117.38066807842286,8992300
2020-02-07,116.47210693359375,116.8966608028376,115.73338734714335,116.09849745564223,6379800
2020-02-10,116.95609283447266,117.04949519459355,116.11547159338464,116.28529053278046,5960700
2020-02-11,117.17687225341797,117.8731468438299,116.99006750751995,117.39763560931728,6578600
2020-02-12,117.17687225341797,118.27221557585965,117.00705329069878,117.68634209793188,7958000
2020-02-13,117.07501220703125,117.46559462153127,115.81832307042893,116.96462402380496,7447500
2020-02-14,116.7183609008789,117.33820595123134,116.27682122840214,117.04101304629657,6627600
2020-02-18,115.1729736328125,116.93063287820299,114.67200317444403,116.61645420326953,8996400
2020-02-19,116.74382781982422,117.50801960317015,115.76734614515341,116.25134377593349,7071200
2020-02-20,116.74382781982422,117.48254740748236,115.92867868874677,116.4721071240131,7422800
2020-02-21,115.31732940673828,116.25983959248781,114.56162397537926,115.94567384935695,9772800
2020-02-24,112.21810150146484,113.10116800350939,111.06331425641696,111.60674278606548,13618400
2020-02-25,107.20832824707031,112.27749521793208,106.63942122710719,111.23309648936069,20797200
2020-02-26,107.531005859375,109.49244270559619,107.27627094092998,107.7772478863577,24825600
2020-02-27,103.05621337890625,106.66492143648834,102.99677609355557,104.36384013479974,23005500
2020-02-28,98.58989715576172,100.61077118221964,95.66047813477374,99.78713566342387,45931400
2020-03-02,103.18357849121094,103.23452936510583,97.18887940991796,99.03144180768386,27355400
2020-03-03,99.31163787841797,104.39779129322379,98.70027928520487,102.71656164006558,32547700
2020-03-04,101.76557922363281,102.05427927461011,97.39267229867507,100.47493808246475,25795900
2020-03-05,96.77281951904297,98.86162398398,95.59256016460512,98.21630022530869,25025600
2020-03-06,91.77157592773438,93.67357565525309,89.1733015597556,90.22619993446692,38159400
2020-03-09,79.34064483642578,84.256980391206,78.96703528464238,81.99835025095794,40352000
2020-03-10,85.50516510009766,85.99764924930949,80.30862876677611,84.06168422488152,31102700
2020-03-11,81.48035430908203,84.95320732658347,80.28311611174867,82.95779953406775,38127000
2020-03-12,74.76395416259766,82.32950228174131,73.294994626016,76.07157464487592,49725200
2020-03-13,88.23080444335938,88.29872815151582,78.11792630846571,81.50586499425793,38543300
2020-03-16,75.02715301513672,79.79914037480974,71.79205491824487,72.34396971219661,38589700
2020-03-17,79.6123275756836,82.73704369235548,74.296912373688,77.17538651768304,35239800
2020-03-18,71.2316665649414,77.09051281079847,68.23431648923558,74.44129363159729,41525600
2020-03-19,72.42890930175781,74.81490052131326,65.30489425962556,69.2532409669268,32175100
2020-03-20,70.9005126953125,75.96119521929698,70.03442545051124,73.27801750870255,30150800
2020-03-23,67.10498809814453,71.11277793277483,66.30682469668795,70.20423284995486,32536600
2020-03-24,75.08659362792969,76.50460192192767,70.3910291173446,72.08924450508185,34363200
2020-03-25,77.88866424560547,80.79261147500925,71.7835768631853,75.77438108056393,38111700
2020-03-26,83.314453125,83.69654901372054,79.42553815165516,79.88405710502654,29826300
2020-03-27,77.37921905517578,80.52940933833355,76.88674127910178,79.12838615163551,30041500
2020-03-30,79.39157104492188,79.8925414853057,75.82532124700931,76.97161536218279,21656900
2020-03-31,76.4451904296875,79.96049694986533,75.8593038502646,78.1603921776694,23379300
2020-04-01,71.63074493408203,73.49877977423301,70.68823462088258,72.25908298348854,28029600
2020-04-02,74.30543518066406,74.64507964104348,70.44199159043428,70.9090035332284,24018000
2020-04-03,72.10911560058594,75.05181969975959,71.01095823303676,73.78207872082517,21199400
2020-04-06,76.75053405761719,78.06316791208053,75.24057312221986,76.34730529542333,26820800
2020-04-07,77.76290893554688,81.07452497675577,77.53984491768627,81.03162578449489,22563800
2020-04-08,80.90290832519531,81.38334766431576,77.68566658180995,79.01545590844552,22903300
2020-04-09,88.16101837158203,89.55944397314734,83.12495950408035,83.15069639467724,42055900
2020-04-13,84.24026489257812,88.4612847389752,83.4767066638984,88.4612847389752,26911900
2020-04-14,81.93242645263672,87.50897903841827,80.33667395829652,86.66820361469787,46151300
2020-04-15,77.8915786743164,78.9554115874987,77.32534090964934,78.20043444677191,30118600
2020-04-16,74.92312622070312,77.70282121454532,74.6829065545741,77.4111277758158,32449600
2020-04-17,81.65789794921875,82.10401932637053,78.03742696875148,78.92967626855116,30191900
2020-04-20,78.68087768554688,81.25467155113427,77.60846357488546,79.33290729756797,23679400
2020-04-21,76.39878845214844,78.3977634999528,75.78107684001277,76.02987771409501,23035000
2020-04-22,76.64757537841797,78.8181469574075,76.51030978092031,77.80578781206513,16662400
2020-04-23,76.69046020507812,78.31194945408959,76.57893151889296,76.99073477980343,16638800
2020-04-24,77.82294464111328,78.15753731245059,75.91833617627253,77.7628897140911,15809200
2020-04-27,81.17745208740234,82.04395788223732,78.5350224339263,78.87819622127958,22870200
2020-04-28,81.75226593017578,84.38611448768934,81.52920198244458,83.91424970316098,20238900
2020-04-29,83.95716094970703,85.3212686302419,83.45097805850148,85.00383822547415,20462600
2020-04-30,82.1554946899414,83.0820554242805,81.1173987089304,82.01822255419002,19127600
2020-05-01,80.00206756591797,80.42245193272167,78.79238168662289,80.21655032078638,18547700
2020-05-04,79.0497817993164,79.50448429698137,77.9001571105405,78.94682769691282,15725900
2020-05-05,78.92967987060547,80.82570726464631,78.84388804941061,80.345267829558,18064100
2020-05-06,77.44544982910156,79.58170332047506,77.15375635056625,79.06694588773894,20978000
2020-05-07,78.25190734863281,79.71039437896681,77.71141302565076,78.36343605307472,16771900
2020-05-08,79.53023529052734,80.71418476890148,79.02405892464041,79.61603366382748,20487800
2020-05-11,77.1880874633789,78.1661287149348,76.6390119026983,78.1661287149348,31907600
2020-05-12,74.6657485961914,77.89157162460344,74.55421990059168,77.34249620004336,27962900
2020-05-13,72.09194946289062,74.51989605277619,71.55145522494047,74.10808624374641,35451600
2020-05-14,75.08615112304688,75.59233403838043,70.69354666847553,70.96808444688624,35152500
2020-05-15,73.69631958007812,74.88026273259229,73.18156197226753,74.51135191365339,26099000
2020-05-18,77.59988403320312,78.20043987488441,75.39500083792953,76.08992964693935,30504400
2020-05-19,76.07278442382812,78.24335006840266,76.0041483330081,77.25673408123087,19597300
2020-05-20,78.3548583984375,79.26426337972659,77.53124522841227,77.82293869580853,20552400
2020-05-21,77.3596420288086,78.72375581644674,76.93067649925482,77.44543382562044,14621400
2020-05-22,76.75910949707031,77.52266778107916,76.11566106365862,77.22239315458623,13557900
2020-05-26,82.20697021484375,83.6482949433803,79.45301175139812,79.69323144857157,41233900
2020-05-27,86.9684829711914,88.00657887650759,84.76360017904979,87.56903215757424,39402000
2020-05-28,85.67300415039062,88.32400823073061,85.27835661151292,88.31543363208849,24713900
2020-05-29,83.48529052734375,85.08962437280837,83.03058799750252,84.64350298848194,26526400
2020-06-01,84.59200286865234,85.37272329042644,83.54532590761198,83.86276276242585,15176800
2020-06-02,84.87513732910156,86.15345303634301,84.01720609421547,86.03334318709862,21195000
2020-06-03,89.45649719238281,90.01415386781052,86.70253839951299,87.1486663580538,25941100
2020-06-04,91.31820678710938,91.4640535325914,88.18675633175113,89.07042449560784,26784700
2020-06-05,95.42768859863281,99.32269041894841,93.96920165666641,98.60203136530268,42231000
2020-06-08,97.3322982788086,97.9671721203783,96.03682679628605,97.29798678863901,24881800
2020-06-09,94.83573150634766,95.77087352902677,93.52309759792821,94.93010447778273,17031100
2020-06-10,90.9921875,94.80998554096713,90.81202272054479,94.76708635969376,24913300
2020-06-11,83.39949798583984,87.14865999277475,82.82468560575829,85.81886390584351,36259200
2020-06-12,85.68159484863281,86.76258349264198,83.50244872493033,86.40225394463893,24856800
2020-06-15,86.86553192138672,87.01995979551123,82.24986453221386,82.72172275362537,22153600
2020-06-16,87.5604476928711,90.66616069230724,85.20113712148729,90.4002041406369,22193600
2020-06-17,85.34701538085938,87.97228327275566,85.115370245988,87.9637021263353,15639800
2020-06-18,84.88373565673828,86.23926230767329,84.18880676487271,84.6520905109507,16591900
2020-06-19,83.91424560546875,86.30787435415358,82.98768491686121,86.24781943410036,40371200
2020-06-22,83.00486755371094,84.03438267261222,82.82470273517808,83.43383327750271,16216900
2020-06-23,84.01719665527344,85.76737696327595,83.94856059327448,84.90944582477442,15381400
2020-06-24,81.21176147460938,83.08204499830217,80.91148035170946,83.00483434075296,22919800
2020-06-25,84.04293060302734,84.2574133801519,80.86858811978186,80.94579877770914,25743600
2020-06-26,79.43582916259766,81.820882871271,78.92965300797069,81.59781897568402,41896300
2020-06-29,79.78761291503906,81.065928751584,79.08410949309192,80.13078675280521,18499700
2020-06-30,80.69701385498047,81.21177785780017,79.41869808443624,79.6417620492917,19137000
2020-07-01,80.01065826416016,82.11258689469669,79.81333122609789,81.40908363653186,18755700
2020-07-02,80.27055358886719,82.26301957751744,79.63815804314207,82.07243443745568,27845600
2020-07-06,82.29769134521484,82.47094699907191,80.9809311917744,81.80390546151474,18625300
2020-07-07,79.97600555419922,81.51800287579904,79.69879262682485,81.27544239050616,25757200
2020-07-08,80.8249740600586,80.85961989294745,79.52553722056747,79.9500180708702,18762200
2020-07-09,79.07506561279297,81.53533624225098,78.64191998028707,81.01555619582162,25600800
2020-07-10,83.39786529541016,83.8916511001778,79.58618864562126,79.69880414169863,28954200
2020-07-13,84.5933609008789,85.9967488114217,83.36322863557277,85.52895724742692,32079200
2020-07-14,85.07847595214844,86.58582110833947,83.71839874487657,85.21708574591617,42731700
2020-07-15,86.39523315429688,87.74664545007788,85.45963697601248,87.40012761264536,22508400
2020-07-16,86.63777923583984,87.68599072785953,85.37299495763567,85.57223821973031,16886900
2020-07-17,85.03517150878906,86.69844949882288,85.01784197867332,86.62914459691834,16137700
2020-07-20,84.2901382446289,85.23439250079853,84.2554858027588,84.4027537237486,14458100
2020-07-21,86.11802673339844,86.67245267160118,84.58468733455764,84.6453274650086,17798100
2020-07-22,85.49431610107422,86.74177145213807,84.48941471984602,86.3259552048768,14271200
2020-07-23,85.74551391601562,86.06603746010212,84.87055787145928,85.32969119298274,12870200
2020-07-24,85.13911437988281,86.45588095719603,84.8445784879419,86.28261871845555,12744200
2020-07-27,83.94363403320312,84.5760230242598,83.31123843286788,84.47207229108805,11959100
2020-07-28,84.30747985839844,84.80126569832217,83.59712116571379,83.59712116571379,11754300
2020-07-29,86.35192108154297,86.37790876427226,84.03026002473584,84.09090015419699,12743500
2020-07-30,84.0475845336914,84.67131536810936,83.20728746933901,84.49805974045039,14834800
2020-07-31,83.71836853027344,83.96959373384928,82.51422447093574,83.57976539580737,14535000
2020-08-03,83.25060272216797,84.52405214536243,83.03402987085677,84.04758922876623,12962800
2020-08-04,82.77415466308594,83.1206659722897,82.32367938627374,83.08602012879298,13366200
2020-08-05,84.21217346191406,85.30370231139402,82.92140132177026,83.05134633396895,15260900
2020-08-06,84.23816680908203,84.98317787924064,83.63176552373355,84.53270929716437,10482100
2020-08-07,86.09203338623047,86.18732596502521,83.64909200380237,83.96962218786454,14743700
2020-08-10,87.1835708618164,88.39638021176032,86.65513254940713,86.72443745152489,14989900
2020-08-11,89.93836212158203,91.96548719184075,89.66981393468582,89.97301456654898,31518600
2020-08-12,89.17603302001953,92.19938795841152,88.11049175937036,91.96549220373551,19240800
2020-08-13,88.6822509765625,89.53987759242192,88.04985536089002,88.36172078652594,13598600
2020-08-14,88.7168960571289,89.49655294719106,87.85926290321545,87.92856779410752,12134400
2020-08-17,86.3779067993164,88.36171471695758,86.22197409720947,87.92856905658033,14988000
2020-08-18,85.17377471923828,86.55118155541192,85.00051907372375,86.55118155541192,13246500
2020-08-19,85.37301635742188,87.14024491950096,85.191089355261,85.69353993138083,13533000
2020-08-20,84.35079193115234,84.9225407907658,83.85700612132679,84.25549935300369,13672600
2020-08-21,84.30747985839844,85.39034412220302,83.97829150154227,84.26416264413467,12228300
2020-08-24,86.68111419677734,86.81105922687577,84.39410546044857,85.286384532897,17898300
2020-08-25,87.0622787475586,88.34439282525686,86.4558774596949,87.72932016420866,13648900
2020-08-26,85.8407974243164,86.86302137124063,85.8061515902248,86.57715027967943,12052400
2020-08-27,88.6649169921875,88.92480703691706,85.76284233600659,85.76284233600659,22163900
2020-08-28,89.02875518798828,89.44457792565242,88.19711632193822,89.34928535263101,13756700
2020-08-31,86.7937240600586,88.51764182889116,86.6464495217797,88.46566646789735,14219400
2020-09-01,86.75042724609375,87.38282292705097,85.79750795128976,86.2393184514303,11595600
2020-09-02,88.05853271484375,88.3097580441498,86.24798003442419,86.5858331922855,14475700
2020-09-03,87.78129577636719,90.95191838055636,87.18355268645308,89.50521354916206,23281200
2020-09-04,89.67847442626953,91.14250887020935,87.81595337801926,90.1376143770896,26325500
2020-09-08,86.559814453125,89.72177863070137,86.17865082236035,89.21066999907903,22108600
2020-09-09,87.3828125,88.09317115601094,86.24796631581185,87.32217236872877,13434000
2020-09-10,86.48186492919922,88.72555629804883,86.31726746177934,87.84194205086902,15922800
2020-09-11,87.55606079101562,87.80728605930523,86.27394676824076,86.60314168978897,13784300
2020-09-14,88.76887512207031,89.6265017024662,87.81595596504395,87.93723622452303,19017400
2020-09-15,86.00540924072266,89.0980692781706,85.8841289733152,88.99411853998072,23683000
2020-09-16,86.3692398071289,87.60803662821719,85.55493048093862,86.1353440646423,19270600
2020-09-17,85.38166046142578,86.05736655501268,84.64531424685742,85.50294070338869,18290100
2020-09-18,85.19975280761719,86.18732441621704,84.41143111726538,84.80125958039956,20121600
2020-09-21,82.56622314453125,83.20728347652003,81.27545093535939,82.470930571108,28378800
2020-09-22,81.66526794433594,82.86941878444314,81.14549454982934,82.26301098312103,19257000
2020-09-23,80.33985137939453,82.6008721467639,80.27055310011238,82.10708638200956,19952700
2020-09-24,80.27055358886719,81.69127076661015,79.16169519298766,79.97601111533228,18366500
2020-09-25,80.97224426269531,81.18881707537642,79.5861795833918,79.74211227289331,13293100
2020-09-28,83.30257415771484,83.96961554724741,81.73458241836288,82.34964844512821,20894100
2020-09-29,82.60088348388672,83.18996189894382,81.7172691659405,83.18996189894382,12848200
2020-09-30,83.39786529541016,84.20351651469194,82.52291579123072,82.60087884022,16400600
2020-10-01,84.00428009033203,84.69730926105706,83.18996404021912,84.13422512524266,15778700
2020-10-02,84.80125427246094,85.40765553477527,82.37563600464746,82.51424578419248,15149600
2020-10-05,86.5936279296875,86.77723639513884,85.27338800693852,85.96410937922157,13871900
2020-10-06,85.7018051147461,88.18490524599461,85.25590171410018,87.49418389502848,19220400
2020-10-07,87.19691467285156,87.73899488453567,86.27012054050816,86.52367698526014,16358500
2020-10-08,88.98930358886719,89.11170925144434,87.34556564096815,87.87890745817214,15659000
2020-10-09,88.48217010498047,89.27781339801435,87.52915385704155,89.1816365896123,13689100
2020-10-12,89.56636047363281,90.05598310153202,88.17617241140756,88.3947548946637,16058000
2020-10-13,88.1149673461914,90.24833446321212,87.66031872762704,90.05598081553218,21697300
2020-10-14,87.62533569335938,89.12043888620688,87.52041371346218,88.3335407134958,15204100
2020-10-15,88.93684387207031,88.98930153464721,86.59363933158504,86.64609699416194,17171200
2020-10-16,88.75324249267578,89.47019284463207,88.0625209741092,88.6658108245072,13275000
2020-10-19,87.25812530517578,89.06798790266461,87.04828132966429,88.83191509786609,11725700
2020-10-20,87.7564926147461,88.98054911246004,87.53791014435322,87.70402828583862,11257100
2020-10-21,86.88218688964844,88.29859742242004,86.8472128841886,87.7477718452988,10730500
2020-10-22,89.95105743408203,90.26581673076312,86.82969996750103,86.83844513424432,14837200
2020-10-23,90.76419830322266,91.32376898891894,89.99479027804246,90.49315812844723,15087600
2020-10-26,88.51714324951172,89.79366390173776,87.65155865278032,89.74995141599567,12410700
2020-10-27,86.84720611572266,88.23738770370748,86.69857160705929,87.87891584924827,10391700
2020-10-28,84.40782165527344,85.94664437144297,83.99688547505127,85.24717768119989,16389500
2020-10-29,84.95864868164062,85.66686055252029,83.27119143174133,84.04060613880972,14208800
2020-10-30,85.71930694580078,86.05154991703822,84.13677191063765,85.60564645657406,15194500
2020-11-02,87.65158081054688,88.20240629851085,85.5619326844728,86.89965649139127,15011600
2020-11-03,90.41445922851562,91.57731293958483,89.78494062578496,90.07346442652998,17482600
2020-11-04,87.65158081054688,89.24286111305118,86.49746549961638,88.30732829790757,18886500
2020-11-05,91.23633575439453,91.89208326581176,88.30733153751933,88.35978920383795,17837400
2020-11-06,90.02100372314453,91.89206913433412,89.5226359579325,91.83086630950484,12552800
2020-11-09,102.20915985107422,103.95781953485442,96.48229671845114,98.93916811017529,47792400
2020-11-10,101.87692260742188,102.6900497258984,100.27690387222002,102.60261806521872,20539300
2020-11-11,100.3555908203125,102.2616303824408,99.6386405265179,102.20042755262692,14443400
2020-11-12,99.122802734375,99.63865427532859,97.97742580322833,98.3883620046573,22063000
2020-11-13,99.74356842041016,100.4255447559808,99.29765825076453,100.28564875350038,11847900
2020-11-16,102.55891418457031,103.70428437807773,101.18621631771492,102.98733402731139,19858600
2020-11-17,101.5184555053711,101.80698600254198,100.18073169017137,100.88893684631041,14553200
2020-11-18,100.76652526855469,103.70427439137768,100.72280610344876,102.59387163552427,12571200
2020-11-19,101.03756713867188,101.26489479400749,99.28890723432319,99.83099420609022,10202500
2020-11-20,100.17198944091797,101.1162674570195,99.75230809911442,100.04958377260206,12718900
2020-11-23,103.05728912353516,103.31958414565965,101.04632726753493,101.46600864178693,13209200
2020-11-24,107.8223648071289,107.97974445858921,104.66603328161382,104.98079258453444,20121600
2020-11-25,106.69449615478516,107.00051034166417,105.33054339577642,106.11744178390029,11715600
2020-11-27,105.98627471923828,106.97426513440656,105.86386906322126,106.66825099436399,5983600
2020-11-30,103.0660171508789,105.54911779917222,102.96984031802126,104.91959913705254,14411800
2020-12-01,104.6922607421875,106.30103123280368,104.59608391918616,105.21685734998991,12668900
2020-12-02,106.70320892333984,106.9392750327924,104.28131165698758,104.65727373545421,10811300
2020-12-03,106.00375366210938,106.57206942294174,105.23434576275038,106.53709542697892,12904400
2020-12-04,106.96551513671875,107.79613253144626,106.3972060468513,107.08792745781548,13583700
2020-12-07,106.56333923339844,106.81689573680958,105.10320971742503,105.92508206154332,9724300
2020-12-08,106.66825866699219,106.95678916433253,105.58409134831115,105.82890267795443,9592100
2020-12-09,105.83765411376953,107.8048967056938,105.30431225519914,107.69122953119297,13073900
2020-12-10,105.15567016601562,105.60158035075251,104.53489664286874,104.91085882399813,13668400
2020-12-11,104.53488159179688,104.93707254871889,103.49443353802761,103.99280131841007,9981600
2020-12-14,103.4332275390625,106.1611324972359,103.26710272716075,106.09118450584488,12112400
2020-12-15,105.19937896728516,105.70649193754446,103.71302072547199,104.29882018907769,12590200
2020-12-16,105.5053939819336,105.86387246508002,104.797188853562,105.1818961680395,11169400
2020-12-17,104.63108825683594,106.1873948685461,104.55240174462148,106.02127667477899,11618000
2020-12-18,104.1152114868164,104.8146714406885,103.40699969511299,104.1676691489396,28954800
2020-12-21,108.0234603881836,109.29123605821583,105.87260299242317,107.69121076137772,28323600
2020-12-22,106.37972259521484,107.99723165611992,106.32726493321398,107.88357116491534,11788200
2020-12-23,109.35244750976562,110.62022327980536,106.97426895824088,107.35023110676293,14973200
2020-12-24,108.87155151367188,109.77211687511098,108.04094081276692,109.36991926833635,4164900
2020-12-28,109.58851623535156,110.7338930424901,109.10763874983974,110.00819755983903,8072600
2020-12-29,109.29997253417969,110.41036846917368,109.19505055448764,110.34042048271229,8389200
2020-12-30,109.60599517822266,110.0344149551226,109.20380423063796,109.71965566212454,7398000
2020-12-31,111.10111236572266,111.32844003253656,109.13386987399973,109.36993603793874,8580200
2021-01-04,110.05191040039062,111.79182508873348,109.09888731048692,111.47706578111463,16819900
2021-01-05,110.65074920654297,111.22315792083243,108.9951666656043,110.06953234379249,13731200
2021-01-06,115.84645080566406,116.92081650781785,112.6145455505452,114.37580575635795,24909100
2021-01-07,119.65074920654297,121.69380966494676,118.81415650259042,119.49224284544138,21940400
2021-01-08,119.78284454345703,120.07345295976836,118.10964579232788,119.73881052208318,12035100
2021-01-11,121.57051849365234,121.70260712359358,118.10084714936103,118.51474277290626,15937900
2021-01-12,123.48145294189453,124.74955729331901,122.25738260436844,122.79456532442202,18033500
2021-01-13,123.59595489501953,123.9834193311595,121.61454494546322,122.0460434012748,14816800
2021-01-14,124.3180923461914,125.70948439894995,123.28776053136947,123.7192725306571,18565600
2021-01-15,122.09009552001953,124.74077727472365,120.65466957716905,121.02453121010696,27881000
2021-01-19,121.56169128417969,123.90416129080936,121.36796579236791,123.16443816365125,19843800
2021-01-20,119.73880767822266,121.67618363698773,119.27207662479778,121.36797236928443,16028800
2021-01-21,118.7348861694336,119.90612116068793,118.28577144056133,119.49222558342905,13411700
2021-01-22,117.81903839111328,118.3562212069903,116.41884518551961,116.85035709902635,12933200
2021-01-25,116.3484115600586,117.27307241170998,114.5343224545648,116.36602785896308,14212800
2021-01-26,115.87284851074219,117.27304156613971,115.66149329137646,116.90318001022123,11307800
2021-01-27,112.596923828125,114.34937569627557,112.14780235611498,114.12040416776867,17603900
2021-01-28,114.57833099365234,116.39241969557717,113.59203347119907,114.3933934895444,13761800
2021-01-29,113.31022644042969,115.99614033921522,112.88752942207365,115.52940930206678,14808100
2021-02-01,114.14683532714844,114.54312811550075,113.1429213670715,113.95309636666887,11080700
2021-02-02,117.66053771972656,118.34742549289892,115.55584037632975,116.18989269576538,12253600
2021-02-03,119.00788116455078,119.55386537027887,117.57245547069624,117.69574266028955,10600800
2021-02-04,121.74662780761719,122.10768793962869,119.29848692740968,119.29848692740968,12419500
2021-02-05,121.50886535644531,122.83862024106317,120.98049741163874,122.75055219828036,10051300
2021-02-08,123.41102600097656,123.55192949884177,121.68499174537045,121.70260804192789,10136400
2021-02-09,122.91789245605469,123.27013780715201,122.00203304352355,122.78579037141908,8614800
2021-02-10,122.9883041381836,124.05385471228921,122.44230655340677,123.28771393278399,10323200
2021-02-11,122.64486694335938,123.77206788511715,121.72020635154217,122.98831077034346,9201000
2021-02-12,124.38848876953125,124.70551483592233,122.4070792139104,122.45111322482735,8324600
2021-02-16,127.38262939453125,127.97266102782343,125.4012195899598,126.4139482191179,12130600
2021-02-17,127.77891540527344,128.0254897597075,126.03526519382521,126.76618682921713,10810100
2021-02-18,128.2104034423828,128.38652604741307,126.28182933966183,126.81021059204606,10587800
2021-02-19,130.35037231445312,131.0724792455333,128.44821535303137,128.44821535303137,11969800
2021-02-22,131.57444763183594,132.26133543067158,129.26719637984885,129.33764813322918,11488400
2021-02-23,132.6311798095703,134.1282424216432,131.73293686740809,133.42373841675706,16234400
2021-02-24,134.96484375,135.40515710177942,132.19087500870853,132.19087500870853,15061400
2021-02-25,133.13314819335938,136.40908084178506,132.6135816257489,135.85429511590357,18127700
2021-02-26,129.60179138183594,132.86010651783965,129.02057470729503,132.3581564351311,19829200
2021-03-01,132.53433227539062,133.30928815275033,130.75546239204147,131.67132178115722,14845500
2021-03-02,132.10279846191406,133.6615113893449,131.95309354441903,132.16444877709827,14221700
2021-03-03,134.65663146972656,136.47952174521018,132.8161248978589,133.17717163130064,14324100
2021-03-04,132.58709716796875,135.95109617495223,130.87867994974502,134.39238381930699,20093900
2021-03-05,132.89537048339844,135.16738884444462,130.3063259920366,134.92961588738382,18465100
2021-03-08,134.65663146972656,136.90223223464443,132.75447457916337,134.26915357306032,17133300
2021-03-09,133.70555114746094,135.83666611191126,131.93549634868072,133.4149427290409,16238800
2021-03-10,136.61163330078125,137.5186777867519,133.42375529870478,133.77601406436685,14342200
2021-03-11,135.89828491210938,137.5098195465045,135.05287757847333,135.71334743880678,11771500
2021-03-12,137.50985717773438,138.81319440031777,136.55879214340226,138.1351080623667,12849500
2021-03-15,136.82296752929688,138.1879416162241,135.58129408148173,137.68599137929823,12101100
2021-03-16,135.18499755859375,136.1448908574592,134.0225773219457,135.6957626483001,12805600
2021-03-17,136.5763702392578,138.1526993097032,134.779897965666,136.79652687969917,13952400
2021-03-18,138.830810546875,142.38855036687198,138.3552779841975,138.78678995642792,21898500
2021-03-19,136.6204071044922,137.32491105605843,133.14193480042206,136.9462346392073,54418800
2021-03-22,132.94822692871094,135.59010728614075,132.63120074832742,134.55977555921893,19944800
2021-03-23,131.61846923828125,133.9609259899851,131.17815589917424,132.3846101483925,17076300
2021-03-24,132.63999938964844,134.89440176394933,131.9707278839335,132.09401509386254,13079800
2021-03-25,134.33958435058594,134.70944589313194,131.50396575377167,132.09398393621137,15608300
2021-03-26,136.5763702392578,136.89339633898518,134.33958468478326,135.88068116787286,16754400
2021-03-29,134.45408630371094,135.37874708254657,133.00985896514882,133.96093747161137,17570300
2021-03-30,136.03921508789062,137.2632857194948,135.51084710605508,136.0216122279378,13184300
2021-03-31,134.0578155517578,136.04804074264322,133.96094606514572,134.98247638991,16736700
2021-04-01,135.3611602783203,135.43159860214863,133.45900303976904,133.7672143777411,16561500
2021-04-05,136.0786590576172,137.24793930976728,135.17513906252742,136.76959247336382,13508000
2021-04-06,135.12197875976562,136.66329904059302,134.51963209700318,135.34343212397667,13071600
2021-04-07,137.23904418945312,137.50479087520506,135.21939100403904,135.6180177908859,16903500
2021-04-08,137.40733337402344,137.75279996657073,134.91820055125493,136.41522695777195,12335500
2021-04-09,138.4348602294922,139.10807327115336,137.27444731458675,138.01852702112294,12122400
2021-04-12,138.14259338378906,139.29415347670954,137.80599349184453,137.81484675969273,12273400
2021-04-13,136.4949493408203,137.47820250896228,135.02449622153836,137.07958928218827,16113600
2021-04-14,133.94384765625,136.26467439558576,133.69580747376415,134.17415427002453,19939600
2021-04-15,134.794189453125,134.8207627671065,132.269630009829,133.9792429526745,17694100
2021-04-16,135.795166015625,136.86699241646562,135.25481942395302,136.30007251015704,13773400
2021-04-19,135.21939086914062,136.3089509279928,134.8384976492119,135.9014708747213,11900200
2021-04-20,132.225341796875,134.42215477565736,131.67612841485172,134.41330150946425,13716700
2021-04-21,133.35031127929688,133.41232469030226,130.02851182666313,130.91432501403213,12236700
2021-04-22,130.5422821044922,133.13772171252722,130.44484211545804,133.07570830294355,15256100
2021-04-23,133.0403289794922,133.8729958149229,129.9399817935343,130.3740217490461,14041900
2021-04-26,133.36801147460938,135.05106438993474,133.20857161250657,133.56289142813583,10799100
2021-04-27,133.9792938232422,134.26276063525603,132.9694669592156,133.31493368858148,12821200
2021-04-28,134.84735107421875,135.431991079688,134.11212443396582,135.0245110259385,8943700
2021-04-29,137.4693603515625,137.54908030007192,135.70658711915246,136.0077603800353,12976900
2021-04-30,136.24691772460938,136.84927769199828,135.53826450503723,136.5038111059668,11705100
2021-05-03,135.84832763671875,137.72624749927576,135.64459436320922,137.1681943138854,11801100
2021-05-04,137.72625732421875,137.86799070565715,134.7676439479978,135.41428391570662,12977700
2021-05-05,139.5333251953125,140.2065384875466,136.97332510825962,138.18688509440503,10506700
2021-05-06,142.34130859375,142.45646862151747,139.21438944541856,140.02048260692052,13542400
2021-05-07,142.8285369873047,143.0588435723394,139.09040389437806,139.26756384566923,14257800
2021-05-10,142.81082153320312,145.03420805380213,142.72223479648767,143.05884817628035,14014300
2021-05-11,140.4368133544922,143.84719944929452,139.99390677160545,142.68678636476108,15451700
2021-05-12,139.4713134765625,142.42107364333614,139.09927348027205,141.38467361443287,14381700
2021-05-13,143.058837890625,143.90035776316472,139.675024834672,140.1179314535284,15395000
2021-05-14,145.28221130371094,145.67197125619887,143.49287845483252,143.84719831176548,10584000
2021-05-17,145.86688232421875,146.02633575533164,144.4141489748432,144.71532226907541,9886800
2021-05-18,143.81179809570312,146.60210465075843,143.7143580897188,145.87573123952274,11098100
2021-05-19,142.71334838867188,142.7753482768245,140.52538896098133,142.6159084074876,13278900
2021-05-20,142.46534729003906,143.37773386051856,141.30493408970716,142.46534729003906,10426000
2021-05-21,144.08639526367188,144.58244855125105,142.56279529957106,142.9171152145738,10249000
2021-05-24,144.86590576171875,145.47711912087075,143.60805245751607,144.70646585051668,9440300
2021-05-25,143.36886596679688,146.77923853754592,143.11197258009204,145.1404922943869,12609100
2021-05-26,143.35118103027344,145.04308783146945,142.89055428767546,144.89250117871308,13058300
2021-05-27,145.58343505859375,145.93775500559752,144.00668831647968,145.2291015951504,15707500
2021-05-28,145.4860076904297,146.10607440979837,144.6179007668728,145.8757542594323,10291300
2021-06-01,147.08926391601562,147.85106370173744,146.58434397500278,146.92981053385137,9445400
2021-06-02,147.09817504882812,148.32060189939196,146.62869501535306,148.1611484544992,10498600
2021-06-03,147.19558715820312,148.15226709685487,145.8580140072821,146.52237394942046,13354400
2021-06-04,147.43475341796875,147.63848667247194,146.1857535429855,147.23102016346556,8510800
2021-06-07,146.74383544921875,148.0194087719092,146.28320874570534,147.93082203477414,7267200
2021-06-08,146.1591796875,146.83239286135543,144.52928662462668,145.7074198162014,10370700
2021-06-09,144.33444213867188,145.46828224533587,143.74980203217444,145.39741554911433,12377400
2021-06-10,142.08444213867188,146.3717886089139,142.00472218885713,145.59226861133575,12119400
2021-06-11,141.9870147705078,142.79310815640304,140.8974681434642,142.11102809784256,13683800
2021-06-14,139.5775909423828,142.02243048272572,138.77149769492473,141.86297707985736,19917900
2021-06-15,137.46047973632812,139.00179950126653,136.53038673110208,138.80691952467308,24485500
2021-06-16,138.42605590820312,139.62189582014082,135.62688247989365,137.06189578079452,25321200
2021-06-17,134.43101501464844,139.48016139263265,133.9792551195019,139.16126807945932,29722400
2021-06-18,131.02947998046875,132.60622631162238,130.71058670470532,132.25190645696793,43595700
2021-06-21,133.2528533935547,133.93493324083482,132.00386723958206,132.05701386105733,18664800
2021-06-22,133.0579833984375,133.73119644652763,131.68497047579527,133.40344994523085,14251200
2021-06-23,133.8640899658203,134.67903650919854,132.95170342723182,133.04914342244209,12733300
2021-06-24,135.0953826904297,135.6357293487803,133.95268947073788,134.5727560828357,13733200
2021-06-25,136.45953369140625,136.85814695010936,134.35129383384034,135.16624040082644,15484900
2021-06-28,136.7075653076172,136.84043189322009,134.7499120089604,136.14949861520898,14125800
2021-06-29,136.53924560546875,138.4614586204309,136.06976569250935,137.3010454953261,14528700
2021-06-30,137.77938842773438,138.25773515704287,136.1583620574047,136.19378864055014,12531000
2021-07-01,139.14352416992188,139.19667079359778,137.67307117152365,138.41715093585697,10479400
2021-07-02,139.00991821289062,139.2682920155313,138.19917966496442,138.93864314989762,11424000
2021-07-06,136.67567443847656,138.78714483365982,135.73130394264481,138.78714483365982,15083400
2021-07-07,136.8360595703125,137.4507950181096,135.01859326729755,135.4284078362779,12271800
2021-07-08,134.47511291503906,135.89166872273717,133.6732788695749,135.0720261121007,17834600
2021-07-09,138.77828979492188,139.11682936425737,135.93625942246555,136.35499193720963,13694500
2021-07-12,140.7650146484375,141.7984825755835,137.1478904977535,137.51317006422656,19940400
2021-07-13,138.67135620117188,140.22155813497355,136.7558882850728,139.0277314933646,22671700
2021-07-14,138.1991729736328,140.12355879828436,136.26588286441137,138.93863642276264,14622800
2021-07-15,138.5020751953125,139.45535008984723,136.9340513025068,137.11223212823683,11539300
2021-07-16,135.33932495117188,139.23263134931787,134.54640866061675,138.94754472512614,14002700
2021-07-19,130.93820190429688,133.47732329989526,129.8156502695137,132.3458537859426,22172900
2021-07-20,133.3793182373047,134.63550208289627,130.3680115330713,130.53728810084692,15385200
2021-07-21,136.18569946289062,136.88951856411663,134.84932272352992,135.4640581987282,12356700
2021-07-22,134.4662322998047,136.70244493213636,133.61095872749584,136.20353308256816,9913300
2021-07-23,134.20785522460938,136.16787164203217,133.8603978305859,134.95622290491735,9666100
2021-07-26,135.10765075683594,135.38384663647238,133.78909649421956,133.80691865291442,8208000
2021-07-27,134.9295196533203,135.85608192621103,133.45951048613867,133.9940530949643,11218700
2021-07-28,135.1522674560547,136.10555630886915,134.42172171335037,135.6779058506546,9217300
2021-07-29,136.31040954589844,137.0855036029361,135.33931250523568,136.43513748144846,9063500
2021-07-30,135.22348022460938,136.90731404425696,134.70674635478042,135.93621706555706,9805200
2021-08-02,134.68003845214844,137.602247667399,134.59095483122,135.4462282826304,10203200
2021-08-03,136.2124481201172,136.595549916917,133.21005890631994,135.37498305180677,10394800
2021-08-04,134.742431640625,136.6400775734876,134.44842709455813,134.75133592590146,10155000
2021-08-05,136.44406127929688,136.92516452403135,135.4284154890353,135.66896711140254,9151500
2021-08-06,140.31954956054688,140.60464977381957,138.19025662209955,138.26153167541773,13328800
2021-08-09,140.1680908203125,141.2550115596133,138.89407137256688,140.33736736739925,9516900
2021-08-10,141.88755798339844,142.5290198600422,139.25935330248848,139.64245500947143,8667000
2021-08-11,143.58030700683594,143.88321577741334,141.72719646643313,142.54683916028566,9156500
2021-08-12,144.14157104492188,144.65830495064185,143.03684177932956,144.22176397091283,8844200
2021-08-13,142.52902221679688,144.47123004050718,142.1637562597644,144.14158121873933,8980900
2021-08-16,141.5935516357422,141.6826488485692,139.67808390889581,141.60246951362052,8755800
2021-08-17,139.8830108642578,141.53121437314815,138.3328224598618,140.38193629422256,9347200
2021-08-18,138.6089630126953,140.7738862737468,138.39513789292866,139.25932905979025,8065500
2021-08-19,137.4508056640625,138.59117943159833,136.31933618112404,136.45298201605056,9517700
2021-08-20,137.84278869628906,138.0031473582516,136.4529592486456,137.51315349492694,6974100
2021-08-23,139.6068115234375,139.95426890917625,138.30607919501094,138.38625853149074,7934600
2021-08-24,140.4709930419922,141.2550049732793,139.758256158488,139.87407981042597,7670900
2021-08-25,143.3665008544922,144.13269076029488,140.58684147266283,141.21938554244508,11335000
2021-08-26,144.10597229003906,145.9590831786276,143.5714161050185,144.5603355312766,11027500
2021-08-27,145.26412963867188,145.36213112670234,143.66937938747856,144.10593394221874,8780200
2021-08-30,142.93887329101562,145.656175666473,142.43996143079957,145.40671973636498,7937600
2021-08-31,142.50230407714844,143.76740576343053,141.96776153616673,142.93885870746163,12340800
2021-09-01,142.29739379882812,143.22394234036292,141.62920544086757,142.74285270413517,8729900
2021-09-02,142.9566650390625,143.9812149915615,142.03900726972964,142.56465906249136,8813300
2021-09-03,142.09251403808594,143.33979377686535,141.78959159209987,142.8943347852542,7959700
2021-09-07,141.843017578125,143.77630741822523,141.62028814593384,142.5379323190154,9285600
2021-09-08,141.2104949951172,142.17268801189235,140.80066675684424,141.55795245164745,7852700
2021-09-09,141.8252410888672,143.28634609078523,140.8363215477054,141.00559814577463,7904300
2021-09-10,140.19482421875,143.18830854205993,140.07009627170902,143.04575843277692,8311600
2021-09-13,142.42214965820312,142.5914262504843,140.82741244619615,141.2372271065646,10052800
2021-09-14,139.93646240234375,143.74067153971725,139.21480758042009,142.94775525831307,11685600
2021-09-15,140.9075469970703,141.37973229153775,139.40189390574668,139.6246233312247,11691500
2021-09-16,140.84521484375,143.30415707548644,140.07012058078735,142.02123305794206,10880900
2021-09-17,140.4799041748047,141.6648264126123,139.87408663059833,140.21263972549366,25581600
2021-09-20,136.2748260498047,137.70028672237294,134.0742574572328,137.10337328147915,15819900
2021-09-21,136.2926025390625,137.69135002369617,135.93624085339027,136.782610052607,8999900
2021-09-22,138.9029998779297,140.0968264880671,138.18135862246345,138.2704422474177,11236200
2021-09-23,143.59812927246094,144.070328229005,140.47101258402603,140.76501709916,12336100
2021-09-24,145.2552490234375,145.7452565892899,143.27742378420038,143.8297885342549,10102400
2021-09-27,148.76544189453125,149.13962571772402,146.6539711799699,147.00142855824362,13220900
2021-09-28,147.963623046875,150.8323793184173,147.58943921941201,149.40690546627877,13387900
2021-09-29,147.84780883789062,148.69417804417688,147.03707036273843,148.07945617040667,7777100
2021-09-30,145.8343505859375,148.77438232157743,145.03251633385676,148.712011544429,13161200
2021-10-01,148.8991241455078,149.94149653537255,145.75418481016484,146.1105465591628,11285000
2021-10-04,148.7387237548828,151.8480317659017,147.65180295306308,148.75654591726598,14120000
2021-10-05,151.1676483154297,152.49414818968071,149.38403368241293,149.8680359356657,12292900
2021-10-06,151.49032592773438,151.56203047840847,148.7835372638271,150.56715206170296,8692600
2021-10-07,152.44935607910156,153.7220811725819,151.95639580579157,153.44423456660147,10195400
2021-10-08,152.56588745117188,153.5697239437656,151.74130552136324,152.38663288838677,8190100
2021-10-11,149.3571319580078,153.5248573213355,149.19580700645596,153.08568583572742,12154700
2021-10-12,148.20994567871094,149.4020084412026,147.68113989214436,148.55949688904704,13032600
2021-10-13,144.30210876464844,148.25473502615282,143.9435996792094,147.0537145460626,22753500
2021-10-14,146.5159454345703,146.9999340946013,143.45960539200337,144.97433166373725,15176800
2021-10-15,149.3302764892578,149.83219468115365,147.11644800438182,148.20096055749215,14267400
2021-10-18,149.27650451660156,151.12285233542477,148.70288176049877,149.2137579032215,12672900
2021-10-19,151.08700561523438,151.1586964924246,149.30339074867186,150.03833848795588,8053900
2021-10-20,153.12155151367188,153.14843900915255,150.09211305415,150.8449902800967,8185600
2021-10-21,151.92051696777344,153.56072242043302,151.18555568982256,153.04983270143168,8415200
2021-10-22,153.96409606933594,154.2419427000948,152.09981848162707,152.3955946719904,8817900
2021-10-25,153.21121215820312,155.0217146662663,152.7989143623337,154.79764304761355,10159200
2021-10-26,153.62347412109375,154.600436631462,152.85266731705,153.26496505345472,8015100
2021-10-27,150.4237060546875,152.99604292637977,149.98452091815219,152.655463489543,9847000
2021-10-28,152.69137573242188,152.82581324312633,150.5402935036669,150.84502764542853,7212900
2021-10-29,152.27005004882812,154.376327924412,151.8219069839159,153.42625313875564,8140100
2021-11-01,152.189453125,154.45705691597723,151.4813791187876,154.19712616768516,7435500
2021-11-02,152.78993225097656,153.883402671124,151.40068569984717,152.1894220491323,7173800
2021-11-03,152.84371948242188,153.38149679568025,151.60683986767475,152.48521039107976,8402700
2021-11-04,150.83602905273438,152.54793932287697,149.22272450780412,152.36868478191192,9574200
2021-11-05,150.62091064453125,152.4493286206465,150.04728797788303,151.38274576947794,7975600
2021-11-08,151.5261688232422,153.19326198877818,151.23936430160134,151.51721088314994,6413700
2021-11-09,150.37892150878906,150.99736127355266,149.32131018882671,149.99352494596204,7990300
2021-11-10,150.23550415039062,151.4275665619767,149.76047350890246,150.08313712163437,6999200
2021-11-11,150.22657775878906,151.18559718264933,149.59020833917435,150.14591525772767,5815300
2021-11-12,149.55438232421875,150.34311890704217,148.53261614931031,150.26244271925475,8113400
2021-11-15,149.2854461669922,150.38787450309113,148.78352801970303,149.86804047643008,6492500
2021-11-16,148.20994567871094,149.7426017094138,147.99483198148585,149.7336300910414,9706100
2021-11-17,147.41221618652344,148.3891650198127,146.444225293232,148.07547300495767,9909600
2021-11-18,146.13949584960938,147.752814056222,145.70031060340116,147.34051630710363,8122500
2021-11-19,144.23040771484375,145.29699073285676,142.91286559568005,144.57100092765336,12193600
2021-11-22,147.30467224121094,148.7656097429237,146.08572221555954,147.13437564056005,14549900
2021-11-23,150.82705688476562,151.07801595369253,148.2188604795857,148.33538207453157,12354400
2021-11-24,149.6439666748047,151.866752869594,149.17789396942763,150.98839612488786,9629800
2021-11-26,145.1356658935547,145.7809932654897,142.34822801710172,145.32389207547183,13619300
2021-11-29,144.5082244873047,147.69004332702576,143.24447130172604,146.37250147980674,12104400
2021-11-30,142.35719299316406,143.97051150272333,141.87319060217266,142.6529691929372,18922600
2021-12-01,141.5146484375,146.33667328091235,141.4339859499043,144.30209947756356,12253400
2021-12-02,144.49032592773438,146.31874403162348,142.3302725804054,143.2534464103645,12969900
2021-12-03,141.87313842773438,145.04599927574264,140.88723180064247,144.7502231847424,12681800
2021-12-06,143.54920959472656,145.7451081798167,142.9218119527355,144.31104470420038,11186500
2021-12-07,145.70928955078125,146.4442373019538,144.44552241899893,145.09084973411137,9851600
2021-12-08,144.0421600341797,146.3366504990989,143.55815783146713,145.78991537454846,11705700
2021-12-09,143.81813049316406,144.23937254459338,142.19584052262422,143.09212697704038,11189600
2021-12-10,143.2445068359375,144.9295160601181,142.626066997962,144.58893650936392,10405400
2021-12-13,141.54151916503906,143.2175700312173,140.9678965274639,142.9576530432308,12069000
2021-12-14,142.6260528564453,144.2035119267438,140.9858471763436,141.1202846598583,12563600
2021-12-15,141.5594940185547,143.27140454028648,141.0306882583067,143.27140454028648,14014200
2021-12-16,143.77330017089844,145.03706723733112,142.24064445769898,143.7553706141154,19542800
2021-12-17,140.5018310546875,142.8501103868288,139.08569710398578,142.79633539871557,28082000
2021-12-20,137.97433471679688,138.65550747765232,136.0921277501959,138.48521086837707,15148000
2021-12-21,139.90135192871094,140.878300899471,139.00506545801449,139.29188369323552,11291300
2021-12-22,140.44805908203125,140.77072269388137,139.13948875570378,139.59658984072337,7273000
2021-12-23,140.94998168945312,142.6170747908714,140.9051783144706,141.26368737179422,8055200
2021-12-27,141.7566375732422,141.7924830059459,140.12539002224247,141.2547194579324,6188100
2021-12-28,142.18685913085938,143.54024653036703,141.6849409873663,141.79249096775948,6342300
2021-12-29,142.1151885986328,143.07422174081657,141.74770784267938,142.37511934845233,6398900
2021-12-30,142.04345703125,143.62092976129685,141.94486498562208,142.6081218085958,6948200
2021-12-31,141.9269561767578,142.76945390035635,141.57740502961474,142.01657661054742,5805900
2022-01-03,144.9294891357422,145.7720004294373,142.96661998899367,143.28032565834596,13120900
2022-01-04,150.4237060546875,151.0959206665576,147.19707044721466,147.26877498029643,20195800
2022-01-05,147.6737060546875,151.80330581760188,147.6286203542225,151.31641602396266,17539400
2022-01-06,149.24256896972656,150.91062950084512,147.75482368939643,150.49587415594445,14047500
2022-01-07,150.72129821777344,151.0549075930727,148.82780911001464,149.37782156449907,13913300
2022-01-10,150.86553955078125,152.6598315497532,149.25156278106437,152.44344226807127,12922500
2022-01-11,151.01885986328125,151.9475674649795,149.95489516649994,151.71312733679164,11854100
2022-01-12,151.8754119873047,152.9123141143526,150.73931308271762,151.8934490157865,12568000
2022-01-13,151.68605041503906,153.11067291689878,151.37948973644444,151.7852334296692,13623400
2022-01-14,142.3629150390625,145.19412327301816,141.47026782608924,144.95067153162142,40158400
2022-01-18,136.39393615722656,140.46041256008874,135.7357153001426,140.46041256008874,32324800
2022-01-19,134.28404235839844,137.2595192359794,133.94142136009356,136.66443486704068,22380000
2022-01-20,133.13894653320312,135.7988373379188,132.8684461317594,134.33815443163346,14860800
2022-01-21,130.81265258789062,133.0036767378507,130.0823112045706,132.99466510334548,20705400
2022-01-24,130.69544982910156,131.17332792725574,125.84453448731847,128.28802230871474,28471400
2022-01-25,132.12005615234375,132.40859355763388,126.94452995027333,129.52327453761563,18915900
2022-01-26,133.3733673095703,135.7627713713276,131.6061237759192,134.09469709723706,20709100
2022-01-27,131.02001953125,135.59143560587256,129.95606890138882,134.72583722644728,17536800
2022-01-28,132.1922149658203,132.32745830068887,128.18884715503197,130.01020202786032,14117000
2022-01-31,133.9865264892578,134.1578301341488,130.44299963461228,131.317609923402,13985700
2022-02-01,136.28573608398438,136.5742735335015,133.716016495559,134.0676629132687,14584900
2022-02-02,135.19473266601562,136.09639153266028,133.5086349880213,135.69965943002106,12441100
2022-02-03,134.07669067382812,136.73658197467245,133.7070071815083,135.24885012656998,12474900
2022-02-04,137.55706787109375,138.40462936624814,134.13978698465868,134.43733604731216,16654400
2022-02-07,138.01693725585938,138.5128386544454,136.01525335617333,138.19726628791096,12572300
2022-02-08,140.6137237548828,142.89492001274687,139.5768213679355,139.75715042328832,20411400
2022-02-09,141.1997528076172,141.9481173942704,140.4964601477551,141.19072741568345,9131100
2022-02-10,140.6137237548828,143.3908352336358,139.95551651164388,141.25390772334399,16455600
2022-02-11,138.78330993652344,142.63339656220526,137.9267368954951,140.30711539006643,16830000
2022-02-14,137.49395751953125,138.5669199514389,135.53735954385735,137.7103468296604,17026500
2022-02-15,139.50462341308594,140.6046480350798,138.72018481279574,139.31526904842,9500000
2022-02-16,139.75711059570312,140.74894075483203,138.62102548833636,138.62102548833636,9076500
2022-02-17,136.5382080078125,138.61202634162095,135.85295215971024,137.9538191613238,11367500
2022-02-18,137.1783905029297,138.9817083818998,136.26771992701023,137.16937886649532,11733300
2022-02-22,136.93492126464844,138.17020320971827,135.61850708557432,135.78982446353288,11333500
2022-02-23,134.06765747070312,138.22430534628506,133.418461993867,138.0619995979649,11799000
2022-02-24,130.3347930908203,130.73152519700787,126.0338764061564,128.88312175221003,25655100
2022-02-25,133.41847229003906,135.36605887084664,130.65939817967333,130.965958912331,18367700
2022-02-28,127.85523223876953,130.79463524157825,127.02570771818957,129.43313528251048,31315300
2022-03-01,123.03132629394531,126.6650097374704,120.44357023955227,126.26827770999135,36840400
2022-03-02,125.5830307006836,126.26828640373373,123.17560346805735,123.7887248194884,19405600
2022-03-03,124.69039154052734,127.11585595551155,123.58135504977642,126.08796545618155,16640800
2022-03-04,121.18295288085938,122.10264882804157,119.37963504776192,121.66985640040068,21016000
2022-03-07,116.50334167480469,119.64111050233956,116.26890157737108,119.17224406569403,27560100
2022-03-08,115.68282318115234,118.82960348967877,114.75410886768476,116.89104263347035,19207800
2022-03-09,120.31734466552734,121.94033315185058,119.41568592403895,119.83044124052012,17536200
2022-03-10,118.89273834228516,120.32637263388989,117.50418974551918,118.89273834228516,15604200
2022-03-11,116.21481323242188,120.89442505071693,115.79103245546727,119.46079072436721,20061800
2022-03-14,117.36894226074219,119.84850433923381,116.5213806580511,116.7287721196277,15786900
2022-03-15,119.45175170898438,120.4165332106553,118.23452060697463,118.83863034054471,15096600
2022-03-16,124.78959655761719,124.87075632156606,121.21000932847804,121.60674147854245,20354900
2022-03-17,126.36750030517578,126.40357436891324,122.55348667927798,123.40104832019398,17050500
2022-03-18,126.32243347167969,126.99867773275244,124.84371323779627,126.40357948103448,23656500
2022-03-21,125.9166488647461,126.91749070650725,125.08712440031135,126.54782104610062,12676100
2022-03-22,128.5945587158203,129.77572940530004,127.78307139337129,128.27898642741008,13548600
2022-03-23,126.03386688232422,127.6658671209086,125.51090312352443,127.1158546985693,12093200
2022-03-24,126.85438537597656,126.87242240521738,125.42976274683961,126.50273897600252,10017600
2022-03-25,127.96342468261719,129.09950990144642,126.95357115476898,127.21504617243595,8383500
2022-03-28,127.01666259765625,127.10683397515493,124.33873503294768,126.23222389465575,10818100
2022-03-29,127.29621124267578,129.47823813379796,126.44866333807546,129.25282338339665,11316500
2022-03-30,126.7191162109375,128.14373870423222,126.1510805471263,127.94537267616455,8771000
2022-03-31,122.91413879394531,126.54782279250774,122.86002770702568,126.07895634675783,17353900
2022-04-01,122.00347137451172,123.89696068911778,120.64197130123995,123.88793529427682,15721300
2022-04-04,122.54443359375,123.47314092661853,119.8214205480031,120.930456863893,17416400
2022-04-05,121.11836242675781,122.98954540075265,120.81860779594254,121.78146230410857,12110300
2022-04-06,119.43793487548828,120.40985393617099,118.95651456184294,119.51968235662724,12914700
2022-04-07,119.07460021972656,119.82852606437862,116.93091163138006,118.94743283991808,12994200
2022-04-08,121.2546157836914,121.62702558423577,119.43793122613627,119.60142618341868,13126900
2022-04-11,120.8095474243164,122.53539255772422,120.41896681862539,120.8095474243164,10466400
2022-04-12,119.48332214355469,122.24469008358447,118.7203180523102,120.02833298598732,12989900
2022-04-13,115.6319808959961,117.40324566002532,114.46021846359908,115.30497710415962,30838000
2022-04-14,114.56012725830078,116.54031364384889,113.5609452375323,114.90529481904719,18835200
2022-04-18,116.68565368652344,117.39415954578025,114.03328900070606,114.15137100054837,11834400
2022-04-19,119.10183715820312,119.28351670517229,116.47672848285896,116.67656489636225,15015400
2022-04-20,119.5196762084961,121.27277011702424,119.30166907646961,120.3735201503462,13430200
2022-04-21,118.59317016601562,120.6369403702375,118.04817309434537,120.10102173202377,12174200
2022-04-22,115.1868896484375,118.5568458204477,115.0778930031577,118.33883866968395,14318800
2022-04-25,115.15055847167969,115.46848384326267,111.82602902203489,114.46022326449364,17149000
2022-04-26,111.7442626953125,114.82354935774018,111.60801689927274,113.21577966345569,17209500
2022-04-27,110.29092407226562,112.2347761045314,110.10925837826214,111.11751891921612,17215200
2022-04-28,112.03494262695312,112.31653346919038,110.03659221999705,111.55352228810203,13015600
2022-04-29,108.41974639892578,112.28020149141237,108.0019097381748,111.7715319792116,14874800
2022-05-02,109.40982818603516,109.64599912645619,107.38422872080244,108.892073347871,18545000
2022-05-03,111.75334930419922,112.78885894625404,109.70957917960128,110.39083588780059,15720900
2022-05-04,115.45030975341797,115.72281522681074,111.48993660602828,111.54444185876808,17128500
2022-05-05,112.5617904663086,114.5419772093163,110.96311280469152,113.76988754215652,15055400
2022-05-06,112.38011169433594,112.89786653379647,110.07292139548139,112.45278074235542,14417900
2022-05-09,110.69059753417969,112.02586187588838,109.45525140376225,110.91768311800492,14312300
2022-05-10,107.9928207397461,112.43461424815578,106.78472375882266,111.82602654081015,16382400
2022-05-11,107.31156158447266,111.62618762272967,107.12989589174472,108.36524200658015,14630300
2022-05-12,107.2207260131836,107.47506074857978,104.79545373338196,106.27604918878221,16318800
2022-05-13,108.17448425292969,109.22816467730523,107.14805991961376,108.46516045008319,10443200
2022-05-16,107.4205551147461,108.5105630294059,106.48496371747785,107.67488983282664,10269000
2022-05-17,110.98126220703125,111.69885345380604,109.73683076438104,109.94575254209087,11160200
2022-05-18,109.08282470703125,110.79051268549689,108.57415523094456,110.18192500087862,12664900
2022-05-19,107.46598052978516,108.68316287472419,106.84830745849567,107.35698388374132,12765800
2022-05-20,106.58487701416016,108.70131613429278,104.47752325701776,108.51056509210636,13150100
2022-05-23,113.17945098876953,114.96888645696252,109.40982899797083,109.41891436154341,24376700
2022-05-24,114.77813720703125,115.80456154360846,111.82602463880535,112.96145254966146,19324900
2022-05-25,115.57746124267578,116.14063590957697,113.6971931389538,114.70545354980048,12780400
2022-05-26,117.57583618164062,118.25709294518363,116.45857897028732,116.60390321275453,15990900
2022-05-27,119.23810577392578,119.23810577392578,117.30333210705955,118.22984519741577,11177800
2022-05-31,120.1100845336914,120.94575768965635,117.8210721822143,118.2479802623708,17015000
2022-06-01,118.00273895263672,120.69142411258868,116.87638963091506,120.69142411258868,10768000
2022-06-02,119.90120697021484,119.91028540531106,116.8764248584233,117.99368222433347,8374800
2022-06-03,118.2298583984375,119.69229031936311,118.0754418428374,119.18362075733786,8596000
2022-06-06,117.83924865722656,120.25544262386137,117.5940062031713,119.07459480210566,11323500
2022-06-07,118.14808654785156,118.3751721169585,116.83097915886881,117.02173713540805,6722200
2022-06-08,116.26781463623047,117.5849082018658,115.26863949022072,117.17615693807602,8422100
2022-06-09,113.8243637084961,116.35864631606303,113.78802918733766,115.69555343259873,13560100
2022-06-10,108.59231567382812,112.08943185093531,108.38339391302014,111.35366993687344,12945200
2022-06-13,105.35862731933594,107.13897749513067,104.51386865596423,106.14888765929724,16805600
2022-06-14,103.60551452636719,106.56671219347837,102.84251036495894,104.95894946473875,13357900
2022-06-15,104.83179473876953,106.23063586993884,102.79710286959158,105.02254580211081,14083500
2022-06-16,103.03327941894531,103.78720527936332,101.6162674828171,103.42386693083996,16724900
2022-06-17,102.66992950439453,104.12327580466221,101.87967613524056,103.13318601982735,30919900
2022-06-21,105.21329498291016,106.30330301967207,104.49570370216942,105.24962950814916,11680500
2022-06-22,104.62287902832031,105.54938523698573,103.90528769303216,104.35037353336439,9842700
2022-06-23,103.47835540771484,104.62286867108389,101.26200485988664,104.46845213994337,11851500
2022-06-24,106.56672668457031,107.0208978700535,102.48827137935996,102.85160971376698,14841100
2022-06-27,105.71288299560547,107.63857132340105,105.04071157924665,107.23889846119197,11280500
2022-06-28,105.2042007446289,108.35614950968552,105.00436433772249,106.88463254709411,11590900
2022-06-29,104.73185729980469,106.11253437963401,104.21410252860608,105.36769406089037,9338400
2022-06-30,102.28843688964844,103.62370130911933,100.76242140026777,102.79710640940785,15172600
2022-07-01,103.59644317626953,103.93252539553801,100.97133445607687,102.32476255687853,10573600
2022-07-05,103.20240020751953,103.28487079758956,100.1600282590382,101.50709683666992,12514200
2022-07-06,102.533447265625,103.54146081602097,101.52543371522903,102.38683054498362,10656200
2022-07-07,105.12677764892578,105.29172579970682,103.9171602069989,104.008796514899,10347400
2022-07-08,104.79689025878906,105.97901760800858,104.10960740399186,105.52999476713383,8807800
2022-07-11,103.42232513427734,104.67776433971417,102.83584432084477,104.05462760151671,7939500
2022-07-12,103.52313232421875,105.54832507615383,102.87250535796476,103.16574577925392,11250900
2022-07-13,102.5517807006836,103.07411544994838,101.14971764501159,102.40515698581454,12979900
2022-07-14,98.96874237060547,99.17951221298264,97.19096827966213,98.95957664057076,26204800
2022-07-15,103.50479125976562,104.35702224745523,98.66632126181274,100.03172818268695,18863900
2022-07-18,102.44181060791016,106.15313416657214,101.98362199636645,105.17261081752476,13977900
2022-07-19,104.98015594482422,105.32838370938092,103.24820382463118,103.66973644205042,11862300
2022-07-20,104.96183013916016,105.14510275607962,103.99047268496305,104.55862199225471,11667500
2022-07-21,105.67662048339844,105.86905886017962,103.88968770514225,104.87021104859112,11595900
2022-07-22,105.16344451904297,106.52884452569346,104.1645897821543,105.60330163931829,7645500
2022-07-25,105.58496856689453,106.72127419163009,105.17259468491791,106.15311788356115,9394000
2022-07-26,103.93548583984375,105.9148636714566,103.57809934103625,104.99848659935485,10675100
2022-07-27,105.60330963134766,106.06149824462838,103.82554256597277,104.47616955786299,9337400
2022-07-28,105.20926666259766,106.2814333262325,104.03630493659365,105.6124748776878,10384800
2022-07-29,105.7132568359375,106.7579261115365,105.190922198138,105.92401964183092,12944500
2022-08-01,104.6594467163086,105.48418765403203,103.61477719232683,104.92519696243079,14740400
2022-08-02,103.02828216552734,104.83354625057682,102.88165846720327,104.39368214700731,14942900
2022-08-03,104.109619140625,104.55864203211962,102.36850098057602,103.96299542586556,14394500
2022-08-04,102.9641342163086,103.8438554164175,101.73618523456729,103.41315704949486,18033900
2022-08-05,106.07982635498047,106.47386882961652,102.68006779074992,103.11992493042546,14174600
2022-08-08,104.78772735595703,106.9412122941212,104.63194491593815,106.52884536668232,10332500
2022-08-09,105.73158264160156,106.2905732073853,104.80604684502374,105.15426761083897,10233800
2022-08-10,108.48990631103516,109.38795912737399,107.67433108595175,108.09586379846871,12847300
2022-08-11,110.09355926513672,111.06491688650189,109.33296449036045,109.8736306887038,11684900
2022-08-12,111.9171371459961,112.02710491926354,109.45208740335796,110.57922736588773,9906700
2022-08-15,112.21954345703125,112.45780347045417,110.51508142139566,111.00992591478045,8456200
2022-08-16,113.29170989990234,113.85070054717264,111.67889107337466,112.06376781665492,9555000
2022-08-17,112.33868408203125,112.86102582795446,111.51395014750821,112.07294083111385,8149300
2022-08-18,111.4681167602539,112.22871147810542,110.46926901551625,112.01794165588767,9531800
2022-08-19,108.70982360839844,110.87247433761473,108.23331054548441,110.53341925157693,13464500
2022-08-22,106.91372680664062,107.36275667080531,105.84156715495577,106.98703866096179,8967600
2022-08-23,105.85989379882812,107.48188539985915,105.7316015468306,106.93206046395504,7607000
2022-08-24,106.1164779663086,106.67546859344074,104.8793632066996,105.64912365693193,9771300
2022-08-25,108.63651275634766,108.81061965881429,106.00650784733313,106.4463719508021,10758900
2022-08-26,105.0809555053711,109.95608117160492,105.01680939100231,109.47040244975527,11276200
2022-08-29,104.82440185546875,105.25510031769817,103.97217066187127,104.46701525732182,8117300
2022-08-30,104.84271240234375,105.91487198290172,103.88051360456951,105.3833715614378,10745400
2022-08-31,104.2195816040039,105.41086776426728,103.86218806538142,104.90686450118002,10738300
2022-09-01,104.93433380126953,105.04429456842152,102.55175496381885,103.81635272587914,9979800
2022-09-02,104.20124053955078,107.62848897994999,103.72472751765136,106.18061845683108,10666600
2022-09-06,104.22872924804688,105.15427207532213,102.69838117116177,104.76939537180655,9751900
2022-09-07,106.20811462402344,106.40055298934676,103.33069089059337,103.66974596651418,10647900
2022-09-08,108.68232727050781,108.85644116414007,105.04430891060943,105.63995544914893,11435000
2022-09-09,109.20467376708984,110.0110902109732,108.74648514812104,109.17718356857628,9299700
2022-09-12,110.49676513671875,111.38565214483589,109.77282630527701,110.53342106391365,8614600
2022-09-13,106.65713500976562,108.97556806065546,106.09814439377209,108.19664888815058,12904600
2022-09-14,106.40972137451172,107.98588426193879,105.27340862985554,106.9412148290217,9345700
2022-09-15,108.01337432861328,109.3970987546802,106.07981803397652,106.40971435855738,10821400
2022-09-16,107.2894287109375,107.58266909279969,105.72242476491745,107.57350336453464,14844100
2022-09-19,108.27911376953125,108.80144839962286,105.85071322944151,106.29973601882503,8201300
2022-09-20,106.14396667480469,107.8484287284981,105.05347563201083,107.59184424581785,9619000
2022-09-21,103.08326721191406,106.84957798801601,103.01912108885114,106.79459759436294,12606300
2022-09-22,101.9103012084961,104.10044202040444,101.7820089678205,103.89883793037058,11684500
2022-09-23,100.01339721679688,101.11304695213371,98.19897445435083,100.84730374269262,18138600
2022-09-26,97.85993194580078,100.4441156320709,97.19097344577945,98.96874763121912,15753600
2022-09-27,96.9985122680664,99.12450680849463,95.89886257148025,98.7396301138297,12793600
2022-09-28,98.95956420898438,99.6376883182945,96.80607935398723,97.09015402674522,12762600
2022-09-29,97.2825927734375,98.30893061382021,95.66976717817614,98.0065245038208,12713900
2022-09-30,95.76140594482422,98.62050498371808,95.66976963406658,97.19095196856998,15973400
2022-10-03,98.7213134765625,99.29862856433786,95.72475627994065,96.78775713014613,12248100
2022-10-04,103.33985137939453,103.54145547735958,100.67319742455584,101.36048030867137,16013600
2022-10-05,102.0639419555664,102.58170224754564,100.62160568279288,101.47221389217445,10943500
2022-10-06,99.98365783691406,101.87904164353913,99.79874544044343,101.20409799390531,11521400
2022-10-07,97.986572265625,99.58608487183628,97.33011706677853,99.4104131661769,11681100
2022-10-10,97.07122039794922,99.21623617356313,96.6366686024403,98.67998752012531,8931700
2022-10-11,94.26976013183594,96.65516770281602,94.16805621613065,96.49799148907313,12739700
2022-10-12,95.79531860351562,96.83084624866187,93.64105486026882,94.12183832385476,13181000
2022-10-13,101.1208724975586,101.61089661421993,94.08484907156712,94.2882569057936,22398700
2022-10-14,102.80359649658203,106.5481246562342,102.36904469529462,103.51551683527647,33387100
2022-10-17,107.12138366699219,108.18464755463535,105.69753567760262,106.70532725850188,22276300
2022-10-18,109.87660217285156,111.07855372572234,108.13840193164204,110.6347612213072,21539700
2022-10-19,107.72235107421875,109.86736709890063,106.94570357092692,109.0907195956088,17072000
2022-10-20,107.37100982666016,109.75641763262496,106.92721729073263,108.32332904516313,12207400
2022-10-21,113.01092529296875,113.15885378191355,107.55592559275252,107.67611793089235,20593300
2022-10-24,113.14960479736328,113.81530062515023,112.17880426013637,112.86298850360413,12624200
2022-10-25,113.44546508789062,113.97247309186447,111.7719848927018,112.65957694918643,11289100
2022-10-26,114.7491226196289,115.75690702714203,113.61189108846125,113.72284274275594,11667000
2022-10-27,115.2021713256836,116.6814915551683,114.8415872401828,115.75691552999595,10727600
2022-10-28,116.570556640625,116.75546903945458,114.69366828207693,115.84014067352321,11859500
2022-10-31,116.38560485839844,117.81870024008981,116.11747701680665,116.2191809240985,13295200
2022-11-01,118.4843978881836,118.60459727168887,116.80167705865396,117.30094889933004,13386900
2022-11-02,117.3934097290039,120.52772164129821,117.08829797195993,118.02212165838785,16546100
2022-11-03,117.6060562133789,118.51213668025758,116.41335946366476,116.78318419482487,12474400
2022-11-04,120.82357788085938,120.9622727375387,118.77103225951693,119.72334435549573,14953200
2022-11-07,121.46153259277344,122.31214073569802,120.6386605984729,121.11944402113767,12011200
2022-11-08,121.53551483154297,122.09950676724323,120.32432250436136,121.34136176805379,9884100
2022-11-09,119.95447540283203,121.51699673276242,119.47369201244155,121.4153069332397,9494000
2022-11-10,124.8917236328125,125.04889985465292,122.53405208938683,122.62651532948576,16351600
2022-11-11,125.09513854980469,125.89951517410225,123.68977904669323,124.99343462310759,10704700
2022-11-14,123.80996704101562,125.49268790931114,123.80996704101562,124.63283906017365,11085600
2022-11-15,122.91313934326172,125.47421888944636,121.67421085240959,124.52189260191997,14038300
2022-11-16,123.07955932617188,123.48637504565149,122.0717748170407,122.96861471464504,7893400
2022-11-17,122.54329681396484,122.8669040570799,121.37833613298888,122.0440319815209,8820200
2022-11-18,123.7452392578125,124.51263897373141,122.30290306226722,124.42018984534798,9468500
2022-11-21,123.01482391357422,124.41092841645519,122.73744832741083,123.6527835293775,7800500
2022-11-22,124.85472869873047,125.06739132257165,123.60655964478981,123.89317592885227,9185700
2022-11-23,126.18610382080078,126.20459928739396,124.68829550862361,124.76226326708893,7316200
2022-11-25,126.426513671875,126.79633838879062,125.7977947236281,126.18611490876208,3220500
2022-11-28,124.21678161621094,126.39878137141969,124.06884608177768,125.80705334159573,9906900
2022-11-29,126.26008605957031,126.33405382651871,124.27225346400225,124.50339744525012,7925300
2022-11-30,127.75791931152344,127.75791931152344,123.14429358044966,125.82555863956917,14761200
2022-12-01,125.96424102783203,128.2017132852391,125.21532260702676,127.75790664152255,8858500
2022-12-02,124.96566772460938,125.14133938276495,123.28293300744218,124.34620363547079,8931900
2022-12-05,121.46153259277344,124.42018678648702,120.74961930087785,124.11507504371373,10154500
2022-12-06,121.66495513916016,124.91946668119974,120.07468325543118,123.32919479747076,13966700
2022-12-07,121.58174133300781,123.04257307391252,120.49998912968611,121.40606963959569,11739400
2022-12-08,122.857666015625,122.95011515285124,121.51701950069499,122.34914638319401,8907300
2022-12-09,122.19196319580078,123.67127627839037,122.04402765516893,122.22894002700392,7957800
2022-12-12,124.08736419677734,124.49416582884739,121.6742200190784,122.41386961041421,8841600
2022-12-13,123.96714782714844,126.75011641972054,123.04257185657714,126.56520404718822,10025400
2022-12-14,123.34768676757812,125.47421437574182,122.74670390662422,123.6897753708883,9966100
2022-12-15,120.2873306274414,122.11798696522752,119.31652310767757,121.25812403929658,12087800
2022-12-16,119.5384292602539,120.10242120546073,118.74329330648547,119.40898917977583,21133700
2022-12-19,120.2503433227539,121.42455870528141,119.35350354109474,119.87126380516413,9017200
2022-12-20,120.83283233642578,122.09025618414302,120.37978504517666,121.09171247202262,8549900
2022-12-21,122.19196319580078,122.95010815269714,121.83137913295417,122.21044455744753,8051700
2022-12-22,120.80509948730469,121.39682754310846,118.72480355719475,121.21191517090286,8648200
2022-12-23,121.37833404541016,121.52626958874187,119.86202999603498,120.73113367822135,5091900
2022-12-27,121.80364227294922,122.2474347843496,120.703394621263,121.64646605240969,5411000
2022-12-28,122.4693374633789,123.34768180088733,121.1286910394924,121.90534556533085,8827700
2022-12-29,123.17200469970703,123.2182363171044,122.33063722996505,122.90386978354759,6585200
2022-12-30,123.98561096191406,124.19825942947303,122.45081186513572,122.79290037050093,9292500
2023-01-03,124.92870330810547,126.42652600592973,123.79147879013018,125.03966202033209,11054800
2023-01-04,126.09367370605469,127.29561116550344,125.34476943710571,125.73308964663816,11687600
2023-01-05,126.0657730102539,126.4010796462464,124.52894500690343,126.35450651666783,8381300
2023-01-06,128.47805786132812,128.88787849439743,125.26471220602448,126.79221643066228,10029100
2023-01-09,127.94712829589844,129.35355924936584,127.49074884179834,129.09276692927565,8482300
2023-01-10,129.09278869628906,129.20455279171128,127.89126782202855,128.33833841583532,9048700
2023-01-11,130.05215454101562,130.16391865316137,128.6271052626769,129.37221829314208,8703700
2023-01-12,129.92173767089844,131.19775845530057,129.6702542464576,130.39674928407086,11001700
2023-01-13,133.20030212402344,133.6473870191893,125.55347054401255,126.29859782383485,20200000
2023-01-17,131.1418914794922,131.8311224234476,129.6795780869348,131.4865069514699,14292900
2023-01-18,127.2020263671875,131.07666154466185,127.05299811094552,129.39082025576005,13392600
2023-01-19,125.50687408447266,126.57798457919604,124.42644044025828,126.03778196920697,13303400
2023-01-20,125.81424713134766,126.19612676837863,124.38919796107986,125.8887612711673,13092500
2023-01-23,127.85403442382812,128.4967064799969,125.57209383659618,125.85150411134802,10487100
2023-01-24,128.95306396484375,130.66684634610152,125.73971844695612,127.06231229849965,6945000
2023-01-25,129.5771026611328,129.5771026611328,127.83537927283399,128.58050636602806,8967000
2023-01-26,130.3781280517578,130.45264219157764,128.86925580373315,129.85654328513786,7487600
2023-01-27,130.69480895996094,131.57031807373335,130.16390107472674,130.96491026520977,7489900
2023-01-30,129.5864715576172,130.48061301541287,129.38156117934687,129.67960359457138,6729300
2023-01-31,130.3594970703125,130.46195222574966,128.7667876925378,130.28498293798387,9188700
2023-02-01,130.01490783691406,131.21642905245207,128.64574043062487,128.72957773812243,8841800
2023-02-02,129.40945434570312,130.8251943777019,128.5339310918633,130.39674168739757,11822100
2023-02-03,131.41200256347656,132.56695053481363,128.65505015877844,128.70160906549228,11501200
2023-02-06,132.18504333496094,132.4830998637456,130.42468782166446,130.6109660460961,8406200
2023-02-07,133.79638671875,134.4390587508407,131.49581412868693,131.68210658770164,10447900
2023-02-08,132.8556671142578,134.1596290034137,132.5203605981722,132.86497605199511,6958000
2023-02-09,130.7879638671875,133.5076663311684,130.27568797915055,133.30275597595363,6443100
2023-02-10,131.36541748046875,131.58895990324197,129.0834769866205,130.19185173817743,6582900
2023-02-13,132.7904815673828,132.93949563787933,131.0860078917778,131.6075926688138,7134600
2023-02-14,133.3772430419922,133.94540087297335,131.88700301189505,132.72526214056734,9249400
2023-02-15,133.9361114501953,134.01993453285192,131.60759774004632,131.89633116616562,6728300
2023-02-16,132.09193420410156,133.55423344185013,131.96152379108605,133.10716278336827,8165300
2023-02-17,132.4831085205078,133.03263429272963,130.4619605185169,131.30952862688065,7948800
2023-02-21,130.05215454101562,131.64484998757297,129.23251315295988,131.03944209729002,9996300
2023-02-22,129.0555419921875,129.86586021792007,128.01237239472763,129.39084853595958,11107500
2023-02-23,130.0894317626953,130.55513461036534,128.4781038891514,129.21390813513594,8068000
2023-02-24,131.26296997070312,131.6634817250216,129.40015897527957,129.56781935517012,9126900
2023-02-27,132.4086151123047,133.47972579954848,131.99879440034755,132.36204199283307,10014700
2023-02-28,133.5169677734375,133.8988331805033,132.16641859398732,133.1350881542534,11019800
2023-03-01,132.7718505859375,133.61943296174687,132.07329649398636,132.35272097319069,7139200
2023-03-02,131.3933868408203,132.6600847363199,129.96832328414183,132.48312962123975,11106800
2023-03-03,133.80572509765625,133.88023924731888,131.4026970664896,131.80319463229026,9513100
2023-03-06,133.02334594726562,134.15964763008301,132.87431765006573,133.6008128337644,9261300
2023-03-07,129.11143493652344,132.54832374701917,128.35699870243823,132.26889923495622,11747600
2023-03-08,128.34767150878906,129.08347554752075,127.50008915385733,128.53394975296376,10002500
2023-03-09,121.39938354492188,127.92854487759995,120.35621398362,127.37900485816044,25888100
2023-03-10,124.48233795166016,125.98190135781631,119.05224935001475,120.11405814531993,37599700
2023-03-13,122.24696350097656,124.6965643460552,120.53318090928099,122.20971353686105,42901100
2023-03-14,125.38579559326172,126.23337795327473,122.28421377734838,126.00052659363065,29648100
2023-03-15,119.4620590209961,122.00480615606881,118.03701691216072,121.99548300572502,34280600
2023-03-16,121.78125762939453,122.89894128146618,117.37570690359237,119.22920168393397,24558500
2023-03-17,117.18011474609375,119.66696553601733,116.84480822317602,119.57383352039066,38396000
2023-03-20,118.41887664794922,120.58905283754912,117.36639115158765,118.27916442303706,22875500
2023-03-21,121.59497833251953,122.69402988740359,121.2596718186006,121.6322282953467,17807800
2023-03-22,118.45613861083984,121.69743251731845,118.3629994924019,121.60428629282127,17250200
2023-03-23,118.13946533203125,120.64494829753855,117.37571313780303,119.12675995339434,16677600
2023-03-24,116.34185791015625,117.05903697838569,114.66532526148272,117.01246386356603,22311100
2023-03-27,119.6762924194336,120.50524270860102,117.62719614811813,118.09289887713624,18853900
2023-03-28,120.03952026367188,120.46795874521271,118.97771167833261,119.88118306726618,10820500
2023-03-29,120.28167724609375,121.28759665357458,119.00564945478612,121.1758325678934,14595300
2023-03-30,119.91844177246094,121.19446258557942,118.89389728338375,121.0361253776253,12134700
2023-03-31,121.3714370727539,121.3993780981695,120.01159312879946,120.76602923925783,13105200
2023-04-03,121.23174285888672,122.4239407576686,120.53318873637609,120.99889148471651,11775400
2023-04-04,119.611083984375,121.63223206825984,118.67036961353394,121.54840899020964,11579900
2023-04-05,119.78943634033203,120.29633619977899,118.70991252623699,119.02907938933363,9614700
2023-04-06,119.65800476074219,120.23062149596231,119.08538802552208,119.21680755539286,8760200
2023-04-10,120.05228424072266,120.37144396542395,118.48463160317063,118.78502017540711,9477300
2023-04-11,120.64366912841797,121.03792775310147,119.72372517566188,120.43715065972816,10516300
2023-04-12,120.62490844726562,122.43662198672094,120.21187144951308,121.26322793567749,11821000
2023-04-13,121.08486938476562,121.1317936821894,119.05724127282645,120.58735151336242,12450200
2023-04-14,130.22796630859375,130.59406469351157,126.63268508047337,126.86736389961706,43931300
2023-04-17,131.26051330566406,131.47641373375217,129.22350358101102,131.3731545162051,16050500
2023-04-18,132.73431396484375,133.09103029865304,130.50956368507917,131.67357560553415,13760100
2023-04-19,132.56536865234375,132.8282077762557,131.79561527256016,132.5747506483199,9158100
2023-04-20,132.18048095703125,132.7624797795705,131.26992609512882,131.33564303246416,10586200
2023-04-21,131.92703247070312,132.46210702857394,130.27489881805042,131.17607174364318,11842500
2023-04-24,132.10536193847656,132.45269623907592,131.45764627708422,131.85191919383533,7567500
2023-04-25,129.23291015625,131.38257582399962,129.19536785347964,131.04463780444166,10629300
2023-04-26,126.94245910644531,129.36434616760505,125.78784336084685,129.1859879785171,14416100
2023-04-27,128.65090942382812,129.45820499597775,127.34609598643402,127.66525568797654,9041100
2023-04-28,129.7679901123047,129.8430890446596,127.35548525274534,128.19094118016548,9887300
2023-05-01,132.54656982421875,134.58357988112385,132.19924981929773,133.54160554270499,20415800
2023-05-02,130.40631103515625,133.6824321685763,129.9463354406218,132.73432067001107,14113400
2023-05-03,127.64646911621094,130.17161490491574,127.43995065830276,129.95571445297722,12930900
2023-05-04,125.9004898071289,127.40243999696453,123.73205978425192,126.68902153480482,17089200
2023-05-05,128.35989379882812,129.43002832206622,127.58075863276775,128.07827643510146,11261400
2023-05-08,128.6697235107422,129.51456161998723,128.11587055271806,129.0639822499672,7484900
2023-05-09,128.0501251220703,128.55702495344676,126.9236699117242,127.59953157900776,7343600
2023-05-10,128.11582946777344,129.5990010056029,126.60449762357707,129.4957417743725,8133400
2023-05-11,127.71219635009766,128.42561469265442,126.6326653559909,126.72654259848927,7057300
2023-05-12,125.88167572021484,128.59456124923202,124.97112110757368,128.43498143266075,9988600
2023-05-15,126.94245910644531,127.35549610777367,125.7503010532979,126.04130048869071,7639500
2023-05-16,126.08821868896484,127.60893256234893,125.75028068113997,127.15835332646766,6477200
2023-05-17,129.965087890625,130.09650741667306,127.15833922924419,127.57136179421374,12711500
2023-05-18,130.9507598876953,131.16666035573948,129.31739041430035,129.79614429500816,10999600
2023-05-19,130.65036010742188,131.88008891431372,129.66472071613862,131.22297688858401,13492200
2023-05-22,129.57083129882812,132.95959304778995,129.22351132973105,132.3588160161239,11402500
2023-05-23,128.2190704345703,130.5095371838428,128.0970472322474,129.11084676435343,9514900
2023-05-24,127.04572296142578,127.99383456438143,126.80166214436692,127.10204358661949,8578000
2023-05-25,127.35548400878906,127.91871883412094,126.33228792230425,126.55758471716831,8472500
2023-05-26,128.54763793945312,129.16719329422867,127.31792354730003,127.76850274911199,8579900
2023-05-30,129.03579711914062,129.27985791353595,127.68404494538186,128.41624165222498,7399900
2023-05-31,127.3930435180664,128.45378193252756,126.16331459906385,128.35052268966956,14219900
2023-06-01,129.14842224121094,129.75858131287933,127.14895454009032,128.15338654961366,12248100
2023-06-02,131.861328125,132.80942534086813,130.80057534262278,131.00709383695565,12922500
2023-06-05,130.56588745117188,131.5233809197483,129.66472892375828,131.5233809197483,8511900
2023-06-06,130.80055236816406,131.51398497733314,129.73981409575774,130.18099699398726,9329500
2023-06-07,132.0678253173828,132.61228177610948,130.3218147165198,130.9976907119284,9281400
2023-06-08,132.10536193847656,132.25555978070037,130.93196815295553,132.04904132855629,7368100
2023-06-09,132.36822509765625,133.10981812635623,131.61726439713703,131.74868395209361,7249100
2023-06-12,132.35882568359375,132.65922138319476,131.19481383312282,132.42454261425223,7596600
2023-06-13,133.3163299560547,134.11422924141024,131.55154088595165,131.87070060009387,7701600
2023-06-14,132.8188018798828,134.8088732667247,132.07720894513335,134.23625649474494,9068700
2023-06-15,134.32073974609375,134.61173913427928,131.4482738420415,131.97395200439672,9343100
2023-06-16,134.4803466796875,135.14684083497806,133.76692821903637,134.28322449092929,13813500
2023-06-20,133.79505920410156,134.23625643758606,132.39636857841077,133.87015812933888,8428600
2023-06-21,133.5979461669922,135.19375904703173,133.00655104271297,134.14238834568462,9926500
2023-06-22,131.02587890625,133.8608030279646,130.4344837034784,133.5885675788298,10075200
2023-06-23,130.34059143066406,130.65035479474497,129.18596159719687,130.04957773104178,9919500
2023-06-26,130.65977478027344,131.429513818361,129.25170193931694,130.35937903218039,8429700
2023-06-27,130.6691436767578,131.2699207890598,130.04958825116807,130.48140351484898,8154000
2023-06-28,130.09654235839844,130.6785555503479,129.50516149417433,130.6316169233694,7558600
2023-06-29,134.63992309570312,134.7619606632815,131.279335064,131.48585356744434,15423200
2023-06-30,136.5267333984375,137.05241158946137,134.85582158111603,135.7382161119017,14212800
2023-07-03,137.62503051757812,138.44170812520798,137.05241369562958,137.23077186825142,8021600
2023-07-05,136.70823669433594,137.45490835918184,136.44359247727448,136.99178819033838,8934900
2023-07-06,135.3566131591797,135.52673534230257,133.6836729150229,135.17703012897908,9709500
2023-07-07,136.4246826171875,137.84242564834804,135.15816897063746,136.01826987082822,8981500
2023-07-10,137.1902313232422,137.9841782065254,136.57588191389272,136.57588191389272,9100100
2023-07-11,139.3357391357422,139.71381247723832,137.71952066966907,138.3149627467376,11260900
2023-07-12,140.0257568359375,141.65143677255614,138.9388262092346,139.36414626220406,11323200
2023-07-13,140.7062530517578,141.17883402061253,139.64767629657175,140.5455772529904,11234900
2023-07-14,141.55690002441406,144.50580050035256,140.27147927966698,143.23928703153547,27028400
2023-07-17,144.96893310546875,145.31863838441882,142.10509377594764,142.10509377594764,17262400
2023-07-18,145.23358154296875,145.93299212141326,144.43964900537037,144.9689373637693,13491700
2023-07-19,145.79122924804688,146.69859105615757,143.8725516635689,144.37348633801724,12510000
2023-07-20,147.58702087402344,148.0028944061575,145.94244844316228,146.0558632530077,9935900
2023-07-21,146.45285034179688,147.5775954395064,146.20711341150152,147.25624381788302,10636400
2023-07-24,149.33558654785156,150.0822581348991,146.2449029653077,146.47174702287958,14381400
2023-07-25,148.22027587890625,149.07091570415795,147.4074361788111,148.67394949090556,9944700
2023-07-26,149.10873413085938,149.57186864751083,147.7098985759883,148.1163256869326,8728600
2023-07-27,147.4641571044922,150.07279864030986,147.0199298775269,149.11819035578094,10778400
2023-07-28,148.30535888671875,148.95752291270287,147.86113163487525,148.6550641786706,9103800
2023-07-31,149.2978057861328,150.63993418467035,148.532212400758,148.5605661088798,8892700
2023-08-01,148.56053161621094,149.3355712503354,147.5870160713157,148.79682207705008,6853900
2023-08-02,146.8781280517578,147.15223303161716,145.49819999309724,147.029357390851,8299400
2023-08-03,147.77606201171875,148.31479677039448,145.88573829898567,146.50008773681375,6084000
2023-08-04,147.4641571044922,149.14654405775528,147.16169838739862,147.82330880350904,6209400
2023-08-07,148.16358947753906,149.0520440623619,148.01237451873985,148.01237451873985,7251800
2023-08-08,147.3318634033203,147.42637095409896,144.22227221553078,145.85741292851418,8623400
2023-08-09,145.3564453125,146.99158581774967,145.05400099759242,146.80255631817911,6277800
2023-08-10,145.13905334472656,146.91596226184708,144.69482611544643,145.91409299479844,5995100
2023-08-11,145.98023986816406,146.04640811797896,144.26005285929924,144.6381118175921,5180700
2023-08-14,146.28269958496094,146.42446808979585,144.53414444119738,145.18630840748784,5044300
2023-08-15,142.5587615966797,144.86495878634338,141.99165872570416,144.46799254547057,10300300
2023-08-16,141.953857421875,142.68163606845835,141.47181565893183,142.34137723309698,6978200
2023-08-17,140.47943115234375,142.96519737842092,140.26203351084033,142.60604562929265,9953900
2023-08-18,140.80075073242188,141.30168531925662,139.35465437087635,139.5531302672321,8517500
2023-08-21,141.28280639648438,141.86881662137475,139.9028780048332,141.44348219978474,8327000
2023-08-22,138.352783203125,141.4340053523436,137.85184862351022,141.07483926808246,9673300
2023-08-23,139.2884979248047,139.4964346866197,137.4832497429022,138.32444321678096,7858000
2023-08-24,139.1562042236328,141.21666498676154,138.9293745623173,139.4114020146411,6534000
2023-08-25,138.98605346679688,140.4699500776079,137.85186212679616,139.2034366549742,6695500
2023-08-28,139.4680938720703,140.46051679570425,139.06168115953045,139.47755472158863,5094100
2023-08-29,140.60227966308594,140.68735519519547,139.10892212395314,139.6098712013941,6337000
2023-08-30,140.03518676757812,140.97088779310553,139.11837859567956,140.4699531534528,6277300
2023-08-31,138.30552673339844,140.21475759112084,137.95582148545836,140.12968206911495,10933900
2023-09-01,138.76866149902344,139.95956016737478,137.71007048290892,138.07868300563845,7903500
2023-09-05,137.23751831054688,140.08246513566377,137.05793522459933,139.09004215997248,7854700
2023-09-06,137.0106964111328,137.5588777059369,136.2073029039411,136.76494504929482,8629200
2023-09-07,135.8386688232422,137.30367264619244,135.52676366697335,136.226188661821,8373700
2023-09-08,135.94265747070312,136.21674811565677,134.8273587679302,135.50787658812396,7107900
2023-09-11,136.5380859375,137.0957279625712,135.81030728154468,136.81217652578113,6854200
2023-09-12,138.3149871826172,139.24125621640766,136.15057280550866,136.57589277056198,8363200
2023-09-13,138.3811492919922,139.60040172726968,137.82350726430812,139.2601428859323,8325900
2023-09-14,141.06539916992188,141.67974857337634,139.43027328806218,139.73271756572413,10034900
2023-09-15,140.6495361328125,141.5190833260664,140.17695519591197,140.75350451581164,19863400
2023-09-18,140.94253540039062,140.96144267622086,139.64766823552236,140.03518806890037,6512400
2023-09-19,140.76292419433594,141.50961000908518,139.13725934857646,141.30167328259978,7943400
2023-09-20,140.16749572753906,142.01055832556247,140.01626638051553,141.44345548523634,7332000
2023-09-21,139.07113647460938,140.68736984461884,138.5891090452517,139.48701006324467,8052400
2023-09-22,137.73843383789062,139.4208207951516,137.22805277911417,139.212884032162,7071700
2023-09-25,138.4189453125,138.48511356230838,135.81975031392378,137.37927596628438,7044700
2023-09-26,136.9822998046875,137.84240054826023,136.3206893950259,136.67040908600976,7468400
2023-09-27,137.78570556640625,138.078703458383,136.58534587221868,137.2280634867069,6717800
2023-09-28,139.49644470214844,140.70625080937418,138.0030871337234,138.25828489100542,8868100
2023-09-29,137.0673828125,140.60227908934033,136.91615344717366,140.45106414604004,11917800
2023-10-02,135.88595581054688,137.6344969992918,134.80847161994865,136.88782530436276,9170600
2023-10-03,134.88404846191406,135.71578104903912,134.54378963290048,135.34716851944313,9431100
2023-10-04,135.4889678955078,135.6023827116083,134.14682526886182,135.33773852602286,8128700
2023-10-05,136.0602569580078,136.25069582046936,134.0893425818503,135.2414192461375,8576200
2023-10-06,138.1549530029297,138.89761799371698,135.33662377315048,136.06977263324086,10270600
2023-10-09,137.84075927734375,138.44059519327567,136.6315422570001,136.783887533103,6964900
2023-10-10,138.67860412597656,139.74500633713924,138.3263184511728,138.4596169115128,11288800
2023-10-11,139.15469360351562,140.18300239700145,138.07878962491193,139.49746320134423,8698200
2023-10-12,138.8309326171875,139.9258976142259,138.18348718181102,139.29748443628463,10484400
2023-10-13,140.9161376953125,145.78155357120053,140.76379243800466,141.39220572806693,29427000
2023-10-16,140.77333068847656,142.36339626021208,139.69741222732762,142.296739758379,12663500
2023-10-17,140.4686279296875,142.16342890788312,139.7640420343084,140.50672150697443,11482700
2023-10-18,138.9261474609375,140.42099321325125,138.41198595823676,139.57359287507586,9620300
2023-10-19,138.33584594726562,139.98305184134563,137.94548119248043,138.51675412868605,11143600
2023-10-20,136.1078643798828,138.1930449440661,135.31758960501068,137.65033487484376,13332900
2023-10-23,134.2511749267578,136.8028924127063,133.9940941408491,136.09832107654196,10133400
2023-10-24,134.41305541992188,134.94624932694597,133.64182748094458,134.43210221044254,8881400
2023-10-25,133.67990112304688,134.42256611040705,132.8325005847285,133.84177704325438,8242600
2023-10-26,134.02267456054688,134.88912191359694,132.7563317818839,133.07053844381778,9109400
2023-10-27,129.19534301757812,132.44213043662663,128.7192749923256,132.29930131198498,17434700
2023-10-30,130.842529296875,131.43284897643716,129.52857694848944,129.90944007114453,9855500
2023-10-31,132.404052734375,132.57544479880684,130.89015971937744,131.11867762913826,9672500
2023-11-01,132.28977966308594,133.80367243340865,131.84227457574136,132.58493950187864,9432000
2023-11-02,134.6510772705078,134.70820310845752,132.56589701468494,133.38473459166462,10186200
2023-11-03,136.1554412841797,136.88859003598125,135.0604907495647,135.38421348677102,9538700
2023-11-06,137.18374633789062,137.28848187117563,135.95548285405349,136.31729915602742,7625100
2023-11-07,137.11712646484375,137.3551605105612,135.9840966111226,136.64105837340884,6297900
2023-11-08,137.79312133789062,137.9073730073427,136.7457659397726,137.21231780410557,7618200
2023-11-09,137.38369750976562,138.6786030552605,136.82194075470156,138.4786626305155,7992500
2023-11-10,139.4212646484375,139.46887435315006,137.1837538113683,138.00259133572115,7983300
2023-11-13,138.80239868164062,139.2499038082915,138.21207895220493,138.72622605067411,6676300
2023-11-14,141.33509826660156,142.1063262553962,139.5069985265285,139.65932927520063,9927700
2023-11-15,142.5728759765625,142.97277142637373,141.35414283567732,141.35414283567732,8365300
2023-11-16,144.2010040283203,144.27717665687527,142.90609839977253,142.90609839977253,8126200
2023-11-17,145.5054473876953,145.54352643960186,144.28669980002454,144.91511311981318,7812400
2023-11-20,145.9529266357422,146.3909156050266,144.64850491489995,144.80085016755913,7019000
2023-11-21,145.64825439453125,146.27666768153603,145.26740578155804,145.86724162056868,7083500
2023-11-22,145.99102783203125,146.51470558509976,145.58160176019817,146.0672004623361,5174500
2023-11-24,146.19094848632812,147.04787956493385,145.94339836767762,146.23855818987985,3496900
2023-11-27,145.85772705078125,146.18144982811643,145.4007058046349,146.0862304096327,6259100
2023-11-28,146.19094848632812,146.5051550956394,145.41020455615853,145.88627253479225,6582700
2023-11-29,146.9336395263672,148.1809354045383,146.6289490222787,146.79081040440963,9126100
2023-11-30,148.6094207763672,148.65703049235645,146.99079213185115,147.4954231587571,9869800
2023-12-01,149.33302307128906,150.3042059653773,148.3618547056448,148.3618547056448,8916000
2023-12-04,150.42799377441406,150.4851196181815,148.41898594074,148.5522844190122,9607500
2023-12-05,150.408935546875,150.91356649970896,149.4567994806308,149.73291254732652,9135600
2023-12-06,148.82839965820312,151.59911934853451,148.53323977550806,151.2373029615175,9366000
2023-12-07,149.28541564941406,149.78053049907243,148.67604911462075,149.19021075461634,8130900
2023-12-08,150.9326171875,151.18016734087794,149.46631947168197,149.73291641484093,7369400
2023-12-11,151.48483276367188,151.67525704459868,150.58029200449715,150.9325921790752,8093900
2023-12-12,152.83688354492188,152.96065135267247,151.27538099659157,151.60861989861942,10223000
2023-12-13,153.35104370117188,154.27461691513594,152.12279447855528,152.8368965803763,12379100
2023-12-14,156.1407928466797,156.95009975540808,153.96992385976625,154.08417553430607,13643000
2023-12-15,157.32142639160156,157.36903609704177,154.6173636525295,155.27433981365414,20309300
2023-12-18,158.27357482910156,159.1305060090646,157.70230190423635,157.978414971988,8469600
2023-12-19,160.3873291015625,160.40637589223485,157.62614012029542,158.05459847553416,10345700
2023-12-20,158.57826232910156,161.3013720183207,158.4830429125466,159.94934056821094,10734700
2023-12-21,159.48275756835938,160.04451424252073,157.74986331844283,158.85434440992105,7601700
2023-12-22,159.38758850097656,160.17786326278454,159.22572709604407,159.48280792902858,6576300
2023-12-26,160.33018493652344,160.69200127572972,159.1780939518335,159.44470540544634,4683600
2023-12-27,161.2918701171875,161.35852662634915,159.55898974877982,159.80653993613927,6428600
2023-12-28,162.14877319335938,162.49154275455325,160.91099341524577,161.24424684612208,6320100
2023-12-29,161.95834350585938,162.52010027323502,161.51083841227057,161.86312409207517,6435100
2024-01-02,163.8435821533203,163.92927091566213,160.82531245380352,160.99668997848715,9977400
2024-01-03,163.12948608398438,163.80549460527723,162.215429000014,163.6341170742828,9852300
2024-01-04,164.21202087402344,166.0705572172805,163.3785446534517,163.47435122253862,11972500
2024-01-05,165.03591918945312,166.09930786122962,164.26951043733862,164.26951043733862,10066000
2024-01-08,164.7964324951172,165.1221514938043,162.37267500941948,164.7964324951172,11229900
2024-01-09,163.49351501464844,164.57605322862534,162.95703331249527,164.41319375604527,9923600
2024-01-10,163.83840942382812,163.89588752185023,161.8553273338794,162.8612379033593,9670200
2024-01-11,163.1486358642578,163.2061139597619,161.55834033783609,163.17737491200987,11919500
2024-01-12,161.95114135742188,168.90626928055306,161.80743148772635,166.5016761551777,19436500
2024-01-16,160.93563842773438,161.03143037908146,157.40058944095534,157.94664595592107,17206400
2024-01-17,160.07342529296875,161.97029014212657,159.49862972312755,160.31292710157683,11107500
2024-01-18,160.38955688476562,160.4949382570288,158.301108293769,160.10215181331796,9382300
2024-01-19,163.158203125,163.4072943513664,160.06384397661594,160.51410852793856,13115700
2024-01-22,162.96661376953125,164.75808264802268,162.58341671700845,163.3019221540116,12837500
2024-01-23,161.89366149902344,162.62174179626794,161.36675455192406,162.5450994568688,8360800
2024-01-24,163.34024047851562,163.82881892654672,161.7691091313614,162.2481127691283,9967100
2024-01-25,165.67779541015625,165.72569870183003,163.73304163606534,165.0742460947376,8873500
2024-01-26,165.04547119140625,165.79271560149414,164.56646761478433,165.3616153061402,7443000
2024-01-29,165.47662353515625,165.5820049398805,164.10667989177458,165.00720923795757,6971200
2024-01-30,168.86793518066406,169.3373493585278,165.5723880358486,165.5723880358486,10822100
2024-01-31,167.0381622314453,170.8127135316065,167.01899799138477,168.80089224818053,11521800
2024-02-01,166.4346160888672,167.49800485295836,164.23119621701684,166.3483989340028,9354800
2024-02-02,167.39260864257812,168.43684769185612,165.98433676563624,166.02266524309417,8607600
2024-02-05,167.17227172851562,167.73749252001522,165.65861845956076,166.5591476490177,7820200
2024-02-06,167.7470703125,168.4847253479882,166.46332952613528,167.27764151152834,6764800
2024-02-07,168.06321716308594,168.48474272285162,166.6549598510057,168.3123084218738,7225500
2024-02-08,167.4596405029297,167.948218851226,166.2812958876104,167.65123899531875,6060300
2024-02-09,167.6608428955078,167.74707465736927,166.37711669392303,167.65126808553677,6296700
2024-02-12,168.40809631347656,169.38526784949886,166.40586457100534,167.4405142059646,8539300
2024-02-13,166.94232177734375,168.82959704450485,165.37119062589295,167.95782164206278,8397600
2024-02-14,168.63800048828125,168.70506800664546,167.09560836422625,167.7183217937811,7056700
2024-02-15,172.31675720214844,172.64249077273533,168.7529691077419,168.7529691077419,8723400
2024-02-16,171.51205444335938,172.4221585008855,170.67859272788192,172.06770045968835,8152600
2024-02-20,172.1826171875,172.88197291659128,170.91805537870232,171.66529976981656,9668000
2024-02-21,173.30349731445312,173.38972907249493,171.0234501097451,172.39339339447932,7024000
2024-02-22,175.3823699951172,175.7176637153825,173.6292152161513,174.18486109839418,9296500
2024-02-23,176.26373291015625,177.4229133237325,175.49732430081693,176.09128402949142,7105800
2024-02-26,175.6602020263672,176.71401580107593,174.8171510066002,176.03382425230393,7145400
2024-02-27,175.7464141845703,175.83263132241242,174.5872336832812,175.61229376413942,5717100
2024-02-28,176.63739013671875,177.4229485190519,175.27702152884916,175.72727150994749,6131600
2024-02-29,178.246826171875,178.60128417576158,176.12963834051115,177.86362911999925,9643000
2024-03-01,177.50918579101562,178.61090307851944,177.32717666305896,177.90197233572655,6311800
2024-03-04,178.8407745361328,179.71256458406262,176.53198832666763,176.95351382755808,7063600
2024-03-05,180.6322784423828,181.35078391381788,178.5342401269074,178.5342401269074,6617800
2024-03-06,181.57110595703125,182.08843803828077,179.75089809907624,181.30286510676484,7572900
2024-03-07,179.98080444335938,182.50036800753202,178.79288489428228,181.93514727898537,7618300
2024-03-08,180.31614685058594,182.46208860402305,180.02874171837072,180.52690963967495,6172200
2024-03-11,180.38319396972656,180.52690384023362,178.40012639540902,179.4156118276523,5762600
2024-03-12,181.8680877685547,182.17465709667462,180.0191408441831,181.0154619245126,5708400
2024-03-13,183.34341430664062,183.67870804063088,181.86807509939027,182.36624291386704,7795500
2024-03-14,180.07666015625,183.58297090451907,179.24319835895275,183.00816059174156,10310900
2024-03-15,182.3087921142578,182.92191620153875,178.6491972115897,178.6491972115897,17214200
2024-03-18,184.56967163085938,184.60798548712773,181.91598757985702,182.62491817407556,9013800
2024-03-19,185.6522216796875,185.78634211223047,184.3014425440873,184.617586696088,8478700
2024-03-20,188.0855712890625,188.3059088707096,185.47979031452184,186.0354362918315,9367000
2024-03-21,190.700927734375,191.05538575190852,188.08557194045494,188.26759566341468,11203800
2024-03-22,188.36338806152344,192.06129677346303,188.28674572441219,190.65302489235967,8108800
2024-03-25,186.63897705078125,188.6699477167768,186.19828728954033,188.34422876431154,8620000
2024-03-26,187.51072692871094,188.40168113944674,185.91085681445185,186.4185994116347,5961500
2024-03-27,191.14161682128906,191.21825915794204,188.13347454330642,188.24843073927042,8725800
2024-03-28,191.88885498046875,192.29121627105735,190.20275286596726,191.11287144733137,8628300
2024-04-01,190.58596801757812,192.5019825513943,190.231510006592,191.59187857143777,7309000
2024-04-02,190.5093231201172,191.39068803965642,189.7620786314202,190.059058541283,7014700
2024-04-03,189.97283935546875,191.1799232200789,189.39802916201796,190.68175536029023,9353400
2024-04-04,188.52743530273438,192.4107236126536,188.43108458411373,191.90001922373713,9243800
2024-04-05,190.26190185546875,190.90750898554447,188.00709223043438,189.0188703042211,6532300
2024-04-08,191.25442504882812,191.73622278453385,190.42573235528224,190.42573235528224,8001000
2024-04-09,189.97283935546875,191.63987009025777,187.81439493179724,190.8593601189623,7351500
2024-04-10,188.35401916503906,189.89577789222855,187.11097269920856,188.43110857172863,7681400
2024-04-11,188.31544494628906,189.4139578348504,186.20518333764534,188.86470139056973,10137700
2024-04-12,176.13560485839844,182.05208030042675,175.89470599723555,181.46430119435698,31532300
2024-04-15,176.23196411132812,180.63560219672368,175.5670809252794,177.78335331100874,14766600
2024-04-16,174.21804809570312,176.49213378652257,173.10990458385498,176.2415895769628,16451800
2024-04-17,173.52426147460938,175.77907118283395,172.67629281717151,174.76729307171811,9017100
2024-04-18,174.6516876220703,176.6848747530027,173.41828653540333,174.50715417570336,9557700
2024-04-19,179.03602600097656,179.11311539639945,174.8058428364993,175.7597928603478,13402300
2024-04-22,182.51461791992188,183.2084078209713,179.2094778769642,179.2191232415869,11529700
2024-04-23,185.14520263671875,185.2319226859966,183.58418293652645,184.17197666490588,9144400
2024-04-24,186.05101013183594,186.1955435671471,183.24694386040238,183.5938388084488,6964900
2024-04-25,186.33045959472656,186.87971609457637,184.2201830692837,185.25123732550676,9802300
2024-04-26,186.4460906982422,187.775842433726,186.0317370050604,186.52318009937602,6413700
2024-04-29,186.24371337890625,187.18803273189192,185.42465142674712,186.43642951373823,5387800
2024-04-30,184.75979614257812,187.89148134264343,184.66343071664087,185.79083562426842,8153700
2024-05-01,184.87539672851562,187.38075041534387,183.84434268943477,185.27047433432963,7445300
2024-05-02,184.6826934814453,186.45570544630326,182.6205999628326,186.04136649178366,6501700
2024-05-03,183.57455444335938,185.52102126915833,181.59919563511028,185.01031688319262,8922800
2024-05-06,185.0102996826172,185.20301580412706,182.90966896255364,184.75012483176516,7911100
2024-05-07,184.7694549560547,185.90649069819935,184.6730895154348,184.72127223574475,7688800
2024-05-08,188.52743530273438,189.49103070873517,184.04672254615033,184.04672254615033,9227600
2024-05-09,190.3101043701172,190.39682443319006,187.9974811350408,188.0649251718864,7977300
2024-05-10,191.5338592529297,192.08310097798218,191.05206155927368,191.31222172747283,7529800
2024-05-13,191.4953155517578,192.57455243083936,190.8304323529994,191.5627742893939,7049200
2024-05-14,194.17410278320312,194.24156151844699,190.9460670314347,191.75548363456778,8596200
2024-05-15,194.7522735595703,195.31116067512863,192.49746377505176,194.65590813494666,8370000
2024-05-16,195.09915161132812,197.03597297085219,194.63662996043993,194.8582527739262,8497900
2024-05-17,197.334716796875,197.5852610380301,195.4268018158582,196.39039731986878,9260500
2024-05-20,188.45997619628906,198.3850110249152,188.286521391367,196.9492486916241,17373300
2024-05-21,192.25657653808594,192.62273282652995,189.44287946793008,189.82831178312392,14420800
2024-05-22,191.09060668945312,193.62486736637322,190.493182230039,191.75548988631044,9425300
2024-05-23,189.75120544433594,191.08097180868498,188.93215817182306,190.60880476690767,8069400
2024-05-24,193.4032440185547,193.45141202711477,190.3679096110055,190.55099509409158,7356200
2024-05-28,192.2373046875,193.11418013241058,191.427887986029,192.58419966003052,6910200
2024-05-29,190.89788818359375,191.7458568535377,189.72230060146205,190.79189209985074,6120000
2024-05-30,192.07347106933594,192.57454478962373,191.17731970991167,191.33149850127694,6829100
2024-05-31,195.25332641601562,195.89893352269695,191.12913958002605,192.04455220283393,14417900
2024-06-03,194.47283935546875,195.05098779926408,191.938578635432,194.94499171240668,6444300
2024-06-04,191.90966796875,194.62699941582753,191.0616992914751,192.8732633917263,6848300
2024-06-05,190.0788116455078,192.54562806888822,189.7511927584058,192.48779999766606,8351600
2024-06-06,189.7415771484375,190.8111686497674,188.2190946247148,190.0788267225114,7640300
2024-06-07,192.67088317871094,193.6055718245211,189.83791055766142,190.24261883162592,6964500
2024-06-10,192.34329223632812,193.5285105467739,191.2158873015187,191.98676661770378,6070800
2024-06-11,187.28440856933594,190.7340819769337,186.55208133491664,190.70517529026583,9235300
2024-06-12,184.5574188232422,189.55848111310317,184.34542666697575,188.86469127501272,12751300
2024-06-13,186.60989379882812,187.4963998266889,183.93109968979465,185.31867945628954,8587800
2024-06-14,186.7255401611328,187.76622509533172,184.4514541278761,184.4803608174399,6874000
2024-06-17,187.8818359375,188.45999908639936,185.6270261227318,186.43644276855122,8725400
2024-06-18,189.82830810546875,190.7533662286327,187.06279380411513,187.51568485250894,9023000
2024-06-20,191.43751525878906,192.18911856874885,188.97071314371078,189.2405187060912,8731100
2024-06-21,189.15377807617188,189.99210136076422,187.1494978997441,189.54885571502757,20972100
2024-06-24,191.63986206054688,191.97711163596483,189.92466338718907,190.6088079023479,9785900
2024-06-25,190.85934448242188,192.7865352475538,190.54135624177928,190.87860580369815,6862500
2024-06-26,190.2426300048828,190.7340730618656,189.13450119227616,190.2619060295269,7758600
2024-06-27,191.91929626464844,192.5841794508362,189.73193056452473,190.25228032036694,7913500
2024-06-28,194.8968048095703,195.2244384276402,192.04457059358026,192.72871510952479,15307600
2024-07-01,197.97068786621094,199.55098386081568,195.28226295405594,195.455703082382,10205800
2024-07-02,201.22764587402344,201.25655256216248,197.31545057733877,197.81650964061552,7802900
2024-07-03,201.0927276611328,202.72120625004737,200.09058020489354,201.92142029855032,5560900
2024-07-05,198.42816162109375,200.92801531072178,198.166559856373,200.55983012100543,8093100
2024-07-08,198.7963409423828,200.4725939206449,197.6336221989916,198.67037469371868,8707000
2024-07-09,201.17994689941406,203.243768068706,199.06766124607273,199.2420772065153,9058900
2024-07-10,201.3446807861328,201.50939794954883,199.19364406542613,199.7362452589785,8328500
2024-07-11,201.00550842285156,201.6353248733567,198.9998212034549,199.8040388100942,10658100
2024-07-12,198.57351684570312,201.00553807410293,195.82174533245208,197.66271569214624,15443400
2024-07-15,203.52474975585938,205.03628561931905,200.29819522357994,200.75359574459293,10719700
2024-07-16,206.98385620117188,207.10013843584824,201.61596368219992,203.47631680452577,11557000
2024-07-17,210.1328887939453,210.8014561824825,206.64473232755455,207.15826659720184,11572500
2024-07-18,203.45692443847656,209.91003373180175,202.73992215128823,208.93141490981057,12415100
2024-07-19,203.26312255859375,205.75329186338408,202.429838115465,204.6390080745002,8095900
2024-07-22,203.74761962890625,205.5789059089919,203.1953344509871,203.92203559046192,7663200
2024-07-23,203.7960662841797,204.91033543415375,202.84651428252,204.46463368807304,5557300
2024-07-24,202.110107421875,205.4432455165605,201.6062719683225,203.04029133995283,7119000
2024-07-25,202.18765258789062,203.66043783957602,201.58691765493393,202.16826974931251,6403800
2024-07-26,205.646728515625,206.53814676283224,202.13917446481165,202.739924098082,8027800
2024-07-29,204.2999267578125,206.9741817223664,204.00924333487177,206.0439977259107,6533600
2024-07-30,208.5050811767578,209.086433183662,206.3443607207926,206.60596247075222,8850700
2024-07-31,206.1893310546875,209.667803483179,206.06336479793686,208.10781784368027,9071600
2024-08-01,201.49969482421875,207.18733757545388,199.96877601050053,206.57690389817884,10918600
2024-08-02,192.9536590576172,198.31186686277877,190.77355594317373,197.54641494122876,18041700
2024-08-05,188.84539794921875,190.07594935886874,184.96965851641983,188.02181219061254,13927000
2024-08-06,194.1164093017578,196.306211581429,187.9733657428374,189.32986865387653,10605800
2024-08-07,194.17454528808594,199.3583528433658,193.98076126779304,197.1879333756755,9204400
2024-08-08,197.7208251953125,198.54442565703408,195.52133914553448,196.180222471866,7761200
2024-08-09,199.40679931640625,200.05598390550287,196.59687932094388,197.14917929384904,5540200
2024-08-12,199.78466796875,200.70515306806914,197.33326411745605,199.99783480666875,6936000
2024-08-13,201.48033142089844,201.6256657462806,199.01922842275368,201.27684858058973,6387800
2024-08-14,203.7088623046875,204.2126977671037,200.6857756063299,201.28652524962934,6999800
2024-08-15,204.97816467285156,207.2454686093335,204.54214695964689,206.38311720863197,7001000
2024-08-16,207.32296752929688,207.4392349669863,205.0168981166508,205.11379750457255,7931200
2024-08-19,208.75701904296875,208.83453560832274,207.1776652262971,207.35206640976375,6090800
2024-08-20,207.85589599609375,209.28991535042542,207.04197953330453,208.3209805571364,5640000
2024-08-21,207.93341064453125,208.32097864437964,206.22807596174675,207.7686787205856,5202300
2024-08-22,209.90032958984375,210.06504671529734,207.68146083893973,207.9140104903408,5247100
2024-08-23,211.5281524658203,212.38081981547876,209.77438285463143,210.8402170417045,7214000
2024-08-26,212.3614501953125,212.85560164837696,211.27624788986617,212.2064170703137,5105200
2024-08-27,213.34005737304688,213.57260704778895,212.38082138237573,212.69087283059343,5185200
2024-08-28,214.4155731201172,215.307006137293,212.38081893248957,212.43895265431158,6506400
2024-08-29,215.3070068359375,216.05307598143608,212.13858592341361,215.24885832915527,6416100
2024-08-30,217.81654357910156,218.47541213909741,215.0356906803254,215.58799060688506,8574100
2024-09-03,213.4563446044922,217.13829989127248,212.42927605699902,215.39421425176897,8956100
2024-09-04,212.51646423339844,215.1713508176599,210.46232725835844,214.1733344055988,7389500
2024-09-05,210.86929321289062,213.9408148706308,209.31899156047683,213.3109983559998,8067900
2024-09-06,205.85989379882812,211.94480315075108,204.53244307121116,210.84021807182933,7777000
2024-09-09,210.0747528076172,211.373121898597,207.52644953811344,208.5050831538885,8935100
2024-09-10,199.17422485351562,211.84789315826586,194.37800079775118,211.8091422735633,28406900
2024-09-11,200.79234313964844,201.24774365274575,195.56010142865367,198.87385648358648,13658700
2024-09-12,200.1819305419922,202.29420125599518,198.52504557050682,201.19930022849982,9054400
2024-09-13,197.97274780273438,201.39308615936318,196.7131297179521,200.43383547026897,10226700
2024-09-16,201.40280151367188,201.74193463013458,199.20331523165908,199.4358649216426,8634900
2024-09-17,202.74961853027344,203.40848713537753,201.20901565824545,201.27683341005437,7573300
2024-09-18,201.08303833007812,204.77467756112236,200.27882067003034,202.51705769768571,8259900
2024-09-19,203.94139099121094,205.32697543260485,200.89893633406905,203.2631395933968,11635200
2024-09-20,204.5324249267578,204.85217515607633,202.99182228212618,203.40845711183886,20885000
2024-09-23,204.87156677246094,205.22038387532777,203.4666143359702,204.4452331150936,7223500
2024-09-24,205.0169219970703,206.33467398853574,203.83482029363344,204.59058829618849,7323200
2024-09-25,203.66041564941406,205.6467350211927,202.12949683357203,205.1041190935442,8976500
2024-09-26,203.26312255859375,205.1234754301618,202.5170386911392,204.57119033278818,7807500
2024-09-27,203.96078491210938,205.840520877338,202.82713291741192,204.10611922497864,7032500
2024-09-30,204.30960083007812,204.40650022792838,198.88355981545473,199.90094435379316,8663800
2024-10-01,200.60824584960938,202.5945650610437,199.7846601759315,202.41046509140656,8540100
2024-10-02,200.85049438476562,202.4589297507457,199.30020752778822,200.64702634995896,5810900
2024-10-03,198.85450744628906,200.07537489518532,197.99215596775082,199.76530862728362,7251300
2024-10-04,205.91258239746094,206.35127207243497,201.7108840626074,204.04082887563027,10211700
2024-10-07,205.62985229492188,207.9695552543958,204.4210198974657,205.72734549649854,6718900
2024-10-08,205.45436096191406,206.01978874628455,203.14391810409856,205.28863443681155,6021800
2024-10-09,208.05726623535156,208.8566687451148,204.1187882767088,204.43073971013354,7024000
2024-10-10,207.49185180664062,209.41235175203676,206.15628129018555,209.41235175203676,7927100
2024-10-11,216.7043914794922,218.98560432950427,209.75356099050913,210.250740587431,18320700
2024-10-14,215.9147491455078,218.07896720545622,213.38008966452088,217.59153097349258,9048900
2024-10-15,216.8018798828125,219.78498714914952,216.24621033093248,218.03997203841485,9235800
2024-10-16,218.02047729492188,218.05946564832493,215.48580293789615,216.74339674690157,6382500
2024-10-17,218.78089904785156,220.174974549694,217.69878990669756,218.63467411338812,6470200
2024-10-18,219.70700073242188,220.24318355850107,217.4940509667263,219.34630268368366,7000500
2024-10-21,217.3965606689453,220.0287133611628,217.29906747185922,219.56077874097096,5870000
2024-10-22,218.48841857910156,219.61927424214815,215.54431435770707,217.41606776100463,9586800
2024-10-23,217.79623413085938,219.15130609517252,216.93834170728104,218.03995221706944,6180500
2024-10-24,219.32679748535156,219.4047890656316,216.09022871828077,216.25595524811104,6002200
2024-10-25,216.723876953125,219.9507021588369,215.32981658645974,219.3462860418628,6369700
2024-10-28,219.83375549316406,219.97023705233553,217.34782756683612,217.73778550402196,6843000
2024-10-29,217.299072265625,221.05233730563867,217.21133731153603,219.55104021485744,6580000
2024-10-30,218.77114868164062,220.6234005440302,216.01225762844507,216.94812692983425,7110900
2024-10-31,216.34368896484375,220.01896220946816,216.24621064657887,219.05383314379685,7829900
2024-11-01,217.33807373046875,220.46740607055116,217.1040989794246,217.94248990978247,6923500
2024-11-04,214.25746154785156,218.13744965545976,213.66278877033548,217.05534066277878,8229600
2024-11-05,215.92449951171875,216.38269074307593,214.47193423833403,214.5011792211549,5600700
2024-11-06,240.85198974609375,241.76837224676623,228.87081365048078,229.09503015318575,23987800
2024-11-07,230.4403533935547,238.4245611010864,229.30949778685132,238.35631288973238,16451100
2024-11-08,231.0252685546875,233.32596812691025,229.85542459219883,233.32596812691025,9502100
2024-11-11,233.2772216796875,236.01662575555932,232.99451521475842,233.96938766335575,9017100
2024-11-12,233.54046630859375,235.39273308366177,232.76056529147957,234.5055954907522,6861000
2024-11-13,235.10025024414062,237.95661946303818,234.2716026881157,234.53482242214545,11472600
2024-11-14,235.7924041748047,238.1515938133449,234.99301646894952,236.32858701887602,10172200
2024-11-15,239.14596557617188,240.22807462347745,235.3927154551627,235.3927154551627,11518800
2024-11-18,238.8730010986328,241.7001253228993,236.58204483473264,241.53439878737493,9051400
2024-11-19,236.98171997070312,238.98995466536508,235.4804230716575,236.16283075304187,6792700
2024-11-20,234.7297821044922,238.4635452900603,232.64355570287003,238.25881553494594,9015300
2024-11-21,238.60977172851562,239.3214393160151,236.02636572707272,237.118218093664,8783500
2024-11-22,242.30455017089844,242.88946471506705,236.9232500873834,237.48867789284088,7997300
2024-11-25,244.00082397460938,247.91981546916972,242.80173500159685,243.31841622067435,10295400
2024-11-26,243.68885803222656,244.69297542661675,242.09981124045245,244.19579585160113,6212100
2024-11-27,243.5133819580078,244.8782123088469,242.51902277247098,243.08445057669923,5472300
2024-11-29,243.4451446533203,245.4436361118954,243.18192493185245,243.58162619864203,5494800
2024-12-02,240.06234741210938,243.96183731931117,238.87300180038295,243.27942956062554,8899700
2024-12-03,238.6682891845703,242.78223739052356,238.48306103215356,241.99259305685098,6657700
2024-12-04,237.28396606445312,239.18497938393276,236.1433669979899,238.55130331898147,7346300
2024-12-05,239.3116912841797,240.96897151858755,238.47330035966178,239.22395633141434,6572500
2024-12-06,241.1444549560547,241.5149112550535,238.6877721646976,239.52616308454475,5519700
2024-12-09,237.68365478515625,241.64163463753476,237.63490818652937,240.92023852920124,7076500
2024-12-10,236.7575225830078,241.72937800255815,236.13360481323514,237.761640011308,9108300
2024-12-11,237.41070556640625,238.13211659229927,236.09462170338674,237.8688968446205,7884400
2024-12-12,235.46095275878906,237.96638221358143,234.9832598806349,236.89401651787773,6113800
2024-12-13,233.91091918945312,236.621063655546,233.1310181838393,235.9874024558829,10392700
2024-12-16,233.55995178222656,234.6225592209729,231.55171684283482,234.56406925192243,9032000
2024-12-17,232.37060546875,233.01402487713747,230.68408023952856,232.65331194344375,8083600
2024-12-18,224.5813751220703,233.06277785005994,223.7624857846589,232.99452963425534,11322400
2024-12-19,227.10629272460938,230.42085310777966,226.433628353376,226.433628353376,11790800
2024-12-20,231.6297149658203,233.19926030626974,225.77072164430072,226.09243135853401,32348400
2024-12-23,232.3998565673828,232.62407307909908,228.97805941972783,230.1381600842092,8611500
2024-12-24,236.22132873535156,236.39681350244965,233.06275168130924,233.41369146476077,3729100
2024-12-26,237.03050231933594,237.14748226082733,234.73954596263567,235.36346377621322,4451800
2024-12-27,235.11000061035156,237.27421876483717,234.0083899178738,236.62105597051928,5730200
2024-12-30,233.3064727783203,234.78826813428134,231.1519982026521,232.7702899766497,5723800
2024-12-31,233.6866912841797,235.37321652793784,233.02377025532832,234.01814436091854,4871000
2025-01-02,233.96939086914062,237.16697135432236,233.43320803999086,234.8662717490942,9220900
2025-01-03,237.16697692871094,238.72677885464952,234.2228578593043,237.7616497394955,9491100
2025-01-06,236.01068115234375,240.7534289353331,235.7461019925236,238.80340800929375,9917800
2025-01-07,238.2840576171875,240.33206029657904,236.0596638477121,237.2747542889821,8753400
2025-01-08,238.244873046875,239.3423644677141,235.66771199379835,237.8725034781478,8675300
2025-01-10,235.0503692626953,238.9112065812437,233.94308413409902,238.2056720990623,10256800
2025-01-13,239.3031768798828,239.6265331425252,234.19785308512638,234.85438920536888,10005300
2025-01-14,242.49766540527344,242.74264223499935,237.32375595763784,237.7843135936985,12407400
2025-01-15,247.2796173095703,248.57308719225867,238.78380771723948,245.36878608055946,18448500
2025-01-16,249.16104125976562,251.87538875346692,247.26001864512284,248.89646209375883,15292300
2025-01-17,253.95278930664062,255.3834456469004,247.07383560720973,249.03365028322543,17678100
2025-01-21,257.7450256347656,258.940513781988,254.28595393160222,254.84450829070423,13712100
2025-01-22,257.558837890625,258.08799621971843,255.020881505667,257.6176299378133,9021900
2025-01-23,260.60638427734375,261.49807369302675,258.50936809298014,259.3716913873203,10749700
2025-01-24,259.5186462402344,261.7332463118807,257.7254290357368,258.3917588239568,7666300
2025-01-27,260.5083923339844,260.6259764391142,256.99052830164493,258.86215505336446,7522300
2025-01-28,261.7724304199219,261.9585852806135,259.5088172183071,260.5083417265411,7375400
2025-01-29,261.2236633300781,265.2412890633801,260.27315209491445,261.8410096864953,7684900
2025-01-30,262.8405456542969,264.28101058042995,261.2628793521523,263.2325025931336,8753500
2025-01-31,261.9292297363281,265.3785228398926,261.59606481689747,263.8204737000256,7193800
2025-02-03,261.4490966796875,262.7817863229186,256.44178411105315,256.5691469561226,8381400
2025-02-04,262.5563659667969,264.4181838673514,261.4686533068301,264.4181838673514,5626000
2025-02-05,264.996337890625,265.2021399656086,262.93852647158326,263.50688948192004,5704400
2025-02-06,271.3363342285156,271.41474356153265,265.7410717364686,266.97576454409875,7264400
2025-02-07,270.2584533691406,272.9531987631217,269.19035787423627,271.69891846682657,6857900
2025-02-10,265.59405517578125,270.6307626204973,264.17317777769046,270.6013666007489,8627400
2025-02-11,269.4646911621094,270.6699878722711,264.2417985602018,264.8297489042904,7196400
2025-02-12,269.9154968261719,270.8954041954382,267.75968865202606,268.57299861058124,6683900
2025-02-13,270.7679748535156,271.4049085765656,268.3083981197057,269.96444374227315,8398700
2025-02-14,271.0325622558594,273.6195319367328,270.8953907812424,271.79688876986324,5688600
2025-02-18,274.3250732421875,274.34466062350725,270.47401464832495,271.19916641874227,7919800
2025-02-19,273.6391296386719,274.61903699637526,271.64991889871,272.7866150221738,7007200
2025-02-20,261.43927001953125,273.1393662156936,260.40057061690504,273.0805741668203,13846700
2025-02-21,258.93072509765625,263.79108739460094,257.5588607010997,262.92876408693655,12835600
2025-02-24,256.0889892578125,261.63526857722854,253.41383136407939,260.1555988746685,10372800
2025-02-25,252.22813415527344,257.715621040436,248.25952153447065,256.9611031816803,9608400
2025-02-26,253.59024047851562,255.66763934952937,251.76759719255062,251.99298665663235,5943600
2025-02-27,253.84500122070312,258.342802524059,252.67890901678138,254.95230137269613,8204400
2025-02-28,259.3324890136719,259.48927778715796,252.70833528418996,255.49126872866591,10467100
2025-03-03,255.38345336914062,260.9689373264377,252.63972470151376,258.69554505646136,9058300
2025-03-04,245.2218017578125,252.06156547552163,241.0081973785272,250.15073427928613,13465600
2025-03-05,246.47608947753906,247.96555280550595,242.85043534758472,246.20171662136084,7861400
2025-03-06,241.58633422851562,244.3496799351284,238.95039620520294,243.12479583514724,9983200
2025-03-07,237.41192626953125,241.7627168323788,234.6093909490068,240.30264965363284,20498700
2025-03-10,227.55409240722656,232.73779585541584,224.1048142516893,231.46392822638103,18887200
2025-03-11,224.5359649658203,228.63198537977485,222.13519499810542,227.09352369484046,18143000
2025-03-12,223.3208770751953,229.6118953635389,222.69373697492486,229.29831783730396,16054000
2025-03-13,220.66534423828125,224.88874263351286,219.72462657901622,224.69276414889097,16467900
2025-03-14,227.7696533203125,228.45558543419895,223.00730328361723,223.53644664227286,11962100
2025-03-17,229.22970581054688,230.9347498826832,225.82944126080733,226.53496075554793,9586000
2025-03-18,230.2488250732422,231.42471087138168,228.82796244414868,229.6118912936414,10344900
2025-03-19,234.30563354492188,237.46093622614148,230.1704235702104,231.00335075055796,10120600
2025-03-20,234.2076416015625,236.90238671351167,231.45410444315897,231.80687167408394,8328500
2025-03-21,236.77499389648438,237.4315299605366,231.74806491303318,233.03174101977692,19326900
2025-03-24,243.07582092285156,243.69316735348227,239.49916498685462,240.54765810241156,9422700
2025-03-25,246.08413696289062,246.76027542501896,242.64465260375079,244.30069841338116,9287700
2025-03-26,245.9861297607422,249.55299175550442,244.7612456285821,247.52459140779072,12779300
2025-03-27,243.13458251953125,245.60395298055695,242.21346731053447,244.51625533302644,8022500
2025-03-28,237.9705047607422,244.49667631604888,236.2654605973164,241.97832221404934,11978400
2025-03-31,240.37127685546875,240.92002258119433,232.5908100746605,234.59962314020567,13603000
2025-04-01,238.76422119140625,240.7534318549276,236.04008003784892,237.74510920532492,8054700
2025-04-02,240.88082885742188,242.28208917285224,236.6084322682575,236.74561869740594,7758800
2025-04-03,224.0950164794922,230.41541595904243,222.73294584761328,229.56290134081743,17188500
2025-04-04,207.32411193847656,214.63980786720018,205.9930827481223,212.2834044818624,27170700
2025-04-07,211.42564392089844,218.92867162545016,199.318263676067,202.87751892186455,22914400
2025-04-08,213.82147216796875,224.63726902095286,210.25236301213724,220.3780027140348,19485700
2025-04-09,231.0458984375,234.14175911605213,208.03399049311142,209.51290511747,24022400
2025-04-10,223.91754150390625,227.11200261323083,217.00608568202182,226.76691650517765,18896400
2025-04-11,232.87974548339844,235.22629475740231,221.83718632835738,223.12876931722607,20284500
2025-04-14,231.42056274414062,236.4094323607213,230.34588838919925,233.76711210699779,13017800
2025-04-15,229.85292053222656,235.29531563163073,229.54728057723042,232.7811727531539,10912900
2025-04-16,226.3824005126953,230.29659590484752,224.72600824712578,228.73880396905287,9322300
2025-04-17,228.69937133789062,231.04590571903626,227.30918793654973,227.5556737150443,9557900
2025-04-21,225.7711181640625,228.55146991109476,223.15835989610855,227.38806426261334,8716200
2025-04-22,232.2783203125,232.67270656039176,228.11763942409857,228.71906528837357,10701400
2025-04-23,237.4939727783203,243.32088491933087,236.6263380579327,236.84324673802962,14126800
2025-04-24,241.20111083984375,242.01944538917732,234.2403552074537,236.36999583866177,9055200
2025-04-25,240.12643432617188,242.1673286292997,238.35173381630173,241.21096266132238,8588600
2025-04-28,239.80108642578125,243.3701956996928,237.45453699015647,241.12224659361283,7394300
2025-04-29,241.181396484375,241.80254545200498,238.29259042052325,238.78556197088412,7216800
2025-04-30,241.181396484375,241.77296836252717,235.07840628381982,237.8193419445802,12991700
2025-05-01,243.41949462890625,244.957563478491,238.76584193081504,239.42642201137784,8689600
2025-05-02,248.96047973632812,250.0548771482027,245.9533654016641,247.72805089612243,7165000
2025-05-05,249.009765625,251.5732234834037,247.06745668062948,247.64915944923072,5450700
2025-05-06,245.74630737304688,249.09850775479987,245.49982160837982,246.48576466704802,6369900
2025-05-07,245.88433837890625,248.90132172618286,245.33221267408402,246.33787880460858,8724100
2025-05-08,249.90699768066406,252.283124152028,248.01398874215974,248.03371181647788,8320100
2025-05-09,249.52247619628906,251.91831065658968,248.7928729020058,250.92251356291578,5087600
2025-05-12,256.39447021484375,259.8945859876247,255.0634712092411,259.20441383845855,9603900
2025-05-13,259.31292724609375,259.96365336015776,256.72976091028096,257.3607489039017,8589000
2025-05-14,261.90594482421875,262.8918879441619,258.60302935469,259.30304054504273,8643100
2025-05-15,263.7298889160156,265.7313520440172,261.03828372684393,263.217209377267,9214600
2025-05-16,263.7989501953125,264.6862930239907,260.9890061640004,263.73979601264045,8932900
2025-05-19,261.1566162109375,264.5482629218792,258.2480719963219,261.817181246086,12145000
2025-05-20,261.9453430175781,262.9115780411088,258.6128506853088,258.8297593604445,8436300
2025-05-21,257.3705749511719,261.91575784118834,257.06493502136397,260.6340439477094,7464000
2025-05-22,257.00579833984375,258.6128603010642,255.2310827258566,255.79307750804895,6514100
2025-05-23,257.04522705078125,258.30723306371834,252.40144329619352,253.20005483078515,6671800
2025-05-27,261.56085205078125,261.5706910214846,258.30722178470336,258.35653699260183,7506600
2025-05-28,259.7861328125,262.9707397963694,259.20443000527837,262.49747628554394,5535400
2025-05-29,260.65374755859375,261.6791367091541,258.8396160390441,261.0776958297107,5081200
2025-05-30,260.28900146484375,261.6002926650584,259.03686444878326,259.7467447472313,10977700
2025-06-02,260.939697265625,261.3044913883967,258.21848475626587,259.3227361836595,6011200
2025-06-03,262.52703857421875,262.83267850504353,259.184707363763,260.02276495317653,6998400
2025-06-04,260.505859375,263.3650880431389,260.4664132303892,262.18197450214643,5915700
2025-06-05,258.2677917480469,261.0185511699558,256.65083071751394,261.0185511699558,8173800
2025-06-06,261.9946594238281,262.90171018684686,260.5453219261883,260.61431507286125,7738100
2025-06-09,262.9904479980469,264.13414558351,259.6481165969787,262.26085974590114,8285000
2025-06-10,264.8243408203125,265.12011173513696,262.1129971095637,262.1425742010461,7538100
2025-06-11,264.3806457519531,265.8299833646017,262.05383439482847,264.9031944101953,7434100
2025-06-12,264.4693603515625,264.51867555838396,261.41296089523235,263.108754096244,6618000
2025-06-13,261.22564697265625,263.2665264050775,259.01711387885933,261.3537943064321,7098300
2025-06-16,266.5595703125,267.91033767567086,263.0989303847809,263.2468158366327,8566000
2025-06-17,265.73138427734375,266.78635065847226,264.03556087289496,264.4003851091389,6739300
2025-06-18,270.10894775390625,273.81610322556173,265.92855887810333,266.20462172672063,9586400
2025-06-20,271.1343688964844,273.40202612817967,269.9610941294445,271.6963637187332,13969700
2025-06-23,274.3583679199219,274.63443077664516,268.2849549834157,271.1934990823813,8094600
2025-06-24,277.3063659667969,278.7359654088068,275.580965541595,276.2711076585184,9267900
2025-06-25,280.0669860839844,280.283894762949,276.96127143090536,277.5429742316298,6826900
2025-06-26,284.6910400390625,285.34176602692577,280.47120522055536,280.69798294148404,8942100
2025-06-27,283.0740966796875,284.6417726184297,281.0332174188349,281.79238274090324,17868600
2025-06-30,285.8347473144531,288.5362215871362,284.8586733435247,286.31784977059453,12689200
2025-07-01,286.3277282714844,287.0376084797312,282.5614185530472,286.8009917731804,9338300
2025-07-02,287.8953857421875,288.70386630697305,285.6277286433551,287.93483189106854,8158700
2025-07-03,293.2451171875,293.6413883261785,288.4996894270786,289.43094323142554,6541600
2025-07-07,289.25262451171875,293.28475211178096,287.38020030669605,292.50209620860613,8825700
2025-07-08,280.1481628417969,287.0037716436535,277.7011499441943,286.5777506799395,15440900
2025-07-09,280.524658203125,284.52706674085863,279.8509941598734,284.50723352964,11273800
2025-07-10,285.5078125,285.6266908203048,280.3661135119623,280.3661135119623,8410900
2025-07-11,284.190185546875,284.70536526736765,281.0100694142449,282.86266052650467,7384700
2025-07-14,286.0130615234375,286.60745309571854,282.6050754191309,284.39822720712635,9079900
2025-07-15,283.8830871582031,289.23285392385833,282.82306855064246,285.3196042033426,12526100
2025-07-16,283.1598815917969,288.0241878683028,280.3760366699049,285.7158562387447,9979800
2025-07-17,287.201904296875,287.5981754634707,280.8020357673763,280.8020357673763,8509500
2025-07-18,288.55914306640625,289.7777063567027,285.54745807447995,286.825430293332,12217000
2025-07-21,288.2619323730469,291.44204831578946,287.8755476057488,288.291651952566,7898100
2025-07-22,288.7176513671875,290.89718804274116,286.4885921354602,288.7870071326712,6717500
2025-07-23,293.998046875,294.2258869019811,289.8272078248217,290.1145172431339,7083500
2025-07-24,293.78997802734375,296.80169301766455,293.443259686642,294.6519062776982,7001200
2025-07-25,295.84075927734375,296.1181521271809,293.20551208711413,293.93864551661835,5918500
2025-07-28,295.50390625,296.64319715105114,294.05750293823644,294.8896814285751,5840400
2025-07-29,294.27545166015625,298.485896831102,293.44327318380715,297.20789441970317,7635700
2025-07-30,296.8413391113281,297.8121988713861,294.6122799312847,294.65191611543503,8061700
2025-07-31,293.4828796386719,298.17878493737805,292.7497765059144,296.3559134765009,14749700
2025-08-01,286.6768493652344,289.0842262737886,281.5945890692511,287.6972620199026,12007100
2025-08-04,291.5213317871094,291.5807709484115,287.5585597880286,287.5585597880286,6649500
2025-08-05,288.658203125,293.03707931410463,284.56663635989554,291.9473110106125,7182300
2025-08-06,288.6383972167969,290.5603439597299,287.4594701868467,289.5795373797788,6330200
2025-08-07,284.2694396972656,290.72874689730406,283.7443736390337,290.21359744338497,8057100
2025-08-08,286.0725402832031,288.51955337300967,282.0602152135648,286.2904939677283,6634100
2025-08-11,286.8650817871094,288.6087112580965,286.0923424049315,286.7065672685148,5510100
2025-08-12,290.12445068359375,292.00676133420325,287.6378015823982,288.78700908878795,8570900
2025-08-13,287.8260192871094,291.80859403066296,284.4873889092739,291.2142024521843,8420400
2025-08-14,291.4222717285156,291.46190791598,286.9443500187198,287.87557367248905,6322400
2025-08-15,287.7864074707031,292.7497892060912,287.1226600740198,292.0959281808534,7340500
2025-08-18,288.8167419433594,289.1832935323159,285.7257844830691,287.30098279519575,5386900
2025-08-19,287.954833984375,289.7579025190641,286.83534604543564,288.12323486532705,6031500
2025-08-20,289.5201110839844,290.59996282013503,284.59636569119436,288.1034273576763,7374200
2025-08-21,288.7572937011719,290.04518252461884,286.77590767522184,289.2229206266122,6624000
2025-08-22,293.4828796386719,294.3943304858857,287.42976002403793,290.4711947382056,8552800
2025-08-25,292.1553649902344,294.58257497799383,291.4024588552954,293.4828900064588,5856300
2025-08-26,295.7912292480469,295.9596301346493,290.7684082615478,291.42226929827126,6714700
2025-08-27,296.4945983886719,298.2679473154416,294.2754557542009,294.48349281779485,6056500
2025-08-28,298.2679443359375,298.4363452126477,295.9200067981791,297.22769856125745,6410500
2025-08-29,298.6147155761719,300.13047474928055,296.94044188536884,299.2289404362671,6796400
2025-09-02,296.91070556640625,297.6636116910732,291.75908984916356,297.4654912302876,7221900
2025-09-03,296.72247314453125,297.77260531660534,293.62159918539595,297.77260531660534,6316900
2025-09-04,300.99237060546875,301.5966788556673,295.50392262669186,297.2079158871201,6605800
2025-09-05,291.6402282714844,302.3099816593852,291.5708725011291,300.82394206718743,9837700
2025-09-08,290.18389892578125,293.70084708741166,288.72757896293916,292.14548200845184,8188500
2025-09-09,295.0779113769531,296.21720226202,289.58946377934626,289.8767732101451,7848200
2025-09-10,297.7428894042969,298.73358242665296,292.6507127572817,293.93863182647567,7787300
2025-09-11,302.7161560058594,302.88458712159553,297.99056119650595,298.43635491424595,7942500
2025-09-12,304.0535888671875,304.6876166586702,300.8734728380468,302.1613616302637,6846700
2025-09-15,306.0250549316406,307.0653006989229,304.31117542875756,304.31117542875756,7122000
2025-09-16,306.3123474121094,308.00642384577054,304.27152240854014,307.1148062613988,10525600
2025-09-17,308.8485412597656,309.99774876224666,305.89626524993236,307.50121329837117,8657800
2025-09-18,310.3147888183594,310.5228258893637,306.7284546518725,308.8881884357977,8050700
2025-09-19,311.850341796875,312.8608377743073,306.2430157804659,310.6813313111796,23568600
2025-09-22,309.5321044921875,310.78038727091956,306.6789039885423,306.91666061932966,7520200
2025-09-23,309.8293151855469,313.3660964063979,307.68941470486936,308.9178945679837,8584400
2025-09-24,310.5030212402344,313.633584594132,308.76930844625,311.12713244988527,7310500
2025-09-25,310.5327453613281,312.7122519083539,308.8980776591185,311.1964927670822,7083200
2025-09-26,313.118408203125,314.8521208481549,310.7803873767882,311.9692007646792,7258100
2025-09-29,312.75189208984375,315.0503072271631,310.74078640307744,314.1091367340854,6462400
2025-09-30,312.4942932128906,314.45587628391564,307.22379907069933,313.3066687483855,11823300
2025-10-01,307.8182373046875,311.66213127851097,304.5489622459693,311.04790640850786,9235200
2025-10-02,304.6876220703125,307.66961769475733,303.29077153660535,307.11483202977473,7600000
2025-10-03,307.1445617675781,308.7593962590199,305.3414931799835,305.6387192319075,6029900
2025-10-06,307.7916259765625,310.3500927332471,303.759824574425,308.78713549615594,7214500
2025-10-07,306.3083190917969,308.617908412618,303.3317554221121,307.96086849994276,8454200
2025-10-08,302.6647644042969,307.3934347220047,302.1869088878288,306.82598699255016,6489900
2025-10-09,304.15802001953125,306.65675861669814,302.0276454614978,303.68016451672463,7060300
2025-10-10,299.53887939453125,309.07584739868366,299.45922161840923,304.28744895257694,8597400
2025-10-13,306.5870666503906,308.0703661064548,304.0783936087615,304.2277139599526,10788700
2025-10-14,300.7235107421875,305.62143108333873,292.8888554642275,304.46663636257074,16178800
2025-10-15,304.3172912597656,310.71840983834574,304.0684138931284,305.014160038565,11354800
2025-10-16,297.19940185546875,307.29385195347595,295.73600173818085,303.97881882847634,10549400
2025-10-17,296.22381591796875,298.2048701782948,292.878918450451,297.8166372560658,10153500
2025-10-20,301.0022277832031,302.3262723870789,296.8211062511852,297.15957582421487,6894900
2025-10-21,295.75592041015625,302.6846581805869,295.66632819879106,300.3054062195614,7372700
2025-10-22,292.7892761230469,296.7215506882625,289.2353303984808,296.43284443493457,8054100
2025-10-23,293.2173767089844,295.0391457269973,291.1964936387067,293.05809154328034,5438800
2025-10-24,299.09088134765625,301.24118554737896,294.1232985857486,294.7504440610291,7228300
2025-10-27,302.7842102050781,303.1625086782835,299.6583261537955,300.80315600970596,5642200
2025-10-28,303.98876953125,306.58706515142967,301.7986668365627,303.4910147760203,6336000
2025-10-29,304.13812255859375,306.86580891607514,301.64934876365396,302.14710352264194,7520300
2025-10-30,308.05047607421875,311.20622431916547,303.72996829403695,304.41687231061707,7514600
2025-10-31,309.722900390625,311.46504195719143,305.8702836157328,307.1544993342095,7721300
2025-11-03,307.96087646484375,310.9175409580823,304.83496198556077,309.60346109874524,7770000
2025-11-04,307.861328125,310.8179927016808,303.7299695714597,305.332725363194,7085200
2025-11-05,310.2803955078125,311.6940323736288,304.2575751493287,308.2196835392686,6865200
2025-11-06,312.0126037597656,313.42621024981315,308.8667900648387,309.59349256305353,7206100
2025-11-07,312.7990417480469,313.0180550604519,306.2585672077333,310.4894827215045,7302300
2025-11-10,315.4670104980469,318.1250037695683,312.7990220295163,313.58548301728496,5794100
2025-11-11,314.20269775390625,317.617287984815,313.86422817579216,316.0742604403922,5030200
2025-11-12,318.97119140625,320.8029251766445,314.7900394999871,314.8398332015723,10578300
2025-11-13,308.0903015136719,319.1902267414606,307.7120030298724,317.7965194699941,8973300
2025-11-14,302.2466125488281,306.25854483769064,299.8773255538296,306.1291237470128,10327000
2025-11-17,299.02117919921875,304.2177399270206,296.3333218175865,302.6348834912671,8344000
2025-11-18,298.06549072265625,301.5896027135679,295.686208533325,298.15508292828906,8077300
2025-11-19,301.90814208984375,303.0828663383219,297.9261042618115,298.3939949218268,5546600
2025-11-20,297.0401306152344,308.52831879604355,296.8211173091691,304.9643777592117,7501600
2025-11-21,296.6817321777344,300.32530061703676,291.4951361556371,299.93706770739834,11766800
2025-11-24,296.6618347167969,298.4736693208262,293.18751624004057,296.9007472780177,10940200
2025-11-25,301.6393737792969,303.13263800592705,294.23278078476807,298.70260864804214,8877200
2025-11-26,306.258544921875,307.1445325435829,301.83848048809654,303.6303853642607,7910900
2025-11-28,311.6741027832031,312.31124344972676,306.85584041963983,307.71199439271356,4322400
2025-12-01,307.5328063964844,312.6298101472411,307.1545079277028,311.5447084439427,7727300
2025-12-02,306.4974670410156,309.0857977944923,305.7110060363412,307.3535906208714,7249000
2025-12-03,310.7283935546875,310.9573413023751,305.4223107621409,305.8205388774128,8535300
2025-12-04,314.6805725097656,317.0598245188333,311.594486851423,311.8533290542866,9627800
2025-12-05,313.6253356933594,317.0498909600222,313.26693645912985,314.22264749671507,6518900
2025-12-08,313.7945556640625,315.04890741449873,311.9429224901236,313.64523530818684,7417200
2025-12-09,299.16058349609375,317.36843122488773,298.6727631596137,313.53574377586375,18049200
2025-12-10,308.7174377441406,309.79260502170655,297.1197580970947,299.1506059920777,18874100
2025-12-11,315.9548034667969,316.57201448320507,307.85134172095206,307.85134172095206,9721900
2025-12-12,317.0896911621094,318.8318328758901,315.1783298378069,318.2444858866232,8982900
2025-12-15,318.58294677734375,321.43011981246894,316.9602917736724,318.15488497356307,10864100
2025-12-16,314.1330261230469,318.0852002489096,312.9881962174831,317.65713843404893,8331300
2025-12-17,313.5655822753906,317.93585302959536,313.247011955208,317.0000717018951,8718700
2025-12-18,311.594482421875,316.2733893580616,310.8179862048632,314.5810110073882,11444900
2025-12-19,315.7855529785156,317.12949684979,311.7836158143462,312.38092757719465,24494400
2025-12-22,321.63916015625,321.778546068669,316.0842305232393,316.0842305232393,8354600
2025-12-23,324.4664001464844,326.3080987754714,321.63915684610726,322.15681084289565,6668300
2025-12-24,327.6918640136719,328.5081586858931,324.0383309091034,324.7749981915486,4289300
2025-12-26,326.4375305175781,329.3742653747722,325.0736873353596,327.6321237138718,4158300
2025-12-29,322.29620361328125,326.29814090339255,322.077190306029,325.5316095182794,8635300
2025-12-30,321.96771240234375,323.48087598310644,321.0418654305578,323.35145488056963,7904300
2025-12-31,320.7730712890625,323.42113019633854,320.59388687095947,322.8835465614906,5048500
2026-01-02,324.0184326171875,324.2673099842148,319.2996970795839,321.0518034652283,8054000
2026-01-05,332.5400085449219,335.7355855973553,323.7297432174082,324.03834873814424,10752600
2026-01-06,334.6099853515625,335.8699951171875,330.6499938964844,332.6199951171875,7660800
2026-01-07,326.989990234375,332.1499938964844,324.6000061035156,331.1400146484375,9815200
2026-01-08,329.7900085449219,331.3999938964844,325.6499938964844,326.3900146484375,11737100
2026-01-09,329.19000244140625,331.8999938964844,328.1700134277344,329.3399963378906,6738100
2026-01-12,324.489990234375,326.0199890136719,321.2300109863281,321.8800048828125,12805100
2026-01-13,310.8999938964844,326.8599853515625,310.57000732421875,324.29998779296875,19371200
2026-01-14,307.8699951171875,311.760009765625,306.1199951171875,308.20001220703125,25951500
2026-01-15,309.260009765625,312.94000244140625,307.75,308.4700012207031,14751400
2026-01-16,312.4700012207031,317.2099914550781,310.0,310.3500061035156,14652500
2026-01-20,302.739990234375,311.1499938964844,301.8599853515625,306.2099914550781,12900600
2026-01-21,302.0400085449219,305.3999938964844,301.1499938964844,303.42999267578125,10270100
2026-01-22,303.6300048828125,308.20001220703125,302.8999938964844,304.8599853515625,10535800
2026-01-23,297.7200012207031,302.3699951171875,296.510009765625,302.0,11107900
2026-01-26,301.0400085449219,301.7799987792969,297.45001220703125,297.80999755859375,11752700
2026-01-27,300.30999755859375,301.9700012207031,298.1499938964844,301.3299865722656,11527400
2026-01-28,300.7699890136719,301.9200134277344,298.04998779296875,300.2699890136719,9556700
2026-01-29,306.4200134277344,306.8299865722656,302.2200012207031,302.3999938964844,11580000
2026-01-30,305.8900146484375,307.92999267578125,302.55999755859375,305.25,11953200
2026-02-02,308.1400146484375,309.29998779296875,301.3699951171875,304.4599914550781,9839400
2026-02-03,314.8500061035156,316.25,309.1000061035156,309.7300109863281,12688000
2026-02-04,317.2699890136719,319.30999755859375,314.4100036621094,314.4100036621094,9848800
2026-02-05,310.1600036621094,316.010009765625,305.5400085449219,315.0,9388000
2026-02-06,322.3999938964844,324.25,314.7099914550781,314.7099914550781,17797400
2026-02-09,322.1000061035156,326.3999938964844,320.1099853515625,321.3399963378906,11477500
2026-02-10,318.2799987792969,326.1300048828125,315.1199951171875,322.54998779296875,9902200
2026-02-11,310.82000732421875,325.2799987792969,308.7300109863281,323.239990234375,8703500
2026-02-12,302.6400146484375,313.6199951171875,300.0199890136719,312.2799987792969,13443400
2026-02-13,302.54998779296875,304.2900085449219,296.5199890136719,298.5199890136719,9114500
2026-02-17,307.1300048828125,308.239990234375,302.5,302.760009765625,8896800
2026-02-18,308.7799987792969,312.2799987792969,307.2200012207031,308.4599914550781,7209600
2026-02-19,308.04998779296875,309.17999267578125,305.1199951171875,307.1700134277344,6737700
2026-02-20,310.7900085449219,311.0,305.67999267578125,308.3999938964844,7792700
2026-02-23,297.6700134277344,311.0,295.1000061035156,308.79998779296875,12955400
2026-02-24,297.29998779296875,299.75,291.3800048828125,296.82000732421875,13554100
2026-02-25,303.29998779296875,303.6600036621094,297.010009765625,298.6400146484375,8095500
2026-02-26,306.1300048828125,309.010009765625,303.6400146484375,304.5799865722656,7007800
2026-02-27,300.29998779296875,302.95001220703125,294.45001220703125,300.0,18620800
2026-03-02,297.55999755859375,299.9800109863281,293.2099914550781,294.80999755859375,8508900
2026-03-03,300.260009765625,302.3900146484375,289.5,292.2900085449219,10278200
2026-03-04,299.3900146484375,301.0,295.82000732421875,299.989990234375,8055700
2026-03-05,293.54998779296875,301.239990234375,292.42999267578125,297.9800109863281,12732500
2026-03-06,289.4800109863281,289.989990234375,283.7099914550781,286.3399963378906,13496500
2026-03-09,289.9200134277344,291.1000061035156,280.45001220703125,285.5,12241100
2026-03-10,288.7300109863281,292.75,287.17999267578125,289.2900085449219,8344900
2026-03-11,287.5199890136719,290.4800109863281,284.8599853515625,288.80999755859375,10205000
2026-03-12,282.8900146484375,283.8800048828125,279.1000061035156,282.8299865722656,13760500
2026-03-13,283.44000244140625,287.19000244140625,282.95001220703125,284.6700134277344,9091200
2026-03-16,286.1600036621094,289.2699890136719,284.6099853515625,286.3399963378906,8149000
2026-03-17,286.8900146484375,291.760009765625,285.95001220703125,289.0,8961200
2026-03-18,287.739990234375,289.4100036621094,285.1199951171875,286.8299865722656,10057000
2026-03-19,287.9700012207031,289.510009765625,284.6199951171875,286.8800048828125,9846700
2026-03-20,286.55999755859375,290.7099914550781,285.2699890136719,288.0799865722656,22436500
2026-03-23,289.9100036621094,295.75,287.9700012207031,294.30999755859375,11470800
2026-03-24,292.3999938964844,295.4800109863281,285.3699951171875,286.1700134277344,11092300
2026-03-25,295.4200134277344,297.6400146484375,292.44000244140625,294.1499938964844,12188200
2026-03-26,291.6600036621094,294.989990234375,290.7300109863281,292.5799865722656,8669200
2026-03-27,282.8399963378906,290.1099853515625,281.75,289.1400146484375,9873300
2026-03-30,283.7699890136719,287.25,282.3299865722656,284.739990234375,11734400
2026-03-31,294.1600036621094,295.07000732421875,284.95001220703125,288.4700012207031,12951600
