Date,Close,High,Low,Open,Volume
2016-04-04,111.67365264892578,113.65808000780504,110.74096936785585,113.18181411087858,48487900
2016-04-05,111.3462142944336,112.43764776877615,111.02870623698868,111.23707019000041,22962400
2016-04-06,112.8246078491211,112.92382769538845,111.54465139330178,111.59426510142997,20814600
2016-04-07,112.75515747070312,113.99542452099685,112.18959599856876,112.90399103073624,20714500
2016-04-08,109.76860046386719,113.43979574797027,109.04428869178054,113.36041683404602,48497800
2016-04-11,108.141357421875,110.04641327433833,107.9230692201352,109.8380417581402,39762300
2016-04-12,109.74874877929688,110.29446929662925,108.14135999459992,108.48863324654364,26248100
2016-04-13,109.6495361328125,111.77287280699146,105.6905980906841,111.35614487729046,88227400
2016-04-14,109.9769515991211,111.16761245904358,109.40147346531369,109.75867096629153,28473300
2016-04-15,108.78630828857422,110.10595431213251,108.34973184288823,109.92735554526004,20922800
2016-04-18,109.58999633789062,109.94719386310697,108.34972925588647,108.88552554371101,21167200
2016-04-19,111.4156723022461,111.57442255075688,108.31004628523246,110.23493562961633,30210500
2016-04-20,111.5446548461914,112.38803492055453,110.69135051589764,111.55457910212206,21027900
2016-04-21,112.55672454833984,113.152051254331,111.43551822256687,111.67365496095516,20875200
2016-04-22,109.69913482666016,110.87987145063389,108.16120826575893,110.34407519025898,38458200
2016-04-25,109.24270629882812,109.8082676986018,108.22072759134133,109.01450142996573,21017900
2016-04-26,107.91314697265625,109.63959641654165,107.30789610629617,109.62967216152254,22521500
2016-04-27,108.04214477539062,108.0917584863605,105.48223171712972,107.09954482687856,52213100
2016-04-28,115.82110595703125,119.84949106708139,115.32499911805996,118.64891342516964,87110100
2016-04-29,116.66448211669922,116.92245221383175,114.9380249251789,115.91039762741411,37140600
2016-05-02,117.64677429199219,117.8055321124402,115.662346956329,116.91253829739388,28095200
2016-05-03,116.51564025878906,117.23995949836275,116.10882905999,116.60493584682467,24117500
2016-05-04,117.14073944091797,117.37887616394447,115.66234324291088,115.70203269674863,23448400
2016-05-05,116.8926773071289,118.05357292776407,116.33704013485138,117.12088975716502,22056700
2016-05-06,118.55960845947266,118.70844202290449,116.19814266698384,116.24775637812428,26395600
2016-05-09,118.31153869628906,119.34344167151527,117.97418973111297,118.60920578202317,21138100
2016-05-10,119.56173706054688,119.56173706054688,118.07341668219982,118.68859183044594,23220000
2016-05-11,118.58937072753906,120.13722915099358,118.49015087769963,119.47244783008114,22038400
2016-05-12,119.34346008300781,119.89909732077705,117.97420793136665,119.04580052134128,22035500
2016-05-13,118.87710571289062,119.70064479496035,118.74812067364634,119.44266714648298,18124300
2016-05-16,117.74600219726562,118.6786855312089,116.43628036895741,118.4504730412051,31247800
2016-05-17,116.43627166748047,118.08334997922842,116.28743810425188,117.89482696113957,21328600
2016-05-18,116.73393249511719,117.34910008728376,115.8210977925552,115.89055244231558,21642300
2016-05-19,115.90047454833984,116.57518013613301,114.9777155469461,116.1386112757888,20544100
2016-05-20,116.43627166748047,117.0712878052656,116.03938468886739,116.04930894507983,18944800
2016-05-23,115.0670166015625,116.68432210337586,115.03725140367472,116.50572334605991,20441000
2016-05-24,116.78353118896484,116.81330395409773,115.21583954145271,115.3349003220299,20183600
2016-05-25,116.97206115722656,117.74598655706407,116.46603009964473,117.21019030256372,20019800
2016-05-26,118.53976440429688,118.82750726737876,117.00183023920144,117.3193383001902,18481300
2016-05-27,118.45044708251953,118.91678864729136,118.0833329255626,118.6290458186026,13493600
2016-05-31,117.88489532470703,119.16485177635766,117.20027308869969,118.52983567832791,23547600
2016-06-01,117.85514831542969,118.15281546918757,116.9026240213907,117.57732967591708,15029500
2016-06-02,118.00395965576172,118.50999069379807,117.29948893260733,117.76583051962233,13228300
2016-06-03,117.54755401611328,118.05358510448309,116.94230307531535,118.05358510448309,14135100
2016-06-06,117.86506652832031,118.50008269178208,117.4384143338079,117.69639201583605,12744700
2016-06-07,116.84307861328125,118.37108850435892,116.7537754506264,118.31155053925929,17103000
2016-06-08,117.46817016601562,117.67653411834874,116.3568881835832,116.8430783090163,14505600
2016-06-09,117.6368408203125,117.75590917632097,116.79346078272204,117.2101886737683,13859200
2016-06-10,115.71195983886719,117.19035607374938,115.35476231540727,116.6247945899361,18510800
2016-06-13,113.062744140625,114.58083740742839,112.427728000389,114.10457151725663,31718200
2016-06-14,114.0450439453125,114.05496063181943,112.69563272138059,113.18181530985923,17618500
2016-06-15,113.70767974853516,114.54114312873868,113.1818077392348,114.4022338270363,19819400
2016-06-16,113.49932098388672,113.60846509306874,112.06061419192665,112.98337320683586,19236300
2016-06-17,112.13997650146484,113.53900129559295,111.68355915890936,113.52907704010575,24644300
2016-06-20,112.48726654052734,113.82675348159424,111.87209133967171,112.88414595270305,20785400
2016-06-21,113.48938751220703,114.31292660734888,113.08258387737087,113.23141742962368,19166300
2016-06-22,113.0230484008789,113.84657988899076,112.72538130976183,113.75728430364879,14846300
2016-06-23,114.18394470214844,114.19386138791243,112.6559348256976,113.47947394345815,16176900
2016-06-24,111.20731353759766,112.79485394680883,110.13572092263394,110.14564517925113,40643100
2016-06-27,108.12151336669922,110.70126712116345,107.3872774483492,110.70126712116345,36130400
2016-06-28,111.82247924804688,111.87209296028233,109.68922588173609,109.7685972233273,26813800
2016-06-29,113.27112579345703,113.36042139772428,112.15984366374896,112.48727601937591,20968300
2016-06-30,113.39016723632812,114.28316097646149,112.78491634412602,113.7771299287211,23192700
2016-07-01,113.30088806152344,114.23356381856969,112.9238419999607,113.31080474841404,14980000
2016-07-05,113.310791015625,113.310791015625,112.09037251687094,113.05282092791431,14207000
2016-07-06,115.79133605957031,115.8806392291945,112.0903831882537,112.47734592664895,24337600
2016-07-07,114.94795227050781,116.05923430721589,114.46176969131845,115.7218777226838,16630200
2016-07-08,116.32713317871094,116.58511086277039,114.9479567281463,115.52344249643667,18142600
2016-07-11,116.95222473144531,117.77575630128037,116.58510295863472,116.79346691509825,17711600
2016-07-12,117.01174926757812,117.79559891406021,116.65455176867519,117.70629575433999,15217700
2016-07-13,115.87071990966797,117.47810890148372,115.77150004918332,117.46818464443822,16207700
2016-07-14,116.37674713134766,116.72402041637801,115.79133710516233,116.58511110236587,14579700
2016-07-15,115.9500961303711,117.35903779847148,115.67227749947692,116.82324148032275,16646000
2016-07-18,118.4405288696289,118.67865799133791,115.97983604534161,116.40648815548056,20868400
2016-07-19,119.67088317871094,119.90901232366542,117.73606968222626,118.0634944177928,21541300
2016-07-20,120.97067260742188,121.24849118656805,119.62126159157887,120.3058913544666,20046500
2016-07-21,119.67088317871094,121.14927932653741,119.31368567628468,120.97068057532428,17801700
2016-07-22,120.0578384399414,120.06776269494647,118.38099513354919,118.96640505903056,18422400
2016-07-25,120.68295288085938,120.90124111198158,116.86293154619081,120.44482370599424,18487400
2016-07-26,120.27613830566406,121.11951838323769,119.80979668500859,121.05006373143725,17612000
2016-07-27,122.3796157836914,124.02669391244319,120.56387073800461,121.4667811332931,52654200
2016-07-28,124.0267105102539,127.33078389504459,122.66737503786524,126.52708566334518,78955800
2016-07-29,122.97496795654297,124.86016792374689,122.74675547557115,123.67943877260154,35058800
2016-08-01,123.34207153320312,123.60997344730661,121.90336482557315,122.88565418064472,25006900
2016-08-02,122.13156127929688,123.82825309809735,121.1195067970189,123.09400962645657,23968400
2016-08-03,121.55609893798828,122.95511627752165,121.35765166182037,122.13157711390133,18525300
2016-08-04,123.39168548583984,123.81833764211724,121.55609181627024,121.98274397254764,21066000
2016-08-05,124.17552947998047,124.8601516939265,123.6496575004318,124.0068549903118,20184000
2016-08-08,124.2846908569336,124.4732063133649,123.58022003450442,124.27476660028252,15233900
2016-08-09,124.08622741699219,125.10820618927846,123.56035543280517,124.36404600712956,19621000
2016-08-10,123.90763092041016,124.50296513293051,123.57028193197166,124.09615392570754,10670100
2016-08-11,123.92747497558594,124.40373324449124,123.77864142780726,124.22513450115457,11729500
2016-08-12,123.90763092041016,124.02669927691203,123.21308443245505,123.72903217065185,12159000
2016-08-15,122.93526458740234,123.94731911241733,122.73681732858348,123.93740242696806,19295100
2016-08-16,122.3399429321289,122.95511053454233,121.82398760818111,122.53838262903855,14222400
2016-08-17,123.401611328125,123.41152801398773,121.89344237817724,122.6971405624216,13794200
2016-08-18,122.94519805908203,123.29247132556127,122.6772961320913,123.04441791093475,12400800
2016-08-19,122.59791564941406,123.19324989286983,122.3200970397957,122.63760510364374,11688300
2016-08-22,123.18331909179688,123.85802463787394,122.15141604662082,122.36970424829119,14386400
2016-08-23,123.401611328125,124.11599877969114,123.28254296786938,123.5405206300953,13309500
2016-08-24,122.51853942871094,123.71911698385676,122.13156915788929,123.50082877928679,12243700
2016-08-25,122.92533874511719,123.4016045901454,122.14148911537649,122.1613376259966,10730800
2016-08-26,123.98701477050781,124.21522723707574,122.94519499701761,123.08410430014963,17504800
2016-08-29,125.55470275878906,125.74322575453435,123.38175267516026,123.38175267516026,15925900
2016-08-30,124.86016082763672,125.61424531365566,124.17553856360955,125.61424531365566,17804300
2016-08-31,125.13799285888672,125.23721271353268,124.12593065952468,124.6220375027442,14200600
2016-09-01,125.18759155273438,125.6440089129414,124.6220300879138,125.39595550609046,13536100
2016-09-02,125.52493286132812,125.87220607470069,125.01890185327765,125.86228182003623,12118800
2016-09-06,128.71986389160156,128.92823540563506,125.48525306120737,125.68369274982446,26278400
2016-09-07,130.02957153320312,130.95232274529653,128.93813071677252,129.02742629085085,27990800
2016-09-08,129.2556610107422,130.05935154900416,128.79923612458094,129.90059375034136,15676600
2016-09-09,126.1103515625,128.9381589097769,126.1103515625,128.70003732683477,27100700
2016-09-12,127.68797302246094,127.75742010298642,124.77086256086798,124.97922651241188,21252800
2016-09-13,126.2195053100586,127.35063590536699,125.67379231082029,127.0331202505507,18016200
2016-09-14,126.77513122558594,127.79711761562889,125.90198596291623,125.90198596291623,15691100
2016-09-15,127.35061645507812,128.09477662492085,126.67590336163245,126.98349471275978,15077200
2016-09-16,128.0649871826172,128.1741161191543,127.20175125385254,127.20175125385254,24119200
2016-09-19,127.64825439453125,128.92821822450082,127.26129175430282,128.8984530321737,14958800
2016-09-20,127.63835906982422,128.16423107557227,127.03310815792838,127.64827575560084,11083800
2016-09-21,128.92823791503906,128.99768499441674,127.39030380336177,128.12454731951158,14068300
2016-09-22,129.067138671875,129.71207141474488,128.55118339359285,129.48386654049543,15538300
2016-09-23,126.9636459350586,127.598669576377,126.30878892336986,126.56675899798033,28326300
2016-09-26,126.3187255859375,127.16211329935682,125.81270204187376,126.37826355640784,15064900
2016-09-27,127.68797302246094,128.00547350768,126.43778174320836,126.61638049738731,15637100
2016-09-28,128.2237548828125,128.4618915890218,127.4002158063134,128.20392151227819,12047600
2016-09-29,127.09264373779297,128.28329709863056,126.55685502440868,128.17415299072167,14532200
2016-09-30,127.27123260498047,127.58873305898017,126.45761025039823,127.03309590949807,18402900
2016-10-03,127.76736450195312,128.08486501841642,126.8049159858322,127.38040175815047,13156900
2016-10-04,127.19185638427734,128.27336551157254,126.55684032293203,128.16422141634237,14307500
2016-10-05,127.4697036743164,127.79713603375305,126.83468746994915,127.25141543469199,12386800
2016-10-06,127.73758697509766,128.05508746092246,127.08272235186246,127.429988035109,11682700
2016-10-07,127.98564910888672,128.24361921746157,127.33078444098975,128.03524768132004,12804400
2016-10-10,129.2259063720703,129.68231615553734,128.19399573644552,128.670254031361,15138700
2016-10-11,127.87649536132812,129.62278587081417,127.23154742852253,129.21597465565685,17537900
2016-10-12,128.045166015625,128.6504169073338,127.45976363478572,128.00546899388598,11073000
2016-10-13,126.82474517822266,127.25139733954859,125.76307690282871,127.2117154561599,17139300
2016-10-14,126.88426971435547,127.9459379407264,126.58661018274958,127.48952817292847,13345300
2016-10-17,126.54692840576172,127.46968739268037,126.32864019401913,127.20178547100018,11351700
2016-10-18,127.56891632080078,128.3825236414781,127.01326395890014,127.67804528798368,13504000
2016-10-19,129.09689331054688,129.45409076015312,127.59865644301894,127.7375657212005,16752300
2016-10-20,128.98776245117188,129.64262703259547,128.4916556725135,129.0572246673732,13167500
2016-10-21,131.04165649414062,131.1011868873239,128.69009998355565,128.76947888779267,19088800
2016-10-24,132.24224853515625,132.37124116856813,131.12104214314326,131.6866112527365,17470200
2016-10-25,131.25991821289062,132.4605032182563,131.19047114017076,132.4605032182563,13336800
2016-10-26,130.01968383789062,131.23018583060133,129.92047154634506,130.61501814708555,13084700
2016-10-27,128.68019104003906,130.7737624528186,128.26346312270582,130.7142320560537,16741400
2016-10-28,130.2677459716797,131.93467306469927,128.91833456875202,129.48390371423514,24545500
2016-10-31,129.9700469970703,131.0912379153209,129.8609029105175,130.9820938287681,15669000
2016-11-01,128.49168395996094,130.91268799519418,127.64829619457895,130.38681590524376,22077800
2016-11-02,126.17981719970703,129.21598876638396,125.29674759279786,129.21598876638396,39640900
2016-11-03,119.06562805175781,122.320087340641,118.56952126820883,121.05005518595378,63766300
2016-11-04,119.80980682373047,120.98061931743692,118.32148624206923,118.65883527365061,30545500
2016-11-07,121.19890594482422,122.25065005289555,120.40513195043728,121.87361156905617,23008900
2016-11-08,123.25277709960938,123.63973980584795,120.59364429495068,121.07982684920108,19460800
2016-11-09,122.22087860107422,122.84597047993641,119.57166995305278,120.55395935411892,31916000
2016-11-10,119.8593978881836,123.21307690659233,114.37245068852536,122.96502352318963,67846700
2016-11-11,118.09326171875,119.76018090310927,117.23004071416393,118.59929278453474,32840100
2016-11-14,114.18394470214844,118.20240530340897,112.66585908145073,118.20240530340897,51377000
2016-11-15,116.28742980957031,117.56738625005482,114.92810203501627,115.82109578070185,34681400
2016-11-16,115.43412780761719,116.9621376761282,113.32071554252805,113.58861745654683,32397900
2016-11-17,116.87284088134766,116.87284088134766,115.10670188410843,115.90046822231163,18597800
2016-11-18,116.10883331298828,118.20240463571596,115.93023456038628,117.46816868390289,22879300
2016-11-21,120.82184600830078,121.00044475801697,116.88276439898598,117.2796437805873,35415400
2016-11-22,120.52420806884766,122.02245298382694,119.95864652173486,121.4469671793991,26089200
2016-11-23,119.89908599853516,120.36542759476401,119.00609982787189,120.28605626114185,15672100
2016-11-25,119.44267272949219,120.19675719952579,119.1350889300001,120.06777215425247,8658600
2016-11-28,119.47245788574219,120.74249023855631,118.88704785343539,119.1847149979968,18101300
2016-11-29,119.9288558959961,121.149274337369,119.46251431092286,119.63118879956973,18891000
2016-11-30,117.49794006347656,120.84170283035934,117.03159843103413,119.38314753569537,30188900
2016-12-01,114.20378112792969,117.52769509482208,113.11234770790382,117.45824044727466,43277000
2016-12-02,114.50145721435547,115.57304977774207,113.41002370867923,114.21371434622446,25070400
2016-12-05,116.51564025878906,116.65454955350366,114.17401561933033,115.04716083896338,20201500
2016-12-06,116.39657592773438,116.88276604602834,115.42421083112458,116.7736219435533,19131200
2016-12-07,117.0315933227539,117.0315933227539,115.66234125385051,116.08899341278253,21913700
2016-12-08,117.984130859375,118.56953328972091,116.72401526220642,117.06137184561776,22442800
2016-12-09,118.74812316894531,119.00610082284368,118.02380391491917,118.29170582434912,17464700
2016-12-12,116.85298919677734,118.31154436072696,116.73392841277415,118.29170342005602,17805500
2016-12-13,119.37322998046875,120.57380767075226,116.69425597008272,116.94230939956255,29768000
2016-12-14,119.27400207519531,120.74248160943228,117.92459090427141,119.06563811688947,25913100
2016-12-15,119.63119506835938,121.5461676450773,118.69851184933941,119.14501251737602,20139600
2016-12-16,118.93665313720703,120.55395866404703,118.34131889028194,119.95863198711135,25324300
2016-12-19,118.31153869628906,119.42282057037616,117.5872270616517,118.91678955262356,15918100
2016-12-20,118.16272735595703,118.8374329830735,117.87499204100122,118.56953861156676,13684400
2016-12-21,118.11310577392578,118.2718560107379,117.55746859009997,117.99403741882502,10767600
2016-12-22,116.48587799072266,118.06349397891663,116.01953638817807,117.93450893629347,16258600
2016-12-23,116.35688781738281,116.64463067541033,115.39444696534628,116.08899347093742,10890000
2016-12-27,117.09113311767578,117.75591443594074,115.95008592409322,116.04930577353751,12051500
2016-12-28,116.00961303710938,117.32925895034616,115.7417186941913,117.26972855636194,12087400
2016-12-29,115.44404602050781,116.6148583223681,115.15630318013662,116.08898634754749,9934900
2016-12-30,114.15418243408203,115.92032150400354,113.876356255789,115.69210903576017,18684100
2017-01-03,115.9500961303711,116.92246133850067,114.61060911999425,115.12655692451342,20663900
2017-01-04,117.76583862304688,118.72828705907143,116.37673802167089,116.63471568606668,19630900
2017-01-05,119.73041534423828,120.00823394579456,117.39871485833196,117.93451111990012,19492200
2017-01-06,122.4490737915039,122.91540778579865,119.0953872585683,120.0379946419033,28545300
2017-01-09,123.92747497558594,124.4533469504137,122.0819571511033,122.5879881855553,22880400
2017-01-10,123.38176727294922,124.5228144974818,123.31231261945538,123.84810890497475,17324600
2017-01-11,125.10822296142578,125.13799573149373,123.09403034291607,123.38177322698743,18356500
2017-01-12,125.63408660888672,125.7432307086195,123.82825819056546,124.63194877042609,18653900
2017-01-13,127.34070587158203,128.26347250890186,126.37826491683127,126.49732571907386,24884300
2017-01-17,126.87435150146484,127.34068551903188,126.40800991390904,127.04301842102089,15294500
2017-01-18,126.92396545410156,127.42998895389817,125.85237291925715,127.41015558212624,13145900
2017-01-19,126.55685424804688,127.35062819706218,126.45762682692792,127.23155226372366,12195500
2017-01-20,126.05082702636719,127.4796095803633,125.79284934953873,127.10257867651876,19097200
2017-01-23,127.92610168457031,128.24361732734832,125.9615228498136,126.31872037794929,16593600
2017-01-24,128.36268615722656,128.8885582260086,127.38040424835978,128.37261798417197,15162700
2017-01-25,130.4562225341797,130.7142077254458,128.7595459822767,128.98775084072471,18731300
2017-01-26,131.74610900878906,132.10330647897013,130.41654653532834,130.60506952514285,20020100
2017-01-27,131.15078735351562,131.9147960703759,130.05936146940766,131.6468941571951,19539500
2017-01-30,129.9601593017578,130.5554936378279,128.59091455276635,130.5554936378279,18956100
2017-01-31,129.30531311035156,129.64266217769733,128.51153902131685,129.15647195241797,19790500
2017-02-01,132.192626953125,132.4506122045974,129.66247899125221,131.22026176675092,50139800
2017-02-02,129.8212432861328,134.43504630299117,129.38466681417404,132.18271685355683,54366400
2017-02-03,129.9601593017578,131.81560940318698,129.74187105453086,130.21814457937936,24804900
2017-02-06,131.03173828125,131.03173828125,129.28544762655085,129.9601456726916,17058500
2017-02-07,130.81341552734375,131.96438674457477,130.63482437638143,131.21030998499694,14596400
2017-02-08,133.1550750732422,133.39321181085015,131.40878441738906,131.56754224246103,22390600
2017-02-09,133.0955352783203,133.45273278952712,132.27199615137192,133.44281610365246,16470600
2017-02-10,133.14515686035156,133.88931712436874,132.6391181912331,133.05586126226453,15061900
2017-02-13,133.00624084472656,133.65117365170323,132.6589600163677,133.65117365170323,13526200
2017-02-14,132.80780029296875,133.1848311767901,131.51791954731843,133.05585370021,14364900
2017-02-15,132.40098571777344,132.6589558043777,131.62706031798254,132.41090240341967,13226500
2017-02-16,132.79788208007812,132.82764728080002,131.98427469371345,132.03388840824323,12831100
2017-02-17,132.49029541015625,133.0459326650452,132.13309786915912,132.46053021007145,12276500
2017-02-21,132.67880249023438,132.86732549476525,131.86518007909638,132.46051428919625,14759100
2017-02-22,135.06011962890625,135.72490096959757,132.4208427786929,132.55975208659888,27360100
2017-02-23,134.3060302734375,135.0601071409205,133.28405150119988,134.83190225759947,18422500
2017-02-24,134.38540649414062,134.5639976670941,133.11537435321364,133.11537435321364,12625700
2017-02-27,135.34786987304688,136.11186349542285,133.96869348229066,134.20681507265033,14306700
2017-02-28,134.48463439941406,135.74475000165586,133.70079226036896,135.72490148902787,16112100
2017-03-01,136.34999084472656,136.40952123822072,135.23871645956095,135.40739095445372,16257000
2017-03-02,135.69515991210938,136.74691930477633,135.24866671011796,136.02259229756487,12294800
2017-03-03,136.1019287109375,136.26068651005244,135.02041959192405,135.56614006389594,11160600
2017-03-06,136.34999084472656,136.75680205357398,135.44707283679048,135.81420216330113,12748200
2017-03-07,136.2309112548828,137.2925717856115,135.92332750429765,135.96300938115743,13527100
2017-03-08,136.6476593017578,136.9155612151054,135.98287800121076,136.08209027802155,10184500
2017-03-09,137.1636199951172,137.49105231538513,136.33014902535393,136.64766465954543,15535300
2017-03-10,137.7093048095703,138.40386637057384,137.14375098815415,137.8283807245867,16314100
2017-03-13,138.51303100585938,138.5923947743399,137.59026444250182,137.62996146672083,10955500
2017-03-14,138.23521423339844,138.37412354005357,137.4414402782352,138.37412354005357,12944000
2017-03-15,138.63209533691406,139.00914137672436,137.4116767606585,138.2054355855531,19344800
2017-03-16,138.8999786376953,139.15794870718855,138.641993428225,139.10833500229216,13612900
2017-03-17,138.75112915039062,139.2472358894638,138.6122198690492,139.2472358894638,20592800
2017-03-20,138.85037231445312,139.0984257121451,138.16574251442682,138.6221674277703,12099500
2017-03-21,137.4315185546875,141.20193376389284,137.3223744385796,140.0509622012969,29894800
2017-03-22,138.5030975341797,138.70153723298068,136.52860209213853,136.85601926817202,17055400
2017-03-23,138.44358825683594,139.29689271782476,138.00701176889083,138.39397453957292,13022800
2017-03-24,139.2472381591797,139.92195120810456,138.6717525156773,138.98926810104817,16664700
2017-03-27,139.22740173339844,139.55481885615626,137.6894678229729,137.9672863840848,12800500
2017-03-28,140.6562042236328,140.84472724308128,138.91983030341876,139.2671111434532,14679400
2017-03-29,141.5392608642578,141.74763237725531,140.32875908774096,140.88441140907503,16527600
2017-03-30,141.3011474609375,141.83693616250096,140.74551024747063,141.29121563499652,12404000
2017-03-31,140.94393920898438,141.5194248905122,140.78518140580894,141.20190928416136,11478300
2017-04-03,141.1721649169922,141.36068794358036,139.72354138422563,140.8248840638056,13564000
2017-04-04,140.62640380859375,140.983601245472,140.16999411367868,140.75539639801445,12948600
2017-04-05,140.74549865722656,142.32311457411467,140.1898463495385,141.15229470788648,17158100
2017-04-06,140.07080078125,141.11262815385123,139.8128306796449,141.00348404548387,15103400
2017-04-07,139.68382263183594,140.44783130602843,139.14803397537483,140.10055050685622,11818300
2017-04-10,139.9418182373047,140.328780987566,139.53502211316948,139.9021363495769,9039400
2017-04-11,138.8305206298828,139.93187829605807,137.72916296370755,139.70367341459186,16638100
2017-04-12,138.49317932128906,139.30678661939646,138.35427001966204,138.63208862291611,11612500
2017-04-13,138.30465698242188,139.4853936219771,138.24512658714656,138.53286187763672,10965600
2017-04-17,140.31884765625,140.44784027102958,138.66185273552802,138.67176942128867,11519700
2017-04-18,139.86244201660156,140.805041951058,139.5151611849698,140.17002582405777,14807500
2017-04-19,141.1622314453125,141.9262250075123,140.1700178570218,140.2493967608824,15563900
2017-04-20,142.68031311035156,143.12680618483913,141.57895545196098,141.8369255274482,15968200
2017-04-21,142.56124877929688,143.04743891414617,141.16223905081466,142.77953699167992,12382000
2017-04-24,144.33729553222656,144.53573519938638,143.21608945980816,143.8312721099726,14407200
2017-04-25,145.349365234375,146.0042146567756,144.65480365247203,144.65480365247203,17767500
2017-04-26,145.4188232421875,146.44080204214183,144.9524816375507,145.94469524061145,12395000
2017-04-27,146.5499725341797,146.59958625126256,145.0021214570709,145.5279935501917,11275100
2017-04-28,149.08009338378906,150.35012558045273,147.90928860310584,148.33593318386997,30652200
2017-05-01,151.27288818359375,151.3820322823545,150.2409775880419,150.55849319897402,25218300
2017-05-02,151.59039306640625,152.24525767802965,150.47911867575667,152.14603026173106,21870400
2017-05-03,150.6180419921875,152.4040296719327,150.16161703070503,152.4040296719327,29782500
2017-05-04,149.67544555664062,150.34022693152642,147.56202549052537,149.00073235497845,36225500
2017-05-05,149.0701904296875,150.44936685498035,148.6236821566238,150.27076051775902,17148500
2017-05-08,149.88380432128906,149.90365283517482,148.5740900644503,149.53653859817868,15827500
2017-05-09,149.30828857421875,151.40185973960186,149.04040182043272,150.31043393460115,17453900
2017-05-10,149.11976623535156,149.3479862502897,147.70090814062277,149.06023584535976,12080700
2017-05-11,148.8717041015625,149.47695493087204,148.24661990340599,149.13960598075886,11841900
2017-05-12,149.15948486328125,149.28847748693477,148.46493831279952,149.22893194833978,9598200
2017-05-15,149.0205841064453,150.3005331700849,148.60385615223754,149.0007355924411,15064700
2017-05-16,148.61373901367188,149.04039869776096,147.86957887768142,148.94117129030488,14550800
2017-05-17,143.72213745117188,147.51238530451144,143.2954777558092,146.84760404892504,28300100
2017-05-18,146.51025390625,146.9964288478011,143.38477219352978,143.59314369703526,23031600
2017-05-19,146.90716552734375,148.22681163276192,146.8079532362477,147.29412828457313,16187900
2017-05-22,147.0857391357422,147.43300478725166,146.54001866625367,146.92698133734973,12586700
2017-05-23,146.91705322265625,147.6512814881406,146.10343092417534,147.36354624841917,12817800
2017-05-24,148.8717041015625,149.0602270854423,147.26432310633686,147.35361868607689,17862400
2017-05-25,150.7767791748047,151.40186342215313,148.7824202304708,149.12970103231345,19891400
2017-05-26,150.9454803466797,151.06454115008316,149.97309998561764,151.0446926361892,14996200
2017-05-30,151.19349670410156,151.7094368189823,150.4592532698809,150.7866855389262,13226000
2017-05-31,150.28070068359375,152.15598405859393,149.91357130225808,151.511036039479,18023900
2017-06-01,150.35012817382812,151.10420507236105,149.12970966410379,150.56841638076787,14530600
2017-06-02,152.41392517089844,152.4337736812418,150.12191427550403,150.66763476011636,16854400
2017-06-05,152.4337921142578,153.50538470272116,152.21550389401645,152.44370880064,12520400
2017-06-06,151.6201629638672,153.3168549393149,151.29273064790434,152.21549720015935,13457100
2017-06-07,151.927734375,152.55283375811868,151.15380901493748,152.07657549192112,12066700
2017-06-08,153.50538635253906,153.52521972551656,151.9079217090469,152.88028688422233,17799400
2017-06-09,148.43516540527344,154.37851537145056,145.46844119515956,153.56490806598796,35577700
2017-06-12,147.28421020507812,148.0382871981967,143.4344160434103,147.0163082556888,33170200
2017-06-13,149.50674438476562,150.0028512060158,147.74060531231325,148.98087236543873,20483400
2017-06-14,149.08009338378906,151.21334656756588,147.88944009191414,150.082223669288,20808800
2017-06-15,148.6335906982422,148.87171225726075,145.23029039749053,146.5201710220902,18994200
2017-06-16,149.46707153320312,149.65559455906757,147.44296224177268,148.4252441176226,22882400
2017-06-19,151.6796875,152.3742491288356,150.5287312355979,150.5287312355979,19026500
2017-06-20,151.06451416015625,152.64213008330813,151.02483227943821,151.6896135463014,14743900
2017-06-21,152.71157836914062,152.88025284176618,150.6973862419386,151.17364446699756,15039800
2017-06-22,152.20556640625,153.34662117688373,151.71939141196086,151.81860369202988,13005500
2017-06-23,153.86256408691406,153.99154155458854,151.46139394743332,151.5308561638543,18027000
2017-06-26,152.39407348632812,155.28141851206388,152.00711081256807,155.0333651278593,18049700
2017-06-27,149.4075469970703,152.1162862719026,149.21902396380716,151.64994460224537,19360800
2017-06-28,152.0468292236328,152.2750341300132,148.6931421525699,149.744886227169,16719100
2017-06-29,149.86395263671875,151.31259132012877,147.7604644087341,151.094303091944,23973500
2017-06-30,149.80441284179688,150.73709609646355,148.8915780993513,150.71724758424244,17666000
2017-07-03,147.2742462158203,150.9652817391979,146.64916199039357,150.53863719073166,13862700
2017-07-05,149.16940307617188,149.67544174954202,146.9766192914994,147.83984036021866,14334300
2017-07-06,147.6612548828125,148.87174170722975,146.8476323552753,147.86961128817103,14951800
2017-07-07,150.26084899902344,150.8065695759969,148.02836811684298,148.08789851797098,13615900
2017-07-10,152.30477905273438,152.78103731481315,150.33026864915078,150.50887495991606,13378700
2017-07-11,154.06103515625,154.20986116464601,151.71941007094284,152.1758199233443,13667700
2017-07-12,157.66273498535156,157.9207202109397,154.98376129332433,155.2715117157145,22739400
2017-07-13,158.01992797851562,158.53588327499324,157.18647221188243,157.5039878220156,13929200
2017-07-14,158.7244110107422,159.0716918271875,158.08939491151096,158.8831688205445,16371200
2017-07-17,158.48626708984375,159.52809435183087,157.57343243495308,159.00222237825233,12858800
2017-07-18,161.5919189453125,162.45513999365164,158.17870149719673,158.41683822845334,23722900
2017-07-19,162.8619384765625,164.4097892585536,161.89949008058483,162.31621797266106,26273600
2017-07-20,163.2489013671875,163.7152429674445,161.54229277475287,163.5168032766917,18523100
2017-07-21,163.14968872070312,163.7648714996967,162.4749906830719,162.8818019269268,14744000
2017-07-24,164.70745849609375,164.87613299221408,163.0306150805744,163.35804738715314,17367000
2017-07-25,163.9930419921875,164.25101204538322,162.5841006740088,163.72514011465373,15383200
2017-07-26,164.32049560546875,164.7173749911776,162.82225851344313,164.7173749911776,35236900
2017-07-27,169.11288452148438,174.1235661143731,166.19577418210062,173.3397089099924,68910700
2017-07-28,171.10723876953125,172.07960389514778,167.7337184578127,167.75356696975794,24557600
2017-07-31,167.93214416503906,171.37512641170363,167.23759770461191,170.66073144098505,25478900
2017-08-01,168.53738403320312,169.14263486776036,167.73369352862207,168.4977021551889,14385000
2017-08-02,167.9817657470703,169.2220327488355,165.6103758452944,168.97397934848246,17433800
2017-08-03,167.2772674560547,168.37862502772236,166.93991850544776,167.98174569053498,10793800
2017-08-04,168.2992706298828,168.73584704832263,167.3765192236174,167.65433782808302,10777700
2017-08-07,170.64089965820312,170.72027856717287,168.33897185799546,168.62670715552937,12787800
2017-08-08,169.89674377441406,171.70257993481653,169.29149282548545,170.5416917488346,14393500
2017-08-09,169.84713745117188,170.11503939496933,168.23975606834685,168.6564840142652,10815000
2017-08-10,166.0965576171875,169.2617215576094,165.5508522260626,168.73584953854018,20832700
2017-08-11,166.77125549316406,167.5054989714028,165.55083706444998,166.64226288672253,13791200
2017-08-14,169.42050170898438,169.7479340708126,167.97186293907595,168.76563698532792,12954200
2017-08-15,169.66851806640625,170.16462484437818,168.68622119562994,170.1547081592106,8729200
2017-08-16,168.67630004882812,170.04555956460536,167.9222232166486,169.91656696095188,15779900
2017-08-17,165.61041259765625,168.5374403433942,165.55088219075697,168.02148491696488,17216000
2017-08-18,166.1064910888672,167.35667483979876,164.91583773464967,165.54092204012605,15093600
2017-08-21,166.47357177734375,166.69185994799753,164.52884188967022,165.85840428185173,11907500
2017-08-22,168.31912231445312,168.54732721385616,165.84850488533564,166.96971115019286,11391000
2017-08-23,167.39634704589844,168.04127976798736,166.8903084688972,167.5253245063303,9856500
2017-08-24,166.43392944335938,167.97184854747877,165.1142834217768,167.5650524418617,14030400
2017-08-25,165.02496337890625,167.06892085063052,164.8860389488113,166.5529655702026,12614500
2017-08-28,165.9378204345703,166.3942302466192,165.0349023568495,165.61038810506784,8553700
2017-08-29,166.74151611328125,167.11854702590475,163.71526128576068,163.9633147119512,11121000
2017-08-30,168.59693908691406,168.8549091816899,166.32477652375476,166.86056522520565,11138300
2017-08-31,170.6309814453125,170.80957263391232,168.7358497530611,169.07319875817996,17226500
2017-09-01,170.6805877685547,171.5735739528636,169.97610945072762,171.05761864149633,11677600
2017-09-05,169.39071655273438,171.04771154135142,168.22982839208575,169.9364370914954,13210900
2017-09-06,170.75003051757812,171.1369932062957,168.24966320893117,169.57922576606563,13906300
2017-09-07,171.86134338378906,171.9605556708088,168.94423265376997,170.6012277327987,18049500
2017-09-08,169.61892700195312,172.1391582488474,169.47010100468665,171.7422636895045,10998500
2017-09-11,172.1589813232422,172.5360273470681,170.85918389160463,171.05762358941567,12372000
2017-09-12,171.61328125,172.64517679453752,170.4126960601254,172.40704006580782,11186300
2017-09-13,171.7025604248047,171.82162120779356,170.72026354521407,171.66286340382342,9119300
2017-09-14,169.62884521484375,170.93855930561554,169.17242029322472,170.9187107942465,15615700
2017-09-15,170.30355834960938,170.99810490952214,168.9342986029388,169.54948139027258,15660500
2017-09-18,168.6862335205078,170.7302063126739,168.02145220625115,170.65082740560135,12954000
2017-09-19,171.1767120361328,171.21639392260508,169.03352680712044,169.29149691913912,13168600
2017-09-20,170.82940673828125,171.70255951551562,169.37085159448176,171.15683902974413,12264100
2017-09-21,169.77769470214844,170.92866628122903,168.68625352543748,170.35318049168873,11161400
2017-09-22,169.2121124267578,170.3928491151046,167.90239825664426,168.88469523921373,12097100
2017-09-25,161.601806640625,167.98174726868524,160.30200938815233,167.92221688154547,41251600
2017-09-26,162.931396484375,164.21134532410267,161.5125232109011,163.21913175718967,23363300
2017-09-27,166.37437438964844,167.02923901974563,164.28081816248243,164.60823533755251,19242500
2017-09-28,167.4161834716797,167.7535475758319,165.8584161135895,166.63234145021616,12178700
2017-09-29,169.53952026367188,170.32337742723297,167.49556282346248,167.51541133316672,15340400
2017-10-02,168.15045166015625,170.5317584092481,167.43605660743287,170.05550008742557,13392300
2017-10-03,168.63662719726562,169.40062075525117,167.8825351847385,167.98176259901135,8190300
2017-10-04,167.1085968017578,169.34107718943,166.97960420123314,168.50762147829343,12127900
2017-10-05,169.9066619873047,169.9761090663824,167.2872186939465,167.862689257658,14580600
2017-10-06,170.88893127441406,171.0278405623986,168.4282459701265,168.92435273292512,13124500
2017-10-09,171.15684509277344,173.51831829304928,170.6607382954031,171.35528478372598,14570400
2017-10-10,170.25392150878906,171.85138594957223,169.47007945622047,171.6529462651225,11341100
2017-10-11,171.3949737548828,171.43465563521815,170.06539609400193,170.6111165734705,11283700
2017-10-12,171.20648193359375,172.49636280903846,170.9484966745168,171.26601233492536,10351000
2017-10-13,172.38719177246094,173.29009461828863,171.85138796419022,172.09944135765468,13658300
2017-10-16,173.16111755371094,173.63737583108244,172.70469264707907,173.13135235762383,11498800
2017-10-17,174.73873901367188,174.75858752501478,173.00236520063385,173.34964601923272,15990100
2017-10-18,174.65936279296875,175.36384112667739,174.38154418981057,175.2745303942507,12752400
2017-10-19,173.20083618164062,174.6593916592686,171.28587084052603,173.56795043792084,14048400
2017-10-20,173.61752319335938,174.5105244746786,173.27025753393855,174.13347847990087,12602200
2017-10-23,169.93643188476562,173.97473346790886,169.91658337306094,173.83582416593296,13852700
2017-10-24,170.46229553222656,171.89108550529875,170.16462843117358,170.95840232065564,12267900
2017-10-25,169.27163696289062,170.9087832574061,167.5749451380486,170.5615024603987,15868200
2017-10-26,169.30142211914062,170.94848529291494,169.06328538968916,170.0455823662001,11833100
2017-10-27,176.4949493408203,176.8223816258191,172.54592855081827,172.79398193581943,30285300
2017-10-30,178.46946716308594,179.2830896359603,176.2270697295188,177.86421622155078,24353200
2017-10-31,178.65797424316406,179.39221774049878,177.54669988177326,179.1640128569941,20174200
2017-11-01,181.2377166748047,181.47583821882282,179.16399414910776,180.94004960480595,40918300
2017-11-02,177.52685546875,180.52334477949736,175.95915616418623,179.22354738608752,35529900
2017-11-03,177.52685546875,178.4595386750075,175.33407189146445,177.89396965590234,17822100
2017-11-06,178.76712036132812,179.0449389548137,176.92160248175824,177.16965587879733,13312700
2017-11-07,178.8464813232422,179.34258806755076,177.56653258451564,179.09453469539648,12928200
2017-11-08,178.16188049316406,178.94573775470707,177.71538737885638,178.39008539336953,10494100
2017-11-09,177.90391540527344,178.00312768903675,175.71111651638876,176.92161841414747,12610300
2017-11-10,177.0704345703125,177.70545062873663,176.57432780154437,176.96129047558443,11070200
2017-11-13,177.37803649902344,177.6459232807927,175.91948123836522,176.11792093818718,9523400
2017-11-14,176.6834716796875,177.57645780638467,175.80038709798475,176.74300206947038,9585900
2017-11-15,176.5644073486328,177.179590076712,175.02647323840188,175.28445846436279,10253700
2017-11-16,178.191650390625,178.4297871231925,177.11014111767508,177.3681112229722,15607600
2017-11-17,177.606201171875,178.5785660787626,177.50697377444814,177.90386822418046,13018000
2017-11-20,177.3482666015625,178.10234349689537,176.71325049497216,177.47724407604082,10052400
2017-11-21,180.44398498535156,180.47375018530127,177.59633649697727,177.7550791833826,14504000
2017-11-22,179.46165466308594,180.31495889657674,179.03501011632895,179.88831434981975,10376300
2017-11-24,181.3568115234375,181.72392573276295,178.88619406019225,178.99533816836723,9426300
2017-11-27,181.60487365722656,182.2994202244221,180.57297806310456,181.13853200354248,12344500
2017-11-28,180.99960327148438,182.81535597805015,180.6721709663681,182.08111246294297,14379700
2017-11-29,173.76638793945312,180.55312592846684,172.64518162776676,180.47374701666803,41933500
2017-11-30,175.80039978027344,176.8918408049531,173.83582107582822,175.4729826128477,25307600
2017-12-01,173.73663330078125,176.09809172542674,170.9981136671869,174.6593848190713,20182500
2017-12-04,170.13487243652344,175.19516800816865,169.4601592949808,174.91733426284273,24459400
2017-12-05,171.48428344726562,174.01443123113526,167.6940201144138,169.12281016365682,20184900
2017-12-06,174.6891326904297,175.3936110430922,170.5615202753435,171.15685452097316,20255800
2017-12-07,178.73736572265625,178.98541913434752,174.43116212929084,174.43116212929084,20404500
2017-12-08,177.606201171875,180.86065995980408,177.34823113453038,180.11649989902807,19883800
2017-12-11,177.64590454101562,178.8167243844196,177.40778298234005,177.9038897495502,13168600
2017-12-12,175.58212280273438,177.7848230344054,175.22492530625138,177.2093524778285,16854100
2017-12-13,176.9116973876953,177.7650017350182,175.86987002387406,175.91948373452817,14615700
2017-12-14,177.00099182128906,178.95565391639886,176.29651347057296,176.901764400632,13591000
2017-12-15,178.77703857421875,179.0846375067566,176.9712177011345,177.62608230850725,28463100
2017-12-18,179.41207885742188,179.88833716862774,178.35040298829895,179.60058673270638,17265400
2017-12-19,178.11227416992188,178.67784324081975,176.83232517049,178.54885061623332,14920600
2017-12-20,176.50486755371094,178.40991575021332,175.97899558415452,178.40991575021332,11860500
2017-12-21,176.06829833984375,177.28871681511848,175.67141896023537,176.5544884488452,11600700
2017-12-22,175.82025146484375,176.14768377815716,174.85780303661357,175.76072106969193,8509500
2017-12-26,174.61965942382812,175.6217896090589,173.3099303358261,175.2546754586234,8897300
2017-12-27,176.23699951171875,177.05062204505234,174.88758822080902,175.1753386835656,9496100
2017-12-28,176.53466796875,177.54673022942185,176.29653121918594,176.56443316994796,12220800
2017-12-29,175.0860137939453,177.45740362836847,175.0860137939453,176.61401603513102,10261500
2018-01-02,180.0074005126953,180.16615833200692,176.16753849046654,176.29651597117564,18151900
2018-01-03,183.23207092285156,183.3412150168427,179.91808136345082,180.4638018334065,16886600
2018-01-04,182.89474487304688,184.7601113895471,182.6665399715534,183.46029878370092,13880900
2018-01-05,185.3950958251953,185.44469438749024,183.4900326098199,184.1448971438567,13574500
2018-01-08,186.81399536132812,187.42916301427718,184.87918166255315,185.7424027420113,17994700
2018-01-09,186.40716552734375,187.32993205476637,185.64317195063535,187.23070463806178,12393100
2018-01-10,186.37738037109375,186.4269940741329,184.18459701254298,185.4843942762953,10529900
2018-01-11,186.30796813964844,186.93305246691168,185.92100540754097,186.93305246691168,9588600
2018-01-12,177.9733428955078,180.0669141301532,176.0186809548209,176.6735455434726,77551300
2018-01-16,177.00099182128906,180.33483027965096,176.65371098896813,180.08677686798706,36183800
2018-01-17,176.21714782714844,177.92375649243675,174.43116025417478,177.86421095668882,27992400
2018-01-18,178.40000915527344,179.5708139416445,175.70118693925764,176.7430142522012,23304900
2018-01-19,179.87840270996094,180.94999524947485,178.76712828675176,179.44184142939912,26826500
2018-01-22,183.92665100097656,183.94649951441653,179.00527946644502,179.3922422086359,21059500
2018-01-23,187.87567138671875,188.07411110002806,184.10525627392343,184.60136312718652,25678800
2018-01-24,185.0974578857422,189.17545655869773,185.06769268768969,188.41144781540044,24334500
2018-01-25,186.0202178955078,187.15134089367203,185.14708014568345,186.4865595398367,17377700
2018-01-26,188.52056884765625,188.52056884765625,185.35540529565984,186.28808842709188,17759200
2018-01-29,184.5319061279297,187.3696380145805,184.18464040479603,187.2803424120587,20453200
2018-01-30,185.6630096435547,186.7147536692003,180.42412288714675,186.15911645866893,20858600
2018-01-31,185.43479919433594,188.3519096022416,183.77780429827604,186.9032710839018,43275100
2018-02-01,191.5865020751953,193.79914909245574,186.42699487642741,186.75442714992306,54211300
2018-02-02,188.79840087890625,192.69780816421374,188.50073377361915,190.5446913486245,26677500
2018-02-05,179.8486328125,189.12583608662013,179.2037000244502,185.47448214295298,33128200
2018-02-06,183.8671112060547,184.32353615197485,176.35606166063977,177.1796008165534,37758500
2018-02-07,178.77703857421875,183.63889428170924,178.5488336861869,182.71612776405163,27601900
2018-02-08,170.24403381347656,180.42414124503927,170.1448063843661,179.60060203135833,38478300
2018-02-09,174.73873901367188,175.52258110196723,165.87826362635204,173.39924458762272,39887600
2018-02-12,175.03640747070312,176.16753038630065,170.50198398257606,175.68134026451693,32092100
2018-02-13,171.80177307128906,174.5998225974383,171.75217450492073,174.2525417929948,21809400
2018-02-14,178.1221923828125,178.40992766953786,171.86132689530353,172.09944847328913,28929700
2018-02-15,178.5587615966797,179.0945502655238,175.46304494787478,179.0945502655238,20922100
2018-02-16,175.97901916503906,178.47940188173544,174.92727508499433,177.59633231075645,20645300
2018-02-20,174.63951110839844,176.5644079238638,173.74652492018245,174.40138953286248,21204900
2018-02-21,176.52471923828125,179.8585574271064,175.0264670633768,175.33406598655316,23200800
2018-02-22,177.59632873535156,178.80683061366898,176.02862933326867,177.30857829510717,18464200
2018-02-23,181.86285400390625,181.96208143622312,178.11228719003194,178.49924995209895,19007300
2018-02-26,183.4900665283203,184.2143934074253,181.79338963283567,183.14280082818172,17599700
2018-02-27,180.04708862304688,183.26185103505412,180.04708862304688,183.0137976321534,15849800
2018-02-28,176.93153381347656,181.4560253404468,176.75292749531835,180.88053964412475,18783000
2018-03-01,174.57008361816406,178.71752968391854,173.05199784385871,177.61617185354214,23201600
2018-03-02,175.24476623535156,175.73095636374896,171.64304105878443,171.94069303537623,20025900
2018-03-05,178.99534606933594,179.73950634701885,174.5204677165954,174.82805154230758,16189300
2018-03-06,178.3801727294922,180.95993433251797,177.71539138609242,180.36460007336458,15086800
2018-03-07,182.27955627441406,182.3887003695206,176.68347250890474,177.34825376456183,19097300
2018-03-08,180.9202117919922,182.96416924552386,180.03714235410783,182.13071351223508,17225900
2018-03-09,183.78773498535156,184.06555360346206,181.78347426040867,182.47802080568488,18526300
2018-03-12,183.32139587402344,184.65097372471777,182.78560714313122,183.78773751942006,15301200
2018-03-13,180.4638214111328,184.54182007087564,179.6998126703109,184.16477404346094,18067500
2018-03-14,182.7558135986328,182.8153439883901,180.43403755823635,181.17819771015652,16821700
2018-03-15,182.42840576171875,182.56731506975962,180.7714107515244,181.81323813182047,15614300
2018-03-16,183.6488037109375,183.88694041511232,181.98189220164593,183.05348466046652,24403400
2018-03-19,171.2163848876953,175.79049041621707,168.73585076463533,175.6317325987463,88140100
2018-03-20,166.84072875976562,168.87476988691293,160.6890068049623,166.16603070626175,129851800
2018-03-21,168.07106018066406,172.04983124454625,162.02848302325373,163.5168034151269,106598800
2018-03-22,163.60610961914062,168.94422394910038,162.44522145496325,164.8364600066346,73743000
2018-03-23,158.14892578125,165.302792529729,157.78181159245784,164.15182111516467,53609700
2018-03-26,158.81370544433594,159.84561606055564,147.85967402740113,159.5677974654145,126116600
2018-03-27,151.0347442626953,161.58197889751168,149.57618916708182,155.0928939537666,79117000
2018-03-28,151.8384552001953,154.66627018758905,149.62582297727474,150.4691955044073,60029200
2018-03-29,158.54579162597656,160.16310450762208,152.93979129655673,153.9419215009022,59434300
2018-04-02,154.1800537109375,157.9603846880265,152.9100216540671,156.58120854158238,36796000
2018-04-03,154.8944854736328,156.16451783255218,149.63574969436797,155.3310619357576,42543900
2018-04-04,153.892333984375,154.34874375774146,149.33806209635878,150.84623099352257,49885600
2018-04-05,158.0993194580078,160.3119667997005,155.43026231541282,160.30203497360776,41449600
2018-04-06,155.97596740722656,160.1631098094975,155.58900472739475,156.50183937879345,41644800
2018-04-09,156.70030212402344,159.28006379590303,154.82501883961191,156.59117315157778,34915200
2018-04-10,163.7549285888672,164.6876118106786,155.7874544603831,156.7002891706726,57889300
2018-04-11,165.02496337890625,167.3368076058725,161.97886054135304,164.0724317181145,56144600
2018-04-12,162.5940399169922,166.1461664683181,161.83004633576897,165.67982485901135,38263000
2018-04-13,163.23898315429688,164.4097879167685,162.49482296595303,163.29851354696794,19990600
2018-04-16,163.5465850830078,164.48918506479714,162.11779494051558,164.42965466552323,18119400
2018-04-17,167.34674072265625,167.6840896955498,164.3701000771731,164.53877456361988,22743000
2018-04-18,165.06466674804688,166.8109573568676,164.47926431633744,165.5806220956449,20969600
2018-04-19,166.79110717773438,167.01931205964715,163.913678740666,164.9058923106942,22235000
2018-04-20,164.9852752685547,167.11852844056128,164.5189336679802,166.48351234573315,19119400
2018-04-23,164.54869079589844,167.13836875594143,163.80453063657546,165.96756403912903,23088100
2018-04-24,158.44659423828125,164.80668712943643,156.95827381919534,164.14189068573054,35079900
2018-04-25,158.44659423828125,159.80592204292,154.97384659374748,158.89308733601138,41083600
2018-04-26,172.803955078125,174.8975267537056,169.47011618099143,171.87127170512025,77556900
2018-04-27,172.23837280273438,175.72105258444364,171.25609092787653,175.43330213263187,29804700
2018-04-30,170.66075134277344,174.35178740859453,170.37301603989096,172.4368071515522,20750500
2018-05-01,172.50625610351562,172.66501391219182,168.90451591156153,170.66073821259428,26025900
2018-05-02,174.69908142089844,176.69342559877245,172.8436314218019,172.89324513706825,30424500
2018-05-03,172.6650390625,174.7486788299597,170.77982387482106,173.76639691815015,24026100
2018-05-04,175.23483276367188,175.60194692628812,171.71247169161805,171.73232020148237,17677800
2018-05-07,176.58425903320312,178.10234465949247,175.7904851097891,175.96909143404696,18697200
2018-05-08,177.52685546875,177.64591625593928,175.7309512754141,176.86207417364642,15577200
2018-05-09,181.2377166748047,181.58498230648982,177.38792355343347,178.27099293911155,23282800
2018-05-10,184.0854034423828,184.6807377083252,181.07899719333025,181.72393003145177,21071400
2018-05-11,185.5340118408203,186.85365764124913,182.7458791277475,183.41067551035053,21207800
2018-05-14,185.186767578125,186.39726952434344,184.7501911201472,186.24844352275093,15646700
2018-05-15,182.88482666015625,183.84725996884964,181.77353708046485,183.4404638800126,15429400
2018-05-16,181.77354431152344,182.8848339354226,181.23775558248477,182.26965115469898,16975500
2018-05-17,182.32916259765625,182.62682970061053,180.80116034112504,181.25757011100754,14840700
2018-05-18,181.25758361816406,182.75583593002384,181.18813653495366,182.0612893980254,13130500
2018-05-21,183.0535125732422,183.85720325491346,181.70410132377572,182.33911749176113,13532900
2018-05-22,182.3688507080078,183.97623178944812,182.0017214049801,183.49004170704765,12731400
2018-05-23,185.44473266601562,185.4546644925057,180.76148283647657,181.07899848457114,16628100
2018-05-24,184.4822998046875,185.34553608359153,183.58931346373097,184.43270122795266,12354700
2018-05-25,183.48013305664062,184.87915783544156,183.01379146370698,184.57157404860823,10965100
2018-05-29,184.29376220703125,185.35542290175417,182.27956978080095,182.90465406274876,16398900
2018-05-30,186.20872497558594,186.53615728122801,183.80756987418877,185.08751875990046,13736900
2018-05-31,190.28672790527344,191.21941113572862,186.02020628722232,186.40716899560496,30782600
2018-06-01,192.47952270507812,193.0351599015415,190.57447440007027,191.56668800517716,17307200
2018-06-04,191.77503967285156,192.46958615136904,189.9791355141215,190.3462496941998,18939800
2018-06-05,191.4376983642578,193.48165600011896,191.12018273850393,192.78710949375522,15544300
2018-06-06,189.85015869140625,191.03089537306258,187.6375264615675,189.54257487819743,22558900
2018-06-07,186.71473693847656,189.48302119714756,185.31572735159747,189.26473300685893,21503200
2018-06-08,187.62762451171875,188.0046554381778,184.9784004996055,186.06984167088737,12677100
2018-06-11,190.04856872558594,191.10032776200524,187.32991340232323,187.339830087015,12928900
2018-06-12,190.9019012451172,191.77505410667226,190.06844540816672,190.6736963435667,11562700
2018-06-13,190.9118194580078,192.98554221635234,190.41571266567786,191.23925175774292,15853800
2018-06-14,195.27755737304688,195.74389897906175,191.4079303656662,191.5964533732013,19120900
2018-06-15,194.3250274658203,195.53552919333194,193.12444242329656,194.26548193596187,21860900
2018-06-18,196.765869140625,198.02598460408896,192.61842371690886,193.28320498693134,16826000
2018-06-19,195.95228576660156,196.41862740895397,192.2810830263839,194.71201866246838,19994000
2018-06-20,200.4271697998047,201.96510408121497,197.26200563651003,197.54975609134394,28230900
2018-06-21,199.93104553222656,201.80632867876594,198.5320206867189,201.18122924992667,19045700
2018-06-22,200.16917419433594,200.66528098709875,197.75808730872015,199.59368849793373,17420200
2018-06-25,194.8211669921875,198.44274095869176,191.606389138264,198.44274095869176,25275100
2018-06-26,197.4505157470703,197.54974316775883,194.7020797057688,196.06142269730353,17897600
2018-06-27,194.31512451171875,199.186897340542,194.27544262589436,197.62911458730136,18734400
2018-06-28,194.70205688476562,195.8034145094117,191.75518148746872,193.6602296495636,18172400
2018-06-29,192.80697631835938,196.061436091557,192.4497787754484,195.78361746262402,15811600
2018-07-02,195.82327270507812,195.912568293661,190.72329551076174,191.86433507148328,13961600
2018-07-03,191.2293243408203,193.87853285613852,191.02096796162596,193.03516037372157,13489500
2018-07-05,196.90480041503906,197.1032401216797,192.5192177963706,193.2236961659209,19684200
2018-07-06,201.64755249023438,202.0543636732018,196.16061285257294,196.90477300386493,19740100
2018-07-09,203.1458282470703,204.19757229416905,200.54621818766037,203.3343361230769,18149400
2018-07-10,201.95513916015625,203.3144820178631,200.6851070282679,202.90767082906115,13190100
2018-07-11,200.9629364013672,202.90768172397952,200.17909431693334,200.64543592133586,12927400
2018-07-12,205.30882263183594,205.4675804308653,201.60787038932932,201.84599194789632,15454700
2018-07-13,205.70574951171875,206.8070921734191,204.8425133060912,206.19192453031167,11486800
2018-07-16,205.6164093017578,207.09481293858988,205.22944662365776,205.884311198897,11078200
2018-07-17,208.3549346923828,208.82127628523605,203.24502568175086,203.3045560740338,15349900
2018-07-18,207.7298583984375,209.3471715552405,206.81702362195352,208.18628335666915,15334900
2018-07-19,206.4697265625,208.3549415063196,206.142294254258,207.14443969038666,11350400
2018-07-20,208.30532836914062,209.85317918327323,206.87653834379418,207.22381916439136,16163900
2018-07-23,209.26779174804688,209.97225498537256,207.17422026898748,208.94035941549492,16732000
2018-07-24,212.99850463867188,214.51659032772451,210.94463023465084,213.4350810715982,28468700
2018-07-25,215.80645751953125,216.91773190426417,212.60161183786033,214.04031852666162,58954200
2018-07-26,174.88758850097656,178.72746597301432,172.39713746199047,173.52826052089006,169803700
2018-07-27,173.52822875976562,178.52897843645357,171.65294573851048,178.46944804529903,60073700
2018-07-30,169.72804260253906,173.93503338501145,165.2630817548119,173.93503338501145,65280800
2018-07-31,171.23623657226562,172.8833148940868,168.6763234930443,169.34110483354291,40356500
2018-08-01,170.3134765625,173.71677744654153,169.5693162830717,172.57572260076367,34042100
2018-08-02,174.99671936035156,175.41344728311387,168.94422508406578,169.35102118058532,32400000
2018-08-03,176.39573669433594,177.4574125381873,174.77842364397407,176.3064411018564,24763400
2018-08-06,184.24415588378906,184.34336816522875,176.99107649347212,177.57647891589647,49716200
2018-08-07,182.37879943847656,186.83384444251334,182.289503838257,185.04785673822354,33398600
2018-08-08,183.73809814453125,185.39510809821982,182.32915671862065,183.31145358470317,22205200
2018-08-09,181.66441345214844,185.11732823331226,181.05916245372435,184.40293311582874,19732100
2018-08-10,178.8564453125,180.68213012080298,178.02298939521972,180.62258457815696,21500400
2018-08-13,178.6480712890625,181.1881358188921,177.50701650387984,178.69768499971894,17423300
2018-08-14,179.69981384277344,180.572966695124,177.22919641645174,179.3029344407843,19102000
2018-08-15,178.13209533691406,179.4616578447693,173.4190810295363,177.94357234222264,33020200
2018-08-16,173.33973693847656,179.09457964480998,172.65510703710513,179.0152007290008,31351800
2018-08-17,172.44674682617188,174.8479022015008,170.70044099685646,173.14129339920424,24893200
2018-08-20,171.15684509277344,173.21073450107613,169.5792291107304,172.68484736708385,21518000
2018-08-21,171.27590942382812,172.8138435554987,170.05549091623485,171.46443243312672,19578500
2018-08-22,172.2879638671875,172.88329806579355,170.78972682533163,170.86910572781093,16894100
2018-08-23,171.55372619628906,174.18310133272556,171.4842791167488,171.74224920357818,18053600
2018-08-24,173.2900848388672,173.45877446008356,171.57355969215686,172.34748502489225,14631600
2018-08-27,176.0782470703125,177.27881714987828,174.42123689441704,174.61969174325242,17921900
2018-08-28,174.88758850097656,176.85218260852338,174.46094385962803,176.71327329041222,15910700
2018-08-29,174.53036499023438,175.41343448259514,173.38932541403022,174.92725951150646,18494100
2018-08-30,176.25682067871094,178.39007383101338,174.33192390092404,174.53036358997903,24216500
2018-08-31,174.3616943359375,176.23697746280862,173.61753412463977,175.77063585253046,18065200
2018-09-04,169.82730102539062,172.53604019516808,167.48567608090013,172.14907745662845,29809000
2018-09-05,165.8782501220703,169.79750566441177,165.37222667385856,168.17027608626648,31226700
2018-09-06,161.26446533203125,165.67981255394275,158.75416628878796,165.67981255394275,41514800
2018-09-07,161.77049255371094,163.34812362432544,158.91292778915525,159.06175376752574,24300600
2018-09-10,162.90162658691406,163.72516571701948,160.89736595410562,162.23684527128214,20197700
2018-09-11,164.64793395996094,165.88820101083448,162.44521846641123,162.66350667856327,20457100
2018-09-12,160.7386016845703,163.20921897566964,160.5401619944368,161.97886867287718,24078100
2018-09-13,160.1035919189453,162.04833729505097,159.607485104018,160.73860803645314,25453800
2018-09-14,161.05612182617188,161.57206200702052,159.09152796070794,160.46078759906553,21770400
2018-09-17,159.3296661376953,160.79813806735754,158.52597552173137,160.6592287650919,21005300
2018-09-18,159.05186462402344,160.5004881976009,157.6329911112942,158.14894649228484,22465200
2018-09-19,161.79034423828125,162.16739024418695,158.23821779836834,158.83355200348495,19629000
2018-09-20,164.727294921875,165.15393947370515,163.18936091834559,163.21912611312553,18936000
2018-09-21,161.66134643554688,165.94771623876872,161.54228565433868,165.342465367665,45994800
2018-09-24,164.12203979492188,164.40977505030688,159.62731382027383,159.7761397903046,19222800
2018-09-25,163.62596130371094,164.3006593376893,159.89522818413434,160.72869918019714,27622800
2018-09-26,165.65005493164062,167.9817629115919,162.93139939924737,163.02069498827245,25252200
2018-09-27,167.52536010742188,170.43255416690397,165.9080620461887,166.24541107589576,27266900
2018-09-28,163.17945861816406,167.47573026988258,161.29424365604567,167.01932048303863,34265600
2018-10-01,161.17518615722656,164.5884035023504,160.004366188851,161.76058857142502,26407700
2018-10-02,158.08941650390625,161.0164439995214,157.43455180401156,160.32189741174528,36031000
2018-10-03,161.16525268554688,162.38568635147246,158.28783921396985,158.75418083136026,23109500
2018-10-04,157.61314392089844,160.20282214580766,156.12482345003056,160.20282214580766,25739600
2018-10-05,156.10496520996094,159.6471598371,154.98375901365037,157.9703315953319,25744000
2018-10-08,156.0255889892578,157.10709818236126,153.18785748057903,154.32889706743453,24046000
2018-10-09,156.6705322265625,159.33958941767398,156.19427390479638,156.46217583453068,18844400
2018-10-10,150.20130920410156,156.46217499750117,150.1318469804765,155.598953955172,30610000
2018-10-11,152.15597534179688,153.60459885008774,147.99859756036838,148.96104605038795,35338900
2018-10-12,152.5429229736328,155.66838973017065,150.12191938851547,155.5096319219713,25293500
2018-10-15,152.3246307373047,154.358671573541,151.36218236806084,152.1261910523011,15433500
2018-10-16,157.54367065429688,158.21838375991396,153.80302122721474,154.18998391691443,19180100
2018-10-17,158.17868041992188,159.24035617282968,156.72012530778295,158.3175897096505,17592000
2018-10-18,153.7137451171875,157.4246298183748,152.08651524917622,157.27578867887388,21675100
2018-10-19,152.8505096435547,156.1248175844445,152.3544028385707,154.6464138552001,19761300
2018-10-22,153.57484436035156,156.1149091602261,153.25734383035746,153.55499584598303,15424700
2018-10-23,153.1878662109375,153.56491224615945,149.67543651958738,150.04255072863256,19095000
2018-10-24,144.90286254882812,153.44582195956076,144.4663012972735,153.07870778485304,27744600
2018-10-25,149.77462768554688,151.02482640924308,145.855387312956,146.5796989427316,22105700
2018-10-26,144.23809814453125,147.83983865590815,142.68033053618106,144.68460641352917,31303300
2018-10-29,140.98362731933594,147.67115245881772,137.94745611434155,147.34372015279192,31336800
2018-10-30,145.08148193359375,145.4982098521499,138.65194168447485,138.85038138759987,50528300
2018-10-31,150.6080780029297,155.18218276758688,147.80012716772822,153.79308994663998,60101300
2018-11-01,150.5684356689453,151.56064941305698,148.1871287390694,150.34023074699408,25640800
2018-11-02,149.1793212890625,152.9298874977579,147.80014498628802,150.61802798562925,24708700
2018-11-05,147.52230834960938,149.02056055050377,146.2919731954715,148.93126496157012,15971200
2018-11-06,148.77252197265625,149.79450085440686,146.8476250062586,148.1474225079038,16667100
2018-11-07,150.35012817382812,151.81860008780413,148.66336805291238,150.38982519689623,21877400
2018-11-08,146.71864318847656,149.76474668520757,145.59745193989104,149.31825352320587,24145800
2018-11-09,143.83128356933594,146.60946941087013,142.94821411113884,145.60733917088652,17326900
2018-11-12,140.44786071777344,143.91067704964354,139.39611655485655,143.35503976659163,18542100
2018-11-13,141.05307006835938,143.7518919091478,140.5172663179218,140.89431228008337,15141700
2018-11-14,143.09706115722656,144.4464723960708,140.44785239257982,142.58110579355625,22068400
2018-11-15,142.72991943359375,143.71220111866165,139.7334303949539,141.22175065957958,30320300
2018-11-16,138.44358825683594,140.66615258638333,136.69729744503638,139.97160596464377,37250600
2018-11-19,130.52569580078125,136.67741679552446,130.18834682667722,136.53850750383592,44362700
2018-11-20,131.3988494873047,133.1153900428905,125.86230294350906,126.0409017075018,41939500
2018-11-21,133.77023315429688,136.12177433644726,133.08560340760076,133.3534901554566,25469700
2018-11-23,130.7042999267578,133.4527359775338,130.23795829987594,132.6093483187103,11886100
2018-11-26,135.31809997558594,135.9332675826266,131.74612484443062,131.9644130546667,24263600
2018-11-27,133.94883728027344,135.546301797141,132.6688883856301,134.69299748738607,20750300
2018-11-28,135.69515991210938,135.72492511624336,130.82340144240683,135.21890150598398,29847500
2018-11-29,137.60015869140625,138.89997107300246,134.60368487056414,134.86165492600796,24238700
2018-11-30,139.5151824951172,139.87238006736337,136.2904876573323,137.18347401795725,25732600
2018-12-03,139.9914093017578,142.56123882077898,139.66397700605577,141.88654085871002,24819200
2018-12-04,136.85601806640625,142.2735111219751,136.09202447573222,139.63421924516007,30307400
2018-12-06,138.5428009033203,138.61224798809107,132.62920071233876,132.77804184824052,28218100
2018-12-07,136.34999084472656,139.77312473044262,135.59591396050388,138.16574354618837,21195500
2018-12-10,140.74549865722656,141.9361518937463,137.9276006581578,138.51301816126053,26422200
2018-12-11,140.97372436523438,142.75971205389462,140.00135917806696,142.75971205389462,20300300
2018-12-12,143.37486267089844,146.04391963021334,141.40035219133628,141.96592120054922,23696900
2018-12-13,143.8809051513672,144.7143761771331,142.07508406549724,144.4365575485377,18148600
2018-12-14,142.93829345703125,144.87310701215983,141.40035929885983,142.22389843052554,21785800
2018-12-17,139.09844970703125,143.7916165617544,137.3422271092248,141.96594687340288,24334000
2018-12-18,142.54141235351562,144.79372637124868,138.74123237023278,139.98149939584815,24709100
2018-12-19,132.20254516601562,143.78167603070526,131.4683016535584,140.11048874837508,57404900
2018-12-20,132.3612823486328,134.5143990888896,128.98776231335148,129.68230877473562,40297900
2018-12-21,123.97709655761719,133.84961966709113,122.45901083511416,132.35138245742544,56901500
2018-12-24,123.0940170288086,128.72979816036587,122.06211397443818,122.14149287938721,22066000
2018-12-26,133.13522338867188,133.19476892664005,124.9097787003067,125.0189228099463,39723400
2018-12-27,133.47259521484375,133.93893687919822,128.6603525677731,131.408788839398,31202500
2018-12-28,132.16282653808594,134.86164829297573,131.17061310290515,134.28616268377382,22627600
2018-12-31,130.0692901611328,133.59165182038424,128.93816714993446,133.4031287951879,24625300
2019-01-02,134.62351989746094,136.43927241230728,127.55896464929714,127.98562432545164,28146200
2019-01-03,130.71421813964844,136.10193043297755,130.09903544528873,133.6412450754704,22717900
2019-01-04,136.87588500976562,136.9254987257058,132.70859025045763,132.96656037737398,29002100
2019-01-07,136.97508239746094,137.78868962849725,134.8517460247865,136.488892311857,20089300
2019-01-08,141.42019653320312,142.02544740628335,138.45347255860054,138.80075335822818,26263800
2019-01-09,143.10696411132812,143.5733057172067,140.17002031683543,141.83693190722673,22205900
2019-01-10,143.0771942138672,143.43439170578438,139.74335600263245,141.96591985678148,16125000
2019-01-11,142.68031311035156,144.2281638432297,141.45989466942495,142.0353652116674,12908000
2019-01-14,144.25796508789062,145.42878525532504,140.17004903952017,140.8943608809104,20520300
2019-01-15,147.7902069091797,149.5067321308206,144.85326324648588,144.87309661692566,24069000
2019-01-16,146.3911895751953,148.4847609010033,145.85540088659008,147.83982810953688,18025700
2019-01-17,147.14529418945312,147.83984074886803,145.3593065081152,145.8057996434548,15787900
2019-01-18,148.8717041015625,151.2430937167308,147.3933157037233,148.5839688535192,31029600
2019-01-22,146.42098999023438,150.35014795206536,145.23032138121383,148.03828810352215,22378700
2019-01-23,143.17642211914062,147.64138321345908,141.9460718338698,147.12542791447743,20098400
2019-01-24,144.69448852539062,145.29973933254107,141.41026444428644,143.51375210324667,20955500
2019-01-25,147.84976196289062,148.66338448596244,145.39899284678108,146.33167617226147,22237200
2019-01-28,146.32174682617188,147.8001506014188,145.07156308910322,146.89723255465768,15508500
2019-01-29,143.06727600097656,146.94683466399238,142.313184003882,146.9369028387817,17632100
2019-01-30,149.248779296875,149.7746513338501,144.5655295359058,145.0814848865154,44613200
2019-01-31,165.39208984375,170.34322609112806,163.7152464126422,164.31058063740673,77233600
2019-02-01,164.41970825195312,167.78331146260734,164.37009454820185,164.54868571373441,30806500
2019-02-04,167.93214416503906,167.981757870779,162.34597700621873,164.40978301718607,20036000
2019-02-05,169.82730102539062,170.64090838899568,167.37653196797973,167.83294179293438,22557000
2019-02-06,169.16250610351562,171.1270848386497,167.9520042717718,169.8669692977403,13281200
2019-02-07,165.0845184326172,167.9222501889627,163.96331211917226,166.8903394739392,17517600
2019-02-08,166.027099609375,166.06678149085363,162.93139809480107,163.18936817435636,12561400
2019-02-11,164.49908447265625,166.98955027387103,163.79462130193767,166.59265575376813,12811200
2019-02-12,163.7549285888672,167.02923655097888,163.21913989760228,165.56076463790257,16292300
2019-02-13,162.79249572753906,164.92574895228006,162.45513159071416,164.09229314596084,14205100
2019-02-14,162.6734161376953,163.58625082978747,160.98665605143856,161.91933925465693,12755200
2019-02-15,161.23471069335938,163.41757759475078,159.6074809879609,163.22905458754357,15504400
2019-02-19,161.0263671875,162.87188541808726,159.08163666321363,159.25031118848474,14345400
2019-02-20,161.2942352294922,162.4452066022366,159.9944378775039,160.9866514457365,11770700
2019-02-21,158.79385375976562,160.97673573507552,158.3473606793532,160.66913680947994,15607800
2019-02-22,160.6294708251953,161.1454261740566,159.06177140594767,159.32967333669976,15858500
2019-02-25,163.3382110595703,164.77693300669722,161.63160231978793,161.80029196846925,18737100
2019-02-26,162.85202026367188,164.9455915299292,162.52458796440192,163.0603766377669,13784100
2019-02-27,161.54229736328125,162.65357177504464,159.1609907266516,161.63159295565973,12697500
2019-02-28,160.19290161132812,162.22694275955087,159.60749915178485,161.10573641433965,11114200
2019-03-01,161.01641845703125,161.8598060555291,160.4310160787683,161.33393406963486,11097800
2019-03-04,166.06680297851562,166.19579560497266,162.55437312403737,162.6238202106053,18894700
2019-03-05,169.92649841308594,170.54168115014525,165.25318076046253,166.06678805273313,28187900
2019-03-06,171.16677856445312,172.21853779560456,169.936443275903,171.55374129875187,21531700
2019-03-07,167.8131103515625,170.40278875159595,166.30494126656737,170.164652009761,18306500
2019-03-08,168.2794647216797,168.29929809667948,164.67772382171808,164.90592875406298,13184800
2019-03-11,170.73020935058594,172.94284154218153,170.24401921360752,170.26386772572346,18884000
2019-03-12,170.58135986328125,172.446726271351,169.8868133730355,170.75003435805678,12155300
2019-03-13,172.02008056640625,172.67494522769573,170.77981346850004,170.97826831614842,11973300
2019-03-14,168.84498596191406,169.81735104764905,166.8506420826052,168.43817475360422,18037400
2019-03-15,164.6876220703125,166.2751700114422,161.24463939572104,165.858442083391,37135400
2019-03-18,159.22052001953125,162.6238054519901,158.0397833952159,162.2963882822019,37524200
2019-03-19,160.31198120117188,162.54446211564522,159.56782089634743,160.22267045820803,25611500
2019-03-20,164.1518096923828,164.82650762915654,159.98451587237324,160.2424859411437,20211500
2019-03-21,164.78684997558594,165.0944337943334,162.47499028180155,163.60611327266807,16223000
2019-03-22,163.0603790283203,166.1163987263316,162.81232562887112,164.36017641903754,16389200
2019-03-25,164.99522399902344,165.2432774458041,160.73863351385913,161.7308473009817,12631200
2019-03-26,166.37437438964844,168.13059675582596,165.05474358351418,166.04695721457836,15437900
2019-03-27,164.57847595214844,167.62457917428267,163.50688337595687,166.5430699118225,10620300
2019-03-28,164.260986328125,165.42187457753792,162.05827063232203,163.28862111015164,10443000
2019-03-29,165.39208984375,165.88819665106104,163.52672340346746,165.09442273136773,13455500
2019-04-01,167.386474609375,167.58491435273294,165.97753274955716,166.5232533987779,10381500
2019-04-02,172.84361267089844,173.53815918933915,168.22982531127647,168.81522772396372,23946500
2019-04-03,172.18873596191406,176.5743332564893,171.6033335902772,173.14126764896554,27391100
2019-04-04,174.64944458007812,176.614023296656,174.16325445881316,174.64944458007812,17847700
2019-04-05,174.3517608642578,175.62179295806715,173.73659332693737,175.50273218051527,9594100
2019-04-08,173.56793212890625,174.1335011948488,172.87338557948675,173.84576588865332,7297400
2019-04-09,176.19728088378906,177.79474527640164,174.18308862440497,174.2525356988784,19751000
2019-04-10,176.43544006347656,177.39787338366907,175.16539265151494,176.79262244624147,11701500
2019-04-11,176.12783813476562,177.01090767051508,175.62181462775595,176.8521649941845,8071000
2019-04-12,177.70545959472656,178.2313315849551,176.5644048850026,176.61401859237805,12329800
2019-04-15,178.2511749267578,179.0945625793835,175.49282221014067,177.11013529318535,10834800
2019-04-16,177.4772491455078,178.76712990698255,176.91169524284823,177.60624176364888,11215200
2019-04-17,177.38795471191406,179.33270012285755,176.97122679670733,178.20157717015965,9973700
2019-04-18,176.89186096191406,177.48719525048324,175.95917764181297,177.4078163360087,11655600
2019-04-22,180.02725219726562,180.2554571040603,176.8620881413712,176.8620881413712,13389900
2019-04-23,182.34901428222656,182.78559068882757,180.06691997316187,181.31711879933349,19954800
2019-04-24,181.1583709716797,183.69843550643336,180.23560439961344,183.05350268658597,37289900
2019-04-25,191.75521850585938,196.93457534704658,190.62409546812768,195.44625476371647,54148800
2019-04-26,189.99900817871094,191.3980179990115,187.61768619823786,191.0011385722558,22075000
2019-04-29,193.26336669921875,193.8884661213994,189.16551962488455,189.46318673735053,19641300
2019-04-30,191.89410400390625,195.85304171458267,190.7828296177422,192.67796122555828,23494700
2019-05-01,191.52699279785156,194.65245962756978,191.50714428636743,193.26336662324573,15996600
2019-05-02,191.0308837890625,192.48943899678275,188.2725311837089,191.49722539370654,13209500
2019-05-03,193.947998046875,194.6326278689575,192.20170752125662,192.86648883169053,14575400
2019-05-06,192.37037658691406,192.76725596880635,189.06630349973676,189.75093330248222,13994900
2019-05-07,188.29238891601562,191.39800735054732,186.38734052161269,191.04080983034808,16253000
2019-05-08,188.06417846679688,189.23499850826568,187.08189659113583,187.91535246744812,12505700
2019-05-09,187.1811065673828,188.29239619539774,184.80971645382024,185.74239974484124,12967000
2019-05-10,186.87350463867188,188.5205828381154,183.15270366160382,186.78420904881693,12578500
2019-05-13,180.12648010253906,183.98619103991916,179.43193349555173,182.0712257420841,16833300
2019-05-14,179.32273864746094,182.06125755171496,176.71322748084043,181.0988092614483,17628100
2019-05-15,184.8196258544922,185.8217561094283,178.618291044294,179.01517041615566,16746900
2019-05-16,185.5340118408203,187.1116277064546,183.60911518666066,183.60911518666066,12953100
2019-05-17,183.857177734375,186.11942346505776,182.84511565276085,183.40075283012467,10485400
2019-05-20,181.29727172851562,182.79550882672874,179.95777730125477,180.4638159310982,10352000
2019-05-21,183.3809356689453,184.25407339341956,182.45816909356114,183.1328822542692,7502800
2019-05-22,183.87704467773438,185.28598627299698,182.1803526396487,183.291627105776,9213800
2019-05-23,179.46165466308594,182.4680604199249,178.2710014661161,180.999588648328,12768800
2019-05-24,179.65020751953125,182.2002039590993,179.42200261100294,180.9103231396282,8807700
2019-05-28,182.87489318847656,183.2717877276444,180.03716157833563,180.12645717215642,14843300
2019-05-29,180.7714080810547,183.12294959671493,179.93795224512178,182.07120554565978,12797700
2019-05-30,181.5850067138672,182.0513483202198,179.48151871243195,181.6544689335265,8581500
2019-05-31,176.08815002441406,179.1342379247509,175.78056622867737,178.87626783735388,15226500
2019-06-03,162.87185668945312,173.68699403372227,159.75630658520944,173.63738032563361,56059600
2019-06-04,166.19578552246094,166.96971095429262,159.58763901376403,162.43530246984187,46044300
2019-06-05,166.86056518554688,167.40628571280695,163.34813557914495,166.17593535498227,19758300
2019-06-06,167.01930236816406,168.37863003543336,165.9278614484741,166.98953717398857,12446400
2019-06-07,172.00022888183594,172.51616903885096,167.5253359794175,168.84498184789277,16917300
2019-06-10,173.4588165283203,176.4751396925717,172.44675425545486,173.38935429803465,14767900
2019-06-11,176.71327209472656,178.57862361960088,175.4134593855052,177.09030301848856,15266600
2019-06-12,173.6770782470703,177.87415307132238,171.53390817551417,176.99108348971458,17699800
2019-06-13,176.08815002441406,176.64378722187107,173.25041850313457,174.16325320466794,12253600
2019-06-14,179.91812133789062,180.4241449006547,178.59847523187966,179.10449879464372,16773700
2019-06-17,187.53829956054688,188.02448970728005,182.9741257809275,183.56944489654097,29459900
2019-06-18,187.0024871826172,193.01529881543811,185.82175064706763,192.48942685018991,37571400
2019-06-19,186.0202178955078,186.63540067695106,183.11303905828848,185.5439595646964,21417100
2019-06-20,188.0542449951172,189.6715580302563,186.17896187080584,189.46318650978696,14635700
2019-06-21,189.65171813964844,190.50502249182557,187.2803281006879,187.2803281006879,22751200
2019-06-24,191.100341796875,192.46958624375878,190.0783630194278,190.92173547946894,15509000
2019-06-25,187.36964416503906,191.63616639200853,186.66518086871397,191.37819626292872,16750300
2019-06-26,186.1988067626953,189.27465982141456,185.8515259486567,188.06415802502235,12808600
2019-06-27,188.0244903564453,197.3314594204653,186.80407178224405,188.40153639562095,11159000
2019-06-28,191.49722290039062,191.69566259042654,188.46105173690523,189.0663026325004,16378900
2019-07-01,191.49722290039062,193.75946867475142,190.43554709173276,193.6900215962289,14181800
2019-07-02,193.48165893554688,193.48165893554688,191.20949637168923,191.49723166441305,9050000
2019-07-03,195.66453552246094,195.86297523133166,192.64821258367968,192.64821258367968,10246100
2019-07-05,194.87074279785156,195.5355392255742,192.65811073386783,194.6524545971022,11164100
2019-07-08,194.23574829101562,195.14858307741636,192.13226009365653,193.6701943553017,9723900
2019-07-09,197.65887451171875,197.90692790744453,193.372504566388,193.45188346981755,14698600
2019-07-10,201.15147399902344,201.3796940449512,198.115302577347,198.4427349067406,20571700
2019-07-11,199.6631622314453,202.2131587538637,198.65111513988347,201.6773548677617,13678500
2019-07-12,203.2747802734375,203.70143996250331,197.60924951706548,198.12518964992043,15366300
2019-07-15,202.32228088378906,203.73122239343607,200.24855807212413,202.65962987765283,16030300
2019-07-16,202.25282287597656,203.87013593903205,201.51859447874432,202.30243658551404,12132700
2019-07-17,200.22869873046875,202.7687630127222,200.0203272220129,202.59015669976327,12083700
2019-07-18,199.2166748046875,200.8935184586156,197.82758161562413,198.59157529961885,11937900
2019-07-19,196.8155059814453,200.7545954984619,196.52777067611243,200.60575436261726,12098300
2019-07-22,200.74465942382812,200.99271281963257,197.26198005714764,198.3534210546784,13589000
2019-07-23,200.7843475341797,202.64971397328844,199.39525453057416,201.26060582970467,14583700
2019-07-24,203.0664520263672,203.2152780199159,195.68437994677214,196.0911911824439,32532500
2019-07-25,199.147216796875,207.0353126208322,196.71628113932098,205.0905671227849,39889900
2019-07-26,198.19464111328125,201.30027412670725,194.72189395985706,198.63121746353647,24434000
2019-07-29,194.41433715820312,198.07560780135663,193.77932105342705,197.45050838228804,16530800
2019-07-30,195.50576782226562,197.16277791456997,191.99333821876863,193.86862138181795,11903600
2019-07-31,192.71766662597656,197.21239356706786,191.17973233174462,195.41648915598907,14593500
2019-08-01,191.2293243408203,196.9246358984572,189.39373825086943,192.65811435806566,17777000
2019-08-02,187.54823303222656,191.12019317718264,186.60563306925116,189.6120392924137,15297000
2019-08-05,180.31495666503906,184.22428031102348,177.94356698526357,183.25191531186252,23086700
2019-08-06,183.07333374023438,184.34336599152593,181.66439218458214,182.25972642611572,18035700
2019-08-07,183.70834350585938,184.91884531908548,179.80895129274603,182.1704245251016,15833200
2019-08-08,188.67935180664062,188.8579429969137,182.61692578382804,185.16690699814845,14828900
2019-08-09,186.38734436035156,189.492962858845,185.66301747893215,188.5205976993792,11058800
2019-08-12,183.92665100097656,186.12936665344165,183.02374802918428,185.39513819593978,10930900
2019-08-13,186.98265075683594,189.88984449107085,183.92663103790386,184.0754721625791,13577000
2019-08-14,178.31072998046875,184.54183078052492,177.9138354180572,184.35330775587687,18903700
2019-08-15,181.16830444335938,181.77355543466942,178.62823967326483,179.54107450376878,12925900
2019-08-16,182.2696533203125,183.65876158169613,180.94009059840005,182.3192670332154,12654600
2019-08-19,184.72039794921875,186.0400438101091,183.41068391358388,184.5616401449062,9691200
2019-08-20,182.37879943847656,184.55174988369748,180.9698577884201,184.00602931572288,10083400
2019-08-21,182.12081909179688,184.45251209307207,181.71400786034766,183.55952586109075,8398200
2019-08-22,180.62255859375,182.67644803012516,178.50915390325136,182.001734903691,10821400
2019-08-23,176.365966796875,181.70408079141302,175.2844576101682,179.43190317679557,17323400
2019-08-26,178.95565795898438,179.09456726705497,176.85216982535022,178.0031261750868,8773600
2019-08-27,179.88832092285156,182.6069763796086,179.60057051291702,180.51340516861433,14399600
2019-08-28,180.34475708007812,180.5332801059123,177.52687379913462,179.12433846544053,9386100
2019-08-29,184.12510681152344,184.63113035702233,182.04145194891893,182.33911909214527,10128700
2019-08-30,184.2243194580078,185.34552580568567,182.03153561659624,185.325677292104,10774500
2019-09-03,180.9698486328125,184.22430822265585,180.69203001953164,182.56731322916687,9779400
2019-09-04,185.682861328125,186.28811225850544,182.45816697478202,183.21224389624834,11308000
2019-09-05,189.41355895996094,189.86998385050498,186.4766153563826,187.0620177120988,13876700
2019-09-06,186.03013610839844,188.72895835213058,184.8990131930091,188.72895835213058,15226800
2019-09-09,187.29025268554688,187.50854091088968,184.40292232302065,186.26827378506894,14722400
2019-09-10,184.72039794921875,186.63537800629246,183.11301681549222,185.98051341848625,15455900
2019-09-11,187.0223388671875,187.96493871863368,184.63110056048305,185.00814655705247,11761700
2019-09-12,186.01028442382812,189.4433349944387,185.77214770992174,188.38167431739254,11419800
2019-09-13,185.73245239257812,186.50637773181933,185.0875045165592,185.87136168064765,11441100
2019-09-16,184.77003479003906,186.3278024124639,184.3235416569863,185.47449803241622,8444800
2019-09-17,186.61553955078125,186.85367627008114,184.0953084764538,185.20659802654154,9671100
2019-09-18,186.67507934570312,187.60776261828698,184.56165938293236,186.6254656341867,9681900
2019-09-19,188.6595001220703,189.61203187411297,186.6849895362617,187.19102818015065,10392700
2019-09-20,188.4511260986328,191.59645660587978,186.65522186388125,189.17545294401287,19934200
2019-09-23,185.3653564453125,188.6198159198237,183.7678919055694,187.86572387623167,13327600
2019-09-24,179.8684844970703,186.57584314303674,178.98541497755713,186.51631274800997,18546600
2019-09-25,181.37664794921875,181.9918155324956,176.4850270596817,180.03715354178527,18068300
2019-09-26,178.7075653076172,179.98751399812159,176.28656206420655,179.91806692932252,16083300
2019-09-27,175.72103881835938,179.35252917482316,174.2922487777934,179.0846423972008,14656200
2019-09-30,176.69342041015625,177.2788228691604,175.4730017783385,176.48504886814843,10740000
2019-10-01,174.4410858154297,178.43970576115325,173.51833435409935,177.75507589501558,17073000
2019-10-02,173.240478515625,175.15544325214262,171.74222648117174,173.4786000596618,16151700
2019-10-03,177.98329162597656,178.4397014323433,172.27806306653957,174.20295999420713,16086300
2019-10-04,179.04493713378906,179.57080911896514,176.7132443093235,178.15195096952186,10430200
2019-10-07,178.2809295654297,179.7692499419264,176.70331359993784,178.598445179605,9178300
2019-10-08,176.365966796875,178.9655615751921,176.33620160017503,176.87199028075244,9466900
2019-10-09,178.4496307373047,179.31285176669965,176.55449903508978,177.7650008974485,7556900
2019-10-10,178.62823486328125,180.1959343582307,177.77493045818167,178.91598532057125,8605000
2019-10-11,182.7558135986328,185.03790775918344,180.72177282205558,180.7316895070228,14930500
2019-10-14,181.85289001464844,183.18245247796935,181.14842690437123,182.76572462259904,7006000
2019-10-15,187.41925048828125,188.89765439348838,182.2299769297045,182.36888624603415,15039100
2019-10-16,188.07411193847656,188.2229379391271,185.4447365204725,186.85369331320297,10516900
2019-10-17,188.9075469970703,189.35404008978063,187.30016580732195,188.81825140652387,9603000
2019-10-18,184.4029083251953,189.99899256650664,182.48792815550277,188.74879370899365,16874200
2019-10-21,188.28244018554688,188.43128130392094,185.29588281256093,185.58361808412022,8122600
2019-10-22,180.9202117919922,189.16550382054808,180.0867560587034,188.52057108073635,19537600
2019-10-23,184.7005615234375,184.92878155956058,180.58288100701617,180.59279769294298,12300400
2019-10-24,184.92880249023438,185.27606821671895,181.376675469173,183.18249661084138,11413500
2019-10-25,186.42701721191406,187.52837494017774,183.64881603665648,184.38305956882508,8061200
2019-10-28,187.92523193359375,188.0542245341341,183.63887746152938,185.74236524893286,13657900
2019-10-29,187.83595275878906,191.03088173758235,187.00249697475027,190.19742595354356,13574900
2019-10-30,186.7842254638672,188.96709253425385,184.53189616861468,188.0840229636892,28734600
2019-10-31,190.15774536132812,196.5476038710065,186.78422491161206,195.1684274639781,42286500
2019-11-01,192.1123809814453,192.59857106697217,188.43127722238108,191.34838745558798,21711800
2019-11-04,193.20384216308594,195.83320226631028,192.3009241125528,193.0351676602356,16371300
2019-11-05,192.80697631835938,194.22583466326856,192.09258123253747,193.84878860686817,9942000
2019-11-06,190.05853271484375,192.85656740909667,189.86009300758838,192.5192183927646,10973000
2019-11-07,188.9373321533203,191.93382178580185,187.99473216024907,190.41573602622887,13473000
2019-11-08,189.3540496826172,190.84237016036985,188.22292672512432,188.52059384867061,10760800
2019-11-11,188.13363647460938,188.59997811541814,187.07196056979558,188.45113697942728,8631200
2019-11-12,192.95579528808594,193.54119772486354,188.26262882751317,188.52059893355604,17615500
2019-11-13,191.6857452392578,194.17619589151252,191.23925215323305,193.18398230480068,10860700
2019-11-14,191.64608764648438,192.51924062722537,189.95932723003733,191.42779940129913,9040500
2019-11-15,193.5808563232422,193.7792959915742,191.87424792362955,192.74738549228573,11524300
2019-11-18,195.8629608154297,197.083394458118,191.54684069024395,193.04507779292095,16167200
2019-11-19,197.76800537109375,198.44270329510826,195.32715345897415,195.86294209628116,19056800
2019-11-20,195.97207641601562,198.0358822441647,193.90827058786653,197.03375209288996,12355400
2019-11-21,196.38882446289062,197.5397958366302,195.32716381675212,195.8828009930464,12131000
2019-11-22,197.27194213867188,197.74820049246765,196.0812735442123,196.8353656727007,9959800
2019-11-25,198.23434448242188,199.40516437958556,197.6985558108234,197.9664577166115,15272300
2019-11-26,197.42074584960938,198.5915506579755,196.49797930710295,198.442724670464,11735500
2019-11-27,200.4271697998047,201.55829282574896,197.86725660635614,198.34351494886434,12736600
2019-11-29,200.06996154785156,202.21314668437972,199.64331694177233,200.03027966309168,7985200
2019-12-02,198.1450653076172,200.60575095060796,196.5079188210261,200.55615237948257,11503400
2019-12-03,197.27194213867188,197.38107111518457,193.56105731789708,196.06144017029004,11595300
2019-12-04,197.1627655029297,198.47247954484402,196.50790091198374,198.4427143488899,8456300
2019-12-05,197.80770874023438,199.72267376788747,196.66666912831428,198.3038155523698,9740400
2019-12-06,199.4845428466797,200.0004981463346,198.5022459542559,198.9388223508887,12270600
2019-12-09,199.7722930908203,201.55828069269086,198.6511019590734,199.08766324843836,11954800
2019-12-10,199.30593872070312,200.47675862817715,198.59154372562898,200.0897959341768,9475700
2019-12-11,200.68511962890625,201.05224896037808,198.7205409171607,198.7205409171607,8036800
2019-12-12,195.21804809570312,202.07424848833924,192.58868781139714,200.77445094628683,23734800
2019-12-13,192.59860229492188,195.2676595756169,191.6659189926737,194.8707650108413,18798000
2019-12-16,196.37893676757812,197.56959019825865,193.2931515065757,193.74957647732612,14911500
2019-12-17,196.84524536132812,197.45049623175822,194.60284819119846,197.29173843033917,10175700
2019-12-18,200.9232635498047,202.70925114268758,198.53202502655532,198.53202502655532,23274400
2019-12-19,204.45553588867188,204.6936726076007,200.933174513572,201.20107642986963,16514600
2019-12-20,204.69366455078125,206.09268933196256,201.84600128143063,205.8644693078134,27306900
2019-12-23,204.5745849609375,206.96582327912705,204.07847817990123,205.09054025240894,13348900
2019-12-24,203.52285766601562,205.17985263350567,203.40379687361448,204.69367763788193,6046300
2019-12-26,206.17205810546875,206.20183844236743,203.71137260683932,203.96935783345515,9350700
2019-12-27,206.47967529296875,207.30319933387474,204.98142292895696,207.04522922443257,10284200
2019-12-30,202.81838989257812,206.28120574011763,202.31235125630602,206.24152385687,10524300
2019-12-31,203.65184020996094,203.9594240017671,202.0146938355188,202.41157321720846,8953500
2020-01-02,208.1465606689453,208.15647735421365,204.6638965025992,205.14015477509616,12077100
2020-01-03,207.04522705078125,208.76175248015903,205.3386183078235,205.59660355453667,11188400
2020-01-06,210.94464111328125,211.12323231415454,204.9119799307813,205.0905711316546,17058900
2020-01-07,211.40101623535156,212.9091850683675,210.10121890912478,211.16289467328085,14912400
2020-01-08,213.54421997070312,214.55628211870993,210.95454177490646,211.34150448738282,13475000
2020-01-09,216.60023498535156,216.67961389127672,214.59595924568188,215.84614294905182,12642800
2020-01-10,216.36212158203125,218.167957821468,215.72710540618112,217.49324461838862,12119400
2020-01-13,220.18209838867188,220.24162877545643,217.5031250035325,217.89008765760843,14463400
2020-01-14,217.3543243408203,220.64848099563872,216.92767972949216,219.8844722297958,13288900
2020-01-15,219.42807006835938,219.9539421573911,218.425939606993,218.89228129198048,10036500
2020-01-16,220.04322814941406,220.89653250467634,218.67396845051022,220.83700210732903,10015300
2020-01-17,220.4103546142578,220.55918061590063,218.8128899233792,220.3012104997265,15905900
2020-01-21,219.71578979492188,220.63854120844226,217.41384689413272,220.4301848234441,14275800
2020-01-22,219.5967254638672,221.01558367210345,219.55702844071217,220.5790072572682,12212800
2020-01-23,218.0488739013672,219.76541447669973,217.5626988854463,219.03117089962214,11195000
2020-01-24,216.24302673339844,220.05312318860922,214.4272740930298,219.0807581343057,11905800
2020-01-27,213.1969451904297,214.3776818732718,210.84540365097445,211.44073790551,13810700
2020-01-28,216.0941925048828,217.03680753347362,211.85745134891118,214.45704612676462,13413800
2020-01-29,221.49183654785156,222.454284946092,216.74905677548094,219.71578087459076,33181300
2020-01-30,207.8985595703125,209.7837597639495,203.1557787429694,204.92191812352908,48775500
2020-01-31,200.33787536621094,207.06508316074348,199.4944876502085,206.80709790456496,31359900
2020-02-03,202.60009765625,203.54269754941683,200.92325424778556,201.85593745533228,15495600
2020-02-04,208.19618225097656,208.96019096490863,203.60222842171876,205.0111699219711,19628900
2020-02-05,208.47398376464844,211.07357834813965,207.08489088949517,210.85529016204745,12538200
2020-02-06,209.20823669433594,209.54558567358004,207.7099845183197,208.83119069401755,10567500
2020-02-07,210.67672729492188,211.1629174365227,208.29540543766888,208.66253478539966,12242500
2020-02-10,211.40101623535156,212.13525971168318,209.01970977478095,209.87301403214792,11856400
2020-02-11,205.57675170898438,209.21817404336107,204.90203854387963,208.5533927044946,25030800
2020-02-12,209.1189422607422,209.57536719879477,205.7851038096818,206.2316120616819,13813700
2020-02-13,211.48040771484375,212.66114433026516,207.55123516722094,207.88859930018288,15396600
2020-02-14,212.51229858398438,213.25645877349032,210.99421300859052,212.3337074056923,10741700
2020-02-18,216.10414123535156,216.28273242948998,211.7383919855589,211.8872331206534,15609200
2020-02-19,215.7965545654297,216.62009372079666,214.427294868557,216.29266139589325,12135100
2020-02-20,212.90921020507812,217.06658788680414,211.2918970851758,214.83410713895424,13109200
2020-02-21,208.54347229003906,212.57187270865148,207.20399285274874,211.8177805922707,14092300
2020-02-24,199.15711975097656,202.0642984010924,196.62697198266386,200.22871228132,23080100
2020-02-25,195.23788452148438,201.91547815950642,194.4242620597452,200.6752110946446,21433500
2020-02-26,195.66453552246094,199.6433220862228,193.96785860064,195.65461883601014,16524500
2020-02-27,188.2725372314453,194.3548116584717,188.02448382270822,190.32642672297806,21682600
2020-02-28,190.97137451171875,191.23927645336616,180.40430452650662,181.2774422985748,32568900
2020-03-02,194.9104461669922,195.03943878253864,187.37954841583093,192.51920770635363,24949000
2020-03-03,184.44259643554688,195.7042275193345,182.53754802737797,194.692165348127,27984100
2020-03-04,190.2668914794922,190.33635370488574,184.93870881639302,187.6970616595599,23062500
2020-03-05,183.7281951904297,187.5184585064804,182.4581629611719,185.32565973285247,19333400
2020-03-06,179.67994689941406,182.34900375294296,174.8875536690963,176.94144297065125,24559600
2020-03-09,168.18020629882812,173.63738113448332,163.90376807728393,168.27943371546766,29949000
2020-03-10,176.80255126953125,176.90176354973235,168.18021229917125,173.309955010909,24517800
2020-03-11,168.91444396972656,174.51052791093812,166.35453113683502,172.6550782358711,20373900
2020-03-12,153.26724243164062,165.30279874923735,153.13824981343737,158.29775772184547,43266300
2020-03-13,168.95413208007812,169.4601555701285,156.3728707888146,162.25669022128017,35028600
2020-03-16,144.87310791015625,157.89096114274597,141.98577772844195,151.13398868681,39120400
2020-03-17,148.25656127929688,152.7413712017619,138.9099105437907,149.56629056018528,34255600
2020-03-18,145.81573486328125,147.0262216721567,136.03250698448755,138.66186728488157,37553100
2020-03-19,151.9376983642578,158.6847398402859,143.6725559021448,145.47837707791123,39862300
2020-03-20,148.56414794921875,158.02987479986012,146.8476225464844,154.8051803858326,32568400
2020-03-23,146.94688415527344,151.12409618193365,141.142426803664,148.49473541170727,29830800
2020-03-24,159.72654724121094,160.05397955862045,151.38204205017757,154.00148544947513,30440400
2020-03-25,154.9936981201172,161.72090533404412,151.86821609525333,157.68258858451526,35184300
2020-03-26,162.06817626953125,162.7230409214687,155.79739378485885,157.01781235257576,26556800
2020-03-27,155.56918334960938,158.84349167154605,153.54507401130994,156.96820833607012,24879900
2020-03-30,164.65785217285156,165.45162612076703,156.82928708074246,157.94056152383686,22515200
2020-03-31,165.50125122070312,169.59908358160726,162.92148949743878,164.19152184551297,23676300
2020-04-01,158.35728454589844,162.87184396981343,156.80941873029622,160.36154496434824,19507600
2020-04-02,156.95828247070312,160.09368129332805,154.70595320647797,157.86120054164533,20886300
2020-04-03,152.9794921875,156.68045997611702,149.65558556793806,155.92636791796428,25983300
2020-04-06,164.260986328125,164.9059191978055,157.27579317783702,158.90302309239615,28453600
2020-04-07,167.51544189453125,172.03993397402672,164.71739197485502,170.45238598754636,31411900
2020-04-08,172.92298889160156,173.63738391089035,166.4339184630365,169.91658282708556,21664200
2020-04-09,173.82591247558594,175.70119567614313,170.23410389271467,174.53037569157397,23534300
2020-04-13,173.4290008544922,173.63737236291774,168.13058409712687,172.31772651616228,19355400
2020-04-14,176.78269958496094,179.81887085223931,175.24476543964624,177.58639019806657,21011800
2020-04-15,175.592041015625,176.80254281201508,171.47436065477507,173.82590202875645,17423000
2020-04-16,174.87765502929688,176.66364261929394,171.16677054452398,176.56441519874684,23593200
2020-04-17,177.84439086914062,178.87628646617208,175.28447767999108,177.80469384234343,20974800
2020-04-20,176.85218811035156,179.094585783901,175.39363265481884,176.02864886307944,16110700
2020-04-21,169.4700927734375,174.01443306233168,167.02924055696525,173.88544044431308,24850500
2020-04-22,180.86070251464844,183.34123663421514,176.75293861824514,177.06052242667482,33242000
2020-04-23,183.6885223388672,185.59357077642403,181.72392836327927,182.64669495302132,21426600
2020-04-24,188.5900421142578,188.9273910973202,179.42198319942162,181.80328973159789,28792000
2020-04-27,186.04005432128906,192.24138946533202,185.95075872880966,191.15988024980575,29197800
2020-04-28,181.4857940673828,187.7268109792905,181.1385132497502,187.19102229434844,21731000
2020-04-29,192.67796325683594,195.37678548595312,188.52058581051287,189.4433372001853,45954500
2020-04-30,203.1160888671875,208.05730923540762,200.0005382142963,205.30887283506067,46230100
2020-05-01,200.69503784179688,205.66602224827483,197.5001090179998,200.03025658392295,30415600
2020-05-04,203.66175842285156,204.30670634790636,197.21237001217202,198.64116002093442,19250700
2020-05-05,205.4576873779297,208.74191213072285,204.89211833132651,205.40807366752924,21071200
2020-05-06,206.84678649902344,209.95242015348194,205.05088216567125,206.4995056560085,21857000
2020-05-07,209.6150360107422,209.95240013521098,207.41232064616085,209.51582373646835,15152000
2020-05-08,210.69656372070312,211.54986802110636,209.20824332278897,210.58741961925696,12506000
2020-05-11,211.52011108398438,213.32594730041535,208.73199298585013,209.24794835339893,12911900
2020-05-12,208.464111328125,213.60377119710614,208.3648838988478,211.62926041833853,14704600
2020-05-13,203.50302124023438,209.13878738234018,200.53629704093484,207.79929292801273,20684600
2020-05-14,205.19969177246094,205.31875255942361,199.1273493977165,200.98278398111552,17178900
2020-05-15,209.23800659179688,209.69441636456455,202.53063303740763,203.6716877492825,19383200
2020-05-18,211.53001403808594,212.96872069085757,209.2975334989645,210.4981034438379,20151900
2020-05-19,215.1912841796875,218.77317577753564,211.17281618808852,211.6093925818394,31843200
2020-05-20,228.1793670654297,229.53869487802802,221.4521599429684,221.75974374231737,50162900
2020-05-21,229.58831787109375,235.35307680549553,229.39979485355224,232.89239117121974,47782600
2020-05-22,233.08090209960938,234.1524946121766,226.95894596001787,229.70736675116186,33925600
2020-05-26,230.3920135498047,239.02426954087372,229.86614151041633,237.90307837726152,33178300
2020-05-27,227.35585021972656,228.7647918792839,219.40822380701874,227.28640313241405,34697600
2020-05-28,223.7045135498047,229.82647042856408,222.2558748468013,222.5535419928957,29377200
2020-05-29,223.33737182617188,225.71869372327163,221.14458808915265,223.44651593570535,23241500
2020-06-01,230.10427856445312,230.63015060457363,221.75975786747784,222.84126714697254,18223800
2020-06-02,230.90797424316406,231.18579286888968,224.79593419724122,229.14183506248852,20919000
2020-06-03,228.36788940429688,230.83849161760028,226.75057636604603,230.30270292675684,15380300
2020-06-04,224.5280303955078,229.82646303355912,222.8611186549825,227.77257341757675,17041500
2020-06-05,228.97314453125,229.54863025570177,223.55565142863753,224.94475960006616,16750400
2020-06-08,229.59820556640625,229.74704668039834,225.63928325783525,227.24666433710607,15466500
2020-06-09,236.81161499023438,237.9030559919151,228.61593621208456,229.71729389924317,27462900
2020-06-10,234.88670349121094,239.33183098318347,233.44799690821873,239.0837776019787,20720700
2020-06-11,222.68247985839844,231.0766131567236,221.80934222919444,228.1495862109166,26708200
2020-06-12,226.80020141601562,229.85622132173424,222.7519678450629,228.1099155813356,22091400
2020-06-15,230.6896514892578,231.94976694303796,223.04961014535098,223.33734541465077,15340300
2020-06-16,233.8151397705078,236.60327283509807,231.18577966295072,235.2935435543671,15236700
2020-06-17,233.6960906982422,235.74004849039753,229.9256756239852,233.17021865035676,19578100
2020-06-18,234.10289001464844,234.30132971581455,230.342391818643,233.1602900791253,15782500
2020-06-19,236.93069458007812,238.95481893657268,233.71593199267232,235.93848091433975,30081300
2020-06-22,237.3573455810547,238.82581751303113,235.0653345200704,236.7024809522082,18917800
2020-06-23,240.35382080078125,243.28084780615615,237.9923476578794,239.40128911138243,24017900
2020-06-24,232.1978302001953,241.3261922642483,230.86825247388322,239.32191655919164,20834900
2020-06-25,233.8448944091797,235.45229073930926,230.92779913741757,232.79315041364956,18704300
2020-06-26,214.39752197265625,231.2750702886985,213.7228088346602,230.828577185307,76343900
2020-06-29,218.92202758789062,219.03117169920628,205.4973775959621,208.1168211275584,58514300
2020-06-30,225.30197143554688,225.72861605804886,216.76892758571236,218.87241577847084,33927100
2020-07-01,235.70033264160156,237.13903926605707,225.7881137925992,226.72079695520517,43399700
2020-07-02,231.60250854492188,238.13127618375734,230.7988179101983,237.1390625329917,30633600
2020-07-06,238.4091033935547,238.52816419114757,230.46147721466446,231.9398659180404,26206200
2020-07-07,238.9845733642578,245.72169718938696,236.96046423896934,237.5458666417758,27887800
2020-07-08,241.68338012695312,245.06683199126297,234.7478019103736,236.25597075680693,29791300
2020-07-09,242.5962371826172,244.61042967890646,237.377198839224,243.0923440071215,22174900
2020-07-10,243.16180419921875,243.57853211152505,237.45657576506048,241.79254453022762,22982700
2020-07-13,237.13906860351562,248.20224503676744,236.5635828545422,245.08669469920744,24674900
2020-07-14,237.8633575439453,238.45869174856148,230.22331599791937,234.9164819970531,23378100
2020-07-15,238.4091033935547,242.91376200888993,236.1964711117376,239.66921901467015,19133600
2020-07-16,239.0540313720703,239.87757053195742,234.48985759074168,236.1468525967872,18880700
2020-07-17,240.14547729492188,242.25889729163046,236.00794803966005,239.1234984091847,18152400
2020-07-20,243.50909423828125,244.13419373923455,233.80524507290616,238.1908279866254,20872200
2020-07-21,239.86766052246094,244.98748681705248,238.21066547029258,244.3028569458016,19364200
2020-07-22,238.00225830078125,240.01645058683374,236.26588459625484,238.38922097790518,15427900
2020-07-23,230.7888946533203,240.5324245536432,229.94550701818997,237.76415520841277,21771800
2020-07-24,228.9136199951172,231.6719727567298,225.13327323566094,228.39766465309515,18325800
2020-07-27,231.68186950683594,233.12057616100276,229.03266108130668,229.65776047765974,13163100
2020-07-28,228.32818603515625,233.1305113076569,228.04045075621468,232.8030790068061,14170100
2020-07-29,231.47349548339844,231.88030667788055,228.5167033044342,229.3402423786379,13588300
2020-07-30,232.6741180419922,233.0610807883605,227.21694256552757,228.42744451877812,20615300
2020-07-31,251.69482421875,253.85785775778805,247.0611884844534,253.82809256073517,53005100
2020-08-03,249.99813842773438,253.41134040008626,248.38082545951394,250.68275307528512,23124900
2020-08-04,247.88473510742188,250.83161082477696,245.50341329118677,249.60126046272325,17183500
2020-08-05,247.18028259277344,250.30576496444755,245.84080312489613,248.24195856403506,13050100
2020-08-06,263.21441650390625,264.52414569277806,246.73374838380215,247.10086256251122,45241600
2020-08-07,266.3498229980469,276.71846729977585,261.3788231390226,262.0237559273697,72766400
2020-08-10,260.9521484375,271.7275724279563,257.6679242008539,265.95291291636204,30248800
2020-08-11,254.13568115234375,263.84946103998055,253.1434675252499,258.16406605594824,28238300
2020-08-12,257.8664245605469,261.84518077653547,256.10025516377686,256.9535746633376,21415700
2020-08-13,259.265380859375,263.09534079503675,257.5488708476519,259.5134342395619,17374000
2020-08-14,259.2058410644531,260.6048657115338,256.6657769659094,260.2675167603158,14792700
2020-08-17,259.12652587890625,262.04363649322056,257.3802201288519,260.4560885640764,13351100
2020-08-18,260.29730224609375,263.08541993318096,257.24129779802496,258.9181411403599,18690400
2020-08-19,260.54534912109375,265.82393240661906,259.3150140244503,259.3547110443287,23291500
2020-08-20,266.91546630859375,267.5306340711515,259.42423332527915,259.4639303589823,20299700
2020-08-21,264.93096923828125,268.3838532680804,264.34556683414814,266.59788085818127,15538600
2020-08-24,269.27685546875,275.091212458287,266.6772304785265,268.9593398589579,23685600
2020-08-25,278.6334533691406,280.8857675258708,268.1556793125237,270.28893267224026,42127200
2020-08-26,301.5436706542969,302.2977627595192,281.78869215846566,281.78869215846566,69015200
2020-08-27,290.9368896484375,298.8845307287282,289.7462211483339,297.82285484879753,30301300
2020-08-28,291.3734436035156,294.9156533521209,288.7143184756924,292.70300616742725,17157400
2020-08-31,290.9170227050781,294.56836127343684,289.2798461363718,291.6611828617794,17345100
2020-09-01,293.1396179199219,299.1424986923142,290.4308636184182,292.4152910182119,17295900
2020-09-02,300.1446228027344,301.2360638507357,290.76819189575707,296.5528143101857,24341400
2020-09-03,288.8532409667969,295.2827964981779,281.42157021145084,293.6853167317261,32294100
2020-09-04,280.5285339355469,286.74970168375035,269.02878309677214,285.0133280576377,30333700
2020-09-08,269.04864501953125,277.125248026283,267.32220303478647,269.1677058074507,24864000
2020-09-09,271.5887451171875,276.3116921916663,269.2372034068986,273.622771164663,22918800
2020-09-10,266.00250244140625,276.98631269360067,264.9507585978488,273.3647396262602,24814700
2020-09-11,264.5340576171875,269.27686777024303,260.5949986305776,267.9572067042382,18913900
2020-09-14,264.0776672363281,274.4860094229294,263.6311892443126,268.8403111108716,24093800
2020-09-15,270.2988586425781,272.38248310509124,267.2031265875012,268.5624847371786,18478500
2020-09-16,261.46807861328125,270.318635950066,259.7515687162689,265.2087427156896,29183400
2020-09-17,252.8358917236328,259.4638716951567,248.24193764003047,256.2689425036203,31281400
2020-09-18,250.56370544433594,257.1817836445312,248.10301989417528,256.3879945767653,28130800
2020-09-21,246.21780395507812,248.00379150058308,242.22911610009183,245.61255304076752,24709400
2020-09-22,252.76641845703125,253.33198748485088,246.28726476136234,251.3376284288325,30293100
2020-09-23,247.0810546875,255.9811974630854,246.21781849122172,253.27245835747246,19641300
2020-09-24,247.58705139160156,250.2759568331123,243.70749269177463,244.58064547986274,20006800
2020-09-25,252.8358917236328,253.7586431588387,244.68981092583851,247.4580803714351,18351300
2020-09-28,254.82029724121094,257.5786497646431,252.83587009399483,257.3801949379394,18826300
2020-09-29,259.7516174316406,261.2796046364811,254.89967819508988,255.80259624156326,20200200
2020-09-30,259.86077880859375,264.00822507608797,258.07480614487656,259.9401728665143,20142500
2020-10-01,264.5539245605469,266.2406695606963,262.7381566639674,263.28389232751096,20009800
2020-10-02,257.916015625,263.0854402034157,257.16192357012176,259.1761160451637,16367600
2020-10-05,262.58935546875,262.80764369878625,258.8090236103636,260.15845001784953,12822300
2020-10-06,256.6460266113281,263.62128845407483,256.22928348975825,259.74172884026234,18696900
2020-10-07,256.1101989746094,258.15415680274714,252.83590583088255,257.19170828911257,23133400
2020-10-08,261.706298828125,262.5595880875689,257.13217786216137,257.7275121464029,16312800
2020-10-09,262.39093017578125,262.6885821795816,260.1286841070195,262.46036212336156,14107800
2020-10-12,273.6029357910156,277.99843534360474,265.78428676115146,268.09616170666186,31019300
2020-10-13,273.9898986816406,276.92684268053154,271.2613110760602,275.41865851572834,18063300
2020-10-14,269.7034912109375,276.57952376322527,269.385975611536,275.45831762030724,15577800
2020-10-15,264.6432189941406,266.9451618689203,261.6169795530416,265.5163718280196,15416100
2020-10-16,263.8593444824219,269.25698866587527,263.2342450954479,265.2980662549797,16622700
2020-10-19,259.3645935058594,266.4589137194452,257.856439940942,263.4624399581132,13587000
2020-10-20,265.4767150878906,267.6000670997426,260.8331618903327,261.01175310255536,18763200
2020-10-21,276.5597229003906,280.8460628763154,274.2180829295083,277.3832469106849,28998600
2020-10-22,275.9544372558594,280.25073903320055,272.8984327390067,277.6908110286055,16720000
2020-10-23,282.5725402832031,283.01901826787457,274.6645961018009,276.6291597942717,17535200
2020-10-26,274.95233154296875,283.0091324468951,272.12454664304926,280.9552427634075,21322900
2020-10-27,281.084228515625,282.2947304449759,274.15856596508183,276.5895016504046,16287200
2020-10-28,265.5858459472656,276.61925709522393,265.17903470962136,276.61925709522393,23121800
2020-10-29,278.64337158203125,281.39182302397495,271.6482768194587,274.39669798144206,32368100
2020-10-30,261.0613098144531,274.54551949414935,257.08255380705526,272.36263742827884,47247800
2020-11-02,259.3249816894531,268.36406506435355,255.33629315337143,262.53977496028796,27165700
2020-11-03,263.2342529296875,267.9472674752884,258.84868582508244,261.1109315957727,17961900
2020-11-04,285.1423034667969,286.69015401207537,276.4505040356551,278.8119768695919,35364400
2020-11-05,292.385498046875,295.0644868941228,286.70013346565065,289.62714543435567,23823600
2020-11-06,291.1253662109375,292.3061026964776,285.81701793829177,291.66116997848206,13891000
2020-11-09,276.5993957519531,290.3018642047378,276.3612741591326,287.61297361927814,25117700
2020-11-10,270.3087158203125,271.8664982783663,261.9443633047033,270.9735121867272,29067700
2020-11-11,274.3272399902344,276.23227323546826,270.3583854027134,271.34066722353845,14957000
2020-11-12,272.9380798339844,277.57173026289297,272.29314710652244,275.02173426728365,12899500
2020-11-13,274.7935791015625,275.5972697257865,270.97355054002895,275.55757270188633,10391200
2020-11-16,276.7879333496094,277.234441639621,272.49166122643663,272.9083740358182,12970400
2020-11-17,272.8587646484375,275.5178900694576,271.1620877175575,275.5178900694576,15040300
2020-11-18,269.85235595703125,275.2301674297236,269.7233633337441,272.3824887308877,12152900
2020-11-19,270.8147888183594,271.34066082761194,267.09398773026356,268.9097253380734,12963700
2020-11-20,267.6000061035156,270.87429870110765,267.31225569610524,270.4377223174348,18114700
2020-11-23,266.3398742675781,268.84027177686704,262.4702475031481,268.7807413866415,20990800
2020-11-24,274.7638244628906,275.65681071523977,265.78427252771075,266.39944016199667,16930400
2020-11-25,273.44415283203125,277.99840979634354,270.5270423142432,275.97431577662064,12467000
2020-11-27,275.6468811035156,276.95661043346155,272.6801718782236,275.23016831305193,7808400
2020-11-30,274.81341552734375,275.5377423917736,268.89983065871155,273.880732275048,16693300
2020-12-01,284.31878662109375,287.0473739409889,276.7878892517777,276.98634407793395,20738900
2020-12-02,285.28125,289.50808972380065,278.64333843936527,283.1380649406063,17361600
2020-12-03,279.6554260253906,284.4180394796772,278.88150058207015,284.021160071813,12921700
2020-12-04,277.52215576171875,281.2528583037155,277.12524609814045,278.1174596971742,10880300
2020-12-07,283.35638427734375,286.24372987122166,276.0338723699376,277.01615427508574,13007700
2020-12-08,281.1933288574219,284.1997348614235,279.3577276370347,283.7830221052009,10747700
2020-12-09,275.7560119628906,285.39039736328687,269.6340408403183,281.4513082325447,25189700
2020-12-10,274.96221923828125,276.5596988290288,269.74316617875854,273.39453512334353,20065100
2020-12-11,271.4200134277344,274.3272222377273,268.1457207169015,272.3923936395362,14391400
2020-12-14,272.0550231933594,275.061428900488,269.44549683199944,271.241400852564,16376900
2020-12-15,273.4044494628906,273.93032146756855,265.38737677799685,272.69005444899267,23979500
2020-12-16,273.5235290527344,275.69644892052736,270.3881305277646,272.62061106750957,15885000
2020-12-17,272.34283447265625,278.2564198025171,271.4795830956817,274.9126643899615,16377800
2020-12-18,274.24786376953125,275.83541176373166,269.02884023804313,273.62276428656816,26693200
2020-12-21,270.66595458984375,272.53132099000726,265.7048866234326,270.85447759496384,16553700
2020-12-22,265.0103454589844,269.38601137682167,262.569508309428,269.38601137682167,17312900
2020-12-23,266.02239990234375,270.050815371756,264.15706358620935,264.8119282601544,14329000
2020-12-24,265.31793212890625,268.2945731706217,264.1272938801952,266.7864192769376,6702000
2020-12-28,274.8431701660156,275.1408221372453,263.59147145418575,266.6474760519845,23299700
2020-12-29,274.6248779296875,278.3258455440908,274.1287711316152,274.7935675642127,16383000
2020-12-30,269.75311279296875,275.9147509123316,269.59435497972174,275.78578857652786,11803800
2020-12-31,271.0330810546875,274.9324733857731,267.70915931059875,269.88210960073656,12900400
2021-01-04,266.845947265625,272.8587596931947,263.13507782338417,272.64047147424185,15106100
2021-01-05,268.8601379394531,270.27899621280795,266.1216185352488,266.2010125852026,9871600
2021-01-06,261.259765625,265.6651965162372,257.9854727939254,259.9599682063647,24354100
2021-01-07,266.6474609375,269.49510899402355,262.7183037402035,263.82957807641225,15789800
2021-01-08,265.4866027832031,266.8558624092201,261.1307705027565,266.2208311647082,18528300
2021-01-11,254.8401641845703,261.4185458890213,253.9074808801105,258.4518366026843,30412300
2021-01-12,249.13490295410156,257.69771095255174,248.3510608913129,254.63177463889247,26383500
2021-01-13,249.68063354492188,251.97264457383557,247.25962990122798,249.59133795314094,19528900
2021-01-14,243.7273712158203,253.04425719792317,242.70539232208438,251.42694403172888,29739400
2021-01-15,249.40283203125,251.88336623941407,245.23553758953017,245.96976602555998,24942900
2021-01-19,259.0669860839844,260.15842713817875,250.75223098015417,254.8996767061357,28028500
2021-01-20,265.39727783203125,268.21516053791925,261.54748460794593,266.83596923879514,25199900
2021-01-21,270.7453308105469,271.46965766775173,265.40721658830023,267.16345410838227,20838700
2021-01-22,272.3626403808594,276.301729687912,269.8821063154599,269.8920381413077,21954000
2021-01-25,275.8453369140625,277.9190598870613,269.3959479461869,275.9743295382134,19087000
2021-01-26,279.85382080078125,283.16784071758497,275.6468450213006,275.9742924509034,19373600
2021-01-27,270.02099609375,281.2429283426131,266.03227844946406,280.3300786005515,35346200
2021-01-28,262.93658447265625,284.55692568937985,262.6389325267442,275.02173795594643,37758800
2021-01-29,256.3185119628906,264.48444034559407,252.8656282026834,263.23424158830284,30389500
2021-02-01,259.9698486328125,262.1130332599464,252.9251272739831,257.49921661933763,22914300
2021-02-02,265.00042724609375,266.75666491120336,261.2200953919856,261.9444223090043,17320800
2021-02-03,264.5737609863281,267.1039239356935,261.7856430809958,263.5517821485724,14223400
2021-02-04,264.4150085449219,266.07201868018495,261.9444062212849,264.93097902725805,16060000
2021-02-05,266.0124816894531,267.0741575464519,263.60140982277744,264.7225857955426,12454400
2021-02-08,264.5042724609375,267.7587316645188,262.9365883891931,266.6573891682855,13755200
2021-02-09,267.3519592285156,271.2612831266557,263.6807568981955,264.3653866856333,14613400
2021-02-10,269.75311279296875,271.6680778178337,265.6354323142313,270.3286136509837,14687200
2021-02-11,268.2846374511719,271.44977083147216,266.39940747425163,269.7729577824533,12828600
2021-02-12,268.3937683105469,269.0684662649887,266.2505833847128,268.4136016809876,9097600
2021-02-16,271.8367919921875,274.44631890054274,267.9473009164723,268.69146120075794,15417200
2021-02-17,271.43988037109375,271.83675975298524,267.48092753784414,269.1280057386519,12763200
2021-02-18,267.29248046875,269.83254528267213,263.9586264755015,267.47107167911304,15249100
2021-02-19,259.5234069824219,268.1655796323252,258.12438206399435,267.75876839108383,25622600
2021-02-22,258.3029479980469,261.0216337980358,255.52476208560068,255.94150511244536,17434900
2021-02-23,263.7898864746094,265.3774342503566,252.97477970473903,257.47942267295707,21924600
2021-02-24,262.2519836425781,264.3058731357695,256.37809587571655,260.2873897430093,15736100
2021-02-25,252.7068634033203,264.86147900274045,252.06191553242624,260.2575937433579,19053100
2021-02-26,255.61402893066406,263.48227446931116,254.47298949778803,254.47298949778803,26619500
2021-03-01,262.84735107421875,264.5737933288639,255.89192291964775,258.7892004251062,22157300
2021-03-02,256.9833679199219,264.63332765258514,256.6360870424162,263.710576108326,15191700
2021-03-03,253.42129516601562,258.95783407943765,253.1137113530454,258.2633026836808,15513500
2021-03-04,255.6339569091797,264.4150240918917,251.52617758116583,254.47305353562282,31626500
2021-03-05,262.2221984863281,263.3831016749771,253.61970873593322,258.64032206827693,26820100
2021-03-08,253.32205200195312,263.5120747815499,253.06408191613306,263.4823095847237,18391800
2021-03-09,263.6708984375,266.4391835534851,257.7870775824905,259.14640571027894,22039700
2021-03-10,262.83740234375,266.8757193587203,260.82320974954456,266.548302161812,14210300
2021-03-11,271.7474670410156,275.7361548331948,265.7346550158106,266.0223751597544,21834000
2021-03-12,266.3101501464844,267.6397128665082,261.96424931001116,267.0444088724371,20600200
2021-03-15,271.6185302734375,273.81131431341987,266.4094077750428,266.98487846120577,16844800
2021-03-16,277.1054382324219,279.9431851324288,272.6603099988258,273.93034231128775,22437700
2021-03-17,281.7985534667969,284.0012685513987,273.26551168500805,273.56316360997386,21315000
2021-03-18,276.4505920410156,282.96944368958503,276.1132429973402,277.69085923686396,18728300
2021-03-19,287.8510437011719,290.5201004362551,279.0104480701917,279.0302814393915,38930500
2021-03-22,291.2544250488281,297.3763667697082,284.5172853838437,288.1884882749741,28273100
2021-03-23,288.3670654296875,295.67967537521406,287.5534429483778,290.867432991807,23000900
2021-03-24,279.94317626953125,289.44856979905677,278.9707959829789,288.73417475341705,18675000
2021-03-25,276.5696105957031,285.81704866241506,275.5873288162411,278.79218966149506,24505600
2021-03-26,280.8162841796875,282.2847712189747,275.6071627424305,276.1330347429934,17629200
2021-03-29,288.5556335449219,290.8972436512639,282.48328974512583,283.5449355313263,21718800
2021-03-30,285.75750732421875,290.19270318034495,284.46764179897343,287.57324482882785,17474500
2021-03-31,292.2366943359375,294.1913564992557,286.3627760195834,287.732035744542,19498200
2021-04-01,296.33453369140625,300.0454030697104,294.29057598549946,296.0765484516456,17616000
2021-04-05,306.5047607421875,308.3502638285434,298.33883047652586,298.54721717076194,28237000
2021-04-06,303.8753967285156,308.92576114830024,302.8732511383556,306.4352949137257,17335200
2021-04-07,310.65216064453125,311.8031320847076,303.12126285402763,303.9547186665781,22855200
2021-04-08,310.5826721191406,313.4204185957787,307.63579668722434,312.3984398583777,20894100
2021-04-09,310.027099609375,312.2893457464455,307.9136794786985,308.97535545757665,15988600
2021-04-12,309.1142272949219,309.7194630445456,305.53232052434765,308.6280220501896,10881900
2021-04-13,307.3481140136719,311.9817348642091,306.91153757945125,309.7790193206261,14036900
2021-04-14,300.46209716796875,305.63152098726067,299.59887627399337,304.90719423670697,17421400
2021-04-15,305.42315673828125,307.72509924935554,301.7321214291283,303.9546699060541,14558300
2021-04-16,303.7959899902344,306.54444137804103,302.2382071802452,305.77051588644764,13059200
2021-04-19,299.8866882324219,305.3041973641103,298.21977632111566,302.6351398285244,14553500
2021-04-20,300.29339599609375,302.7243310719852,294.895752380361,299.6385314824256,16796400
2021-04-21,299.1226501464844,299.6286887973505,295.074431779428,299.5989235990618,14863500
2021-04-22,294.2112121582031,300.5614044233748,293.73496893428785,298.9837579042729,16375400
2021-04-23,298.7853088378906,300.2339323251979,294.83628751007234,296.4337672726164,17536800
2021-04-26,300.680419921875,303.41890888662624,299.2119328828372,300.97807189197096,16172600
2021-04-27,301.206298828125,302.96250605186816,298.7654314975515,301.91076202680745,15309300
2021-04-28,304.708740234375,308.4990026776015,302.9922001570102,304.96669512719495,33907200
2021-04-29,326.9443054199219,329.2263845348517,319.10579393830335,327.5495411674635,56526800
2021-04-30,322.54876708984375,327.2518799010745,321.97329655477483,323.60054130902915,26332400
2021-05-03,320.0682373046875,325.99175347728556,319.33400895885666,323.6303106363787,18719500
2021-05-04,315.881103515625,319.68129851653737,310.68191400122157,317.5281817062086,24032600
2021-05-05,312.567138671875,318.56011770266906,312.04126663923637,315.712469321402,15577600
2021-05-06,317.5281982421875,317.746486454234,310.8307561707074,312.0710232209815,19012200
2021-05-07,316.59552001953125,320.4254804771027,316.2681028362469,319.86984325216355,15916700
2021-05-10,303.58758544921875,312.1305297025952,302.4564474516533,311.9023399620006,24239200
2021-05-11,304.14324951171875,304.45083332141724,297.3565117661836,298.40825581482176,18920100
2021-05-12,300.1941833496094,302.58542152646083,295.8681470090487,298.78525713151794,24645500
2021-05-13,302.8832092285156,306.45515486086435,300.4125761541859,303.6968015719049,18079200
2021-05-14,313.4799499511719,314.3828679110663,306.673349284258,307.12978931670204,19245700
2021-05-17,313.0037536621094,313.22204190707095,309.1539593127661,311.10862168993424,15401300
2021-05-18,307.5465393066406,314.03562515796114,307.39771331279434,313.13270708868293,14522400
2021-05-19,311.14825439453125,312.2099301973566,301.2062851765557,301.8214527542808,19106200
2021-05-20,316.1291809082031,316.76421218745367,310.7216346081384,311.1383473901833,17320200
2021-05-21,313.76776123046875,317.43893389264736,313.3510181373768,316.8039328459837,13600900
2021-05-24,322.102294921875,323.41202409677993,315.5536793273055,315.7322705020775,16445400
2021-05-25,325.23773193359375,326.6168932086771,322.2709924282731,324.5332384164337,16437000
2021-05-26,325.10870361328125,327.2617901142244,323.2830342689029,325.79333340241755,9686900
2021-05-27,330.1590881347656,331.18106697098676,324.215738131107,325.44607335297707,20477700
2021-05-28,326.1703796386719,330.27812809646827,325.77346998443005,328.42269355471336,12037400
2021-06-01,326.5672607421875,328.8394383209458,324.0966586152129,327.5793076939704,11765900
2021-06-02,326.5871276855469,329.2859501143572,324.5729351203657,327.80756141635504,11654300
2021-06-03,323.5013122558594,324.8308747707798,320.961248006466,323.24332704492036,12610800
2021-06-04,327.77777099609375,329.8713271716394,322.6480133267942,323.36240833474403,13289400
2021-06-07,333.9592590332031,335.0606319370068,326.36883062034224,326.91456629914944,20136700
2021-06-08,331.081787109375,335.66580854730773,329.65299727418136,334.0782912014948,14580500
2021-06-09,327.67852783203125,334.17751453094957,327.4304744423022,333.12577058089494,13727900
2021-06-10,329.871337890625,331.33982497689396,325.9917789291626,328.2143580705369,13240200
2021-06-11,328.68072509765625,330.23847761827665,326.3688501836827,329.9904241893929,13587900
2021-06-14,334.14776611328125,334.1973949616918,327.24196787486557,329.3156906835293,12250800
2021-06-15,334.1279602050781,337.2732909264785,332.42135144658135,334.3660818011608,15795200
2021-06-16,328.50201416015625,334.9216363627074,326.1604049635293,334.078279158129,17232200
2021-06-17,333.88983154296875,335.348386848026,327.5793368606947,327.9166858746589,17794100
2021-06-18,327.0931701660156,333.53262735380366,326.43830549404345,331.92524601348964,23039500
2021-06-21,329.70263671875,330.3277360767431,325.09875148397424,328.51196839114846,11337500
2021-06-22,336.3901672363281,337.2732518527593,330.0102412140811,330.09953680226704,15345300
2021-06-23,337.93804931640625,340.7460309516775,335.5666743971073,336.7077140585252,14817800
2021-06-24,340.5078430175781,342.2144515558053,339.12868191166035,339.1882123029975,12329100
2021-06-25,338.7119445800781,341.4405319220191,337.0351012093616,339.9224463575193,14594400
2021-06-28,352.8708801269531,355.351414273791,339.1088512451318,339.79348109205574,29156100
2021-06-29,349.15008544921875,353.9622975602913,346.3321719592447,353.49595592074894,21417300
2021-06-30,345.0025939941406,350.17204882576885,344.466820433669,349.4278886007124,15107500
2021-07-01,351.630615234375,351.9084338493456,343.80203488402134,344.1195505239757,17137000
2021-07-02,351.93817138671875,353.66461333834536,349.8743501691839,352.3350507654891,11521300
2021-07-06,350.03314208984375,355.9963560178773,346.4611667728856,353.72417820404075,13488500
2021-07-07,347.7608947753906,353.7141756872279,347.2747198571754,352.4937724794709,14218900
2021-07-08,342.9585876464844,345.6177125393496,339.89265158807626,343.0379816826625,14406500
2021-07-09,347.6914978027344,347.97921794083607,342.5815736156693,342.63120246289606,13018700
2021-07-12,350.4101867675781,351.4321656465033,346.91760551570826,348.49522163288634,10018600
2021-07-13,349.3484802246094,355.6986411619793,346.0840890261971,348.7630778385036,11456000
2021-07-14,344.9232177734375,352.4342819743491,344.03023159160176,351.79925073751554,13894200
2021-07-15,341.7778625488281,346.5107404450972,337.57088688988114,346.5107404450972,14781600
2021-07-16,338.5035705566406,343.29594856960324,337.49152365972935,342.22437128345916,11026100
2021-07-19,334.32635498046875,337.1442377209551,331.93511678295374,334.94152251311635,14372300
2021-07-20,338.99969482421875,340.77576560791334,331.8954419693958,336.16194824446416,11024300
2021-07-21,343.5341796875,343.8218998752074,338.59294428116044,338.84099772019425,9279700
2021-07-22,348.4555358886719,348.80281674381297,342.522086990995,343.9806423586199,12385400
2021-07-23,366.9106750488281,372.40751658266703,354.40877765238,358.09981344980844,33694300
2021-07-26,369.5598449707031,371.52443867186565,365.35286926957764,366.70226514354084,14925200
2021-07-27,364.9460754394531,370.24449233760663,361.7114494701859,369.01415718461413,15705400
2021-07-28,370.37353515625,374.6102768280347,364.07297199585037,371.64356750310543,29676900
2021-07-29,355.5299987792969,362.67391881987123,353.9622842712004,358.1891240675114,33413200
2021-07-30,353.5257263183594,357.92125598632435,350.1919028478955,351.24364693893176,15976200
2021-08-02,349.2095642089844,356.6015368440314,348.00896403538354,355.31167136622435,13180400
2021-08-03,348.5051574707031,351.0154571162281,344.9927425004173,349.98357658934486,12406100
2021-08-04,356.1253356933594,357.67318656110393,348.7730289315938,349.6759469844377,14180600
2021-08-05,360.14373779296875,361.0664890871515,354.12099453919336,356.83968013833373,10247200
2021-08-06,360.6795654296875,362.3067799430136,358.58597904613214,358.58597904613214,8925000
2021-08-09,358.79437255859375,362.9319169074044,357.94108333229246,360.92765618426364,7798900
2021-08-10,358.3180847167969,361.26496017610475,356.2443620276476,359.0126160349106,7469900
2021-08-11,357.1571960449219,359.5385026093773,355.0239428784297,359.2805476658655,8400300
2021-08-12,359.8262634277344,360.1735442509098,354.3293914916329,355.65898438949955,7170700
2021-08-13,360.3521423339844,361.8206294212598,358.6653973147733,360.143785948073,7195700
2021-08-16,363.7057800292969,364.09275783068705,354.5972673191107,359.69722899006086,11222100
2021-08-17,355.6589660644531,361.8305356773374,352.3052793550785,360.1536923226501,12328700
2021-08-18,352.6823425292969,357.05797793706466,352.384660276008,353.4761013114874,10042400
2021-08-19,352.3548583984375,354.7857936207644,348.2669435637918,348.6142243498319,12004500
2021-08-20,356.57177734375,357.18694489775766,350.5589656746457,351.83892962795636,8697700
2021-08-23,360.52081298828125,362.8425891488838,356.3039052424102,356.64125422848525,10942000
2021-08-24,362.6639709472656,365.094875886955,359.02253403016067,360.8283698916123,9235100
2021-08-25,365.5216064453125,367.9723451281747,362.5548669977145,362.75332184262254,9684500
2021-08-26,361.5428161621094,366.5634148299636,361.29476274855944,365.51167077890847,7888700
2021-08-27,369.72857666015625,370.8299192755366,361.2451317980848,362.2572090986586,11219100
2021-08-30,377.6960754394531,378.51959949765813,367.63501386017316,369.6591383120919,13547300
2021-08-31,376.426025390625,379.7797124259526,375.8505245076621,376.9915944473429,12345400
2021-09-01,379.0751953125,381.33744111851894,375.8604329249879,376.6343583249429,11567200
2021-09-02,372.35791015625,378.77753321392925,371.14740838049124,378.5294798195521,14832900
2021-09-03,373.3302917480469,374.2232779151266,370.20479474333473,371.8320395508646,7509600
2021-09-07,379.20416259765625,379.9780879459185,370.2444755627935,372.95322942168843,10793800
2021-09-08,374.6300964355469,377.90438920545546,371.8717438371521,377.1999260274363,11067200
2021-09-09,375.0567321777344,376.8724697008113,373.6378740295423,374.6995498243246,9098900
2021-09-10,375.7413635253906,380.8016588460184,375.31471895262035,378.39055683069006,11549600
2021-09-13,373.5783386230469,378.7775280081508,371.43515369148867,378.7080657914906,13026300
2021-09-14,373.59820556640625,375.64216326926356,372.1892488559139,374.46142659975425,8711600
2021-09-15,371.008544921875,374.62018689725124,364.80720954935725,374.06454967027025,17940300
2021-09-16,370.1551513671875,370.65125809772627,366.8312302165874,369.8872646334792,11934200
2021-09-17,361.8801574707031,368.518069098452,358.77452395434756,368.518069098452,26299000
2021-09-20,352.930419921875,358.2189055405732,347.0763349554893,356.50236496446865,19822800
2021-09-21,354.696533203125,357.2365976294864,352.4243555514342,355.70858018739267,11751900
2021-09-22,340.53759765625,347.1159782146659,338.0372304577377,344.5263154319161,43692900
2021-09-23,343.2662353515625,346.9473698962506,340.32929134487557,342.67090108913663,21806300
2021-09-24,350.211669921875,351.5908612269244,339.7041325472566,340.5673534510142,18801900
2021-09-27,350.8268737792969,352.38465640920737,344.3774853349106,347.0862393823371,15205800
2021-09-28,337.9975280761719,346.87785115390363,336.2810180731356,345.2605382784772,21710300
2021-09-29,336.96563720703125,342.5419029260096,336.24134067745075,340.4780817360786,14452200
2021-09-30,336.7474060058594,340.1308279140143,335.5170404865727,337.7991500549551,16547100
2021-10-01,340.3392333984375,342.33356235954994,336.0032643427392,338.95010998438113,14905300
2021-10-04,323.6898498535156,333.32423531875986,320.18733709756447,332.9174241139099,42885000
2021-10-05,330.3674621582031,332.5701777639631,323.6204211697277,326.02156134576114,35377900
2021-10-06,331.04217529296875,331.77640370121645,323.26319366414805,327.17251785068817,26443000
2021-10-07,326.6565856933594,336.201676355274,326.4184641021134,334.3760068358188,28307500
2021-10-08,327.4800720214844,330.8039934898283,326.1505094901377,328.92872561470415,15946100
2021-10-11,322.916015625,327.8869865159585,322.77709114902297,325.0790345912035,14708200
2021-10-12,321.2490234375,321.8542895489138,314.8988617207982,320.51479497836937,31658700
2021-10-13,322.0130310058594,324.45386814100897,320.1476644726713,324.42410294228614,14761500
2021-10-14,325.971923828125,327.9464191482135,324.5530656863524,325.8032341975856,14302200
2021-10-15,322.2313232421875,326.50776176514034,319.9988424702533,326.1207838969584,21596400
2021-10-18,332.7289123535156,333.2746480135661,324.94996119096635,326.38868305478695,21585000
2021-10-19,337.3427429199219,339.7935120917823,334.65385213782736,337.0053938787701,18786300
2021-10-20,338.12652587890625,341.3016212900496,336.8068952058719,340.77574932982407,13639500
2021-10-21,339.2179870605469,339.6446316371412,335.1697386557774,337.63043926024426,16354400
2021-10-22,322.0824890136719,327.06342138940005,318.6097409085051,323.80896151918506,35224500
2021-10-25,326.1307067871094,326.9939278171444,317.23054914233694,317.8060197357078,38409000
2021-10-26,313.3509521484375,327.6388209090137,307.1893146121801,325.7040226955759,65654000
2021-10-27,309.7889709472656,316.76423223444834,309.63021311740573,311.7436331999734,29971800
2021-10-28,314.4523010253906,322.98531250204474,305.7108726419722,310.5528791401369,50806800
2021-10-29,321.0505676269531,323.46163945137965,317.1114783524973,317.6968807534924,37059400
2021-11-01,327.41070556640625,330.85368850525396,323.46168392324455,323.5013809518082,31518900
2021-11-02,325.5253601074219,332.183133846682,321.2786879515053,328.7996825070457,28353000
2021-11-03,329.03790283203125,329.56377488260455,320.6834804225492,324.9400554002247,20786500
2021-11-04,333.2349548339844,334.64388123663895,330.0598590951158,331.40928538211995,22495300
2021-11-05,338.47381591796875,344.0897482903848,336.99542740599173,337.6601935331412,26872800
2021-11-08,335.98333740234375,342.10530814583177,335.7055188278553,341.73819398810986,18342500
2021-11-09,332.7586669921875,338.6524181419945,331.8656808167528,337.3526207608711,17556700
2021-11-10,325.0889587402344,330.595733468508,322.97553840539484,329.9011716649584,21872600
2021-11-11,325.1880798339844,329.8713292985275,324.4538514499528,327.2519011057933,12376600
2021-11-12,338.2357482910156,339.1981665270857,327.21223815711136,327.60911758764775,25414300
2021-11-15,344.85382080078125,350.89639911973836,340.5277832312008,341.65889120087684,25076600
2021-11-16,340.2895812988281,343.95085205070313,338.2158584260246,341.15280232033473,18181100
2021-11-17,338.1166687011719,344.5958232777505,337.4519024454214,341.5596516250175,13602800
2021-11-18,336.0528259277344,339.79346029139595,332.68920729614837,337.07480472247227,17487200
2021-11-19,342.611328125,349.35839846097593,337.2533809887532,339.5354903311976,26488500
2021-11-22,338.354736328125,351.07489042308794,337.8586295766536,346.33211109021926,27116800
2021-11-23,334.6241149902344,338.7417963388658,330.9033131185861,336.29102696154166,17225000
2021-11-24,338.4043884277344,339.1187834740705,330.2186257334472,333.3837897309682,13566200
2021-11-26,330.5262145996094,335.1201687600475,329.315712704807,333.18533998164787,14750700
2021-11-29,335.39794921875,338.0174075573323,332.69912711837196,334.26684150342027,16650900
2021-11-30,321.93365478515625,333.1952865516864,320.9116758657948,332.39159586170115,25390000
2021-12-01,308.1815490722656,327.9265935829965,307.87396527980366,327.7182372061574,30329600
2021-12-02,307.9732360839844,312.1504474345972,304.8080718434129,308.9753513670774,24396200
2021-12-03,304.4508361816406,311.30703621441194,297.1679915417255,311.287202841972,27471000
2021-12-06,315.39495849609375,317.60760590944744,303.954735944998,305.73080691553787,21758300
2021-12-07,320.29644775390625,323.9974151280257,318.5005436838794,319.0661126641519,18794000
2021-12-08,327.986083984375,330.15903391775504,320.5544147436998,322.469379483908,19937700
2021-12-09,327.2519226074219,333.51278849439655,325.44608644592824,326.97410398872734,16879200
2021-12-10,327.1824645996094,332.42135167676867,323.8287774793143,329.97058264885754,14528000
2021-12-13,331.8855285644531,338.43414460124114,327.0236878165198,328.37311410359496,22948700
2021-12-14,331.141357421875,333.08611788089667,325.09878022695415,325.4956596112595,20461000
2021-12-15,338.99969482421875,339.44617276651826,321.4573660255817,329.9010829872585,24681300
2021-12-16,332.2923278808594,341.7778874543909,331.14135647370017,336.34057631706844,22635000
2021-12-17,331.1910400390625,334.4851667155621,328.1747017247153,330.20872782447896,40012600
2021-12-20,322.916015625,327.33134917197896,320.0187378057088,327.21228835254965,17901800
2021-12-21,331.5978088378906,333.3837812684171,321.2291642430061,323.86845614497594,16116800
2021-12-22,327.8769836425781,331.9053682815048,325.7040335196158,331.20087485098674,16764600
2021-12-23,332.629638671875,334.0485269666962,325.8032050574643,327.5296771099157,13987700
2021-12-27,343.4844970703125,345.1613404781223,335.3781289082556,336.2115846993633,17795000
2021-12-28,343.524169921875,349.963626048627,342.51212302101527,343.93098110318874,16637600
2021-12-29,340.2697448730469,346.9671868790593,338.97987926535325,344.20883419741097,10747000
2021-12-30,341.6786804199219,344.52635905092467,340.54757259642133,341.3214980377505,10593300
2021-12-31,333.7310485839844,340.7658393357724,333.6516545396448,340.34909630287945,12870500
2022-01-03,335.90399169921875,338.42419237470216,334.5644973188107,335.66583985117506,14537900
2022-01-04,333.90966796875,340.41858727642335,329.2859485939772,337.3030520719377,15998000
2022-01-05,321.6459045410156,333.1456568355286,321.318457087581,330.4269709092636,20564500
2022-01-06,329.871337890625,336.529113208816,320.2071867379019,320.3064141577774,27962800
2022-01-07,329.2065734863281,334.37599809420357,326.31922814812157,330.1491582803403,14722000
2022-01-10,325.5155944824219,325.78348131244917,312.9739972906785,322.7770746556252,24942400
2022-01-11,331.7664489746094,332.02443419427567,322.74723119115595,324.23555155700546,16226800
2022-01-12,330.6651306152344,333.7509005316702,327.4602696256606,332.57016386603556,14104900
2022-01-13,323.93792724609375,333.0166761967169,323.22353219830933,332.37174337245716,14797100
2022-01-14,329.3157043457031,330.1392586318961,318.70893800587925,319.2844388795973,16868500
2022-01-18,315.6727294921875,321.68554108023267,315.1667211806874,320.77272158657684,22645600
2022-01-19,317.1015930175781,324.5531280704446,316.8436077495016,317.0916611903564,20814700
2022-01-20,314.0951232910156,325.2674577074556,313.5196527472708,321.3779672147133,16925000
2022-01-21,300.80938720703125,315.83148420546536,300.68039460419897,312.3587368736268,28710700
2022-01-24,306.3062438964844,307.1198662942084,286.7596546601461,295.52088719382215,38878100
2022-01-25,297.81292724609375,303.8456033215666,295.2629308448496,297.614502679901,25108500
2022-01-26,292.33587646484375,305.1155915443927,288.5853105419286,304.61948478062106,28348800
2022-01-27,292.3458251953125,299.3607522279332,291.96877918824987,295.4315949100361,21629900
2022-01-28,299.36077880859375,299.54930182886426,290.74837139396675,293.3182011734946,21871600
2022-01-31,310.82086181640625,311.34673384669173,296.9894009293225,298.3387969768634,21579500
2022-02-01,316.5161437988281,317.1710084195929,309.6897092695964,312.110712917288,18023800
2022-02-02,320.4850158691406,325.44608422624805,314.40274121853355,325.26749303258214,58458300
2022-02-03,235.90869140625,246.06896374683373,233.91434759401633,242.7450422531335,188119900
2022-02-04,235.24391174316406,240.72093489028182,228.31826526183067,233.14042381897158,89342200
2022-02-07,223.1587677001953,236.44450739450184,222.26576636304068,235.8491731697321,88613800
2022-02-08,218.465576171875,224.01206152431283,214.4669567033592,219.1303725857273,94729700
2022-02-09,230.1935577392578,231.55288554145955,220.47979314969592,222.45428854589056,86563300
2022-02-10,226.294189453125,233.1702232371406,224.934846367152,226.49262916830958,49310400
2022-02-11,217.8404998779297,228.6258569131585,217.06657447768202,226.68112672688727,46156900
2022-02-14,216.00491333007812,219.2792214751233,213.10765122512285,217.60237794732865,38184000
2022-02-15,219.27920532226562,219.42803130608593,213.38545412333406,218.75333332612993,42685500
2022-02-16,214.85394287109375,215.76679277675476,210.70649697006257,210.7561106818888,45817500
2022-02-17,206.0926971435547,215.8064617968669,205.54697662595777,212.35356264731095,38747500
2022-02-18,204.55474853515625,209.10900508345037,203.58236835806525,207.759594053588,37128400
2022-02-22,200.50653076171875,205.86447827017005,198.50225500397403,200.76450085331822,39852400
2022-02-23,196.90480041503906,205.3286999507496,196.50792100175778,202.57034715050102,44481400
2022-02-24,205.98353576660156,206.72769591729016,188.7388596965179,189.57231543169465,49957200
2022-02-25,208.84112548828125,209.6745964633609,201.59796279185824,203.3442685110929,37627600
2022-02-28,209.38685607910156,211.49034428010935,205.21956156352897,206.06293412526344,34239800
2022-03-01,201.90554809570312,210.10122686689581,200.64543260210104,208.23586048014417,27094900
2022-03-02,206.48956298828125,207.52145842115084,200.4469860879729,203.18549004210848,29452100
2022-03-03,201.3896026611328,207.45202857519675,199.85166849923849,207.39249817950693,27263500
2022-03-04,198.5022430419922,204.28684993255428,197.24212757746724,200.79425395071016,32130900
2022-03-07,186.01028442382812,199.32578909187365,185.82176141781613,199.2265616760848,38560600
2022-03-08,188.80833435058594,195.16842766775892,184.66088843878129,186.3873456909563,37508100
2022-03-09,196.9544219970703,197.54975628076116,192.41008137550406,194.21591760004782,31894700
2022-03-10,193.6900177001953,194.75167834752023,189.58225412516933,193.32288838403682,24853000
2022-03-11,186.14918518066406,192.05285278974358,185.2165020189651,191.14001813828725,34694500
2022-03-14,185.1768341064453,190.79275173053884,184.3731434907347,185.57371350137103,31010500
2022-03-15,190.53477478027344,190.7828281781689,184.46243244458515,189.3143563018215,31721700
2022-03-16,202.04444885253906,202.1436611229739,193.00538285917506,193.18397402994407,40640300
2022-03-17,206.22169494628906,206.42013466134534,199.54410088177565,200.1295033401846,29499700
2022-03-18,214.8043212890625,215.1119050734654,204.3959954860092,205.090541957238,52128000
2022-03-21,209.84327697753906,213.0382062435741,206.01333156086238,212.8298347088417,30142300
2022-03-22,214.96307373046875,217.75120670745483,208.54345042733235,209.72418705211007,31998800
2022-03-23,211.7979278564453,215.1119177429049,210.50804711106318,211.66893523991357,23717300
2022-03-24,217.8603515625,218.95177745927012,213.1175565355208,213.325928057074,31502300
2022-03-25,220.0928192138672,223.7441578485975,217.1856256093876,218.79300673228764,40039000
2022-03-28,221.8490447998047,222.29553791114895,217.830576517749,220.4004213594452,26224100
2022-03-29,228.0702362060547,229.09221508129363,223.53581243884693,224.3097530350269,31417900
2022-03-30,226.07586669921875,229.35015934967984,224.94474384142845,227.12761065506166,25588000
2022-03-31,220.6286163330078,226.7108905356395,220.5293889171824,226.67119351331812,24192300
2022-04-01,223.0992431640625,225.51031504373782,220.9659747526021,222.80157604386122,19544800
2022-04-04,232.06884765625,232.52527259224502,224.10137333817107,224.22043413017906,28054800
2022-04-05,230.03480529785156,235.01572198026443,229.2211979906724,232.2573692886443,29727200
2022-04-06,221.56129455566406,227.20699222567552,219.68601150256504,225.14318617073423,28995100
2022-04-07,221.2140350341797,223.76403143713907,216.85821762186922,222.18640019306102,21037200
2022-04-08,220.59886169433594,223.37706293065762,218.31676728092958,220.6484754046232,18375700
2022-04-11,214.7745819091797,218.89226266496607,213.5442314837016,216.719312262378,20516600
2022-04-12,212.47262573242188,220.30119065314656,211.4704954183544,218.5251349202986,20128800
2022-04-13,213.31602478027344,214.92340609908956,209.68451907333844,210.17070922753877,19231800
2022-04-14,208.54347229003906,213.3160329982505,208.36488108772562,213.21680557031203,18379500
2022-04-18,209.12887573242188,211.71855397049873,206.6781068000665,208.36486698096425,16580800
2022-04-19,215.61795043945312,216.7292249062666,207.37265725519583,208.88082627442776,20089900
2022-04-20,198.85946655273438,212.49248814621333,197.37114601309614,211.94676758701675,43036500
2022-04-21,186.60560607910156,201.38958163792174,184.13498893603338,200.03025394497672,49954100
2022-04-22,182.67645263671875,191.21941262522995,181.84299681832218,188.88770453092923,36426800
2022-04-25,185.5340118408203,185.72251969233,180.24551195428148,181.30717254952796,29281100
2022-04-26,179.54107666015625,185.7324959666093,178.10236973762557,185.17685868397513,31747400
2022-04-27,173.5877685546875,179.79903546123612,167.68410058572994,173.07181323676826,71062900
2022-04-28,204.12811279296875,206.90631407931315,191.39800967095255,201.33999482037984,100890600
2022-04-29,198.9090576171875,210.82553726399675,198.3434886093317,202.867995252245,49193400
2022-05-02,209.486083984375,210.2302442617145,199.4250376403443,199.60362883971555,49915300
2022-05-03,210.37905883789062,213.2267071664261,206.4697346374748,208.8113594552885,41556300
2022-05-04,221.6704559326172,222.55352547851587,205.34854436270368,209.00980002605064,41375900
2022-05-05,206.65823364257812,218.45565195579698,204.5547457953696,217.0367938694191,41129200
2022-05-06,202.183349609375,207.7496679630563,199.45476247796213,205.72554393991226,34747200
2022-05-09,194.68223571777344,200.99271477399856,194.0571363094751,198.28396076469102,36303200
2022-05-10,196.11102294921875,201.37969017738874,192.67797217965332,197.95654095400684,34452500
2022-05-11,187.27040100097656,199.10750202518517,186.8040593960686,194.80129861899218,31153400
2022-05-12,189.7509307861328,196.5079028540961,183.3412243877256,185.60347014246278,38262200
2022-05-13,197.07347106933594,198.33358664883283,189.7906264841729,191.08050726208492,24549800
2022-05-16,198.48240661621094,203.7709070471389,194.4044080173516,195.5156975710409,27112600
2022-05-17,201.0423126220703,203.8602107221061,196.81548818198343,200.54620582741316,24872700
2022-05-18,190.74314880371094,199.43493452984333,190.1378978992899,198.44272092521723,23960000
2022-05-19,189.800537109375,193.76939159776364,188.12370880561264,189.71124151698106,24446900
2022-05-20,192.0330047607422,196.36898829099752,186.4071557210518,193.451878017089,31465600
2022-05-23,194.70205688476562,195.45614885766236,189.7509210562927,193.6701614744556,25059200
2022-05-24,179.8684844970703,182.24979113801103,174.73874187922655,179.14417279094744,50406300
2022-05-25,182.39865112304688,184.00603251486388,177.9237726678139,178.9953501690386,28030200
2022-05-26,190.13790893554688,191.32856230221216,180.84085662538251,181.4560393911431,23056500
2022-05-27,193.6106414794922,193.80908116828513,188.32214126028134,189.86999202883518,22562700
2022-05-31,192.13223266601562,196.06140501525076,190.51491972252046,193.3724996128733,26131100
2022-06-01,187.17115783691406,197.9763624658303,183.55950122913978,194.9798733957611,36623500
2022-06-02,197.31161499023438,199.37542128214022,186.26827177623153,186.98266684419815,31951600
2022-06-03,189.29452514648438,195.07913273257265,188.3023114639302,194.45403326777017,19465000
2022-06-06,192.7374725341797,195.38668076457046,186.93301749839526,192.47950247435816,30574200
2022-06-07,194.12657165527344,194.9997244090153,189.99897486480518,190.43553610169909,18828700
2022-06-08,195.10887145996094,200.45690187772112,192.8962394872638,193.1542095593346,22267200
2022-06-09,182.56732177734375,197.8970204964128,182.24980612445378,192.76727745674913,23501600
2022-06-10,174.2029571533203,181.6743246989857,173.65723661984313,181.6147791626238,27450800
2022-06-13,162.98098754882812,171.2362113127509,162.75278267813596,169.26170095508755,31749300
2022-06-14,162.45513916015625,165.45162866818345,160.10359761848122,164.73723361805804,27244300
2022-06-15,168.03138732910156,170.81950525732464,162.70318974465354,165.8981189021135,30008300
2022-06-16,159.61740112304688,163.79462714887313,158.36721740504552,162.4452160123095,26944100
2022-06-17,162.465087890625,164.60825812401563,158.6549755135271,160.4211148101069,31374200
2022-06-21,155.8271484375,166.45374758302697,154.75555593593816,164.63799488371197,50724900
2022-06-22,154.63648986816406,159.5380121523933,154.22967867369047,157.1467889716582,47267800
2022-06-23,157.513916015625,158.5061296598179,153.04895461675687,155.05323041722062,40499200
2022-06-24,168.8350830078125,168.92437860519823,160.04406921900008,160.4707138331624,68736000
2022-06-27,168.17030334472656,170.41270082808344,166.7018161864418,169.98605620964864,29174600
2022-06-28,159.4288787841797,169.96619782883943,159.35943170287592,168.57708966300072,27744500
2022-06-29,162.6634979248047,165.03488779285908,159.07168958356175,162.29638374229557,28595200
2022-06-30,159.99444580078125,163.9434517587167,157.25594166723448,160.8874320004222,35250600
2022-07-01,158.78395080566406,159.36935323149515,153.7931173068404,159.0617694192781,31423900
2022-07-05,166.8804168701172,166.93994726695396,155.7973921729659,156.9086666205292,28618600
2022-07-06,168.4481201171875,170.2539411358276,164.17168159339727,166.89033737772058,23085900
2022-07-07,170.84927368164062,171.37514571376303,166.47360777815038,168.13060278464656,24083400
2022-07-08,169.54946899414062,171.05762280254982,166.84071489855444,168.65646764813104,19249200
2022-07-11,161.61175537109375,166.1858606545308,160.64930697171704,165.76913276098287,21885600
2022-07-12,161.99871826171875,164.61816155285183,160.83783016973706,163.5168038543085,16639700
2022-07-13,162.21701049804688,163.6953991051211,158.3672168002053,158.91293732025682,16555100
2022-07-14,156.81935119628906,161.32399395376947,156.05534254020475,159.96466626461358,23765200
2022-07-15,163.41758728027344,163.6954058947358,158.57559489965857,159.2899748082911,23342800
2022-07-18,165.92788696289062,170.35316657049168,164.35027086909628,165.4516286428729,23574300
2022-07-19,174.41131591796875,175.11579427805594,168.19013203148896,169.0434363845627,25933700
2022-07-20,181.66441345214844,182.17045215868785,175.32416813946756,176.10802548725275,24784300
2022-07-21,181.74375915527344,182.41847226069277,177.47723774446465,179.2235433302716,27195800
2022-07-22,167.95199584960938,174.23270958756183,167.09869157067797,171.72241045744528,42583900
2022-07-25,165.3524169921875,169.2419082532573,163.52674730799913,167.68412538339254,26166300
2022-07-26,157.91079711914062,164.70746671110234,156.720143761273,164.6479363142058,28468400
2022-07-27,168.25961303710938,169.53956213960683,160.75847935368273,161.32403333014142,43846600
2022-07-28,159.4685516357422,160.25239362295426,153.644263355895,159.80590058517643,73214300
2022-07-29,157.86117553710938,158.89307092618188,153.9617685690305,156.46215085405942,42065400
2022-08-01,158.68470764160156,163.9037606652723,154.02130693001527,156.0255825636675,40596700
2022-08-02,158.9427032470703,160.97674420933518,156.77966966857088,157.0773367845084,27374500
2022-08-03,167.48565673828125,168.21988510406044,160.31195673384136,161.42323110797926,31721900
2022-08-04,169.2418975830078,170.80958190125747,165.50124770571404,166.98956825137697,23938200
2022-08-05,165.80882263183594,170.27378402922727,164.50902518076973,165.68976183936536,25832700
2022-08-08,168.9243927001953,176.12785914996925,165.82869061268593,166.69191173939979,27299100
2022-08-09,167.21775817871094,168.20997178691073,165.30279318207488,167.63448607735745,18655100
2022-08-10,176.9513702392578,179.07470674304471,172.59555312980802,174.6196773573301,30262100
2022-08-11,176.10801696777344,181.67433649056517,174.99672731657017,178.3107326167913,24079100
2022-08-12,179.0945587158203,180.04709045423732,177.51694269092118,179.402142516149,21274000
2022-08-15,179.48150634765625,180.0272268217476,176.8124495070817,177.56654148581777,15878700
2022-08-16,178.0725860595703,179.58075505593564,175.66149900261934,178.0428208610876,21156700
2022-08-17,173.48855590820312,176.75293202621683,172.81384278005555,175.38367239848955,20118100
2022-08-18,173.300048828125,174.39147481635746,170.52184743447762,172.9825331762889,18844500
2022-08-19,166.6522216796875,170.9782740683237,165.74930356844013,168.87477070432132,26240800
2022-08-22,161.78042602539062,164.20142956470605,160.996568824722,164.20142956470605,19499700
2022-08-23,159.85552978515625,163.76485369577472,159.44871858552835,161.2148575390599,18111800
2022-08-24,161.98880004882812,164.1716822581917,158.52598399302542,159.34952316474363,20891500
2022-08-25,167.46580505371094,167.56503246665474,162.74287391315033,163.89383014741966,15550500
2022-08-26,160.5203094482422,169.589140833169,160.41116535041576,167.16813731045715,24023600
2022-08-29,157.93064880371094,161.78044270679146,157.77189098214532,159.4090526295797,20052700
2022-08-30,155.93630981445312,160.40127149563065,154.6960426807927,159.10147396195126,19567900
2022-08-31,161.66134643554688,166.53311859967866,160.87750439263087,165.76912506695646,40953000
2022-09-01,164.07244873046875,166.05687601790066,159.10146382584418,162.30630965585266,30145700
2022-09-02,159.07168579101562,166.62241647598805,157.98024481501335,166.14615820463135,22634200
2022-09-06,157.30552673339844,160.43100844381465,156.46215431501463,158.8533925612111,19339800
2022-09-07,159.1411590576172,159.7067281491609,155.5890320983898,156.5316321109827,16831200
2022-09-08,160.79815673828125,160.96683125776227,156.51180124210805,157.47424978383748,22530800
2022-09-09,167.83294677734375,168.21990952737565,161.75068689299516,161.97889181224986,22086800
2022-09-12,167.64443969726562,170.05551181144762,165.97751274599625,166.08665686268637,23220400
2022-09-13,151.9376983642578,160.37151534927344,151.4812733717126,160.28220460422338,44444100
2022-09-14,150.2906036376953,152.34447803217273,147.88944840773684,152.1361216428672,43064200
2022-09-15,148.3855438232422,152.99933091133602,147.54215622478398,148.63359721808547,34606300
2022-09-16,145.15093994140625,147.4231178621415,143.16651248084165,146.8972457962903,40122800
2022-09-19,146.86746215820312,147.4230993550111,143.9702002462915,144.10910954549348,22169500
2022-09-20,144.95248413085938,147.68107158621052,144.08926312614136,144.64490033101634,23217400
2022-09-21,141.01339721679688,148.43516612082303,140.89433642517437,145.25015368511407,38338600
2022-09-22,141.7079620361328,143.4542526254641,139.77313328922853,140.44784645009264,34418500
2022-09-23,139.3167266845703,141.50951044279367,137.80855764915447,140.31885705271978,31710700
2022-09-26,135.30816650390625,141.13247074803093,135.12957531950997,139.028967578612,30497000
2022-09-27,133.35348510742188,138.3344009957248,133.07566654536285,136.84608078184743,30826500
2022-09-28,140.5073699951172,140.92409789474942,133.22452572729918,133.57179140700362,32658500
2022-09-29,135.34786987304688,138.7511554817555,134.1472846750604,138.2748971610571,38985400
2022-09-30,134.62351989746094,139.8921862798723,134.44492873533332,134.99064918623955,33166400
2022-10-03,137.5307159423828,138.5328461423061,135.04026546971457,136.07216086389462,27723100
2022-10-04,139.18771362304688,141.2812847896686,138.25503047678262,139.396085127203,34670700
2022-10-05,137.89784240722656,139.11827604059891,133.73054829955544,137.1636140300522,27979300
2022-10-06,137.9871368408203,140.34859464361043,135.53636831785929,136.6476425779958,36231100
2022-10-07,132.41090393066406,137.21321419500794,131.4087736296269,135.695128574833,33214800
2022-10-10,132.74822998046875,135.05017243720468,130.84318198522644,132.51010844354823,24024000
2022-10-11,127.53910827636719,131.6270379238485,126.00118199407298,130.59512747303748,38481400
2022-10-12,126.50723266601562,128.6603343385144,125.2669656790939,127.32085507662566,34605200
2022-10-13,129.27549743652344,130.11888501437636,121.57592569909303,122.56813925422476,34325700
2022-10-14,125.77300262451172,130.76382843262456,125.53486590146892,129.9799863217405,23559400
2022-10-17,132.99632263183594,133.7404829345073,129.16637700182142,129.2854529454353,29612200
2022-10-18,131.7659912109375,136.76674193219262,130.37688285393622,136.02258160736426,25445000
2022-10-19,132.192626953125,135.9332768396588,131.19049656696248,131.85527792886984,30691000
2022-10-20,130.505859375,135.70506431958893,130.28757116213697,131.89495242051143,26356300
2022-10-21,128.99769592285156,129.10684003395843,124.46328724863885,125.32650831104277,46348600
2022-10-24,128.70994567871094,132.44066325636285,123.60004427257866,126.25917694643074,63563400
2022-10-25,136.4392852783203,137.27275620010687,129.57316905393745,129.86091947335717,38433200
2022-10-26,128.80918884277344,134.49456906227655,127.52922470090857,130.65469177666142,82791500
2022-10-27,97.17740631103516,101.70189808643511,95.62954788524887,97.21709576502857,232316600
2022-10-28,98.4275894165039,100.06474342579838,96.75075352345948,98.80463544203202,95928300
2022-10-31,92.43463134765625,98.54666376504666,91.87898653153731,97.4552302158687,121361400
2022-11-01,94.45873260498047,96.73090267934045,92.8215862051481,93.5955116094301,110189600
2022-11-02,89.83503723144531,94.45874954494421,89.7755068265904,93.47646001488596,71821100
2022-11-03,88.21772003173828,89.75564666078411,87.7216132023707,89.37860819566096,60664000
2022-11-04,90.08306121826172,90.67838778209118,87.40408032604721,89.64648487212573,55638100
2022-11-07,95.9668960571289,96.12564628921443,92.37508027008157,94.04199934191713,81987300
2022-11-08,95.7188491821289,97.03849511420917,94.05192999686678,95.17312866285086,52088300
2022-11-09,100.67991638183594,104.0832093724771,99.95559711456131,100.92796978473984,107677300
2022-11-10,110.99893951416016,111.87208476763833,103.79546657050064,106.28592485654346,80671000
2022-11-11,112.13997650146484,114.00534289363566,107.9627582000439,108.37949366062841,59961700
2022-11-14,113.33063507080078,115.36466834540867,109.9372664813659,110.12578191189753,53395000
2022-11-15,116.16837310791016,117.81544379009492,113.51916454422182,115.16623522640658,50670500
2022-11-16,112.34835052490234,115.17615780277245,111.78278906932832,113.60845848030793,33287800
2022-11-17,110.58220672607422,111.45535957072005,108.94506028234187,109.55031120602072,35093800
2022-11-18,111.17754364013672,113.42986531772654,109.75867780342048,112.91391754527949,33357700
2022-11-21,109.00459289550781,111.4950512926187,108.33981156253067,110.65166362870413,24351100
2022-11-22,110.57230377197266,110.75090255146756,107.47659411739107,109.00460421529408,29029000
2022-11-23,111.36605072021484,111.79270286479202,109.86781365645757,110.85010298653472,21343100
2022-11-25,110.54252624511719,111.85224795871838,110.15555595769946,110.43338213815132,12007600
2022-11-28,107.93299102783203,111.16760938845886,107.53610408548704,109.91741816956821,23309400
2022-11-29,108.60770416259766,110.07618368108777,107.6948694302875,108.68708307062184,23899200
2022-11-30,117.18043518066406,117.23997314960913,108.52833059963122,108.65732322402079,43348600
2022-12-01,119.50221252441406,120.25628943600728,117.4780958022648,118.27186216762439,36551400
2022-12-02,122.52845764160156,123.07417815982849,116.69424428941612,116.91253249670689,39950500
2022-12-05,121.47671508789062,123.69927150066809,120.40512255012695,120.80200951633452,35474900
2022-12-06,113.2314224243164,119.61135638173694,112.8543763993124,118.97634026277038,43689200
2022-12-07,113.04290008544922,114.97771365164438,112.00107273750456,112.87422558377872,29461100
2022-12-08,114.43199920654297,116.42634314272308,113.69775567353206,115.48374322681642,30619400
2022-12-09,114.99755859375,116.62478830403349,112.9833661822399,114.40223194340052,26033400
2022-12-12,113.81681060791016,114.81894837070688,112.25903570296315,114.28315216792413,24747100
2022-12-13,119.2144775390625,122.33995220727563,117.71623273284158,121.17905642537491,44701100
2022-12-14,120.64325714111328,123.17340504101887,118.46039008353992,118.46039008353992,36922000
2022-12-15,115.24560546875,117.70629083616666,113.12226907509665,117.40863131284408,34531000
2022-12-16,118.50007629394531,122.34986252333044,117.8948253630125,119.29385024041143,67064000
2022-12-19,113.58861541748047,116.8827642422822,113.43978186458503,115.9203158462125,29769900
2022-12-20,116.17829132080078,116.41642804447906,111.58434489885498,112.37811883780395,28742500
2022-12-21,118.82750701904297,119.40298517401476,114.71974317671537,115.79132814906961,20392800
2022-12-22,116.20806884765625,117.69638936664268,113.48939791591519,116.2874401888101,23618100
2022-12-23,117.12090301513672,117.25981232393049,114.6403688295484,115.12655141032663,17796600
2022-12-27,115.96993255615234,117.67654130229182,115.14640095236707,117.01175995140878,21392300
2022-12-28,114.71975708007812,117.23005666906867,114.61061296142721,115.34484902054136,19612500
2022-12-29,119.32361602783203,120.0876172098368,114.86857127552733,115.49367072170247,22366200
2022-12-30,119.4029769897461,119.48235589188383,116.8232232301799,117.23995868140861,19583800
2023-01-03,123.76873016357422,125.38604327854202,121.32788546177093,121.86368174801889,35528500
2023-01-04,126.37826538085938,128.04518474828575,124.8700962736693,126.38818206775602,32397100
2023-01-05,125.95159912109375,127.51929845470177,123.57028492333293,125.14790094273111,25447100
2023-01-06,129.0076141357422,129.3151979236821,125.05860074966127,127.96578684693003,27584500
2023-01-09,128.4619140625,131.91481363671815,128.27339102960076,130.1387577046288,26649100
2023-01-10,131.95449829101562,132.4009914039198,126.15996665938663,126.27902745216674,28684400
2023-01-11,131.85528564453125,132.8078175134379,129.325137534604,129.94032035951514,25423000
2023-01-12,135.64553833007812,136.6079716671771,130.7340685210791,132.40099536982513,30757700
2023-01-13,135.91342163085938,136.3202328612328,133.79008502400478,133.91907764338632,22423800
2023-01-17,134.3060302734375,135.68520653868867,133.20467259831045,135.11963753309317,21147600
2023-01-18,131.98426818847656,136.18132782317699,131.76597996728842,134.75253769902895,20215500
2023-01-19,135.08985900878906,136.37973955851925,131.1110884113673,131.45836918474794,28625200
2023-01-20,138.28480529785156,138.85037431994746,133.56187398797255,134.831906191301,28688600
2023-01-23,142.15444946289062,142.6406244467156,137.5803440727501,138.20542835766489,27470100
2023-01-24,142.0254364013672,143.87095407300617,140.25929762463457,140.58672988863236,21970200
2023-01-25,140.39822387695312,142.05521876598272,139.21748727495543,140.12040528118638,26622000
2023-01-26,146.153076171875,146.36143256354927,142.18422150401676,143.27564745369034,25482100
2023-01-27,150.55850219726562,151.99720893784095,146.24236683556117,147.08575448002523,35771900
2023-01-30,145.91493225097656,149.9433171179442,145.80578814738973,148.24664030943237,28040100
2023-01-31,147.81005859375,148.71297658740454,146.37135192714462,146.79799650042315,29842100
2023-02-01,151.927734375,152.38415927092325,145.91492266683247,146.87737102434204,55661000
2023-02-02,187.3001708984375,195.62484263627775,178.75721095112047,181.95214004621323,150475700
2023-02-03,185.07757568359375,195.237846975419,181.46591929087057,182.04140491509264,76809700
2023-02-06,184.6112518310547,189.21512212589636,184.0754631723348,185.07759341363374,42483800
2023-02-07,190.1279754638672,192.2711605893038,182.9641916734573,184.13501165753016,47080700
2023-02-08,182.0017547607422,189.3441453472471,181.49573121569117,188.52060614570775,36139100
2023-02-09,176.53466796875,185.1966897369062,175.8897350894869,184.68074948948782,37118800
2023-02-10,172.79397583007812,177.4970732939062,172.00021713810386,174.9768576529371,33433600
2023-02-13,178.0328826904297,179.59066534207818,174.45100605417406,176.83231268780145,31463200
2023-02-14,178.08250427246094,180.096696800279,174.51054416410403,175.78057644351702,24034600
2023-02-15,175.78054809570312,176.80252679416841,173.96479556562042,175.04630465196112,25308900
2023-02-16,171.09732055664062,174.4807726641265,170.45237261399396,171.40490435914325,25827500
2023-02-17,171.5338897705078,171.8315417346345,168.37864269096454,168.89459799541382,24171300
2023-02-21,170.74012756347656,176.78270508862917,170.541687860479,172.95275977485835,34592600
2023-02-22,169.78758239746094,171.41481205762443,168.36872424999137,169.73798383060884,22433200
2023-02-23,170.70042419433594,172.33758574816875,168.06114747660433,170.66074231120285,20017800
2023-02-24,169.06326293945312,169.39069522147642,166.35452423904934,167.32688926022405,19791300
2023-02-27,168.21987915039062,171.7720054876957,167.74362088404132,170.54167037129523,19277000
2023-02-28,173.57786560058594,176.16754394080883,170.5317623007158,170.56152750026024,46051100
2023-03-01,172.06968688964844,176.46520116867393,171.70257268922543,173.23057502664264,30998400
2023-03-02,173.17105102539062,173.64730934892816,170.0951825850901,171.03779768581322,17352000
2023-03-03,183.8075714111328,185.16689921321293,175.67142283010665,177.52685743761492,45877700
2023-03-06,183.46026611328125,188.18321196038752,183.20229605927022,186.53613395253154,33209400
2023-03-07,183.07333374023438,188.87778960526148,182.57722691894926,187.52837844576686,36701500
2023-03-08,183.52975463867188,183.81748992709475,179.92801435060838,181.44609997913568,19432400
2023-03-09,180.2753143310547,187.4589320189714,178.89613785727124,184.89903392862337,26582800
2023-03-10,178.11227416992188,183.3313278726715,177.40781092790243,179.60059470599492,25665000
2023-03-13,179.491455078125,182.3490354235612,173.45880901106162,176.5743594721353,24728000
2023-03-14,192.50926208496094,192.80692915456902,185.10734292193126,186.11940490260835,41642600
2023-03-15,196.2102813720703,196.24004657523926,189.35408029584013,191.44765204528298,42123600
2023-03-16,203.33432006835938,204.15785915002033,194.56315572437018,196.71625735908384,50447100
2023-03-17,194.0869140625,200.32793130379721,193.90830773144071,198.99836863693588,50141100
2023-03-20,196.26979064941406,197.807724920832,192.1322613145537,196.93457201525698,25186300
2023-03-21,200.58592224121094,201.9650986580919,196.4086959647701,201.61781781226705,31827000
2023-03-22,198.25421142578125,205.75534436543967,198.1153021172683,200.9232686264753,28477800
2023-03-23,202.68939208984375,206.26136708985172,200.57597228650752,201.26060208984055,27389700
2023-03-24,204.40591430664062,205.96369689550627,201.96507737654167,203.58237521787427,27716400
2023-03-27,201.26058959960938,204.25707871143297,199.7921178085074,203.21525147275494,18527200
2023-03-28,199.11740112304688,199.46468190963645,196.35904875977394,198.59152917076673,19127300
2023-03-29,203.75106811523438,204.1181823011788,200.962935191242,201.9749972989551,18851100
2023-03-30,206.22169494628906,206.46974837510436,201.24079299646337,201.7964302546129,22608300
2023-03-31,210.28977966308594,210.51798458103676,205.1600365127496,205.62637817550564,25440300
2023-04-03,211.4109649658203,211.8276928727448,206.57887430271677,207.21389041897956,17924600
2023-04-04,213.04811096191406,214.5562799124581,210.885077384689,211.72846502268536,21026400
2023-04-05,209.83334350585938,213.51446289742063,208.3053411097266,212.48255219823199,19396600
2023-04-06,214.4173583984375,215.25081416311986,207.02535519459414,207.6206893922116,26104400
2023-04-10,213.07789611816406,213.98081423589207,209.01974564175555,213.03821423100212,16106100
2023-04-11,212.18487548828125,214.3379770928918,211.74829910025377,213.80217329304816,16710100
2023-04-12,212.33370971679688,215.15159269813535,210.92476822612764,213.16716550452043,18972200
2023-04-13,218.63427734375,219.42803612820578,214.0105582384014,214.05024012163284,23310400
2023-04-14,219.7654266357422,220.3805943095043,215.85610207929741,216.18353443016505,21591200
2023-04-17,217.15586853027344,219.25935651194632,215.4393432459834,218.0786199086563,15481900
2023-04-18,216.1934356689453,218.7235835521437,214.52652397270768,218.19771151892738,12281000
2023-04-19,214.0204620361328,215.63777498502634,211.27202623352866,211.80783003474696,15898100
2023-04-20,211.4109649658203,215.0623038493368,211.11329784945184,211.8177610468795,16475400
2023-04-21,211.23236083984375,211.74831617092386,207.9481361196577,208.5732355565436,17717200
2023-04-24,211.13314819335938,212.25435452781917,209.06935700458934,212.01621778758587,15750900
2023-04-25,205.93394470214844,209.61504884053275,205.51721678874523,209.1784875550475,19198200
2023-04-26,207.76953125,212.44286418050763,207.25359105527792,210.84539960612796,41992700
2023-04-27,236.70248413085938,239.8081176766573,234.9264283723866,238.02213009217323,71196500
2023-04-28,238.44879150390625,238.5579204709665,233.91436785871295,237.1489789055397,39554000
2023-05-01,241.28651428222656,242.10013676312872,234.61885231326877,236.76202234544346,29143900
2023-05-02,237.377197265625,243.01296348744427,237.1291438550172,241.2865062992217,24350100
2023-05-03,235.1844024658203,239.86765214917628,230.93772921497737,237.60540621704422,34463900
2023-05-04,231.70172119140625,236.3452735137011,231.11630366840006,234.22193704205742,17889400
2023-05-05,230.9674835205078,232.85268332838044,228.0603049028967,230.43169483131584,27000500
2023-05-08,231.45367431640625,233.7853672287388,228.47703347004094,229.618073071823,16400500
2023-05-09,231.55288696289062,234.043352831237,229.2807244414687,229.6577704607354,16865600
2023-05-10,231.2651824951172,234.90660513811633,228.9235574412563,234.3311193467459,19119000
2023-05-11,233.9540557861328,236.35522620301435,230.49123974968126,231.2354000059932,20449000
2023-05-12,231.98944091796875,235.11492259304225,229.64781640285656,234.89663440722848,16161400
2023-05-15,237.00015258789062,238.38924563922228,233.4976396213384,235.07525568820336,20653200
2023-05-16,236.96046447753906,237.77407177480512,233.68615649688385,233.9540432740443,18163800
2023-05-17,240.60189819335938,241.94137756334118,236.2857626745779,236.5933464897594,21193100
2023-05-18,244.92796325683594,245.16608486045604,239.31202995843714,239.42117407342297,22943300
2023-05-19,243.7273712158203,246.75362601085467,241.5147389171471,245.54312409284094,21733600
2023-05-22,246.38648986816406,251.5956112987984,243.21139421750922,243.49914464158914,27738500
2023-05-23,244.81878662109375,249.65086195908967,244.72947589162,244.88823369959792,17748100
2023-05-24,247.26956176757812,247.64659264626343,243.04272207618027,243.37015438607577,17724300
2023-05-25,250.72247314453125,253.62965191246678,247.2298768085311,251.4269363674874,22371400
2023-05-26,259.9996643066406,260.2675510820646,250.7423094564224,250.9605825230714,25727200
2023-05-30,260.4759216308594,266.5581962700264,259.25551819647967,263.18467584953015,23816500
2023-05-31,262.6588134765625,262.93663210305795,256.43764444041886,257.97556357281155,25473700
2023-06-01,270.4873352050781,271.8665266446984,263.81968887583463,263.8295904214734,25609500
2023-06-02,270.4873352050781,273.2060210618952,269.0089466293334,270.5369640530964,19416900
2023-06-05,269.27685546875,273.42430092681104,267.46108767771483,268.1953160303984,20742900
2023-06-06,269.0089416503906,274.4165177871543,267.5900834945639,268.036591718684,19419000
2023-06-07,261.5475158691406,272.11458484922684,260.75372680643784,269.5546870369073,26163600
2023-06-08,262.51983642578125,265.56593916023627,256.8642376024119,258.59067941544686,20899400
2023-06-09,262.8869934082031,265.8636340720592,259.6622993556924,260.43622471709676,16949800
2023-06-12,268.93951416015625,269.6340758695962,263.2640505240302,265.0897503979936,15442500
2023-06-13,269.2074279785156,273.57316219648015,266.9947805297934,272.73970632322903,16164000
2023-06-14,271.2215881347656,272.8488026603034,266.2307550388256,269.7729647864291,19175100
2023-06-15,279.6355895996094,281.7787749466959,269.3066710434547,270.179793713784,25973500
2023-06-16,278.81201171875,285.60868069386356,277.948790762136,282.53281258688276,43127700
2023-06-20,282.1160888671875,282.5824304857627,274.0692508402336,276.55971674793904,20701600
2023-06-21,279.447021484375,281.78863078326714,276.19253217277145,281.3222892323925,20556200
2023-06-22,282.66180419921875,283.0388501973206,275.62701368291556,276.90694737547614,17563100
2023-06-23,286.4819030761719,287.41458647610796,276.77805326574025,279.3181181864284,51092000
2023-06-26,276.3017272949219,287.5335927129634,275.4385062924321,286.45208350341085,24232700
2023-06-27,284.8149108886719,287.0970204097257,278.4647497013113,279.81417598610125,26108300
2023-06-28,283.0685729980469,287.2953815459391,281.8481395995986,282.60223148286263,16722100
2023-06-29,279.3379211425781,284.33868665809604,278.50446526998496,282.28479703637055,15395700
2023-06-30,284.7454528808594,286.799311897848,282.2053886384394,282.5427376087658,19694900
2023-07-03,283.7928771972656,287.14656346913074,282.6320044292823,284.467605349203,8629300
2023-07-05,292.07794189453125,295.7987432678793,284.1303004714729,285.41026462229314,33865500
2023-07-06,289.7164611816406,295.79873585225204,289.0417631500449,293.5861187368782,47600500
2023-07-07,288.267822265625,293.89368682314864,286.4123876380687,289.90496868523604,25586000
2023-07-10,291.8100280761719,295.8086477039445,284.8149039740183,293.24871963934146,37058300
2023-07-11,295.9674072265625,297.84267521035605,289.6271477024056,291.6115749292531,27585900
2023-07-12,306.9313659667969,307.04052521355806,297.7633215569858,299.4004680187438,36677100
2023-07-13,310.9697265625,313.7776782560323,307.87402439239906,311.178082979344,30281000
2023-07-14,306.46502685546875,312.4282406131699,304.9667745464392,309.36230405201036,23054100
2023-07-17,308.2013854980469,309.2828946951575,302.3373994520956,305.1453809142804,25323100
2023-07-18,309.6202697753906,311.75355343232627,305.22477039697566,308.4593967151567,20731900
2023-07-19,313.5494384765625,316.1986319082592,308.1021650649504,310.59263096242654,21763700
2023-07-20,300.1644592285156,313.0831001900084,299.86680724874,311.05897588766237,23836900
2023-07-21,291.96881103515625,303.0815862304324,288.93263955652174,302.1985317891098,42139300
2023-07-24,289.33941650390625,295.20340298252125,286.05519164762,293.47696087002083,24915700
2023-07-25,292.17718505859375,295.97735040942035,289.587491417671,292.8915801719558,19585600
2023-07-26,296.2452392578125,299.42030479674065,289.62716083305537,298.844834198046,47256900
2023-07-27,309.28289794921875,322.81670621390026,307.4274633309865,322.58848618129997,64229200
2023-07-28,322.9457092285156,323.66010426666475,311.80313905459457,314.4126657950555,39220300
2023-07-31,316.1192626953125,323.1242883704477,315.11711725806254,321.1696263444991,25799600
2023-08-01,320.197265625,321.6161541887826,312.2099576770772,315.06753789734006,22817900
2023-08-02,311.8626708984375,315.9109195600562,308.23116529432224,315.5239417009489,20461100
2023-08-03,310.7513427734375,313.48986167266776,307.5167171333294,307.5167171333294,15180200
2023-08-04,308.310546875,315.9307401558167,307.7846748712968,312.50759107890946,17612800
2023-08-07,314.0951232910156,314.60116189806973,308.04261449667547,310.79106544719536,16236500
2023-08-08,310.20562744140625,315.4147480522107,307.69529834496996,311.95190252247085,15183500
2023-08-09,302.83349609375,311.1879477003987,300.4918865961825,310.4437875207549,19955800
2023-08-10,303.359375,309.90799078632176,301.5039404211993,305.54225702209254,14358900
2023-08-11,299.29132080078125,302.34732532437346,298.02125834115725,300.2140721691434,14046300
2023-08-14,303.805908203125,303.8257415758813,295.9277291848271,298.63648342400137,15641900
2023-08-15,299.59893798828125,304.83782509841706,297.6938743664323,303.75631580203975,11623600
2023-08-16,291.99853515625,298.735643383371,291.9886033311289,297.862520891398,18547700
2023-08-17,282.8702087402344,293.7448627460336,282.7313145635703,290.7682215551062,23950100
2023-08-18,281.04449462890625,283.46549817008304,272.2435650787886,276.857352138506,35347900
2023-08-21,287.6427001953125,288.23803437738405,279.6553932823788,281.24294100791803,20181500
2023-08-22,285.3606262207031,290.61934598241027,284.5172386377998,290.27206518004357,12980200
2023-08-23,291.94891357421875,295.08431211507826,285.43009337789294,286.25361732465876,18287000
2023-08-24,284.5173034667969,297.1283322231521,284.4081744845914,296.17581546587223,18360900
2023-08-25,283.2770080566406,286.1445201506835,273.8807432156826,283.90210752516674,23701400
2023-08-28,287.9999084472656,289.1806449684755,283.5746143089688,285.75749618346293,14239300
2023-08-29,295.6697692871094,296.82074088477384,285.93615470302484,286.3330341518841,20844500
2023-08-30,292.8022766113281,295.96744081980256,291.1452663656537,294.8561662914278,17717000
2023-08-31,293.58612060546875,298.75554540509034,293.35790055805364,293.49679472781526,17229900
2023-09-01,294.0722961425781,299.39054694781646,292.17716437490265,297.03900536445764,12842300
2023-09-05,297.81292724609375,299.0432927883047,293.20907155898277,294.70729361157686,14956000
2023-09-06,296.8405456542969,300.93836224382807,293.3578663505046,299.36074630859395,15418100
2023-09-07,296.3444519042969,304.6591765120229,289.9446620146728,295.67965546312854,33748700
2023-09-08,295.57049560546875,302.87317246953774,294.4691228690948,296.8901262442369,17548000
2023-09-11,305.16522216796875,306.6337092437882,298.93412177158643,299.063114388511,19489300
2023-09-12,299.3111877441406,306.2566836294878,297.89232942332416,303.94480875658803,13480400
2023-09-13,302.6846618652344,304.7881497375785,298.97379289345565,300.0056731795405,13210900
2023-09-14,309.2928771972656,310.4339169753038,302.65496466211755,304.3516417282433,19343100
2023-09-15,297.97161865234375,309.5705963015512,296.42376809323207,309.18361852179754,28131100
2023-09-18,300.1941833496094,301.23602569617873,295.481169208335,295.8681470090487,14234200
2023-09-19,302.6946716308594,303.78611286828567,297.4756173464149,300.1248415190787,15924400
2023-09-20,297.3367004394531,305.6613578506982,297.0985485549638,302.67478484739934,19379500
2023-09-21,293.4273376464844,297.92206402517564,290.98647039875095,293.39757244980257,21319600
2023-09-22,296.7512512207031,303.00221551221176,295.947560570074,296.9695394393899,25369600
2023-09-25,298.48760986328125,298.6067009327977,291.41315219064484,293.3380490350795,18987000
2023-09-26,296.63214111328125,297.9617035770003,293.7051294401526,295.34227566816736,19417200
2023-09-27,295.4216613769531,298.95393929645525,284.55694085285074,298.11058197811235,36429800
2023-09-28,301.59326171875,303.9448032957464,294.3898109917405,296.6123599455331,22167100
2023-09-29,297.8724060058594,308.2212158114376,297.0290184758619,304.98659011566156,25373700
2023-10-02,304.4309997558594,304.78818213594394,299.28140848326984,300.3827511018216,16265600
2023-10-03,298.5968322753906,304.3814255782551,297.30696640901175,301.89098945655775,17362300
2023-10-04,303.2006530761719,304.51038244443924,296.1757933117586,296.40401336651956,16880500
2023-10-05,302.41680908203125,303.8257355185984,297.1679903566098,302.25805126327083,19130000
2023-10-06,312.97393798828125,313.84709082731973,298.56700698401727,299.09287899662587,21803900
2023-10-09,315.881103515625,317.8357654962619,309.392048448092,310.066746421115,22503700
2023-10-10,319.3340148925781,322.1320644548327,315.68267618606524,316.6351927442957,19038000
2023-10-11,325.2674865722656,326.2795335962298,320.4354109332088,320.4949413299151,22036300
2023-10-12,321.63592529296875,327.96625213981815,320.1773702662497,325.446021422368,20530500
2023-10-13,312.23968505859375,322.5190029215304,309.9377423510793,321.0108492234802,21341000
2023-10-16,318.6493835449219,319.3141799633307,313.0632162730603,316.15894806212225,16536100
2023-10-17,321.4772033691406,321.87408274940765,314.8293601998335,315.70251300439446,16387800
2023-10-18,314.501953125,323.4021105297396,313.1029282837248,318.8875506594912,16851000
2023-10-19,310.37432861328125,319.38364490768606,309.3225846372319,317.3892859153871,18709200
2023-10-20,306.2467346191406,312.8449492839968,304.08371614626304,311.6940081053693,22312300
2023-10-23,311.5650329589844,314.8889246228949,304.8675904983353,307.090139491986,17796800
2023-10-24,310.1163330078125,315.87118976703397,308.21129994817363,314.31340722600686,19525500
2023-10-25,297.1977233886719,308.4593532359643,296.5130936168484,307.58620046726446,42192500
2023-10-26,286.10479736328125,292.703011741462,277.22447353914265,292.703011741462,66684100
2023-10-27,294.4195556640625,296.9794534570117,290.6888227974808,292.18707503953055,29596300
2023-10-30,300.3033752441406,306.9908852950392,296.7214683615975,296.7611653844392,28435100
2023-10-31,298.9241638183594,301.3154020955398,294.5484984510661,300.94828792866167,19434200
2023-11-01,309.4218444824219,310.30489891866,299.4997076080775,299.4997076080775,20434600
2023-11-02,308.4494323730469,316.3375424870294,305.92920138835984,314.82935845841877,21631800
2023-11-03,312.1504211425781,313.093005944509,308.59827930973705,310.1163649869128,16764300
2023-11-06,313.341064453125,315.85136382365476,312.00160022439076,313.5196859262533,12887700
2023-11-07,316.3375549316406,318.50057336518654,312.6663524101526,314.59124926347897,14055600
2023-11-08,317.2900390625,318.8279579106293,312.4281988574953,315.6628246309264,13609700
2023-11-09,318.0540771484375,321.6558175852299,316.3177032404489,316.9329011458724,16103100
2023-11-10,326.2100524902344,326.53749993312164,316.9725463498959,317.44881977593377,19096200
2023-11-13,326.6268005371094,329.7423355253946,323.1639847295043,323.66009153425944,16908900
2023-11-14,333.6913146972656,335.4673853136922,330.73450761136604,331.9351077297074,17179400
2023-11-15,330.119384765625,335.7650826812692,327.45032770758064,335.29874106904697,14531200
2023-11-16,331.587890625,331.9748382128518,323.83870424203946,326.80541344208376,18932600
2023-11-17,332.4312438964844,332.8876536615673,326.7855462450736,327.68846422988145,14494400
2023-11-20,337.3228759765625,339.20807585654825,331.58788228778786,332.28244395513093,16960500
2023-11-21,334.3561706542969,337.2534175899777,333.28456294277595,335.6956348737611,12027900
2023-11-22,338.8310546875,340.2499433246193,335.943709119039,336.5688086095252,10702700
2023-11-24,335.596435546875,339.1981456805994,334.1477818085071,337.4816354360319,5467500
2023-11-27,332.0939025878906,337.2533951174812,331.59779579004794,333.56235933033327,15684500
2023-11-28,336.3504943847656,336.7374722413347,330.80402373364524,330.80402373364524,12637200
2023-11-29,329.6134338378906,337.2534618688583,328.2044769299669,337.0451054509128,16024500
2023-11-30,324.60272216796875,330.90328553474234,319.8897068567543,329.30583593205915,23146400
2023-12-01,322.29083251953125,324.31492648520225,318.2624476796763,322.9456971366447,15276400
2023-12-04,317.5281982421875,318.3616540663768,311.2177340247724,314.81947438356156,19037100
2023-12-05,315.8116760253906,319.37371922485295,312.93426263406553,316.49630583352786,16952100
2023-12-06,314.9782409667969,319.74085446043057,314.5714297293888,319.42333881953283,11294300
2023-12-07,324.0470886230469,325.6842352729656,315.2957559824413,315.2957559824413,15905100
2023-12-08,330.1590881347656,330.57583118602076,320.48500516162073,320.5743007554703,14087400
2023-12-11,322.7472229003906,327.3213431195111,317.5083365583756,326.83513788878696,25802500
2023-12-12,331.6176452636719,331.86569867463805,322.0328578303436,322.07255485448627,18485500
2023-12-13,332.13360595703125,335.73534655135336,330.0499814002796,331.32991527829347,16353300
2023-12-14,330.57586669921875,332.09395251766085,326.08113964618735,331.25056477853514,19607300
2023-12-15,332.3121643066406,336.0230331691818,328.64096218319736,329.4049556902048,31776900
2023-12-18,341.9366149902344,344.85372513219124,334.3957862578285,334.85222627402004,18993900
2023-12-19,347.6319885253906,350.84678160666897,342.4327982605504,342.8892080987716,17729400
2023-12-20,346.56036376953125,352.1961297303839,345.0819752003526,345.93526435895194,16369900
2023-12-21,351.3329162597656,353.6348591200321,346.49090896056947,350.2315736784916,15289600
2023-12-22,350.63836669921875,354.4186979641028,348.4852499373512,352.81128655167174,11772800
2023-12-26,352.0671691894531,354.2004528401939,350.6979397367357,352.22592701294764,9898600
2023-12-27,355.0438232421875,356.20472662149,352.54345556056035,353.297547679764,13207900
2023-12-28,355.5299987792969,359.08211028758853,355.0239601332717,356.8992584473952,11798800
2023-12-29,351.2039489746094,357.1969281361714,349.08062742515625,356.19478262042475,14987100
2024-01-02,343.5936279296875,350.41012995956766,337.36252824234924,348.5844607184317,19042200
2024-01-03,341.787841796875,345.24075624582997,340.507877692872,342.29388045472786,15451100
2024-01-04,344.4171447753906,345.4391234677094,340.72610934954895,341.81755025395563,12099900
2024-01-05,349.2095642089844,350.7474830694431,343.56386679743633,344.2881632956087,13920700
2024-01-08,355.86737060546875,356.1848862578455,349.3088222783808,351.9382128171741,13890200
2024-01-09,354.64691162109375,357.8319391849978,352.5930221333329,353.62493279017207,13463900
2024-01-10,367.58538818359375,370.0361570840026,356.28406029694395,357.3655998102049,22117200
2024-01-11,366.79168701171875,369.87745738055156,360.1041454413875,369.2325244696342,17205400
2024-01-12,371.5740966796875,374.124093141166,366.6626570609986,367.277824706656,19310000
2024-01-16,364.5987548828125,372.68528864447234,364.3705651628335,370.74055871272463,15306900
2024-01-17,365.5017395019531,365.670429146602,355.8177245328264,363.44784996748376,12724800
2024-01-18,373.2013244628906,373.91571950102383,368.06166503074314,368.59743859937487,16354300
2024-01-19,380.4643249511719,381.3672126996037,375.02698340921194,376.0489622272857,21670800
2024-01-22,378.80731201171875,387.3105899434806,378.19214441636774,384.9292833279464,17680500
2024-01-23,382.20068359375,385.3559155148058,379.10495178521484,381.6251827598736,15506100
2024-01-24,387.6578369140625,393.06538246549474,384.7903252881106,386.9632753335336,15698500
2024-01-25,390.1185607910156,392.4105719303832,382.65712494527804,387.13201825545184,15091100
2024-01-26,391.07110595703125,393.70046609647795,388.5409429594839,391.2794623469608,13163700
2024-01-29,397.8974914550781,399.79262308602887,390.03917661129907,391.9144445908541,18742400
2024-01-30,396.9449768066406,403.1959104756482,396.4588018243719,400.4474896600289,18614700
2024-01-31,387.1022033691406,394.9009872257024,384.0858657420948,385.9710654040157,20180800
2024-02-01,391.70611572265625,397.3815791884309,389.9895751539661,390.8726598643205,29727100
2024-02-02,471.29156494140625,482.1761501937465,449.48272769119956,456.021412191709,84707600
2024-02-05,455.8328552246094,468.2255934429309,455.64433221754496,466.221332864614,40832400
2024-02-06,451.17938232421875,463.4828252605775,449.4727736721461,460.3871235847148,21655200
2024-02-07,465.9335632324219,467.84852814106995,452.62797572422755,454.4338116753669,23066000
2024-02-08,466.34039306640625,466.9257954581502,461.40909025193133,464.6734814817839,18815100
2024-02-09,464.465087890625,469.90242925067935,463.8300869402288,469.26742830028314,18413100
2024-02-12,465.24896240234375,475.41915205194476,462.947019526659,464.5444992074422,19382000
2024-02-13,456.53729248046875,464.2468111211742,451.5464595493865,453.31259845215635,20916600
2024-02-14,469.5948181152344,470.41834202168815,462.46080041444674,464.28646967546143,16858400
2024-02-15,480.2611389160156,484.8153956241021,468.5430989342173,471.5792700729416,24212300
2024-02-16,469.6345520019531,475.2306210030674,465.5565383292655,474.38723338064216,23324600
2024-02-20,468.0767822265625,472.4722813616275,462.9271910394476,466.0625897590752,18015500
2024-02-21,464.87847900390625,465.8419486389478,458.68050627412106,463.35878260142675,12921800
2024-02-22,482.8565673828125,486.69056087896115,472.85436813311964,477.00621413077533,21625800
2024-02-23,480.770751953125,491.031180902857,479.1020716150301,484.7636721147276,18374300
2024-02-26,478.49615478515625,482.8665512765611,477.3638468302636,480.21451660164433,12101400
2024-02-27,483.7703857421875,483.9889055616532,476.68842180532044,476.74801536407614,10809600
2024-02-28,480.76080322265625,487.7434649649456,479.4993657776015,481.73421522969807,12715500
2024-02-29,486.8296813964844,488.389116970363,479.36029842457447,485.1510587006431,17732000
2024-03-01,498.91766357421875,500.8545450353312,488.5380486516633,488.7962772842843,16273600
2024-03-04,494.8353576660156,501.023417843007,493.0772871660998,499.61296631053943,12324100
2024-03-05,486.9189758300781,492.2428683096753,484.60467883558516,491.66678722963053,15325300
2024-03-06,492.7495422363281,499.58322016092893,490.96167477767403,494.2791810340301,11757900
2024-03-07,508.7411193847656,516.3495133273082,498.0039120353607,499.8911121312514,18586400
2024-03-08,502.54315185546875,520.0445011354961,495.9875874923853,510.72765736734266,18597100
2024-03-11,480.3336486816406,493.9712059583507,472.79476106595894,493.66329582884157,20428300
2024-03-12,496.3849182128906,498.92767795025486,481.4660667509396,489.93862852466117,15448200
2024-03-13,492.2330017089844,497.60657618383044,487.723564090034,492.0542210447472,12090700
2024-03-14,488.5181884765625,497.9741037778643,484.8729178506202,496.8914470652399,12620000
2024-03-15,480.8402404785156,488.51816987456107,478.0590765437651,485.7171818374757,29153600
2024-03-18,493.63348388671875,494.0705234723531,483.5319525403296,488.5976166013962,11755300
2024-03-19,492.89849853515625,493.28588697301825,478.039241983051,484.88286188860536,10903100
2024-03-20,502.115966796875,504.77794350603995,491.8356848879503,496.1365146102184,11711100
2024-03-21,504.3409423828125,511.5718900411895,502.6027262330663,511.24415578806696,9712500
2024-03-22,506.148681640625,506.5360700886192,500.9439753750218,503.5860676514322,8120600
2024-03-25,499.6328430175781,503.80457393392254,496.871563696633,502.38421028695126,8380600
2024-03-26,492.5508728027344,506.56584667768334,491.87542863664703,501.7286443250279,11205400
2024-03-27,490.5345458984375,496.5239715871602,484.78355507786483,495.9379177172375,9989700
2024-03-28,482.310302734375,489.57110826984064,481.88320544172586,489.5214267607809,15212800
2024-04-01,488.0414733886719,494.08052003170116,478.53590624338904,483.91942370792447,9247000
2024-04-02,494.02093505859375,494.1798613298688,481.38658445705084,481.8335664895174,11081000
2024-04-03,503.3277893066406,503.82442249033096,495.3916007311355,495.57038140236386,12099200
2024-04-04,507.4797058105469,526.4312162585362,507.1419685443488,512.9426409502,26476300
2024-04-05,523.7890014648438,527.1263611997492,510.94601671641885,513.3795309238456,19263300
2024-04-08,515.7535400390625,527.9111101756489,515.3959787113195,525.716030393533,13260600
2024-04-09,513.41943359375,522.3290042268167,503.3278128790067,518.7134999304255,10863800
2024-04-10,516.3296508789062,519.0412485473654,502.3940952347152,505.86061532238585,11418500
2024-04-11,519.6372680664062,520.3325667313413,513.8067986443587,517.6010838952341,10369500
2024-04-12,508.45306396484375,516.6872509060779,505.9003620426098,514.2636784657437,11984500
2024-04-15,496.8616943359375,515.0384888193967,493.9315461414956,513.2406183198545,13512900
2024-04-16,496.3948059082031,501.37104976093684,493.76262580382166,494.7558921640913,9847900
2024-04-17,490.8424377441406,499.7718923893726,483.85977662669706,499.712298834283,12193700
2024-04-18,498.4210510253906,508.76098785932845,495.67965646364473,496.4544030177161,14808700
2024-04-19,477.8306579589844,499.41431669209027,472.52661920207805,499.41431669209027,25215400
2024-04-22,478.4862060546875,488.69698284246,470.2122804474179,486.4223944308952,17271100
2024-04-23,492.7594909667969,495.4015833562038,485.67749634188175,487.94214263107534,15079200
2024-04-24,490.1769714355469,506.56586713703933,481.317021755362,504.6389278841395,37772700
2024-04-25,438.40789794921875,442.7683213792549,411.70889412672494,418.5624257469969,82890700
2024-04-26,440.3050842285156,443.433867420502,429.05135860219434,438.48738968690355,32691400
2024-04-29,429.7068786621094,436.7988148712777,425.6742197513567,436.60014947867506,21502600
2024-04-30,427.2734375,436.65978716345234,426.826455477513,428.1474865043682,18429500
2024-05-01,436.232666015625,446.93013406880516,424.23399111108887,425.71397863682915,20344900
2024-05-02,438.7059020996094,440.9705483091824,429.3692038781096,435.8850291236209,15221300
2024-05-03,448.9166564941406,451.11179697891964,440.86128084790545,442.92726154360383,16489100
2024-05-06,462.54425048828125,463.02102923203086,450.2873477934908,452.51225464015755,15094600
2024-05-07,465.0870666503906,468.3549217147275,458.2037375185185,463.150215285953,13406800
2024-05-08,469.41766357421875,472.3775777745394,459.88230094787235,460.3789341022437,11683900
2024-05-09,472.2187194824219,472.8742486238149,464.48116583313845,466.8352023225762,9437700
2024-05-10,472.9934387207031,474.2846728255521,466.4378748768234,473.87742999258705,10750000
2024-05-13,464.8586120605469,470.1626509363038,459.73335385977305,469.5666850409423,14668800
2024-05-14,468.6727600097656,469.3581162552764,456.9819950045203,460.2498499695703,10478600
2024-05-15,478.2974853515625,479.25101255755794,468.02711495824536,471.7816605384409,13100500
2024-05-16,470.04345703125,474.4734165714435,469.5666782594295,471.801527600696,16608200
2024-05-17,468.7322998046875,469.61629104286874,465.2658101431846,467.6595552338534,10807300
2024-05-20,465.68304443359375,470.0137019704497,463.895176926725,466.78558596876275,11745100
2024-05-21,461.5013427734375,467.53047671083374,459.1572184570371,463.97456625143184,11742200
2024-05-22,464.630126953125,470.53013143312546,462.51446480062907,464.71951728620587,10078600
2024-05-23,462.64361572265625,471.1658279710308,458.4321759489414,469.6958131205523,11747900
2024-05-24,474.9998779296875,476.6189070760728,463.1601286330432,464.47124760813773,12024300
2024-05-28,476.68841552734375,477.6220580395815,471.6426053305284,473.37087913585106,10175800
2024-05-29,471.1658630371094,476.6189165103456,470.51033384867264,471.46386116212193,9226200
2024-05-30,463.9050598144531,468.5535696018269,461.5808200768087,468.4939760428169,10719600
2024-05-31,463.6865234375,465.9611118987805,451.3998233629331,462.66346029491183,16919800
2024-06-03,474.2747802734375,476.3705882132415,465.0870657511374,467.68941896049296,11279400
2024-06-04,473.7781066894531,475.6653370045295,470.04344582485936,473.78804905282203,7088700
2024-06-05,491.7264404296875,493.30573030037567,480.65152660799043,481.18789892832643,15690500
2024-06-06,490.43524169921875,499.4342331212912,487.5845718978277,489.6604950970564,10667300
2024-06-07,489.640625,495.5505725541797,486.86943340489194,492.57077317803936,9380700
2024-06-10,499.2156982421875,499.2752918011658,490.087577609636,490.53452930197295,11220900
2024-06-11,504.05291748046875,504.18204696656784,494.91485418085466,496.7921422872139,9673700
2024-06-12,505.41363525390625,510.5488355125895,501.0730662457402,510.52895078627483,11983200
2024-06-13,500.70562744140625,505.93018839723624,497.98405673480437,502.30477188866905,9954600
2024-06-14,501.2623596191406,504.2351649770315,497.87195484771325,499.76102858798566,10243300
2024-06-17,503.71820068359375,507.8145165497157,493.15924290347647,498.786716272725,11266600
2024-06-18,496.61920166015625,503.0917955375381,492.1748915017007,501.6600694232584,13060400
2024-06-20,498.8165588378906,500.7752377414344,493.9148702900185,499.1148224913511,11801200
2024-06-21,491.9363098144531,500.55649337523585,489.5600618320149,500.55649337523585,22359200
2024-06-24,496.04254150390625,504.88143086237153,491.4490995948573,496.33088323813683,13525300
2024-06-25,507.6653747558594,507.77472797570107,492.65215468981233,494.193234056006,12063200
2024-06-26,510.1709289550781,510.8569657298351,501.7794339307379,503.7381129188355,8882300
2024-06-27,516.573974609375,519.874901138097,510.94653054672256,511.29449474776476,10121200
2024-06-28,501.322021484375,518.8805251412638,500.94420066099576,514.1777300033583,15855100
2024-07-01,501.77935791015625,503.6684316425156,490.335531960126,502.0478255113692,10328200
2024-07-02,506.5716552734375,507.5659077862411,496.5794296566328,497.8818980210312,7739500
2024-07-03,507.029052734375,508.34147346230577,503.111695021788,503.45968950388533,6005600
2024-07-05,536.806884765625,537.7613890905714,508.659626943001,508.659626943001,21354100
2024-07-08,526.27783203125,539.6902908773806,523.6231943865845,539.2329128015355,14917500
2024-07-09,526.953857421875,534.3908471604564,525.1542627135257,530.6823045262751,8753200
2024-07-10,531.616943359375,535.7828643236683,525.3233071938398,527.739333812602,10983300
2024-07-11,509.7532958984375,532.3824937070442,505.44816535369097,527.8387522591509,16458300
2024-07-12,496.0027770996094,505.16978705228513,491.3894609308073,494.89917130590845,19750500
2024-07-15,493.308349609375,503.76787552831104,490.5343764947893,495.76415462534726,12539200
2024-07-16,486.9750061035156,501.0536270420419,482.9979955675087,498.61769595186473,14075800
2024-07-17,459.3347473144531,476.41602998115064,456.4812472174527,476.41602998115064,28076600
2024-07-18,473.1150817871094,476.4855821522594,461.87008787870946,472.2699610515285,19267200
2024-07-19,474.04974365234375,483.9127132433941,472.97593376663946,473.3239282729729,15149400
2024-07-22,484.5986328125,489.2318528203752,481.11874927519335,483.78333853020865,12023100
2024-07-23,485.88128662109375,492.3737546328562,484.9168604229217,487.024670998181,9455500
2024-07-24,458.6188659667969,473.5624806822974,457.93282927520823,469.5954226900346,17649700
2024-07-25,450.8040771484375,460.88578278239254,440.10590941212183,460.5974713733936,18240500
2024-07-26,463.0234680175781,467.0700532148404,456.7795626327453,461.53208905296344,14222400
2024-07-29,463.03338623046875,471.23597047064357,462.347349484825,467.1794330696992,11339600
2024-07-30,460.5278625488281,470.0130408141906,454.07517290776104,464.315962513696,11390400
2024-07-31,472.1009521484375,473.76136735309956,464.06740443244325,468.31285214220173,24285800
2024-08-01,494.8792419433594,524.1400864636705,489.2716734818862,518.0055653777843,43083100
2024-08-02,485.33447265625,498.2696781877349,473.4133634987111,486.18951531730556,24044700
2024-08-05,472.99578857421875,480.7012460328518,448.2090488117456,448.7559059334732,21396200
2024-08-06,491.2502136230469,499.6715335038331,475.8989526100752,476.24694705318433,20955000
2024-08-07,486.1099853515625,507.21794823147314,484.0617971194812,500.2383060346242,20105300
2024-08-08,506.7009582519531,507.0290482599496,491.876648319754,494.64066933875364,16156800
2024-08-09,514.7942504882812,515.3609818210642,502.7936128702813,504.79204020570734,13696600
2024-08-12,512.984619140625,515.0427292166193,506.1739830538234,513.8893622667638,9767400
2024-08-13,525.502197265625,528.4452065274616,515.1719598564413,517.0212549519154,13743800
2024-08-14,523.7324829101562,530.9308616621455,520.1233412991648,525.0249990881922,11444200
2024-08-15,534.24169921875,536.6676776843767,523.6727905580083,528.73350167096,13482100
2024-08-16,524.3886108398438,530.5927364260666,521.6444643649328,528.8429030867464,14776700
2024-08-19,526.2379760742188,528.6042411215221,519.7554305554554,523.8417936399916,9879700
2024-08-20,523.7025756835938,528.037562503202,522.8574853714238,525.3132598043475,7944400
2024-08-21,532.0841064453125,536.299787744821,523.9014283237659,524.1201954153424,13423300
2024-08-22,528.872802734375,541.1020981439891,525.5520328797932,533.9136709320021,15708300
2024-08-23,524.96533203125,536.7671046219766,522.0422271868836,533.834047542885,11323900
2024-08-26,518.1249389648438,524.9654020892407,511.99041707220374,524.5676767533054,9584000
2024-08-27,516.116455078125,520.9982688988101,512.3482599012927,515.9971496313474,6282700
2024-08-28,513.809814453125,518.095040120393,509.5046843177006,514.6946530207725,9106100
2024-08-29,515.2415161132812,524.169945083232,512.7161365376401,516.0667627034325,8317400
2024-08-30,518.313720703125,520.5308841553244,512.2388530507853,518.3534689531028,9157500
2024-09-03,508.8186950683594,522.4697631708141,505.69672749483755,516.6534100228187,12459100
2024-09-04,509.7930603027344,513.6209691624427,501.1729073895188,503.16141255787795,8335200
2024-09-05,513.8893432617188,518.6319472042396,508.2121698645864,508.7789010834829,8640900
2024-09-06,497.39471435546875,521.5650218623427,495.38633511921387,518.88052782919,14744500
2024-09-09,501.88873291015625,508.3911224777812,499.1942867622704,503.25085399381305,11047800
2024-09-10,501.88873291015625,511.22474819910406,497.1560812540827,505.23935901338297,9899000
2024-09-11,508.8883056640625,510.1709000409841,492.7516050439692,504.0960310908237,10782500
2024-09-12,522.5790405273438,523.6827068185487,512.2586956942181,514.0781945895388,11970500
2024-09-13,521.604736328125,524.5477455442109,514.1378904204591,517.3493672277767,10321400
2024-09-16,530.7207641601562,531.5367754435251,514.91696903701,522.0226572862116,9527600
2024-09-17,533.7462768554688,539.4985077957741,528.0238703630636,535.0201027147613,11690800
2024-09-18,535.3684692382812,541.5884764077421,531.3379167409221,534.4926873694405,10323500
2024-09-19,556.4169311523438,559.3727101138928,543.8973445888765,547.360625106574,15647000
2024-09-20,558.6561279296875,561.791035774312,553.6303743905208,557.3126307061377,22066800
2024-09-23,561.701416015625,571.2254976602934,559.7110138514457,566.7670162500528,12830700
2024-09-24,560.6266479492188,565.0254197663409,551.5304953936857,563.9605473092387,12993000
2024-09-25,565.5826416015625,574.1115209135556,561.014642577983,561.3430758947455,16543400
2024-09-26,565.1149291992188,574.629047767765,559.6512250083359,572.9670184614811,14400800
2024-09-27,564.6372680664062,568.1006091166316,561.8009692958777,567.3641092966835,9398400
2024-09-30,569.6929321289062,571.9221729211617,562.0895809864053,564.975688534177,12792300
2024-10-01,573.7034912109375,580.2419690688359,567.3640657014531,575.206254439428,15259300
2024-10-02,570.0610961914062,573.2357898880107,566.6077777940206,572.1012461423841,6524700
2024-10-03,579.9732666015625,580.5604011358083,566.0006066407063,567.4138356986169,11581000
2024-10-04,593.0801391601562,593.9857454241755,578.6397616460487,580.9287120013399,14169500
2024-10-07,581.9736938476562,600.0564797527886,581.2371940539072,595.3491375246505,12014200
2024-10-08,590.0447998046875,590.7115675395601,583.1579643993507,586.8601441089934,7857400
2024-10-09,587.6762084960938,591.5375936051837,578.8188944511467,591.1394888701676,9529700
2024-10-10,581.0282592773438,587.397509697218,579.7245483018079,584.7503015704497,7740400
2024-10-11,587.1189575195312,588.3729207448063,579.9137105818194,582.023532257207,8587100
2024-10-14,587.5866088867188,597.2201481215791,587.1288552616571,591.3683608695632,8252000
2024-10-15,583.4564819335938,587.7756200523332,577.3558952346164,587.3277674752023,9564200
2024-10-16,574.02197265625,579.2866249105597,571.275268873164,578.6098955081545,11268400
2024-10-17,574.1613159179688,582.162710233978,572.4396375946716,580.5306267288739,8701200
2024-10-18,573.7034912109375,581.1674987096003,572.4893751474343,578.3112766994918,7694300
2024-10-21,572.39990234375,574.469937872458,566.3789471598502,573.2657832810348,8171900
2024-10-22,579.2169189453125,580.7296438381057,569.3743668983145,571.5339359680816,8544500
2024-10-23,560.98486328125,582.192594507908,559.8005716422192,577.1867042398765,14248400
2024-10-24,565.0552978515625,566.1499947416787,558.8253293775932,564.4083928532417,7184700
2024-10-25,570.4990234375,578.5004183141831,568.9763366172681,571.1757528879629,11337900
2024-10-28,575.3854370117188,580.948637846338,571.3648464645419,579.2070359341649,10925100
2024-10-29,590.4329223632812,590.8210046180449,572.6387223000493,577.3659274017436,13019100
2024-10-30,588.9599609375,598.3148749725009,586.5515914382872,598.0958991586175,26864900
2024-10-31,564.856201171875,587.0690948039123,560.3081253081026,582.1925856019707,26838400
2024-11-01,564.4381713867188,570.9169396034644,559.8602710921074,564.886023984338,15303200
2024-11-04,557.9892578125,565.9608270901227,555.2126690468457,561.3928280320513,12064600
2024-11-05,569.6829833984375,570.7279324508698,563.9506150919713,564.577596671882,9775400
2024-11-06,569.3047485351562,570.2502016811582,552.5057499508582,560.0493909181008,18305400
2024-11-07,588.8605346679688,591.9456339468819,572.4496773656942,574.1216080144851,14653700
2024-11-08,586.5119018554688,590.2538073434649,581.7150247830446,588.7012959013648,9415700
2024-11-11,580.3713989257812,584.1830360838699,573.7433864354757,583.5460928122134,10209100
2024-11-12,582.013427734375,596.7821758387003,577.5947330801081,585.7155461176076,16287700
2024-11-13,577.2166137695312,582.8295623160514,572.409775650482,579.8140739533536,10757600
2024-11-14,574.3902587890625,577.9730193106801,570.2602105353902,574.2310533344881,11053700
2024-11-15,551.4209594726562,569.8222153223612,548.8533240134138,568.4786575942975,17712900
2024-11-18,551.739501953125,557.2131078822542,547.4501877365338,554.3667866349945,14327300
2024-11-19,558.3973388671875,558.7356731812587,547.957629670582,549.2115926112795,9522400
2024-11-20,562.8060913085938,563.6320644076252,551.5404086524625,560.2284939812367,9797300
2024-11-21,560.3877563476562,567.2645685130409,546.4150954692434,566.7868914718125,11154700
2024-11-22,556.4567260742188,561.1242213982047,551.9285734744715,560.8455359497274,9164000
2024-11-25,562.3980102539062,569.8421548761189,553.7198868796414,559.402445590544,13599800
2024-11-26,570.7875366210938,574.7285542891422,562.4875946319524,563.2837432513497,10356600
2024-11-27,566.4684448242188,572.2206752566353,561.3928830685265,572.131141178584,7200200
2024-11-29,571.5638427734375,575.6839894711363,564.1794683979023,566.2693661906345,7130500
2024-12-02,589.9850463867188,591.6470151067747,572.8078668096863,574.7285975175146,12522400
2024-12-03,610.7051391601562,611.252487580719,588.4126116889108,592.1446155685445,14907200
2024-12-04,610.8344116210938,614.8152150520614,602.196014722723,610.0183396286766,14697000
2024-12-05,606.0078125,616.9252004045749,604.1368295295009,614.1187259488262,8081200
2024-12-06,620.7765502929688,626.7676190380172,605.6096966963446,607.1721088209316,16935500
2024-12-09,610.62548828125,623.3939341906389,603.260976543077,620.9257943920775,11426000
2024-12-10,616.347900390625,622.5878301971734,609.7994606988705,614.5963368840676,10938900
2024-12-11,629.643798828125,635.3363804725623,618.547343463704,620.37847939692,10837200
2024-12-12,627.7628784179688,633.6047040008497,624.2001022233808,628.4694930643976,7474700
2024-12-13,617.373046875,628.0515971725233,613.9296895603886,624.2100743343924,8453300
2024-12-16,621.7454223632812,628.6278428855253,616.1080674222911,627.4624746323816,10885600
2024-12-17,616.964599609375,629.842921517428,614.0761642573996,623.6676857660912,12897800
2024-12-18,594.8035278320312,624.8529462687603,593.9370093659079,618.5183765194273,17075500
2024-12-19,593.1900024414062,609.0762755305054,592.6222729689903,607.9507863504745,14958100
2024-12-20,582.9112548828125,600.699869104885,577.6822346553289,588.2199724400746,48989400
2024-12-23,597.452880859375,598.6879766892466,583.907252912156,587.2438414694396,10205800
2024-12-24,605.3212890625,605.5603202398497,596.8851663404314,600.3113609374378,4726100
2024-12-26,600.9389038085938,603.8771273499036,596.5465535400348,603.0603968908488,6081400
2024-12-27,597.4130249023438,599.4448507288726,587.4430173370732,597.0145990738104,8084200
2024-12-30,588.877197265625,594.554430315314,583.2398432689357,586.3971578659622,7025900
2024-12-31,583.1702270507812,591.5963807603267,581.5168266078615,589.9032228392957,6019500
2025-01-02,596.8453369140625,602.4926617179121,585.470989976871,587.3633608157467,12682300
2025-01-03,602.2138061523438,607.0643399858958,594.0266229827574,602.3432915147383,11436800
2025-01-06,627.681640625,628.4684617844035,603.1998488847688,609.385054699766,14560800
2025-01-07,615.4208374023438,629.5740132949604,605.7994061067093,629.175648227163,12071500
2025-01-08,608.2794189453125,613.976592361968,600.3811160103171,610.9487626580363,10085800
2025-01-10,613.3988647460938,627.3927055003096,594.9529163376031,607.592206559942,19256600
2025-01-13,605.8989868164062,606.5363830240626,596.058464764125,604.6738608485571,10785000
2025-01-14,591.8751831054688,603.0702546714332,586.1979500070421,602.6519501500198,13598000
2025-01-15,614.65380859375,619.9724951874059,604.0762539890142,607.7714496616591,15524300
2025-01-16,608.8571166992188,613.7873477153851,607.2735046849263,609.0563296194044,8355300
2025-01-17,610.3212890625,622.4724872092602,601.2576176946507,621.5561807031561,17280600
2025-01-21,613.9965209960938,619.0163582351468,606.5762805693779,615.3610413311562,11674000
2025-01-22,621.0084228515625,631.1676746458771,616.9546797410454,620.8092099161343,12274000
2025-01-23,633.9066162109375,634.0559803027825,618.6677705767347,624.8529151272735,9910200
2025-01-24,644.9025268554688,649.3945139716581,631.6656574969397,633.8568781379164,19065300
2025-01-27,657.2429809570312,661.2170263231972,622.601940216737,624.1059156551349,28399200
2025-01-28,671.6353759765625,679.8524087518784,656.83471073991,663.338645861873,20950100
2025-01-29,673.78662109375,678.3283961259809,663.0098523603809,672.3025851139503,21377800
2025-01-30,684.2546997070312,707.9496113098508,673.3982325567493,694.0354655916807,29322900
2025-01-31,686.4259643554688,702.4815424501834,682.8403746118678,688.2386987585822,19303900
2025-02-03,694.6727905273438,701.1866331034283,672.551525572571,673.2088612929582,21415700
2025-02-04,701.3759155273438,704.8818683424153,688.846170752285,699.6926666804768,13826300
2025-02-05,702.05322265625,715.270213081664,696.2166547369433,700.7384902909668,17778200
2025-02-06,709.1447143554688,716.0271344480996,700.6886520762018,703.0591459116995,13080700
2025-02-07,711.6646728515625,722.1127432544886,708.9057228017197,713.9355299622597,16427100
2025-02-10,714.5331420898438,718.317944327383,708.4873917995161,715.688479736199,12904300
2025-02-11,716.9234619140625,720.7680216641464,707.2024559288561,710.4693772939222,12998000
2025-02-12,722.4812622070312,724.1943596127884,709.7523040950127,712.4415265910553,12016500
2025-02-13,725.6486206054688,726.086864766196,715.170639811608,718.6367748250889,12569100
2025-02-14,733.7261352539062,737.9491818288359,722.7203049282167,723.2382463806609,16901200
2025-02-18,713.5072021484375,734.0547643922138,703.6168921972339,733.0587606413424,21938700
2025-02-19,700.9576416015625,704.1747145500551,692.6111245629734,701.2862790989086,17535500
2025-02-20,692.063232421875,702.8100903787465,690.8680158326665,694.493483863144,12587400
2025-02-21,680.8184814453125,701.0572888134465,679.6332343243371,693.7964419712561,15660400
2025-02-24,665.4600219726562,684.5235492434307,659.8027276987779,683.5375152106747,15677000
2025-02-25,654.87255859375,665.330599453422,639.2950431423949,663.3086823740839,20579700
2025-02-26,671.0077514648438,680.2805441243983,655.3704801302349,657.0139106659047,14488700
2025-02-27,655.6094970703125,685.8980050768483,654.9421915809927,679.7227696836991,12500000
2025-02-28,665.5297241210938,666.9540022019403,640.0319914083209,655.41029188353,17534200
2025-03-03,652.432373046875,678.5276886054382,648.2392353381908,670.9879314349012,10843800
2025-03-04,637.4424438476562,647.1534810781478,621.1578057314852,642.9304346142569,21495200
2025-03-05,653.8466186523438,656.8645394995948,635.1117886533837,638.4384682626843,13770000
2025-03-06,625.420654296875,647.9602249904791,621.6159125135576,645.4104577126469,13446500
2025-03-07,623.1597290039062,632.2532488274342,598.2098452417057,622.8709097782997,21375700
2025-03-10,595.6002807617188,607.6718415110856,584.5247237757733,605.6400157185544,21999900
2025-03-11,603.2894897460938,612.4726156961103,590.9589577128245,592.6720550865267,17401500
2025-03-12,617.0841674804688,630.7991604950519,606.9149458816227,627.3828744482781,15747000
2025-03-13,588.2797241210938,618.0203842680918,584.1662233882897,617.771383307468,16480300
2025-03-14,605.7102661132812,606.9663570960139,592.9301914090029,600.9252068633762,12364500
2025-03-17,603.0187377929688,611.1931864721827,596.1401729971761,605.5707735579393,15473900
2025-03-18,580.548828125,598.3832042849959,572.8727631895948,598.183814121998,20297700
2025-03-19,582.2435913085938,590.4779127315381,572.9825047893515,582.4629387558325,20537500
2025-03-20,584.1774291992188,608.3021747925519,577.707624061599,580.9475159470894,24336500
2025-03-21,594.3955688476562,595.6815348407195,579.1431664198761,581.6054551261589,25015900
2025-03-24,616.9253540039062,620.6038805487033,610.2960719913144,613.0574159247302,15741300
2025-03-25,624.3621826171875,631.9086473292332,619.2481319746062,624.81079529283,15312500
2025-03-26,609.079833984375,624.8008087872727,604.7234295430264,622.9466079863333,12609800
2025-03-27,600.7059936523438,612.3396829236992,598.233665075804,600.1277804152494,10436500
2025-03-28,574.9463500976562,599.8785796536636,572.1351128923961,598.4430555668358,17602800
2025-03-31,574.5675048828125,576.9002542510486,551.5792239532071,561.7475141060938,21124700
2025-04-01,584.1774291992188,588.0752415879734,568.227192224496,569.0646064376122,12836600
2025-04-02,582.1138916015625,590.8167206530089,571.5767584264657,573.121925548239,13470800
2025-04-03,529.966552734375,550.8414276639292,528.6506508916572,544.5211195346319,34777500
2025-04-04,503.1602478027344,516.3889657610956,492.66299842221946,505.04435388504976,38589800
2025-04-07,514.6444702148438,537.6925624927222,480.4012921169833,483.5913523338717,36606100
2025-04-08,508.86248779296875,545.7274587202911,501.29606629091035,541.5604660254379,28034200
2025-04-09,583.9482421875,586.06164400195,500.54839536763654,507.68613102008703,39216600
2025-04-10,544.591064453125,579.4921961810471,533.6352521175596,573.7002672016247,28173500
2025-04-11,541.8795166015625,545.6976224228102,526.9461235413648,533.8445854574395,17642300
2025-04-14,529.8270263671875,556.0353008675298,526.6370273527008,554.4402405149555,14130900
2025-04-15,519.8980712890625,536.2669873917704,515.8905541802854,530.4551018896253,15558700
2025-04-16,500.7477722167969,511.77337227474317,494.0885548667942,506.92850187672303,18735100
2025-04-17,499.9203796386719,505.72225598652767,496.4611703190648,503.67864377215466,14593500
2025-04-21,483.1526794433594,491.9651828161341,478.3077785405203,489.8019182716785,16166000
2025-04-22,498.7240905761719,505.30357016721007,484.84736943102456,490.3402426542842,17399400
2025-04-23,518.6519775390625,533.6751170758674,514.9136400551463,526.8862986388891,18173900
2025-04-24,531.4918823242188,532.2395497601927,515.8905308220942,517.1166859465856,13910000
2025-04-25,545.5679931640625,548.1499041120835,534.5822462279478,545.09942323875,17098900
2025-04-28,548.0302734375,556.7530605327843,538.9087668679174,553.9119485027396,15179000
2025-04-29,552.7156982421875,554.8390788259818,542.427786062415,544.3019441443117,11835000
2025-04-30,547.2926025390625,547.392267199569,527.8532478040685,536.7255930212515,29244000
2025-05-01,570.430419921875,591.1059077397648,568.7257162038675,590.238618351305,31159000
2025-05-02,595.1632690429688,602.460510920923,576.5313930797772,581.6454434907807,24739300
2025-05-05,597.40625,601.3339987723356,586.2211133050413,589.3812373579714,13887700
2025-05-06,585.4834594726562,594.1763718529379,584.7557492481277,590.6872568767368,10600700
2025-05-07,594.953857421875,601.2043765510581,584.8453792561588,588.5239054125428,13139100
2025-05-08,596.150146484375,609.3987915210697,594.7644549027136,604.4043633227255,14622800
2025-05-09,590.6473388671875,605.0822864134453,589.8697963166327,601.8423939545719,10427300
2025-05-12,637.4412841796875,638.3983203620691,619.0985470240091,628.9577416253547,21965100
2025-05-13,653.98974609375,658.8644917290795,640.8307865245315,643.5323193603671,18570800
2025-05-14,657.309326171875,660.6090293889421,652.2750442210183,659.1536090398383,12348200
2025-05-15,641.8775024414062,655.2657270968772,636.5939979037247,652.2451822041022,14341800
2025-05-16,638.3485107421875,638.448175394899,624.2026405076157,635.9759078924747,18519000
2025-05-19,638.438232421875,641.0002469311114,625.8475073073743,626.2961199602966,9592400
2025-05-20,635.1185913085938,637.3615937967512,630.2936778074568,634.0320152877193,6743500
2025-05-21,633.5235595703125,644.5989922480402,628.2101191307713,629.8250759728282,11464600
2025-05-22,634.5902099609375,641.2494271811771,628.7484497588706,632.078027946325,8228400
2025-05-23,625.1097412109375,630.4829920563529,620.7134837844421,622.0592607315479,8454100
2025-05-27,640.3223876953125,641.080033825353,630.7821431595195,633.4338437693247,9508400
2025-05-28,641.5784301757812,648.8557144048555,640.5516043549418,640.6014366817531,9042900
2025-05-29,643.0438842773438,651.288184072806,637.5111569296643,649.6233948044612,8858800
2025-05-30,645.476318359375,647.3903301879006,630.812104900707,640.5018468251236,16241000
2025-06-02,668.8134765625,671.166122188044,642.256314296396,642.3859148545713,15766300
2025-06-03,664.7760009765625,673.4788911194719,662.9617149147357,669.3617309927172,11585000
2025-06-04,685.8104858398438,686.8572081679845,666.4907528237472,667.238420321753,14031900
2025-06-05,682.49072265625,692.2203773049333,680.1280985848566,689.5088052796527,13083100
2025-06-06,695.5401000976562,700.6242144400436,689.7182360915449,694.0048506531133,11728000
2025-06-09,691.9013671875,702.9967560909232,691.7817452730692,696.2877068677252,12773200
2025-06-10,700.2155151367188,701.0428899746662,689.4092014623567,699.1687320280228,10850100
2025-06-11,691.9811401367188,706.6653082639799,689.8378026054309,701.5213833723484,9582500
2025-06-12,691.20361328125,693.2173504861605,684.8634076906623,691.1438023170118,7322700
2025-06-13,680.7462768554688,692.4099021517203,678.8920760381308,685.810495147385,9274400
2025-06-16,700.4749145507812,705.4931583928874,691.8851025594383,697.6914734952734,13720300
2025-06-17,695.5963134765625,704.3158251974513,694.4290719322615,700.3551564610796,10066100
2025-06-18,694.1397705078125,699.9461410540869,693.2718138640435,696.5440968778995,10068300
2025-06-20,680.7512817382812,700.1756966800983,677.0799110041145,699.1081963012703,22538600
2025-06-23,696.8933715820312,697.4121118139869,677.1596869463602,682.0881149489193,11080100
2025-06-24,710.5313110351562,711.5189816994163,700.4649253469852,703.2384409706419,13823200
2025-06-25,707.01953125,714.9010456370576,703.7272754411318,711.6486741856498,9320400
2025-06-26,724.3888549804688,726.5138085370661,709.3840535476093,712.6862960420309,13964800
2025-06-27,731.9110717773438,733.7068421056694,724.1592578043636,724.8177454897765,18775700
2025-06-30,736.3606567382812,746.1476691378697,732.5296271967599,742.8054817668852,15402100
2025-07-01,717.5348510742188,736.0214648412638,713.6938959127618,735.1535081071979,13431200
2025-07-02,711.8981323242188,718.6123446328994,711.1299169276585,713.6540184351263,9336700
2025-07-03,717.3253784179688,727.3219211703462,712.7461059372963,724.9075473573512,8601700
2025-07-07,716.6668701171875,725.29662738586,711.8382444141125,715.9186273791692,9457100
2025-07-08,718.9814453125,721.2161872254258,713.1351899702655,719.8793609595846,7770700
2025-07-09,731.0631103515625,735.8019810021477,721.0266226856489,721.0266226856489,11418000
2025-07-10,725.5360107421875,734.0759515650559,717.9138972384281,729.8359096434607,9913600
2025-07-11,715.828857421875,723.4608966552098,708.0371589748221,720.8071559255932,10873900
2025-07-14,719.2308959960938,726.294324886829,714.8711396040657,715.9186673172987,8939400
2025-07-15,708.7255249023438,722.7724907094275,708.1568531421487,722.2038798413794,11529500
2025-07-16,701.2630615234375,712.2971456091764,697.6316362880923,711.6985757605347,13067600
2025-07-17,699.7665405273438,704.2460714207873,695.4766277838654,702.7395996705828,11803300
2025-07-18,702.6298828125,703.0588680042227,690.0294703606638,700.5447529444856,12779800
2025-07-21,711.2994995117188,715.3200865485861,704.1064313362314,705.1439727205105,9404400
2025-07-22,703.1586303710938,714.9209845240272,699.7665722015134,714.5119719450398,8921100
2025-07-23,711.9081420898438,712.955669824656,703.2783841619789,704.7150127643985,8771600
2025-07-24,713.1251831054688,721.9245248031309,712.3270697155897,715.3699112663372,10920800
2025-07-25,711.0101928710938,718.9615509303371,710.2320520647048,715.2402488643816,8271700
2025-07-28,715.9486083984375,723.0419351595109,711.0101939967738,713.5243091595448,8715700
2025-07-29,698.3599243164062,722.7725627282049,698.2701083907326,718.3130650111608,13267000
2025-07-30,693.5811767578125,706.8400169758165,689.5805622612598,706.4310043795708,27077300
2025-07-31,771.6278076171875,782.9113054874113,763.7163951695271,773.3836936232736,38831100
2025-08-01,748.2527465820312,764.2052724882252,743.5637464392476,758.9476005405788,19028700
2025-08-04,774.5509033203125,775.0297591596476,756.6329629953856,758.2192643014026,15801700
2025-08-05,761.6712646484375,781.295161548868,761.2123204894835,774.6308198377485,11640300
2025-08-06,770.1812133789062,771.827371776558,758.6782598971715,768.1958857027562,9733900
2025-08-07,760.0449829101562,773.1841074016191,757.7702959207965,771.6776357205837,9019700
2025-08-08,767.49755859375,768.0961893607639,756.8027042152274,760.9629170758883,7320800
2025-08-11,764.0755004882812,771.6477433040145,762.8783000057905,768.2756580428696,7612000
2025-08-12,788.1489868164062,791.8103707559926,770.6201469797736,771.1888187456735,14563100
2025-08-13,778.2523193359375,793.5962894533881,776.4066172801486,789.2963900548351,8811800
2025-08-14,780.2974243164062,785.9641084064921,770.6999694623344,776.0573823379099,8116200
2025-08-15,783.3901977539062,794.3843975355859,778.9905571139482,782.3127720209482,13375400
2025-08-18,765.572021484375,773.9922487170201,754.7873521125813,773.2739649293972,16513700
2025-08-19,749.71923828125,765.3724785334582,747.604210382002,765.3226078635242,12286700
2025-08-20,745.9680786132812,748.4423094323544,729.2872824481717,745.8184665954027,11898200
2025-08-21,737.3682250976562,743.7532539146816,731.392269728463,742.965126847803,8876300
2025-08-22,753.021484375,755.1265868650723,732.6693186706706,737.4979443181139,10612700
2025-08-25,751.5349731445312,757.1019160115399,748.3724176422635,753.0514312038815,6861200
2025-08-26,752.3331298828125,753.1013452690629,746.187589469264,749.0408739151204,7601800
2025-08-27,745.62890625,752.3830637406979,741.0995653139147,750.5373617239242,8315400
2025-08-28,749.35009765625,751.2855545763716,739.0642569298059,742.2567713506037,7468000
2025-08-29,736.9691772460938,745.3894040667411,733.6269900366806,743.5337768140281,9070500
2025-09-02,733.3875732421875,734.2755025264773,720.0389186102121,724.3388175548104,9350900
2025-09-03,735.3230590820312,738.5155735710689,732.2702311831985,734.2755314397929,7699300
2025-09-04,746.8959350585938,759.3765729399474,744.0725487076684,746.8161054490425,11439100
2025-09-05,750.6870727539062,756.1741866261438,743.2844743615274,750.8566574056083,9663400
2025-09-08,750.537353515625,764.7140814935753,750.2580412178338,754.2286966166499,13087800
2025-09-09,763.9059448242188,764.5045146420852,751.6646744655906,755.715159278882,10999000
2025-09-10,750.2180786132812,763.9059640843684,749.2403942554,763.3372922969834,12478300
2025-09-11,749.140625,755.326049350588,746.6165236987539,752.8818385469593,7923300
2025-09-12,753.8197021484375,755.7950435825012,742.0174024328237,746.9757286440731,8248600
2025-09-15,762.9082641601562,772.2563046936084,750.2280226983954,755.6951631721865,10533800
2025-09-16,777.1747436523438,779.5291993784334,763.3072880544486,765.2028605665566,11782500
2025-09-17,773.9024658203125,781.4547366857648,764.5145401578408,778.16248073438,9400900
2025-09-18,778.421875,786.9319184464317,771.5480036492609,778.9207035004806,10955000
2025-09-19,776.5562133789062,788.9470955167301,767.3877436699294,784.5773532506886,23696800
2025-09-22,763.8824462890625,784.4181095052566,763.1935958899483,780.5445827585347,11706900
2025-09-23,754.1387329101562,769.3133047218867,749.815945650324,767.9655831903335,10872600
2025-09-24,759.3899536132812,759.8392144671293,751.2735837511626,756.2352564498105,8828200
2025-09-25,747.6595458984375,755.5064686568031,743.3068402529434,752.1920046258563,10591100
2025-09-26,742.5081787109375,750.6745134518627,736.1188402620083,748.7477432379202,9696300
2025-09-29,742.1587524414062,749.5264347617783,737.9158487633198,747.4698158948381,9246800
2025-09-30,733.1538696289062,741.7294934738761,725.087343094007,741.0107248479524,16226800
2025-10-01,716.1422729492188,720.6446913474787,709.0141800953496,720.28530706911,20419600
2025-10-02,725.8360595703125,726.5548890984803,716.9409630753169,721.3735522103992,11415300
2025-10-03,709.3735961914062,729.7794705550638,708.9942257916973,728.4117628788885,16154300
2025-10-06,714.465087890625,715.6830826309072,689.3571155710283,704.0125981338592,21654700
2025-10-07,711.889404296875,717.3003375901077,704.5716259627259,716.5216106896504,12062900
2025-10-08,716.6414794921875,718.4484549738279,706.6281969142439,712.2587946669486,10790600
2025-10-09,732.2852783203125,732.2852783203125,711.2504512938121,717.0807271377935,12717200
2025-10-10,704.1223754882812,734.0423674154782,703.333716456913,729.6995938834806,16980100
2025-10-13,714.5050048828125,718.7379155876384,706.4584651360833,711.8194939498104,9251800
2025-10-14,707.466796875,714.3552394376962,698.1623510959027,706.598254382022,8829800
2025-10-15,716.3519287109375,722.6913629779451,708.3253746524584,715.8627565899488,10246800
2025-10-16,710.881103515625,724.2786798244232,702.7047754671785,716.3519343648386,9017000
2025-10-17,715.7229614257812,717.3402516818879,704.9410060739878,705.8994251244851,12232400
2025-10-20,730.947509765625,732.5448748734839,718.9775387090459,719.9858621042338,8900200
2025-10-21,732.0457153320312,737.2669635645257,727.5332426508437,734.7911237948646,7647300
2025-10-22,732.1854248046875,739.3634223567747,722.8211423130082,732.6047674176828,8734500
2025-10-23,732.7744750976562,741.170406509876,731.8759534115667,733.4733185275871,9856000
2025-10-24,737.127197265625,739.9724753796752,729.9292742962166,735.5598112729552,9151300
2025-10-27,749.5663452148438,754.4881061640369,746.7610395763271,748.4781384032651,11321100
2025-10-28,750.1853637695312,757.1337649704751,744.2752651341964,751.3733793283152,12193800
2025-10-29,750.4149169921875,757.8924011644837,741.2702382858599,753.4897913670577,26818600
2025-10-30,665.3572387695312,679.8230975870755,649.08446528138,668.0328178882455,88440100
2025-10-31,647.2674560546875,673.7631824593219,644.4921293755289,673.383812052831,56953200
2025-11-03,636.645263671875,658.2291607688485,635.1177890022415,654.90470367213,33003600
2025-11-04,626.2725830078125,640.6684891460408,624.9647727272926,626.9913515895119,27356600
2025-11-05,634.88818359375,641.1576663615418,625.4938610947797,631.2542465797685,20219900
2025-11-06,617.9065551757812,634.938067569805,616.9681222612256,634.7882936522686,23628800
2025-11-07,620.6719360351562,621.0912176885568,600.1961723842201,615.4606203242017,29946800
2025-11-10,630.7052001953125,633.9397808237388,617.077966360211,630.0363359130761,19245000
2025-11-11,626.0330200195312,628.5088598168925,618.3558571038752,626.9514668906089,13302200
2025-11-12,607.9931640625,627.939784558569,606.7552442025384,627.0812350986922,24493300
2025-11-13,608.8717041015625,616.6187572691151,601.993193452889,612.0463872625083,20973800
2025-11-14,608.4424438476562,612.6553687237855,594.2062431482154,600.7852061056304,20724100
2025-11-17,601.0048217773438,610.6686515784111,594.4058732487083,608.0230519623859,16501300
2025-11-18,596.6920776367188,602.6520806612418,582.8053290854997,590.612218909938,25500600
2025-11-19,589.3343505859375,594.3359951431619,580.2794874440681,592.7286370493186,24744700
2025-11-20,588.1663208007812,605.706930555967,582.375956312388,602.4923362369276,20603000
2025-11-21,593.2578125,597.1213460929463,580.88848479756,587.517412968027,21052600
2025-11-24,612.0264282226562,615.6703584886146,596.6321908004635,597.7203367937327,23554900
2025-11-25,635.1576538085938,635.9862849922763,617.2675924687619,622.9580871825591,25213000
2025-11-26,632.5520629882812,637.2941320349476,630.5753884422047,636.6252677780955,15209500
2025-11-28,646.8681640625,646.9679727244463,634.4389389877349,635.0179876534709,11033200
2025-12-01,639.7999267578125,644.242508725797,636.6951341862962,638.4821234657416,13029900
2025-12-02,646.01953125,646.7882651016448,637.0046400682228,641.2675300698932,11640900
2025-12-03,638.5320434570312,647.7665988470103,636.4854785031988,643.3340098224904,11134300
2025-12-04,660.425537109375,674.9711573797597,658.9479666864565,674.87134871331,29874600
2025-12-05,672.2955932617188,673.5634922785046,661.2840414153883,662.8913386215002,21207900
2025-12-08,665.6866455078125,675.5801331063639,663.9595535520253,668.2224435191038,13161000
2025-12-09,655.8631591796875,663.3705623262879,652.2492080192432,662.6617867420982,12997100
2025-12-10,649.0444946289062,653.4171862971667,642.3257510862366,648.8648024836247,16910900
2025-12-11,651.6201782226562,654.1858943512054,639.730030479328,642.2158631242634,13056700
2025-12-12,643.1543579101562,709.8128965395189,637.543746077992,648.7150654102267,14016900
2025-12-15,646.9561157226562,652.4414097008485,638.1536544261938,645.1476664750544,15549100
2025-12-16,656.587890625,661.973233609148,642.6498114209788,642.9495426008936,14309100
2025-12-17,648.9443969726562,660.664343241777,648.644665798819,655.0491556477624,15598500
2025-12-18,663.881591796875,669.9863502083882,655.8984367998282,656.4679564970005,20260300
2025-12-19,658.2064819335938,670.4260003995075,657.6169598101359,665.8499012351181,49977100
2025-12-22,660.9341430664062,673.0038267300547,656.0883162216827,661.0840391473547,15659400
2025-12-23,664.3711547851562,665.4302455294139,657.6868755551602,659.4853234816244,8486800
2025-12-24,666.9789428710938,667.6084088263418,661.633543835896,661.9632786179176,5627500
2025-12-26,662.7225952148438,668.3777877623371,660.7543096382171,667.4885344385556,7133800
2025-12-29,658.1265258789062,659.6851889371151,653.8302165118,657.4471149030659,8506500
2025-12-30,665.3803100585938,671.6449047754843,657.2772625792347,658.1265110341435,9187500
2025-12-31,659.5253295898438,664.4311023248911,658.8758612620638,664.1813161961976,7940400
2026-01-02,649.8535766601562,663.8216588672108,642.9495146869224,662.1630447721155,13726500
2026-01-05,658.2264404296875,663.9715218041853,647.1959061445123,650.4531272549772,12213700
2026-01-06,660.0548706054688,664.9507033148827,651.3423593634897,659.0057810200069,11074400
2026-01-07,648.1350708007812,658.5861445899717,644.2583851266311,655.0791375151089,12846300
2026-01-08,645.50732421875,646.5464125947736,635.1761427603,645.3274855180696,11921700
2026-01-09,652.5013427734375,654.3897406244424,642.3000548798136,644.8878661181845,11634900
2026-01-12,641.4207763671875,653.4105105723186,640.6814191818085,651.9718010113269,14797200
2026-01-13,630.5501708984375,641.720599826752,623.5660991574318,641.720599826752,18030400
2026-01-14,614.9934692382812,627.9124008742662,614.2940558608916,625.9640568168747,15527900
2026-01-15,620.2689208984375,623.6360331340583,613.7045339245012,617.9508982377323,13076100
2026-01-16,619.7194213867188,628.5418850412981,619.5495838845379,623.6460522405506,17012500
2026-01-20,603.6032104492188,610.8770121629093,599.4867397151437,607.3600037753715,15169600
2026-01-21,612.4356689453125,617.7411240978843,599.5666821865381,606.2209580964126,14494700
2026-01-22,647.0759887695312,660.0049216653568,626.0140046136898,628.811597152667,21394700
2026-01-23,658.1964721679688,665.9198400091174,643.8987161260534,644.2184496993522,22797700
2026-01-26,671.7847900390625,674.7023359243682,660.7242529636108,664.5609947255355,16327400
2026-01-27,672.394287109375,676.2410302656567,664.0913982323968,674.0129574053085,13297400
2026-01-28,668.1578979492188,677.1002536346601,665.5301429727417,673.9229813666298,25709600
2026-01-29,737.6784057617188,743.363540655783,711.9404325537852,736.7991536844581,59852900
2026-01-30,715.8870849609375,731.5436633097714,712.9796010924755,726.8776752394725,23744600
2026-02-02,705.8056640625,720.6829408229889,702.9181827036907,713.9886602426056,14365200
2026-02-03,691.1082763671875,716.3866205151361,685.8227628297016,706.7648539132639,13760700
2026-02-04,668.417724609375,688.2407799622291,666.8890651090074,687.1416843315144,16882800
2026-02-05,669.63671875,680.9170392363125,652.9409906690098,663.0123852284637,17131800
2026-02-06,660.8941650390625,671.4151252649915,645.9469408650316,664.920685797671,18159300
2026-02-09,676.640625,682.7254419812133,658.2164585284562,662.6126578425271,14837500
2026-02-10,670.1461791992188,680.0677378888336,669.216982119095,677.0202983345941,10455800
2026-02-11,668.1179809570312,678.6889475196376,656.5378686274887,673.4234361526849,14323800
2026-02-12,649.254150390625,675.421749916193,644.7280570616384,669.3968787035581,14960100
2026-02-13,639.2227172851562,650.872715705495,634.0271535178357,644.5481137374378,12336400
2026-02-17,638.7431030273438,642.0502690775812,628.2620863630333,638.952945338547,12674700
2026-02-18,642.6697387695312,644.4482453696517,627.6126838179015,633.2578140286595,14649200
2026-02-19,644.2284545898438,646.6363661317032,636.1752909436037,638.0237449576674,10035700
2026-02-20,655.09912109375,662.7825455010891,638.2336163631846,639.1428111159805,14183500
2026-02-23,636.7048950195312,657.1374142434245,635.455964272141,651.9817939677475,8605900
2026-02-24,638.7531127929688,640.5615620292823,628.4419334902003,632.5384628258726,10135600
2026-02-25,653.1307983398438,653.3206382422114,641.5906910720822,641.9803720795121,11330700
2026-02-26,656.447998046875,660.4345752110744,646.9461232211356,649.9935020296807,10637700
2026-02-27,647.62548828125,648.8844201349368,637.5740968396581,642.8995542116262,15703000
2026-03-02,653.0009155273438,659.3754626922687,633.9572226725116,636.6149203669017,9816100
2026-03-03,654.5196533203125,658.4762268569145,638.293554979916,647.7354225434952,12263800
2026-03-04,667.1587524414062,672.1944798634893,657.1073609851721,657.397151925757,10810100
2026-03-05,660.0049438476562,670.1262833419206,649.7537106790966,661.363765843265,13341400
2026-03-06,644.308349609375,648.9143914185428,635.5658346648192,647.3457881163396,13159400
2026-03-09,646.836181640625,647.195859029807,626.2438278402449,634.2369839533108,13489700
2026-03-10,653.510498046875,659.7351492208539,648.444827744844,653.0009245574777,9859300
2026-03-11,654.2998046875,658.5561703533895,647.8053649208291,654.1999146227295,8977200
2026-03-12,637.6340942382812,652.9409968457168,636.355220859953,648.1950599902964,11617500
2026-03-13,613.1849975585938,628.6317326131165,609.0285222575777,623.3562813254467,18957600
2026-03-16,627.4500122070312,634.75,623.0999755859375,632.0,15134900
2026-03-17,622.6599731445312,636.5499877929688,621.7000122070312,627.989990234375,10348800
2026-03-18,615.6799926757812,622.6500244140625,614.6099853515625,616.3400268554688,11726300
2026-03-19,606.7000122070312,613.0,602.260009765625,612.1500244140625,13247700
2026-03-20,593.6599731445312,603.9600219726562,587.25,603.530029296875,21214900
2026-03-23,604.0599975585938,608.6400146484375,599.010009765625,605.7899780273438,13638000
2026-03-24,592.9199829101562,601.0,591.0,599.0999755859375,10739700
2026-03-25,594.8900146484375,603.6699829101562,593.4000244140625,598.739990234375,12585000
2026-03-26,547.5399780273438,583.0,543.3499755859375,582.489990234375,35780100
2026-03-27,525.719970703125,543.5999755859375,520.260009765625,540.0999755859375,30133000
2026-03-30,536.3800048828125,539.5499877929688,528.5399780273438,536.3800048828125,22795200
2026-03-31,572.1300048828125,573.6900024414062,546.77001953125,549.97998046875,32809500
