Date,Close,High,Low,Open,Volume
2016-04-04,48.77225875854492,48.974632872319724,48.39390613298435,48.77225875854492,18928800
2016-04-05,48.00674819946289,48.65786422255586,47.91875727978115,48.56107588916114,19272300
2016-04-06,48.49947738647461,48.569870112731884,47.69877858610274,47.83076326958016,21188700
2016-04-07,47.91875076293945,48.314701456382934,47.716376709959434,48.27950509329686,19225100
2016-04-08,47.88356018066406,48.64026529581925,47.79557261883639,48.103532441743575,22167200
2016-04-11,47.786781311035156,48.52588833695938,47.777980539821705,47.945161627769686,21414200
2016-04-12,48.085933685302734,48.200316835029966,47.30282968038137,47.839562490598574,24944300
2016-04-13,48.70186996459961,48.78106013350592,48.29712170419457,48.49949583439709,20818000
2016-04-14,48.710655212402344,48.904231865036515,48.45548659875005,48.5874712903661,20877100
2016-04-15,48.96582794189453,49.20339503635599,48.49068703995078,48.65786475440784,28793800
2016-04-18,49.67854690551758,49.79293344935134,48.57868532849225,48.82505660417351,23786000
2016-04-19,49.616947174072266,49.951305981074235,48.9922267014846,49.8281220407342,29596800
2016-04-20,48.91303634643555,49.713735311888726,48.82504877698336,49.528959402132756,36195700
2016-04-21,49.08021926879883,49.47617008628777,48.76345861480767,49.097817455855115,38909100
2016-04-22,45.56064987182617,46.13257904592577,44.67196348744362,45.6750363779481,126834100
2016-04-25,45.851009368896484,45.86860754900708,45.42866311577109,45.560644431836096,33226900
2016-04-26,45.2614860534668,46.06218485793594,44.95352626579019,45.98299471874625,33532600
2016-04-27,44.82155227661133,45.314291410977475,44.478396043744674,45.29669322512396,43369300
2016-04-28,43.906463623046875,44.67196613380487,43.607301220743366,44.539981437652344,43134800
2016-04-29,43.88006591796875,44.21442469629096,43.42252320987266,43.42252320987266,48411700
2016-05-02,44.531185150146484,44.65436907953112,43.80087563092278,43.99445229510455,33114500
2016-05-03,43.80088424682617,44.35521539460773,43.642503918888586,44.29362341779989,26460200
2016-05-04,43.88006591796875,44.04724698538503,43.51931154226938,43.85367032059159,24257600
2016-05-05,43.94165802001953,44.25841861557562,43.75688212478193,43.88006605494033,25390700
2016-05-06,44.33761215209961,44.33761215209961,43.69529349826106,43.92406319224728,24787300
2016-05-09,44.05605697631836,44.51359981503573,43.99446499384788,44.42561222765256,17951600
2016-05-10,44.891937255859375,44.96232663058868,44.161627773545646,44.284815053214714,22891000
2016-05-11,44.9183349609375,45.56065355936164,44.874341180102206,44.988727695482225,24039100
2016-05-12,45.32309341430664,45.587062872323735,44.8039586268567,45.050329897238576,24102800
2016-05-13,44.944725036621094,45.66623364063178,44.90952867630114,45.26148220997167,22592300
2016-05-16,45.604652404785156,45.71903556793896,44.654370591901454,44.69836437438448,20032000
2016-05-17,44.754051208496094,45.83502525165892,44.62114672482046,45.826166304742166,27803500
2016-05-18,45.01985549926758,45.31224799306636,44.567971581596936,44.727459625482275,24907500
2016-05-19,44.585697174072266,44.851509479659576,44.14267553809779,44.71860501685934,23842400
2016-05-20,44.85151672363281,45.3831448006576,44.656589470712376,44.72747118632324,23905800
2016-05-23,44.32875442504883,44.9046840416715,44.28445292684424,44.833798940554026,26118700
2016-05-24,45.71097183227539,45.81729607687829,44.656581571661825,44.922393873162484,34757900
2016-05-25,46.180580139160156,46.50841862420256,45.88818758059402,46.00337078670239,24040200
2016-05-26,45.9767951965332,46.05653924416978,45.507193238222015,46.01223774659115,24335200
2016-05-27,46.357784271240234,46.357784271240234,45.87046114184958,46.003365606236,17721400
2016-05-31,46.960304260253906,46.960304260253906,46.14514588416809,46.304630600369016,37653100
2016-06-01,46.82738494873047,46.91599130274095,46.46410734725449,46.46410734725449,25324800
2016-06-02,46.49955749511719,46.72993067324139,45.93249025663814,46.64132430473695,22840800
2016-06-03,45.888179779052734,46.44638458141036,45.719829401845175,46.41094542093371,23368300
2016-06-06,46.189430236816406,46.38435743092313,45.97677839417063,46.06538473693403,18243300
2016-06-07,46.162864685058594,46.72107303267096,46.162864685058594,46.28691361340732,20866800
2016-06-08,46.10968780517578,46.46410304846735,45.95905870728733,46.09196653601323,21149400
2016-06-09,45.737552642822266,46.07425003175835,45.6223694513334,46.07425003175835,20305700
2016-06-10,45.61350631713867,46.11855070159521,45.223648502115644,45.23250744746279,25833200
2016-06-13,44.426204681396484,44.940111350237416,43.469279800777066,43.93002266181105,83217800
2016-06-14,44.15153121948242,44.390759892519974,43.92115811065068,44.21355396878643,42577100
2016-06-15,44.02749252319336,44.40849143131008,44.02749252319336,44.107236559310515,33757600
2016-06-16,44.64772033691406,44.718605421705405,43.868001304143725,43.87686362973608,31188600
2016-06-17,44.417354583740234,44.68316691574605,44.14267992534148,44.665445642947375,45710500
2016-06-20,44.364200592041016,45.037595587599476,44.32875803859311,44.86924514871589,35607900
2016-06-21,45.3565673828125,45.56921931860856,44.443943622494245,44.4793861751249,34097800
2016-06-22,45.17934799194336,45.595786031995765,45.14390544981516,45.25909202173839,28816800
2016-06-23,45.9945182800293,46.127426157978626,45.321126702389115,45.43630992462494,29028800
2016-06-24,44.15153121948242,45.1350362641544,43.876856629717295,44.1338099511118,133503000
2016-06-27,42.91107940673828,43.54903169581225,42.565523043485584,43.504726824636585,50216300
2016-06-28,43.80598068237305,43.83256428046033,43.1237269179081,43.34523774870892,38140700
2016-06-29,44.78062057495117,44.94010860865589,44.124947171944406,44.22241245698466,31304000
2016-06-30,45.338836669921875,45.45402325200327,44.74518924686229,44.94011986577124,28527800
2016-07-01,45.32997131347656,45.826156736903094,45.25022728792563,45.30339109828848,21400400
2016-07-05,45.338836669921875,45.43630197937635,44.95784113839816,45.037585175225715,24806400
2016-07-06,45.52490234375,45.66666912609776,44.64771805423237,44.99327437495587,28167500
2016-07-07,45.52490234375,45.72869188212574,45.25022772420703,45.56034150434691,19585200
2016-07-08,46.340065002441406,46.393228818485426,45.67553251183282,45.835020579977844,28391000
2016-07-11,46.59702682495117,46.80967874769509,46.49070255357304,46.51728277642066,22269200
2016-07-12,47.14636993408203,47.31472034838474,46.774233317178556,46.90713780322089,27317600
2016-07-13,47.41218185424805,47.722299078830005,47.11978928362853,47.45648672917933,25356800
2016-07-14,47.615970611572266,47.83748144672475,47.47420381227416,47.704573593638415,24545500
2016-07-15,47.58053970336914,47.84635209456357,47.14637687309415,47.80205059269582,32024400
2016-07-18,47.810909271240234,48.147606767513174,47.44763154999425,47.58053943483533,31433900
2016-07-19,47.04003143310547,47.75772760848607,46.89826466290532,47.58937724513274,53336500
2016-07-20,49.53868103027344,50.36270157403833,49.20198362809315,49.7513329105944,89893300
2016-07-21,49.441226959228516,49.822225937210824,49.40578440779115,49.600715060708914,32776700
2016-07-22,50.123470306396484,50.17663412235405,49.423495272896815,49.68931097269762,32157200
2016-07-25,50.26523208618164,50.274094411283684,49.84879068603951,50.034862333328846,25610600
2016-07-26,50.29182434082031,50.761429664032946,50.070313480055624,50.079175807279206,28079000
2016-07-27,49.786773681640625,50.32726065575491,49.71589197256947,50.15891363922222,32327500
2016-07-28,49.80449676513672,49.94626356842173,49.370337408820795,49.61842846957275,37550400
2016-07-29,50.22093200683594,50.291813709703554,49.66272380931128,49.84879208182391,30558700
2016-08-01,50.13234329223633,50.28296906616376,49.74248198562369,50.15006118800259,26003400
2016-08-02,50.13234329223633,50.41587694432493,49.89311113953887,50.37157206494604,35122000
2016-08-03,50.47789764404297,50.60194318923306,50.052597183396536,50.220944226156284,22075600
2016-08-04,50.85002899169922,50.96521557739212,50.21207667707667,50.32726326276958,26587700
2016-08-05,51.35506820678711,51.57657902898338,50.903187616700954,51.08039695045535,29335200
2016-08-08,51.443668365478516,51.470248579343746,51.19557397611919,51.443668365478516,19473500
2016-08-09,51.56772994995117,51.83354231144827,51.40824185705541,51.54114634781018,16920700
2016-08-10,51.40823745727539,51.674049796022906,51.231028104781295,51.53228299002508,15756900
2016-08-11,51.65633010864258,51.78923797209029,51.41709798242913,51.41709798242913,18162300
2016-08-12,51.33735656738281,51.55886743113919,51.05382293217365,51.417100613534615,21655200
2016-08-15,51.49684143066406,51.83353886885823,51.35507462194873,51.399376115924646,19283900
2016-08-16,51.2115364074707,51.372018517537796,51.05997185965927,51.36310435633562,20523500
2016-08-17,51.318538665771484,51.42552563031032,51.02432026197183,51.30070693817263,18856400
2016-08-18,51.35420227050781,51.44336091466644,51.05998724742062,51.1937201120768,14214300
2016-08-19,51.37201690673828,51.470089682154544,50.99756092902534,51.20262064078053,17271000
2016-08-22,51.41659164428711,51.48791853190177,51.05104984789496,51.354182318150876,15221900
2016-08-23,51.61274337768555,51.8712982747354,51.57707992959862,51.62166094023409,18732400
2016-08-24,51.666236877441406,51.746477932512896,51.46117715915949,51.53250065197109,18151500
2016-08-25,51.862369537353516,51.969359858561006,51.51465949606134,51.60381809706758,18552600
2016-08-26,51.737548828125,52.33489952729502,51.43441639893112,51.96044022014836,20971200
2016-08-29,51.799964904785156,52.24574774699864,51.799964904785156,51.87129179204484,16417200
2016-08-30,51.61274337768555,51.88021243623033,51.36310604318423,51.69298443535435,16930200
2016-08-31,51.22937774658203,51.532510300155764,51.08672733319757,51.398777450700784,20860300
2016-09-01,51.345272064208984,51.550331780122825,50.8281622928192,50.8281622928192,26075400
2016-09-02,51.41659164428711,51.88020621062282,51.19370022207109,51.41659164428711,18900500
2016-09-06,51.36309814453125,51.532494395313904,51.00647052061158,51.51466267401261,16278400
2016-09-07,51.407684326171875,51.56816644361167,51.18479287428922,51.23828804712037,17493400
2016-09-08,51.20262908935547,51.52359335238563,50.97973761792385,51.38094294671155,20146100
2016-09-09,50.11491012573242,51.2828624857459,50.11491012573242,50.63201989462575,35113900
2016-09-12,50.863834381103516,51.00648479036916,49.57998069771272,49.92769085773185,29303000
2016-09-13,50.40019989013672,50.507190205822255,49.97224883055267,50.373454011741686,30130200
2016-09-14,50.15948486328125,50.489366621550886,49.954425160089805,50.2753893567558,24062500
2016-09-15,50.98863983154297,51.13129020378808,49.90984617887343,50.06141411247627,26847000
2016-09-16,51.04214859008789,51.380944589793216,50.596365632969224,51.380944589793216,44607000
2016-09-19,50.75682830810547,51.48791180537901,50.68550142980914,51.05996073875933,20937100
2016-09-20,50.64983367919922,51.13127643017849,50.59633852862275,51.13127643017849,17384000
2016-09-21,51.4968376159668,51.57707867167858,50.89057601854316,51.27394617244,33707300
2016-09-22,51.55032730102539,51.710809395371136,51.380931046350725,51.63948250852718,19822200
2016-09-23,51.20262908935547,51.6305803063777,51.15805147527993,51.5949168546957,19955300
2016-09-26,50.73009490966797,50.944068795092356,50.667685576331394,50.89057702426305,21688700
2016-09-27,51.666236877441406,51.76430965597917,50.533947945234175,50.756839386982364,28065100
2016-09-28,51.737548828125,51.76429810788366,51.41658467944293,51.60381603354262,20536400
2016-09-29,51.175872802734375,51.86237540232634,51.00647314219201,51.541414605565905,25463500
2016-09-30,51.35420227050781,51.505770265050224,51.12239659780441,51.32745637778748,29910800
2016-10-03,51.19370651245117,51.30961101854006,50.87274568190701,51.184792350930614,19189500
2016-10-04,51.03322219848633,51.354182993815584,50.79249905119946,51.05996808116712,20085900
2016-10-05,51.38984680175781,51.67514755588272,51.05105088083951,51.07780016476284,16726400
2016-10-06,51.479007720947266,51.585994658277144,51.0688848925848,51.479007720947266,16212600
2016-10-07,51.532501220703125,51.692983332617246,51.19370527321182,51.57707882933404,20089000
2016-10-10,51.74647521972656,52.05852186139373,51.59490727873586,51.63057072379877,18196500
2016-10-11,50.98863983154297,51.72864097578856,50.721170808715016,51.61273648551029,26497400
2016-10-12,50.917327880859375,51.059978285420804,50.28431692318393,50.917327880859375,22177500
2016-10-13,50.7479248046875,51.08672076833414,50.21298667350118,50.55178263714782,25313700
2016-10-14,51.19370651245117,51.479010696913114,50.92623745313756,50.92623745313756,27402500
2016-10-17,51.015403747558594,51.22937766677487,50.70335363054151,51.14022243394378,23830000
2016-10-18,51.407684326171875,51.66623922660862,51.18479287428922,51.29177981889787,19149500
2016-10-19,51.291770935058594,51.56815751190167,51.17586984891255,51.23827917254597,22878400
2016-10-20,51.04214859008789,51.28287179505846,50.5161245646457,51.26504006864723,49455600
2016-10-21,53.190818786621094,53.89515662850096,53.03925422373885,53.74358866456489,80032200
2016-10-24,54.38551330566406,54.38551330566406,53.43153818041949,53.44045234187487,54067000
2016-10-25,54.37657928466797,54.71537171309536,54.207179669401924,54.251757262505286,35137200
2016-10-26,54.05562973022461,54.56382191077799,53.91297935324565,54.2161118294576,29911600
2016-10-27,53.583099365234375,54.23394534534485,53.57418520433918,54.037799795116854,28479900
2016-10-28,53.3780403137207,53.95755940961744,53.1194888319246,53.50285897411608,33574700
2016-10-31,53.42262268066406,53.86840559382469,53.42262268066406,53.6365999754448,26434700
2016-11-01,53.31562805175781,53.51177359362383,52.825267598146006,53.46719598894152,24533000
2016-11-02,52.98575210571289,53.431534974917234,52.86984760742481,53.33346219952374,22147000
2016-11-03,52.78961181640625,53.17298539421667,52.700456594100736,53.07491260904837,21600400
2016-11-04,52.34382247924805,52.8520146663434,52.17442621723403,52.29033071285062,28697000
2016-11-07,53.86840057373047,53.95755918868598,53.29779904222885,53.29779904222885,31664800
2016-11-08,53.91297149658203,54.18935464860937,53.62767078420059,53.984294974151005,22935400
2016-11-09,53.6455078125,54.01996718395453,52.78069137564578,53.49394327240046,49632500
2016-11-10,52.33491516113281,53.93081882101178,51.380939990379176,53.921901258077405,57822400
2016-11-11,52.620208740234375,52.709363951029786,51.71972546635567,51.915871011369504,38767800
2016-11-14,51.817806243896484,52.67371204460144,51.06889079393828,52.62021686922806,41328400
2016-11-15,52.84105682373047,53.3975643990222,52.347383620641885,52.35636142696943,35904100
2016-11-16,53.54117202758789,53.55014640880336,52.78719731639872,52.903881392347074,27332500
2016-11-17,54.42978286743164,54.708036620839756,53.82840003061889,54.22333785968863,32132700
2016-11-18,54.16947555541992,54.878571435526176,54.12459680615364,54.55543896236236,27686300
2016-11-21,54.62724304199219,54.725978336375675,54.23230186445824,54.30411059638398,19652600
2016-11-22,54.86063766479492,54.98629957453014,54.58238727153271,54.7349757550597,23206700
2016-11-23,54.21437072753906,54.84268021597323,54.07973102342894,54.76189707831314,21848900
2016-11-25,54.331050872802734,54.331050872802734,53.97201739463509,54.12460585244966,8409600
2016-11-28,54.40286636352539,54.77087769306194,54.04382941684237,54.16051693811887,20732600
2016-11-29,54.83369827270508,55.12092640610697,54.32207294608112,54.438760445284835,22366700
2016-11-30,54.088687896728516,54.914471194831144,54.052786954746594,54.62724311480296,34655400
2016-12-01,53.137264251708984,53.98997440253792,52.9038892172354,53.954070024306596,34542100
2016-12-02,53.18213653564453,53.37960716783765,52.77822088980841,53.029548082789525,25515700
2016-12-05,54.05278778076172,54.38489461136404,53.460379428647016,53.586041287576066,23552700
2016-12-06,53.81045913696289,54.26822800254308,53.67581942259981,54.24130142928253,19907000
2016-12-07,55.08502197265625,55.09399977783171,53.675807874698634,53.86430069503017,30809000
2016-12-08,54.76189422607422,55.27352302062689,54.6093057651248,55.022195814313534,21220800
2016-12-09,55.62358093261719,55.64153312011425,54.869606177889025,54.914484934616844,27349400
2016-12-12,55.803096771240234,55.91978427965362,55.399184530784915,55.48894204554616,20198100
2016-12-13,56.53013229370117,56.9250700637503,55.865918615708146,56.09929015618514,35718900
2016-12-14,56.260868072509766,56.95201188168484,56.1262283785554,56.5480962238514,30352700
2016-12-15,56.17110824584961,56.68273358335773,55.919781055754214,56.27881794215934,27669900
2016-12-16,55.919776916503906,56.50321095771836,55.75821067198388,56.50321095771836,42453100
2016-12-19,57.10459518432617,57.239234866126814,56.02748800200906,56.15315330290335,34338200
2016-12-20,57.03279113769531,57.266162710790944,56.575018948581246,57.16742739847107,26028400
2016-12-21,57.03279113769531,57.1764052036071,56.65580207465847,56.93405582537544,17096300
2016-12-22,57.04175567626953,57.53542872865639,56.916093818283294,57.30205719582892,22176600
2016-12-23,56.76351547241211,57.03279141932273,56.36857422118239,56.95200829284659,12403800
2016-12-27,56.79941940307617,57.50851539225834,56.73658845963265,56.73658845963265,11763200
2016-12-28,56.53909683227539,56.90710795239536,56.3954828201317,56.90710795239536,14653300
2016-12-29,56.45833969116211,56.72761565971809,56.3057478070949,56.422435315613384,10250600
2016-12-30,55.77616500854492,56.5391175090992,55.67742969708254,56.512187517954395,25579900
2017-01-03,56.17110824584961,56.40447982519228,55.767192604651214,56.359601070399016,20694100
2017-01-04,55.919776916503906,56.32369252780397,55.75821067198388,56.08134316102393,21340000
2017-01-05,55.919776916503906,56.242909405543955,55.677427549723866,55.82104160884953,24876000
2017-01-06,56.40448760986328,56.68274140643196,55.68641716197798,55.919788773529454,19922900
2017-01-09,56.2249641418457,56.61990542108332,56.13520662785334,56.33267384344247,20382700
2017-01-10,56.20700454711914,56.61092015491494,55.90182424612111,56.30573985391692,18593000
2017-01-11,56.718631744384766,56.754536116066056,56.03646580258694,56.198032051123405,21517300
2017-01-12,56.19804000854492,56.9071360415236,55.60563148803826,56.60195568707897,20968200
2017-01-13,56.2788200378418,56.43140849462681,55.964661894531474,56.20701128827499,19422300
2017-01-17,56.126220703125,56.27881256367453,55.67742635002397,56.26086037866698,20664000
2017-01-18,56.09929275512695,56.27881117674918,55.75820809644764,56.25188118788694,19670100
2017-01-19,55.919776916503906,56.530137523795275,55.83001941356134,55.86592378435007,18451700
2017-01-20,56.314720153808594,56.38652547391547,55.9826098482225,56.251885790674685,30213500
2017-01-23,56.51218795776367,56.6558020235459,56.16212888642132,56.27881638487858,23097600
2017-01-24,57.01484680175781,57.212317453587055,56.49424360112795,56.727618630386125,24672900
2017-01-25,57.158451080322266,57.53543670655403,56.952006081572115,57.40080045034096,23672700
2017-01-26,57.688026428222656,57.9303792276473,57.041764851197996,57.55339359305203,43554600
2017-01-27,59.04338836669922,59.1600792898964,58.24453490691963,58.69332929322542,44818000
2017-01-30,58.459957122802734,59.052369028451665,58.16375801803748,58.9626115164604,31651400
2017-01-31,58.029109954833984,58.47790429810716,57.67905091492556,58.217602757241735,25270500
2017-02-01,57.06869125366211,58.00218432447807,56.96995594870649,57.7688093447595,39671500
2017-02-02,56.7006721496582,56.91609492756804,56.32368656835211,56.77248088363778,45827000
2017-02-03,57.158451080322266,57.17640326595654,56.610921402579585,56.996884833643136,30301800
2017-02-06,57.1225471496582,57.13152495455924,56.673752777427666,56.996885273278345,19796400
2017-02-07,56.93405532836914,57.248210024799576,56.75453689153915,57.21230907665709,20277200
2017-02-08,56.8532600402832,57.27512776297839,56.745550370839474,57.05970500006228,18096400
2017-02-09,57.49953079223633,57.840618886104764,56.835317061739595,57.01483548923546,22644400
2017-02-10,57.445674896240234,57.7149542365396,57.427722711951674,57.67007206380367,18170700
2017-02-13,58.091949462890625,58.21761134970917,57.56236849867596,57.661103816613284,22920100
2017-02-14,58.308677673339844,58.44413362291891,57.812008154741875,58.16419637947776,23108400
2017-02-15,58.272544860839844,58.30866690002528,57.938428055129975,58.245455053844395,17005200
2017-02-16,58.263526916503906,58.91371000213586,58.19128970999296,58.462194735955464,20546300
2017-02-17,58.35382080078125,58.417032646560656,58.06485137870761,58.21836487708981,21248800
2017-02-21,58.23643493652344,58.65182813920801,58.20031288982357,58.34480107662304,20655900
2017-02-22,58.11903762817383,58.14612743809023,57.83910040627059,58.09194781825742,19292700
2017-02-23,58.35382080078125,58.45315468551667,57.965517493972186,58.17321060600118,20273100
2017-02-24,58.35382080078125,58.51636653129608,57.920363222883545,58.2725444907366,21796800
2017-02-27,58.001644134521484,58.28158134667148,57.839098391110994,58.28158134667148,15871500
2017-02-28,57.775875091552734,57.97453940447555,57.57720733384289,57.86618018359677,23239800
2017-03-01,58.64278793334961,58.68793531310116,57.81199484894567,57.911328729802946,26937500
2017-03-02,57.8029670715332,58.47120751404155,57.68557217684884,58.41702790479258,24539600
2017-03-03,58.01969909667969,58.046788904431786,57.450789020374124,57.784912724991,18135900
2017-03-06,58.03776550292969,58.299645167005046,57.622375756638775,57.76686049461348,18750300
2017-03-07,58.15515899658203,58.498308067501014,57.965523439791916,57.965523439791916,18521000
2017-03-08,58.68794250488281,58.769218821714134,58.01970195233383,58.02873418522066,21510900
2017-03-09,58.453155517578125,58.877573979810194,58.227397938070304,58.86854863712357,19846800
2017-03-10,58.633766174316406,58.93176787011517,58.47122042111484,58.79631192751796,19538200
2017-03-13,58.43510055541992,58.868558209974026,58.30867684150324,58.706012450713196,20100000
2017-03-14,58.16420364379883,58.29062737530856,57.92941376117648,58.2725629053348,14280200
2017-03-15,58.471221923828125,58.62473544758173,58.0197066966171,58.29061858877396,24833800
2017-03-16,58.371891021728516,58.48025716207406,58.06486395844676,58.47122492798461,20674300
2017-03-17,58.579586029052734,58.91370287628467,58.40800804399286,58.6157080727272,49219700
2017-03-20,58.633766174316406,58.859523782119936,58.44413061051049,58.61570859710531,14598100
2017-03-21,57.983577728271484,59.148487702131135,57.911333647045744,58.868550499349865,26640500
2017-03-22,58.72406005859375,58.823393944031615,57.90230605765039,57.90230605765039,20680000
2017-03-23,58.579586029052734,58.91370287628467,58.48927747507888,58.64279788308921,19269200
2017-03-24,58.67890930175781,59.10332773653867,58.48024154230875,59.022058320168114,22617100
2017-03-27,58.78728103637695,58.89564717084406,58.110008197502616,58.36285562168361,18614700
2017-03-28,58.95884323120117,59.12138894456635,58.38090444803028,58.660841608436066,20080400
2017-03-29,59.12138748168945,59.14847728498439,58.651807925998604,58.805328293959214,13618400
2017-03-30,59.33814239501953,59.581964525437684,59.02208304964139,59.07626268325564,15122800
2017-03-31,59.47359848022461,59.771600244816156,59.10335261096049,59.2839628726419,21040300
2017-04-03,59.19364547729492,59.54582678213762,58.86855398212086,59.42842842080659,20400900
2017-04-04,59.356197357177734,59.42843456056545,58.94982950143928,59.049163406870285,12997400
2017-04-05,59.202674865722656,59.91606975723082,59.09431561964464,59.8709223678902,21448600
2017-04-06,59.356197357177734,59.65419218389485,59.13043973384834,59.23879898371787,18103500
2017-04-07,59.31103515625,59.563882558281385,59.094309795876676,59.46454866611548,14108500
2017-04-10,59.175575256347656,59.437454873635545,59.02206175677099,59.2478193348218,17952700
2017-04-11,59.130428314208984,59.24781977542157,58.561514803962474,59.238787543151496,18791500
2017-04-12,58.9046745300293,59.157521933286944,58.79630840452958,59.076245616768404,17108500
2017-04-13,58.65181350708008,59.473574362947886,58.65181350708008,58.95884738264389,17896500
2017-04-17,59.130428314208984,59.13945365690448,58.70600296198526,58.733092769220896,16689300
2017-04-18,59.04915237426758,59.338121802555804,58.84145925777192,58.9949727594556,15155600
2017-04-19,58.73310089111328,59.374251679457984,58.59764494662907,59.283950012993685,26992800
2017-04-20,59.14847946166992,59.374237016867134,58.82338803102003,59.11235742608951,22299500
2017-04-21,59.961219787597656,60.23212477317341,59.103336776003175,59.302004565837166,32522600
2017-04-24,60.98164749145508,61.09904586372146,60.593344107693035,60.93650010099372,29770000
2017-04-25,61.33383560180664,61.44220175211659,61.0448660905567,61.31577802154328,30242700
2017-04-26,61.2525520324707,61.686002754611025,61.062916480337435,61.47830962637817,26190800
2017-04-27,61.64986801147461,61.74920188349471,61.02678186557182,61.54150879805165,34971000
2017-04-28,61.82145309448242,62.435513969925715,61.12612279958273,62.22782086048756,39548800
2017-05-01,62.67932891845703,62.805752594140365,61.857568136941744,62.02011384704512,31954400
2017-05-02,62.580013275146484,62.95025217904509,62.42649286174891,62.95025217904509,23906100
2017-05-03,62.381343841552734,62.65224883717077,62.04722010175752,62.65224883717077,28928000
2017-05-04,62.13750457763672,62.38132658477655,61.98399110029596,62.336172319877015,21749400
2017-05-05,62.30912780761719,62.33621763041837,61.84858015126151,62.21882610175374,19128800
2017-05-08,62.254920959472656,62.35425485939165,61.78534127084183,62.282010770436834,18566100
2017-05-09,62.34523391723633,62.56195933377645,62.02014234763775,62.182688132437036,22858400
2017-05-10,62.58902359008789,62.81478114958418,62.236842348439595,62.3000541895156,17977800
2017-05-11,61.82145309448242,62.06527513200038,61.51442610154797,61.73115144300608,28789400
2017-05-12,61.74921798706055,61.95691801624325,61.442190949527856,61.95691801624325,18714100
2017-05-15,61.794376373291016,61.83953065337804,61.01776960490985,61.5324967058531,31530300
2017-05-16,63.03860855102539,63.06585363394326,61.903350569014975,61.966924738844966,34956000
2017-05-17,61.28578186035156,62.75707205637652,61.24036876061931,62.56634950982018,30548800
2017-05-18,61.49464797973633,61.8760929642386,60.97697066389347,61.2131062429462,25201300
2017-05-19,61.47651672363281,61.84887788558779,61.240381030034804,61.30395522495724,26961100
2017-05-22,62.16673278808594,62.21214588517588,61.30393937590324,61.658139360194305,16237600
2017-05-23,62.375606536865234,62.43918069823179,62.10314188582921,62.411935618940966,15425800
2017-05-24,62.45737838745117,62.55728168945709,62.16675248954341,62.54820461041508,14593900
2017-05-25,63.22935485839844,63.46548361860264,62.5845289134086,62.63901909975304,21854100
2017-05-26,63.53813934326172,63.77427502332955,63.13852618146494,63.39282987565109,19827900
2017-05-30,63.94681930541992,63.94681930541992,63.365560804179914,63.383728813409604,17072800
2017-05-31,63.429161071777344,64.24654859673697,63.40191597579005,64.05582599575776,30436400
2017-06-01,63.6652717590332,64.12845899594573,63.074936171449075,63.792420109704814,21603600
2017-06-02,65.17290496826172,65.26372423884219,63.792427110800325,63.97407258102746,34770300
2017-06-05,65.64514923095703,66.1991556196369,65.21829116796789,65.36360749965102,33316800
2017-06-06,65.8631362915039,65.95396249021776,65.6360846528515,65.66333666990532,31511100
2017-06-07,65.74507904052734,66.09019507412023,65.34546589600208,65.97213070372271,22301800
2017-06-08,65.345458984375,65.86313644454273,64.93676880547747,65.85405936790316,24588300
2017-06-09,63.865081787109375,65.4635271918826,62.293881469105536,65.42719809983483,49187400
2017-06-12,63.37466049194336,63.51997688548073,61.87611809665761,62.89331206421812,47761700
2017-06-13,64.164794921875,64.31918837427251,63.53813017747004,63.592620353830064,25258600
2017-06-14,63.81966781616211,64.57348087543657,63.05677768079931,64.40092635190396,25510700
2017-06-15,63.4836540222168,63.76519590101363,62.48462797026147,62.91147932780039,26068700
2017-06-16,63.5744514465332,63.60169653135984,62.86605152477943,63.329238754028175,48345100
2017-06-19,64.3646011352539,64.42817531702812,63.89232984573162,64.02856221498098,23798300
2017-06-20,63.49271774291992,64.36459512399522,63.456388652575264,64.31918202879802,21512200
2017-06-21,63.81966781616211,64.13754563496232,63.519964936735704,63.765177643369256,19891100
2017-06-22,63.810604095458984,64.1103070376124,63.311087643424685,64.0649008604702,22965700
2017-06-23,64.67338562011719,64.70971471249632,63.501798374887244,63.65619182069915,27617300
2017-06-26,64.0558090209961,65.12749306326556,63.97407375469402,64.84595124058109,19607000
2017-06-27,62.85698699951172,63.737948636931044,62.829741906241836,63.6743744429455,25215100
2017-06-28,63.392822265625,63.42914443136697,62.47553167664777,62.85697677853545,25806200
2017-06-29,62.20305633544922,63.1112627637685,61.839772378308474,63.01135950232817,28918700
2017-06-30,62.602664947509766,63.01135503968277,62.430103521049546,62.466432607097204,24161100
2017-07-03,61.912445068359375,63.211180842453395,61.77621268636441,62.96596809811588,16165500
2017-07-05,62.73891830444336,63.06587325933224,61.95786001543847,61.99418911365579,21176300
2017-07-06,62.275733947753906,62.466456525733996,61.867043699091894,62.003269162601015,21117600
2017-07-07,63.08404541015625,63.42916151016081,62.393806281078916,62.393806281078916,16878300
2017-07-10,63.5562629699707,63.80147555677515,62.84785642451515,63.083991939667,15014500
2017-07-11,63.565372467041016,64.19203718385565,63.34740484213127,63.5744564723898,17460000
2017-07-12,64.6188735961914,64.73693790970252,64.0739512528934,64.20109956869415,17750900
2017-07-13,65.18196868896484,65.42718829125857,64.76419458664509,64.93675601573588,20269800
2017-07-14,66.09928131103516,66.54430064577471,65.35455210778917,65.6088488704975,25868100
2017-07-17,66.61695098876953,66.70777026059034,66.04478334013882,66.11744152922198,21803900
2017-07-18,66.57151794433594,66.65325317726055,65.99026652443817,66.3807885427182,26435300
2017-07-19,67.08013916015625,67.24361662319826,66.70777113303473,66.75318423407222,22416200
2017-07-20,67.40708923339844,67.47974741820097,66.55337288463329,67.37076014099716,42361000
2017-07-21,67.01655578613281,67.47065901797076,66.4534652841902,66.70776198536899,46717100
2017-07-24,66.84400939941406,66.98024178546909,66.4171511566729,66.78043520979732,21394800
2017-07-25,67.37984466552734,67.48882501450497,66.75317994264226,67.0256446732182,22018700
2017-07-26,67.2527084350586,67.55241137786601,67.0347338396586,67.51608227863268,16252200
2017-07-27,66.44438171386719,67.58871675731856,65.68148475583484,66.98930415299614,36844200
2017-07-28,66.33538818359375,66.58060083284866,65.88128503906947,65.99934936218271,18306700
2017-07-31,66.02660369873047,66.69868143577374,65.76322993555941,66.57153309180666,23600100
2017-08-01,65.91761779785156,66.68050779724224,65.83587562416571,66.38988204570325,22132300
2017-08-02,65.6269760131836,65.89943369108931,64.88224727374083,65.8903566188364,26499200
2017-08-03,65.52710723876953,65.79048798290279,65.25464248854439,65.56343633407064,18214400
2017-08-04,66.00846099853516,66.33541595379192,65.608847846762,65.75416423979479,22579000
2017-08-07,65.75415802001953,66.20826131169223,65.62700965267649,66.11744203917095,18705700
2017-08-08,66.10835266113281,66.41713954842591,65.16381705972006,65.47260394701314,22044600
2017-08-09,65.81771850585938,65.85404759312043,65.43627348321569,65.61791199045605,22213400
2017-08-10,64.85502624511719,65.563426171013,64.80052914607995,65.30004546770667,24734500
2017-08-11,65.84497833251953,66.02661688043094,64.7369651746872,65.03667501490082,21443700
2017-08-14,66.83492279052734,66.95299408740946,66.25367109978478,66.35357438373116,20096600
2017-08-15,66.85318756103516,67.19100991221819,66.68883910484368,67.19100991221819,19181400
2017-08-16,67.24581146240234,67.65667920596265,66.80754649875078,66.96276258267487,18150400
2017-08-17,66.1044921875,67.44667011790862,66.1044921875,67.18188610063214,22977500
2017-08-18,66.1866455078125,66.50620993901117,65.67534241789464,65.98577444649273,18761500
2017-08-21,65.87623596191406,66.17754265672576,65.46536129644777,66.16841025100842,17734800
2017-08-22,66.79839324951172,66.87143157472634,66.0588218666113,66.0588218666113,14343700
2017-08-23,66.39666748046875,66.78927730995164,66.22318661260901,66.61579644209192,13766500
2017-08-24,66.3692626953125,66.52447871888532,65.80317212195082,66.41491077907844,17098300
2017-08-25,66.48796844482422,66.97188141188498,66.17753633991123,66.5244910982229,12794300
2017-08-28,66.4970932006836,66.73447997149324,66.24144162228362,66.70708972609083,14569700
2017-08-29,66.69795989990234,66.79839543709178,65.78491462798571,65.96752089597601,11478400
2017-08-30,67.57451629638672,67.75712265563722,66.49712205844212,66.661470568162,16897800
2017-08-31,68.26838684082031,68.44186765870163,67.3827388443293,67.59273534030785,27652800
2017-09-01,67.51056671142578,68.24099871774185,67.23665035531832,68.21360847532756,21736200
2017-09-05,67.20924377441406,67.46489526277522,66.63402792560146,66.96271772065109,21556000
2017-09-06,67.01753234863281,67.60188083510725,66.97187729319623,67.3279644344546,16535800
2017-09-07,67.87577056884766,68.11316424944425,67.20011913359117,67.27316441469495,17471200
2017-09-08,67.54708099365234,67.96708091263002,67.41924826824211,67.86664539222433,14703800
2017-09-11,68.25926208496094,68.42361050196575,67.8483875594578,67.8483875594578,17910400
2017-09-12,68.18621826171875,68.69752136295423,67.90317646867516,68.25926355217591,14394900
2017-09-13,68.67012786865234,68.68839267339285,68.067521665873,68.41447633014099,13380800
2017-09-14,68.26838684082031,68.92578050228414,68.04012553981104,68.47839030278097,15733900
2017-09-15,68.76141357421875,68.83445884271137,67.62923977650397,68.32315589522344,38578400
2017-09-18,68.62448120117188,69.36404559079863,68.51491326841965,68.68839408711516,23307000
2017-09-19,68.88013458251953,69.126653730311,68.4875248538277,68.67013111397084,16093300
2017-09-20,68.42362213134766,68.98058036330423,67.84839909107393,68.79796711004934,21587900
2017-09-21,67.7571029663086,68.69753867854394,67.66579981321485,68.57884527612048,19186100
2017-09-22,67.93971252441406,68.03101567251653,67.42840235626959,67.55622815680978,14111400
2017-09-25,66.88971710205078,67.793630221191,66.57927800128489,67.64753959354009,24149200
2017-09-26,66.88971710205078,67.39188796113555,66.64319090938602,67.26406214493328,18019600
2017-09-27,67.42839050292969,67.72056470508606,66.80751945259958,67.15448110677322,19565100
2017-09-28,67.44664764404297,67.5379507657191,66.93533762388964,67.14534107312824,10883800
2017-09-29,68.0127182006836,68.05837323580117,67.45576020895481,67.51054764429198,17079100
2017-10-02,68.122314453125,68.48753398810342,67.83927262235876,68.2136175953738,15304800
2017-10-03,67.80276489257812,68.36884867868,67.73885198234132,68.17710994796956,12190400
2017-10-04,68.19535827636719,68.22274852185029,67.30057078334819,67.6475255027727,13317700
2017-10-05,69.36406707763672,69.50102529450689,68.44188918109411,68.67928295927013,21195300
2017-10-06,69.39144134521484,69.41883158908335,68.97144135193804,69.09013473069582,13959800
2017-10-09,69.65621948242188,69.8936131860505,69.26360976587465,69.36404529564129,11386500
2017-10-10,69.65621948242188,69.96665150825908,69.51926130855989,69.6927421265172,13944500
2017-10-11,69.77494049072266,69.81146314928546,69.34580796009071,69.72015998587086,15388900
2017-10-12,70.41407012939453,70.56928618960809,69.72928601741022,69.83884701709782,16876500
2017-10-13,70.75186920166016,71.09883082904346,70.56926295165562,70.84317232666243,15335700
2017-10-16,70.89794158935547,71.04402515869275,70.62402531862539,70.68793818633172,12380100
2017-10-17,70.84317016601562,70.87056737206444,70.5327381572794,70.73360920574717,16824000
2017-10-18,70.86143493652344,71.08056382293839,70.6423060501085,70.91621541663174,13300700
2017-10-19,71.1353759765625,71.15363382094623,70.62406577602472,70.82493689416627,15092800
2017-10-20,71.95712280273438,72.10321344503812,71.41842923270609,71.50973240115331,22866400
2017-10-23,71.97535705566406,72.44100510682881,71.91144416828955,72.12144066995626,20627200
2017-10-24,72.00275421142578,72.31318627534222,71.63753469165476,72.03927686000117,17517200
2017-10-25,71.7927474975586,72.22187989155746,71.22666388503467,71.74709941337778,20410800
2017-10-26,71.91143798828125,72.51404416517028,71.90230558630336,72.31317311754671,32120700
2017-10-27,76.52232360839844,78.70450129657569,76.33971733659439,77.03363370821872,71066700
2017-10-30,76.59538269042969,76.99712491989015,75.88320834982903,76.42190182480194,31756700
2017-10-31,75.94711303710938,77.0245068364868,75.88320014078967,77.0245068364868,27086600
2017-11-01,75.94711303710938,76.47668101574882,75.67319664374877,76.40363571538822,22307400
2017-11-02,76.74144744873047,77.115792336968,75.89231518275064,76.10231166576686,23992900
2017-11-03,76.82363891601562,77.18885846691755,76.14798727473635,76.76885842147458,17633500
2017-11-06,77.12494659423828,77.33494313676238,76.76885944301603,76.87842043355602,19860900
2017-11-07,76.94233703613281,77.51756012808433,76.63190492668542,77.39885976130883,17939700
2017-11-08,77.20712280273438,77.25277786268045,76.54060350982017,76.82364537673025,18034200
2017-11-09,76.77799224853516,76.94234071609827,75.69147284751975,76.79625705936678,21178400
2017-11-10,76.57711029052734,76.78710680438613,75.99276186746764,76.50406499614921,19397800
2017-11-13,76.63189697265625,76.64102937668737,76.20276454097528,76.38537779168168,14196900
2017-11-14,76.74144744873047,76.78709552652538,75.76448941935425,76.2392698311149,18801300
2017-11-15,76.14500427246094,76.7965212781673,75.87889050940332,76.59464138888448,19383100
2017-11-16,76.34687042236328,76.54875029382809,76.10829148423811,76.25510875377925,20962800
2017-11-17,75.61277770996094,76.2734729920457,75.46595342462332,76.2734729920457,22079000
2017-11-20,75.7320556640625,75.78711126220058,75.4751202047965,75.61276620110792,16315000
2017-11-21,76.82404327392578,76.93415447723514,75.92476210808843,75.92476210808843,21237500
2017-11-22,76.26429748535156,76.989226668278,76.20006360843239,76.92499279135882,20553100
2017-11-24,76.4019546508789,76.55795023172504,75.96148871564262,76.17254691399863,7425600
2017-11-27,76.96170043945312,77.06264039110204,76.43865114498497,76.44782241261295,18265200
2017-11-28,77.88849639892578,78.05367021578668,77.0993333851423,77.14521772353531,21926000
2017-11-29,76.47533416748047,77.9251922587293,76.32851690560143,77.73249066446957,27381100
2017-11-30,77.23696899414062,77.55813831672309,76.4753338856121,76.63133641455171,33054600
2017-12-01,77.31957244873047,77.82426518345332,76.3652355854955,76.71393276590223,29532100
2017-12-04,74.4015121459961,77.47557414072493,74.05280793699738,77.46639587181235,39094900
2017-12-05,74.86949157714844,75.86971276247303,74.30974324524819,74.640083883382,26152300
2017-12-06,75.96149444580078,76.29184217190566,74.72269397339203,74.83281221575001,26162100
2017-12-07,75.69536590576172,75.97983622634787,75.24572875517856,75.74125024807269,23184500
2017-12-08,77.22779083251953,77.61319398520443,76.46615579200018,76.74144075778987,24489100
2017-12-11,78.20964813232422,78.3381158382011,77.19107774932542,77.34707324918094,22857900
2017-12-12,78.53083801269531,78.96212556748726,78.07202265669821,78.2830737999155,23924100
2017-12-13,78.31979370117188,78.9162551695071,78.15461986380163,78.67766918197941,22062700
2017-12-14,77.71415710449219,78.79696176214024,77.56733281147054,78.3932019572983,19306000
2017-12-15,79.69622802734375,79.91645744372941,77.88849435713438,78.23719851745918,53936700
2017-12-18,79.26493072509766,80.29267954360357,79.12729173236718,79.94398242707626,22283800
2017-12-19,78.76024627685547,79.23741117021831,78.24636831365687,79.23741117021831,23524800
2017-12-20,78.47576904296875,79.19152682107041,77.73249046686131,79.09975815654234,23674900
2017-12-21,78.45744323730469,79.00802038614475,78.36568154599273,78.96214304097292,17990700
2017-12-22,78.46660614013672,78.57671734776001,77.92520036577682,78.36566619917075,14145800
2017-12-26,78.36566162109375,78.48495108937247,78.02613574850069,78.28307121923424,9891200
2017-12-27,78.65015411376953,78.89791841043578,78.20051687292778,78.59509849271885,14678000
2017-12-28,78.65930938720703,78.8520110055147,78.50331383919135,78.82448320303747,10594300
2017-12-29,78.49414825439453,78.96214197502665,78.4574421781716,78.57673167516998,18717400
2018-01-02,78.87035369873047,79.20070130173602,78.45742269545676,79.03552750023324,22483800
2018-01-03,79.23741912841797,79.38424341864007,78.88872194059171,78.97130535311602,26061400
2018-01-04,79.93482971191406,80.43952951647438,79.43930817679164,79.45765771469915,21912000
2018-01-05,80.92584228515625,81.12772213090172,80.2284410910262,80.43949920275072,23407100
2018-01-08,81.00846862792969,81.28376074554019,80.38447922885265,80.9350564631043,22113000
2018-01-09,80.95338439941406,81.42137803359573,80.62303677539958,81.34796589471098,19484300
2018-01-10,80.58631896972656,80.92584481189634,80.210094064426,80.62302503382323,18652200
2018-01-11,80.82492065429688,80.87079799264367,80.0541071598178,80.87079799264367,17808900
2018-01-12,82.21971130371094,82.38488511373514,81.16443457305452,81.3663144520804,24271500
2018-01-16,81.07267761230469,83.31169894475336,80.76068650911022,82.67853146937172,36599700
2018-01-17,82.71522521972656,82.84369294907874,81.43971919189697,81.74253898292689,25621200
2018-01-18,82.67852783203125,83.20157707099777,82.27477506924615,82.40324281208235,24159700
2018-01-19,82.58675384521484,83.14650907024301,82.2747628022632,82.7152215688968,36875000
2018-01-22,84.06414794921875,84.0733262163761,82.3481760410562,82.58676198038127,23601600
2018-01-23,84.33026123046875,84.69731490413442,83.99991362426631,84.33026123046875,23412800
2018-01-24,84.25685119628906,85.7342371939278,84.03662178698536,84.92672469250311,33277500
2018-01-25,84.72483825683594,85.55987849464731,84.35778460243885,84.85330598573,26383200
2018-01-26,86.31233978271484,86.31233978271484,84.95425029273008,85.4497717015515,29172200
2018-01-29,86.18387603759766,87.58784992711374,86.0003526929294,87.30338664258788,31569900
2018-01-30,85.10107421875,85.94529983369134,84.51379109590118,85.614952201968,38635100
2018-01-31,87.18412017822266,87.54199569545283,85.80767372703933,86.02790319895743,48756300
2018-02-01,86.49586486816406,88.15677406285691,85.87187576171584,86.98220798035814,47227900
2018-02-02,84.22013092041016,86.22974406907429,83.96319548607174,85.92692430676165,47867800
2018-02-05,80.75151062011719,85.55989406495328,80.75151062011719,83.10064323421102,51031500
2018-02-06,83.80719757080078,83.94484354981334,78.22800229575185,79.73291579743454,67998600
2018-02-07,82.22889709472656,84.21097599540016,81.85266510376105,83.03640968374656,41107600
2018-02-08,78.00780487060547,82.47666287879102,77.77839714530747,82.32066730582073,55628700
2018-02-09,80.91670227050781,81.60492552399899,76.92500880045279,79.19155850210542,63499100
2018-02-12,81.78840637207031,82.38486761496586,80.68725253977496,81.43053102652605,35720300
2018-02-13,82.43077850341797,82.58677406308269,80.5679890530388,81.60490936259363,26407700
2018-02-14,83.72150421142578,83.88745396049508,81.50885026897562,81.60104301093514,34960900
2018-02-15,85.42706298828125,85.4823772016912,83.54630235996963,84.09024421543977,27823900
2018-02-16,84.81857299804688,86.20148451431938,84.63418760941789,85.23344363938794,30596900
2018-02-20,85.48237609863281,85.7958326823805,83.90585773212344,84.33917115518227,30911700
2018-02-21,84.34839630126953,86.07242883418127,84.34839630126953,85.72209371916226,26922500
2018-02-22,84.56968688964844,85.49162828063015,84.22856604279755,84.8647078534084,24392800
2018-02-23,86.7177963256836,86.72701770815189,85.15049893105932,86.29370417224236,26329200
2018-02-26,87.97162628173828,87.99928339190234,86.89295678222163,87.03124936689498,30199800
2018-02-27,86.84686279296875,88.35884587776235,86.84686279296875,88.26665315968538,25869100
2018-02-28,86.45045471191406,88.23902354209324,86.32138345961822,87.43693187380701,31167300
2018-03-01,85.60224151611328,87.1879815518945,84.67107890740857,86.65325395213509,37135600
2018-03-02,85.78662872314453,85.87882143341812,83.7675753090442,84.43137407717872,32830400
2018-03-05,86.33058166503906,86.9114021444224,85.05830521950013,85.13205517682782,23901600
2018-03-06,86.0355453491211,87.11421477530912,85.68521025443725,86.97592220003699,22175800
2018-03-07,86.53341674804688,86.60717374508762,85.21504031982467,85.88806060857631,26716100
2018-03-08,87.0589370727539,87.67663619634348,86.45045229988858,86.9114230548997,25887800
2018-03-09,89.00421142578125,89.00421142578125,87.58442101992217,87.85178483341384,36937300
2018-03-12,89.21624755859375,89.62190394074366,88.54323441604853,88.9673265274538,26073700
2018-03-13,87.04046630859375,89.64955438621637,86.6348099566039,89.42829048233676,35387800
2018-03-14,86.52420806884766,87.96244158689295,86.20152995173524,87.69507770875539,32132000
2018-03-15,86.82842254638672,87.1972004333656,85.5838033324545,86.22915935927767,27611000
2018-03-16,87.21562957763672,87.93474253433274,86.5887093272615,87.28938655623442,49081300
2018-03-19,85.63912963867188,86.5702923520782,84.9200165262042,86.42277836292885,33344100
2018-03-20,85.86038208007812,86.4504238898798,85.74053225534921,85.78663212924282,23075200
2018-03-21,85.26111602783203,86.70856327356175,85.01218799186029,85.67598670931511,24457100
2018-03-22,82.7811050415039,84.58810903346983,82.66125521211785,84.14557414199594,38604700
2018-03-23,80.3748550415039,83.3988218400753,80.28266230425086,82.5137589015072,44068900
2018-03-26,86.45963287353516,86.66246103541738,83.3434745727463,83.53708135440147,56396800
2018-03-27,82.48611450195312,87.71352158598549,81.60105142692035,87.52913608304969,56569000
2018-03-28,82.412353515625,84.10872960307822,81.9329470107818,82.80878865830246,52501100
2018-03-29,84.14558410644531,85.0859682244918,81.49961692773682,83.14067140896401,45867500
2018-04-02,81.61023712158203,83.7860190547251,80.67908151471123,83.40802679627886,48515400
2018-04-03,82.70733642578125,83.02080006189024,81.02940388101658,82.58748661324537,37213800
2018-04-04,85.12286376953125,85.51929891165668,80.88193410758727,80.99256259032087,35560000
2018-04-05,85.16891479492188,85.80505639361891,84.26541647169505,85.22423604297309,29771900
2018-04-06,83.18675231933594,85.24267712658813,82.49529646298737,84.34839309362756,38026000
2018-04-09,83.6845932006836,85.89725331748375,83.54630765838883,83.93352124451938,31533900
2018-04-10,85.62989807128906,85.9986759664468,84.4866929267681,85.17814884249384,26812000
2018-04-11,84.68950653076172,86.00788253097403,84.3391714593358,84.82779909685294,24872100
2018-04-12,86.2752456665039,86.80997316684746,85.21501204585087,85.21501204585087,26758900
2018-04-13,85.81429290771484,86.82842687203943,85.22425107269495,86.70857704218815,23346100
2018-04-16,86.81922149658203,87.27097785500555,86.12776543426357,86.72702876171053,20288100
2018-04-17,88.5708999633789,89.00421349761227,87.47378757107349,87.58442305870345,26771000
2018-04-18,88.9120101928711,89.17015259943066,88.06381895636432,88.70918200661627,21043300
2018-04-19,88.60777282714844,89.49283557037,87.89787413588984,88.91201512340213,23552500
2018-04-20,87.58441925048828,88.60777460654438,86.70857787152482,88.42338916903215,31154400
2018-04-23,87.90709686279297,88.77372388943512,87.24329803675673,88.26665338792034,22331800
2018-04-24,85.85118865966797,88.93969104936454,85.19661108716579,88.72764142515867,34524800
2018-04-25,85.10440063476562,86.01712760204101,83.23286088857827,86.01712760204101,33729300
2018-04-26,86.90218353271484,87.72271067625822,85.8327283146091,86.24760609426191,42529000
2018-04-27,88.34040069580078,90.25803997558148,86.57949675722006,89.98145481708998,48272800
2018-04-30,86.21995544433594,88.8751511413941,85.87884163270608,88.81061552563808,41523600
2018-05-01,87.58441925048828,87.85178305857852,85.54692992040778,85.93414355949561,31408900
2018-05-02,86.21072387695312,87.74114261659477,85.9157029732961,87.57519291867187,27471000
2018-05-03,86.7270278930664,87.5198980659587,85.23348028122992,85.70367236837644,31142500
2018-05-04,87.73191833496094,87.92552512163982,85.66676520934811,86.03554305562557,22531300
2018-05-07,88.70919036865234,89.16093962271505,87.67661361122677,87.74114921895001,24242000
2018-05-08,88.33120727539062,88.65389240705846,87.63975119413952,88.36808577711994,23484600
2018-05-09,89.37299346923828,89.40065058331567,87.63052494382214,88.5155877635689,27327400
2018-05-10,90.26727294921875,90.30414441015695,89.47440289582765,89.85239515820042,22388100
2018-05-11,90.07363891601562,90.23037424223477,89.4651614728868,90.1658386492688,16778300
2018-05-14,90.37789916992188,90.98638376819464,89.71410034775286,90.27648507020974,19454100
2018-05-15,89.72332763671875,90.21195540358097,88.8198220617602,89.64957064409887,24594000
2018-05-16,89.9548110961914,90.1862954237347,89.4640654520942,90.14925708360686,17384700
2018-05-17,89.05667114257812,90.31594673756132,88.73259442276833,89.59371660074444,17246700
2018-05-18,89.22332763671875,89.75111166745761,88.89925096246535,88.89925096246535,17865800
2018-05-21,90.37147521972656,90.75111288744783,89.63072964986708,89.81591427624677,19422500
2018-05-22,90.27888488769531,90.89926117045613,90.00110087768914,90.44555388083084,15441200
2018-05-23,91.35296630859375,91.4177816291444,89.18626961641154,89.54738455438522,21251200
2018-05-24,91.02888488769531,91.61222985138575,89.63997907218899,91.4177838849357,26649300
2018-05-25,91.07521057128906,91.64929434873257,90.61224183396627,91.01965658339986,18363900
2018-05-29,90.75110626220703,91.5566670989239,90.0288763819753,90.59369157050153,28671000
2018-05-30,91.62149047851562,91.89927448657912,90.65852192973458,91.02889118803154,22158500
2018-05-31,91.51963806152344,92.58446735450359,91.30667644153193,91.93631407930222,34140900
2018-06-01,93.32523345947266,93.39004879633367,91.8252122951067,91.92706597650857,28655600
2018-06-04,94.1400375366211,94.31596787288717,93.38076928206192,93.76040694151176,27281600
2018-06-05,94.62152862548828,94.75115927367978,94.01040665743649,94.44559828965389,23514400
2018-06-06,94.8993148803711,95.00116855171824,94.35301524709205,94.89006059340586,21122900
2018-06-07,93.40855407714844,95.08450542613,92.94558541824523,95.04746708569681,28232200
2018-06-08,94.1030044555664,94.39930410647297,93.0937361980331,93.60299747009765,22165100
2018-06-11,93.56596374511719,94.06596365315312,93.21410306214432,93.52892540668107,23490900
2018-06-12,93.80670928955078,93.93633995149872,93.28818664175898,93.61226329662885,18325200
2018-06-13,93.38079833984375,94.45488926382836,93.1122756088476,94.18636653283221,29492900
2018-06-14,93.90856170654297,94.47338403934172,93.51966972589696,94.1215303993774,25691800
2018-06-15,92.7140884399414,94.01040192088439,92.65853446904133,93.99188628536442,65738600
2018-06-18,93.3900375366211,93.62152186383572,92.05668555127563,92.60299223695952,23586000
2018-06-19,93.3900375366211,93.519668194714,92.13076223142617,92.26965424062317,28653100
2018-06-20,94.32524108886719,94.92709471936823,93.6307880712047,93.86227241042553,26180800
2018-06-21,93.64930725097656,94.87154432570252,93.40856155106854,94.51969065994592,23198200
2018-06-22,92.97335815429688,93.30668904893741,92.25112120027832,92.97335815429688,38923100
2018-06-25,91.10297393798828,92.6955872864493,90.09370563247593,92.59373361432624,35433300
2018-06-26,91.74187469482422,92.66781204847159,91.43631367267865,91.50112900486032,26897200
2018-06-27,90.3159408569336,92.61226180579068,90.18631017745015,92.20485412641797,31298400
2018-06-28,91.32518768310547,91.76964066780798,90.05665818207935,90.16776612999956,26650700
2018-06-29,91.30667114257812,92.51039237162696,91.04740984754372,91.60297077466609,28053200
2018-07-02,92.60298919677734,92.64928182209586,90.74185328905777,90.8344456040356,19564500
2018-07-03,91.71408081054688,93.17705619092656,91.61222715526006,93.03817126493551,14670300
2018-07-05,92.37150573730469,92.51965202978053,91.69556840942492,92.13076006464794,18977400
2018-07-06,93.66783142089844,93.9178314123123,92.28817959905712,92.49188695875674,19234600
2018-07-09,94.30671691894531,94.67709326880646,93.75115592632424,94.12153227618539,18212000
2018-07-10,94.55673217773438,94.91784720754868,94.31598646974422,94.44561714381386,19293100
2018-07-11,94.42709350585938,94.76042445070456,93.612264121474,93.65856381443818,19644600
2018-07-12,96.47341918945312,96.67712654610685,95.12155144406402,95.158582723145,24335900
2018-07-13,97.62157440185547,97.778982054799,96.38081468818328,96.64008307839424,24635200
2018-07-16,97.14008331298828,97.98268256326679,96.77896127505086,97.59379060159979,21786900
2018-07-17,98.10307312011719,98.6123415595419,96.59379757180575,96.8623202885622,25901700
2018-07-18,97.33451080322266,98.19563259152166,96.96413454918255,98.09377894505214,29493900
2018-07-19,96.6678695678711,97.510468959749,96.19563949829354,97.15861527782687,40171600
2018-07-20,98.39933776855469,100.1863967496542,98.22341451390167,100.07528881289224,56004000
2018-07-23,99.97345733642578,100.13086499131303,98.26972892999353,98.42714364922217,29707000
2018-07-24,99.68641662597656,100.76050025841461,99.31604028004091,100.52901592524748,26316600
2018-07-25,102.62164306640625,102.9179427498951,99.6308621756524,99.96420020262006,30702100
2018-07-26,101.50125122070312,102.77904217484927,101.39013619951346,102.53829649444222,31372100
2018-07-27,99.70494079589844,102.01978432564688,98.27899633385238,102.01978432564688,37005300
2018-07-30,97.5660171508789,99.56603807220817,97.00119482516688,99.25122277687548,34668300
2018-07-31,98.22344970703125,98.81604912988742,97.57528923154695,98.603080400888,27655200
2018-08-01,98.40863037109375,98.56603804105659,97.61232360448614,98.17714601020414,23628700
2018-08-02,99.60306549072266,100.08454973206538,97.07525379673757,97.59378343857622,26104300
2018-08-03,100.03826141357422,100.04752276409661,98.90861683742318,99.81603845142108,18659600
2018-08-06,100.12162017822266,100.39014290321373,99.59383608133469,100.11236588947102,20265900
2018-08-07,100.81607055664062,101.01977793309592,100.15865579175278,100.51977084479903,16080200
2018-08-08,101.3808822631836,101.62162796119844,100.70495192844793,101.23273595510327,15487500
2018-08-09,101.54751586914062,102.0012301157333,101.48270055739013,101.58455419933223,13677200
2018-08-10,100.9271469116211,101.56604579027417,100.3530633493285,101.31603880978398,18183700
2018-08-13,100.19566345214844,101.46419995789128,100.0938097951152,101.1493776367867,18472500
2018-08-14,101.44568634033203,101.62161668447509,100.03826478021008,100.51974905846893,16788300
2018-08-15,100.0700454711914,101.30627597192837,99.28926122130389,100.84152563722998,29982800
2018-08-16,100.05146026611328,101.1854523169301,99.73543341471998,100.66493416568092,21384300
2018-08-17,99.99568176269531,100.293121687432,99.16842675041117,99.79119048477749,18061500
2018-08-20,99.33574676513672,100.29313139392963,98.97324204339043,99.93062667218334,17914200
2018-08-21,98.50850677490234,99.78191844699415,98.38766712144269,99.38223278334158,22881900
2018-08-22,99.51232147216797,99.77258047807683,98.32256196428398,98.3876267157612,18000600
2018-08-23,99.9770736694336,100.55336654482637,99.33572313282315,99.59598214379854,18167700
2018-08-24,100.75788116455078,100.90659759466294,99.97709685899648,100.079342507242,17234000
2018-08-27,101.87325286865234,101.91043373944822,100.86010073268717,101.56651600323086,19662300
2018-08-28,102.48673248291016,102.70981062896558,102.04986609038707,102.18929259099411,19151500
2018-08-29,104.12265014648438,104.13194713775961,102.4960241581178,102.66333454343943,20818000
2018-08-30,104.05758666992188,104.6710604541522,103.58354648195474,103.79732764322777,22798700
2018-08-31,104.41081237792969,104.8290848444807,103.65791200999955,103.81593251408819,23222700
2018-09-04,103.83451080322266,104.0668859523906,102.44955689980918,103.03513972276278,22634600
2018-09-05,100.84152221679688,103.56495936941458,100.47901753535008,103.18386779548231,32872400
2018-09-06,101.07389068603516,101.30626583012119,99.93060894838676,100.61843738925398,23477600
2018-09-07,100.58124542236328,101.05529264964477,99.67033892926251,100.59983940309439,22498600
2018-09-10,101.66878509521484,101.91045726541492,100.7206974913955,101.16685386088896,20727900
2018-09-11,103.39763641357422,103.72296017901333,101.21331159816746,101.22260858904464,24301800
2018-09-12,103.83451080322266,103.96464031943457,102.71911292382721,103.57425177079884,18891100
2018-09-13,104.94990539550781,105.7120955257436,104.21559914577043,104.21559914577043,26055600
2018-09-14,105.37748718261719,105.71210797104439,104.51305132776805,105.36819019084784,19122300
2018-09-17,104.23417663574219,105.6841950231045,103.97391765252593,105.6749051247935,20736500
2018-09-18,105.22875213623047,105.6842054015857,103.84379835866595,104.28066473404849,22170900
2018-09-19,103.8252182006836,105.33101178389668,103.21175146854074,105.08004973245804,21728400
2018-09-20,105.5633773803711,105.77716562754884,104.03899704279743,104.36432081761015,23714500
2018-09-21,106.2047348022461,107.16211923386406,105.50760938991927,105.96306267367873,71229700
2018-09-24,106.58582305908203,106.7996112992196,104.30854961885838,105.061442771707,27334500
2018-09-25,106.38134002685547,106.98551683058024,105.7306924483991,106.7066709076104,22668000
2018-09-26,105.94448852539062,106.94834385031953,105.72140326071552,106.39994186392958,19352000
2018-09-27,106.34417724609375,106.8089275906535,106.14897586083448,106.68808796249037,19091300
2018-09-28,106.30699157714844,106.49288886998445,105.66563386126802,106.13968117698516,21647800
2018-10-01,107.4595718383789,107.52463660089872,106.64161381076882,106.66020070369137,18883100
2018-10-02,107.03199768066406,107.67334828544291,106.37205309225281,107.17142419179928,20787200
2018-10-03,107.05058288574219,107.98938048162918,106.82750472635755,107.28295803679651,16648000
2018-10-04,104.83837127685547,106.66948855423374,103.76014720004378,106.5300620489182,34821700
2018-10-05,104.22492218017578,105.19160386342932,102.83996797341669,104.68967258030565,29068900
2018-10-08,103.0351333618164,104.13194428183779,101.63158556186352,103.78803362087793,29640600
2018-10-09,104.34573364257812,105.10792380928852,102.9886636916804,103.30469047448712,26198600
2018-10-10,98.67578125,103.63931075580736,98.33186349543931,103.39763862850724,61376300
2018-10-11,98.44340515136719,101.25049364923605,96.85395299459222,97.92288002907678,63904300
2018-10-12,101.84538269042969,103.3976470244834,99.56810900713062,101.32486461231034,47742100
2018-10-15,100.01426696777344,101.76173270120046,99.4100901363551,101.23191762259329,32068100
2018-10-16,103.174560546875,103.55565917444926,101.2690815920564,101.81749060147584,31610200
2018-10-17,102.9050064086914,103.92745560899004,101.82678944393922,103.80662308883184,26548200
2018-10-18,100.85081481933594,102.73769989744052,100.22805112103549,102.33801435689176,32506200
2018-10-19,100.9995346069336,103.04443300947817,100.58125509855412,101.25049663874006,32785500
2018-10-22,101.90113830566406,102.74698717325927,100.60913316475417,101.6129954170014,26545600
2018-10-23,100.47901153564453,101.28767959525405,97.69980677999253,100.17227464149678,43770400
2018-10-24,95.10650634765625,100.84152366362588,94.42796775200448,100.76716900109012,63897800
2018-10-25,100.66490936279297,101.56651891219347,98.66648182231513,99.03828344939666,61646800
2018-10-26,99.41939544677734,101.0832025746211,97.37449671406274,98.23893266112061,55523100
2018-10-29,96.52864837646484,101.03672545122272,94.46515564293364,100.48832343022666,55162000
2018-10-30,96.41710662841797,97.02127638448658,93.05231168465076,96.35204186584778,65350900
2018-10-31,99.27999114990234,100.51622907738687,97.9601015434221,98.00657942610589,51062400
2018-11-01,98.45272064208984,99.75402314877991,98.09021590621929,99.50306105914957,33384200
2018-11-02,98.67578125,99.75399819448464,97.5789703233627,98.97322114070539,37680200
2018-11-05,99.93061065673828,100.1443918216972,98.4341141359189,98.8709805489133,27922100
2018-11-06,100.12580871582031,101.16684487990658,98.78732554310712,99.80977481491769,24340200
2018-11-07,104.06687927246094,104.32713828817903,101.68736016700822,101.72454103947172,37901700
2018-11-08,103.87171173095703,104.299281236987,103.09093448295314,103.91818960637409,25644100
2018-11-09,101.84538269042969,103.59284130377816,101.0924894572175,103.03514234986072,32039200
2018-11-12,99.33574676513672,102.20790065151546,98.62002722315607,101.7059694002834,33621800
2018-11-13,99.40080261230469,101.07389954139273,99.12194957835973,99.9677985808728,35374600
2018-11-14,97.9911880493164,101.0624569322997,97.52442999030065,100.91309093477652,39495100
2018-11-15,100.1476058959961,100.63303825557124,97.00166120259762,98.00985317601787,38505200
2018-11-16,101.09046936035156,101.6412404953964,99.69953222745895,99.96091562186417,33502100
2018-11-19,97.6644515991211,101.34249998868756,96.6655897116925,101.07177947984925,44773900
2018-11-20,94.94791412353516,96.12414631017516,92.74481573301163,95.0319342693762,64052500
2018-11-21,96.25482940673828,97.48707016602596,95.44266797273632,96.7122502243856,28130600
2018-11-23,96.2175064086914,96.90830634475891,95.2186444430479,95.37734047446725,13823100
2018-11-26,99.39146423339844,99.54082311177488,97.62711930446403,97.82315683854976,32336200
2018-11-27,100.01692962646484,100.19429999158753,98.35527185477991,99.20476793171564,29124500
2018-11-28,103.7323226928711,103.92836024018294,100.68905788710858,100.71706223355835,46788500
2018-11-29,102.8641357421875,103.73230595284474,101.78125370645922,102.99482741930474,28123200
2018-11-30,103.5176010131836,103.59228401140729,102.08932250242822,103.34023067294298,33665600
2018-12-03,104.6378173828125,105.87939551880592,103.36824202521939,105.48732046180675,34732800
2018-12-04,101.30513763427734,105.15122552781914,101.0157499977948,104.49776727700025,45197000
2018-12-06,101.93063354492188,101.9773050804278,98.01919848806772,98.78468146756418,49107400
2018-12-07,97.85115814208984,102.17333515755126,97.3657328997488,101.17447320701643,45044900
2018-12-10,100.43698120117188,100.80105898696272,96.98297491263259,97.83247787587499,40801500
2018-12-11,101.37052154541016,103.57362036470118,100.29698360460462,102.50008242389565,42381900
2018-12-12,101.82793426513672,103.87232960814295,101.79059276780917,103.51759606677477,36183000
2018-12-13,102.17334747314453,103.49894591894683,101.40786445730883,102.29470913998028,31333400
2018-12-14,98.98072814941406,101.99598881031265,98.48596566995482,101.05313539120957,47043100
2018-12-17,96.04946899414062,98.7660042082008,94.94791973379084,98.40193350642238,56957300
2018-12-18,97.05765533447266,97.56175480666845,95.70405292149462,96.85228068407864,49319200
2018-12-19,96.79629516601562,99.77420694276607,94.61186359716717,96.75895366408555,68198200
2018-12-20,94.7612075805664,97.37504800869603,92.2127058629244,96.19882302101041,70334200
2018-12-21,91.69929504394531,96.1521639697642,90.98048361614839,94.87324427337214,111242100
2018-12-24,87.87188720703125,91.45659352099624,87.7318654590423,91.18587293794396,43935200
2018-12-26,93.87437438964844,93.99573603779797,87.71316970813734,88.81471896348042,51634800
2018-12-27,94.45318603515625,94.46252319300638,89.99097895285747,92.69817783405836,49498500
2018-12-28,93.7156753540039,95.60138175665949,92.90351382943496,95.3026497844539,38196300
2018-12-31,94.81720733642578,95.59202722360882,93.76233695945577,94.5558240304269,33173800
2019-01-02,94.39714050292969,94.98525301906949,92.36207533763465,92.93152066752192,35329300
2019-01-03,90.92446899414062,93.52897975146426,90.73776150201411,93.44495959946669,42579100
2019-01-04,95.15331268310547,95.69475382331821,92.35276390262223,93.09024260280914,44060600
2019-01-07,95.27465057373047,96.404204196358,94.2664586018881,94.8825755223383,35656100
2019-01-08,95.96544647216797,97.05765846945678,94.9479103411205,96.18948831521553,31514400
2019-01-09,97.33773040771484,97.90717585578747,96.37620986750927,96.95499247172697,32280800
2019-01-10,96.71227264404297,96.85230149231991,95.57338179056309,96.35753906761607,30067600
2019-01-11,95.96544647216797,96.5628961350693,94.88256450680822,96.3295171379309,28314200
2019-01-14,95.26531982421875,96.03080273305875,94.52784125853005,95.12529098629969,28437100
2019-01-15,98.02852630615234,98.06586780429797,95.10661639517912,95.6947360882696,31587600
2019-01-16,98.3739242553711,99.19542298323661,97.98184920188764,98.2619068813259,29853900
2019-01-17,99.06471252441406,99.54080051820523,97.7951302966484,98.01917212444195,28393000
2019-01-18,100.54900360107422,100.72637391327882,98.86867913961747,100.31562461013621,37427600
2019-01-22,98.65398406982422,99.97957525390608,97.8885011345778,99.65284603559897,32371300
2019-01-23,99.6155014038086,99.92356342373857,98.33658179274825,99.06473032771797,25874300
2019-01-24,99.139404296875,99.8862200055949,98.33657990275798,99.75552832489328,23164800
2019-01-25,100.04492950439453,100.70772515213052,99.1394176503079,100.110275353547,31225600
2019-01-28,98.09387969970703,99.4008037467752,97.70180462223551,99.19542905224351,29476700
2019-01-29,96.09615325927734,97.99118987463487,95.37734184659234,97.90716971892232,31490500
2019-01-30,99.30745697021484,99.30745697021484,97.39375291445602,97.6644734839579,49471900
2019-01-31,97.48710632324219,98.22458504604609,96.32021096225449,96.89899362528345,55636400
2019-02-01,95.94679260253906,97.17903368503482,95.54538035706587,96.8803087899499,35535700
2019-02-04,98.70997619628906,98.76599199728811,95.93743263924966,96.03078993352754,31315100
2019-02-05,100.09161376953125,100.1382853088752,98.91538129674134,99.00873149759303,27325400
2019-02-06,98.98072814941406,99.8862400633665,98.51397001827684,99.8862400633665,20609800
2019-02-07,98.27122497558594,98.56994980701928,97.35638329526707,98.19654910934894,29760700
2019-02-08,98.6446304321289,98.74731775817665,97.3283766234031,97.44973113502242,21461100
2019-02-11,98.2525863647461,99.49416469986221,97.99120295149298,99.13942396287827,18914100
2019-02-12,99.78353881835938,100.01691785144978,98.4672847752542,99.08340171908816,25056600
2019-02-13,99.70884704589844,100.6143587541668,99.61549686530796,100.35297539964856,18394900
2019-02-14,99.7928695678711,100.15694026634826,98.63531163225558,99.24209138160923,21784700
2019-02-15,101.02509307861328,101.09977606084941,100.2222688249779,100.73570542514979,26606900
2019-02-19,100.97843933105469,101.43586736841188,100.6143686055911,100.62370576121305,18038500
2019-02-20,100.45343780517578,101.19406595920144,99.64718473383542,101.11906401010476,21607700
2019-02-21,102.57215881347656,102.63778370675944,100.19090144602,100.21902537848739,29063200
2019-02-22,104.03468322753906,104.2503048585655,102.95655361467142,103.17218239827633,27763200
2019-02-25,104.6159439086914,105.16907433232286,104.30657339140473,104.77532483571842,23750600
2019-02-26,105.33782196044922,106.16282190262336,104.22219126781461,104.30657024458675,21536700
2019-02-27,105.15969848632812,105.33782632600104,103.95031888805423,104.709701100158,21487100
2019-02-28,105.02845001220703,105.82532605632403,104.74720343035492,105.03782704404264,29083900
2019-03-01,105.49720001220703,105.95657442969933,104.69094694737922,105.83470162783632,23501200
2019-03-04,105.24408721923828,106.17221317272777,103.87533371788183,105.95658433879579,26608000
2019-03-05,104.71906280517578,105.36594204395344,104.27844248511364,105.23469222051725,19538300
2019-03-06,104.76593780517578,105.6190687856414,104.46593719555047,104.8784407160023,17687000
2019-03-07,103.49095916748047,104.5784661182301,103.00346073780064,104.43783923286344,25339000
2019-03-08,103.60343933105469,103.79093703527211,102.00031035648524,102.33781194613975,22818400
2019-03-11,105.7784423828125,105.89093814088794,104.04406363755533,104.0534335156758,26491600
2019-03-12,106.51908874511719,106.8659602621938,105.60970973074238,105.76908351710622,26132700
2019-03-13,107.3440933227539,107.8128448219799,106.66909001945562,106.99721463839778,35513800
2019-03-14,107.42847442626953,108.00035187686242,107.18472877550403,107.38160356385194,30763400
2019-03-15,108.66595458984375,109.92220492720251,107.42844400904903,108.13157111945758,54681100
2019-03-18,110.22222137451172,110.25972235076316,108.79722003985614,108.90971581603061,31207600
2019-03-19,110.2972183227539,111.03784647681243,109.67846297154821,110.70971473764482,37588700
2019-03-20,110.17534637451172,111.32847817984663,109.41597125427903,110.05347356280156,28113300
2019-03-21,112.70660400390625,113.26910433445914,109.77221523934608,109.81909324713372,29854400
2019-03-22,109.73470306396484,112.11595382664103,109.7253260334596,112.0315820098295,33624500
2019-03-25,110.30661010742188,110.63473473789476,109.0503523260079,109.27535105082066,27067100
2019-03-26,110.5409927368164,111.29099091700783,109.54723459800589,111.20661907217594,26097700
2019-03-27,109.47220611572266,110.82221252665569,108.30032753750417,110.512834865387,22733400
2019-03-28,109.62222290039062,110.23160126325322,108.87221766108588,110.1003514192619,18334800
2019-03-29,110.56908416748047,110.92533266185758,109.65032826266321,110.69095695836712,25399800
2019-04-01,111.5815658569336,111.66594481749709,110.71906510771676,111.51594095541878,22789100
2019-04-02,111.74097442626953,112.01285112919574,111.11284203895333,111.61909446999734,18142300
2019-04-03,112.47221374511719,112.90346418126737,111.7034617237053,112.36908786336618,22860700
2019-04-04,111.90032196044922,112.71595187793567,110.98156617457099,112.59407195024835,20112800
2019-04-05,112.39720153808594,112.71595618508944,111.90970326644185,111.92845017387586,15826200
2019-04-08,112.43473815917969,112.51910999825472,111.22535839770761,112.32223522116584,15116200
2019-04-09,111.8253402709961,112.06909301791684,111.16909112841623,111.2159619799838,17612000
2019-04-10,112.67845153808594,112.8284482503943,112.06907335399667,112.27532509192639,16477200
2019-04-11,112.80973052978516,113.29722891163571,112.42535089100045,113.00660528895055,14209100
2019-04-12,113.39096069335938,113.4190917854993,112.84721450582565,113.10033711445524,19745100
2019-04-15,113.48472595214844,113.9816013318026,113.03472142472658,113.38160006362634,15792600
2019-04-16,113.22222137451172,114.04722849897924,112.59409615207719,114.03785146731589,14071800
2019-04-17,114.15972137451172,114.23472332075816,113.00659684943443,113.6628459976427,19300900
2019-04-18,115.65973663330078,115.80035634779995,113.71910589483697,114.55348291290336,27991000
2019-04-22,116.02535247802734,116.25035115495999,114.90972181924721,114.95659982187354,15648700
2019-04-23,117.60037231445312,117.73162215522176,116.09099199303388,116.34411464235058,24025500
2019-04-24,117.1972427368164,117.98474176111466,116.73786115339607,117.92849387440184,31257000
2019-04-25,121.07847595214844,123.15973322754627,120.77848250708439,121.93160689853771,38033900
2019-04-26,121.77227783203125,122.36290936629773,120.95665470769156,121.59414995311519,23654900
2019-04-29,121.65973663330078,122.04410189128392,121.26598719245871,121.78160226405586,16324200
2019-04-30,122.4378890991211,122.53163080957594,121.30350425288889,121.69725376918217,24166500
2019-05-01,119.88786315917969,122.48474293418654,119.71911235828031,122.37224716863975,26821700
2019-05-02,118.32223510742188,120.00036608520415,117.67535584516847,119.98161917513818,27350200
2019-05-03,120.8441162109375,121.34099159580713,119.29724217202777,119.40036806163234,24911100
2019-05-06,120.1409912109375,120.52537083412908,118.22849158446364,118.49099125270203,24239800
2019-05-07,117.67535400390625,119.23161216046104,116.45660459647064,118.55660896738084,36017700
2019-05-08,117.66596984863281,118.47222277003422,116.953465769878,117.60034494352239,28419000
2019-05-09,117.65662384033203,117.92850056249578,115.84724280513049,116.52224609428465,27235800
2019-05-10,119.18474578857422,119.93475099909723,116.08161335638036,117.10349527690346,30915100
2019-05-13,115.6409683227539,117.70347876312313,115.35034474515417,116.35347244961446,33944900
2019-05-14,116.93473815917969,118.01286075639663,115.96910417809224,116.12848510472882,25266300
2019-05-15,118.58142852783203,119.23070227302496,116.39837119308541,116.92532101806226,24722700
2019-05-16,121.31965637207031,121.74310575872744,118.99545881710478,119.26834188092249,30112200
2019-05-17,120.51044464111328,122.75937001525946,120.3692900462168,120.73626901996914,25770500
2019-05-20,118.76964569091797,120.05877445888662,118.33679885402535,119.05193336068817,23706900
2019-05-21,119.40949249267578,120.00230298438471,119.1083813760697,119.90820710651818,15293300
2019-05-22,120.13404083251953,120.6704024221227,119.05192026974974,119.1460233283818,15396500
2019-05-23,118.73197174072266,118.8354793435768,117.37696834267142,118.75078804167151,23603800
2019-05-24,118.78846740722656,119.8988161886259,118.5344077749572,119.41892497444415,14123400
2019-05-28,118.71319580078125,120.44458323889317,118.6096881627358,119.48479362499315,23128400
2019-05-29,117.56521606445312,117.98865121264153,116.71833858901915,117.97923946873195,22763100
2019-05-30,118.30856323242188,118.3367912796865,117.4146343877264,117.86630468112753,16829600
2019-05-31,116.37956237792969,117.26407945825886,116.04081146116769,116.89710049494262,26646800
2019-06-03,112.76624298095703,117.02885829302271,111.98524055541205,116.53954813004395,37983600
2019-06-04,115.89025115966797,116.00316333777204,113.52840665390539,114.12121712611693,29382600
2019-06-05,118.40265655517578,118.44029634373301,116.87827742435823,117.57459556502795,24926100
2019-06-06,120.27520751953125,120.4163549510475,118.18624563444925,118.97666694350627,21459000
2019-06-07,123.64386749267578,124.44370042199728,120.68921234431537,121.56432484941743,33885600
2019-06-10,124.77302551269531,126.16566153208397,124.20843596959014,124.58481942625458,26477100
2019-06-11,124.30255889892578,126.31624086626039,123.53095402378007,125.97748995782509,23913700
2019-06-12,123.72857666015625,124.18023979568218,122.99461868063453,123.64387815627897,17092500
2019-06-13,124.50957489013672,125.1494297443046,123.79442610240686,124.18963310494188,17200800
2019-06-14,124.63188171386719,125.89278219653205,123.86969581551169,124.45309453116953,17821700
2019-06-17,125.00828552246094,125.83633210976036,124.70716723027172,124.80127028610846,14517800
2019-06-18,127.1819076538086,127.25718721295073,125.68576410589162,126.26916274160843,25934500
2019-06-19,127.6806411743164,127.90646552724768,125.91160716643509,127.03136744341911,23744400
2019-06-20,128.8662567138672,129.53435389894676,127.70886387915313,129.33674324028374,33042600
2019-06-21,128.8851318359375,129.60026647370614,128.4052405556327,128.51815277261852,36727900
2019-06-24,129.64724731445312,130.2306459282136,128.91328958807472,128.91328958807472,20628800
2019-06-25,125.55406951904297,129.46852217333557,124.89539103349232,129.14859467437012,33327400
2019-06-26,126.0245132446289,127.72768651985942,125.71400477437378,126.41973455935391,23657700
2019-06-27,126.2315444946289,126.75850152848139,125.62932224262283,126.22213993188747,16557500
2019-06-28,126.0527572631836,126.65497944643755,125.2999759445888,126.62675140332483,30043000
2019-07-01,127.67121887207031,128.6310154209321,127.00313603486687,128.56515477244182,22613500
2019-07-02,128.5181121826172,128.52751674502406,127.35130032919045,128.08525822402177,15237800
2019-07-03,129.34619140625,129.60966277196758,128.24524005036486,128.7251456050103,13629300
2019-07-05,128.96975708007812,129.22382381034333,127.70885670604983,127.91587191469429,18141100
2019-07-08,128.8756866455078,129.00742230983636,127.37952845149928,128.34872963008303,16779700
2019-07-09,128.40521240234375,128.88510357743075,127.78416662885805,127.9723584019444,19953100
2019-07-10,129.71315002441406,130.40005638009714,128.93214061371236,129.03564823098873,24204400
2019-07-11,130.23069763183594,131.0023026217617,129.73198293663532,130.04250584540205,22327900
2019-07-12,130.701171875,130.91760604906926,129.86370630043865,130.6541347014395,18936800
2019-07-15,130.701171875,131.3033941493125,130.2871557273758,131.20930544407994,16651500
2019-07-16,128.9886016845703,130.84231994676125,128.46165901558197,130.75763580884046,22726100
2019-07-17,128.22642517089844,129.7884298095519,128.17937363810682,129.57200998844476,20211000
2019-07-18,128.36758422851562,128.55577602915713,126.72088084620287,127.54894199876234,30381800
2019-07-19,128.5557861328125,132.36673141730338,128.3958223717894,131.94329624305223,48992400
2019-07-22,130.25889587402344,130.97404460017884,129.22383410643957,129.29911367540907,25074900
2019-07-23,131.06814575195312,131.7268384535232,129.88252473372688,131.51040428787084,18034600
2019-07-24,132.41372680664062,132.4325502876357,130.65411182348933,130.70114898881346,20738300
2019-07-25,131.91502380371094,132.3102307905793,131.09638178506293,132.14084816300124,18356900
2019-07-26,132.9971466064453,133.31707404360185,132.01854081099262,132.08440146776655,19037600
2019-07-29,132.70545959472656,133.15712274567264,131.14344051498526,133.1477181818595,16605900
2019-07-30,132.06558227539062,132.8842242898653,131.54804419113816,131.86797160390867,16846500
2019-07-31,128.22642517089844,132.19733332223063,127.10666473777279,132.04677416054224,38598800
2019-08-01,129.9107666015625,132.62077419796006,128.8474622180652,128.91333723847524,40557500
2019-08-02,128.81924438476562,130.15543916148184,127.27604868290362,129.9390049556382,30791600
2019-08-05,124.40608215332031,126.02454296577254,123.06048291306709,125.43173957009901,42749600
2019-08-06,126.73970031738281,127.6712547263777,125.34706380703078,125.90223462667005,32696700
2019-08-07,127.29487609863281,127.6430316502626,124.0485208500374,125.89282061112472,33414500
2019-08-08,130.69175720214844,130.78586025821318,127.90647042509131,128.53693505612625,27496500
2019-08-09,129.58139038085938,131.1528134737001,128.40517420135814,130.4282602868572,23466700
2019-08-12,127.77476501464844,129.722586743112,127.25724115808983,128.97922411339252,20484300
2019-08-13,130.4188995361328,130.6070913164481,127.03139005800762,128.0194148523035,25154600
2019-08-14,126.49139404296875,129.26706965994273,126.19872331161433,128.7383722864092,32527300
2019-08-15,126.2081527709961,127.05785728317043,124.85808736125207,126.87847473929178,28074400
2019-08-16,128.52122497558594,128.83278185540715,127.19003132705593,127.34109182743995,24449100
2019-08-19,130.67376708984375,130.8059414063787,129.2387213632356,130.14506982370392,24355700
2019-08-20,129.58802795410156,130.9569936392138,129.5691562000133,130.48494048046314,21170800
2019-08-21,131.0325469970703,131.69343313334414,130.28670913122966,130.8059706357634,14970300
2019-08-22,130.07899475097656,131.41962427631512,128.67227085460985,130.9098130957754,18697000
2019-08-23,125.93436431884766,130.61713885506643,125.37734494631088,129.52197186755822,38508600
2019-08-26,127.87924194335938,127.98309425035086,126.41587376517903,127.44496095479434,20312600
2019-08-27,128.15301513671875,129.07823542714786,127.13337843860616,128.7666785688978,23102100
2019-08-28,127.98310852050781,128.17192698902087,126.08545914217392,127.3411228463782,17393300
2019-08-29,130.40000915527344,130.7021302056867,129.25764814746918,129.57864095908982,20168700
2019-08-30,130.15451049804688,131.4007234704586,128.6533847608089,131.3724014305802,23940100
2019-09-03,128.43624877929688,129.531415835195,128.11525600957862,128.974396427874,18869300
2019-09-04,129.93739318847656,129.99403727831717,128.85166197814678,129.6258362884301,17995900
2019-09-05,132.22215270996094,132.53370966497332,131.0042469398284,131.33469006342733,26101800
2019-09-06,131.32522583007812,132.3448482188125,130.475521298236,132.20323799980014,20824500
2019-09-09,129.8335723876953,131.9389265377873,128.832821475255,131.78786599094778,25773900
2019-09-10,128.4740447998047,129.23876894170837,126.99179032748243,129.1538027939247,28903400
2019-09-11,128.51181030273438,128.65343496331107,127.53938147166447,128.3135559462237,24726100
2019-09-12,129.8335723876953,130.6832627532961,129.2198943183822,130.14512936332937,27010000
2019-09-13,129.6447296142578,130.34335930210972,128.9366496402951,130.07901059763753,23363100
2019-09-16,128.7100372314453,129.05935201666531,128.077487623056,128.23798399480359,16731400
2019-09-17,129.71078491210938,129.83352336080964,128.8044363792482,129.30482605244111,17814200
2019-09-18,130.77764892578125,130.919259151961,128.89887162489774,129.6824818235801,23982100
2019-09-19,133.18511962890625,134.41244663488519,132.24101306681607,132.4581535424384,35772100
2019-09-20,131.64622497558594,133.73269246838157,130.52273583057755,133.12846482811528,39167300
2019-09-23,131.3629913330078,131.82560875167962,130.7021195962791,131.4479574693179,17139300
2019-09-24,129.7013702392578,132.8263608025091,129.22931693590448,132.51480389358508,29773200
2019-09-25,131.5706787109375,132.13714835735334,128.42680242576486,129.81464009415427,21382000
2019-09-26,131.74061584472656,132.34484343387115,130.70210732903035,131.64621383743895,17456600
2019-09-27,130.03175354003906,132.5147576592543,129.0121170318357,132.31648900241535,22477700
2019-09-30,131.2591552734375,131.43853785401615,130.07902188113087,130.33393472752817,17280900
2019-10-01,129.40870666503906,132.41095892584008,129.34261228406484,131.85393945444736,21466600
2019-10-02,127.12393951416016,128.74780391116147,126.11375301009775,128.63451573655476,30521700
2019-10-03,128.662841796875,129.10657303583397,125.77387800683437,127.40717833406802,24132900
2019-10-04,130.40000915527344,130.5227476327444,128.79503069124559,129.10658762226254,22897700
2019-10-07,129.45587158203125,130.45662211228984,129.36146958075318,129.4747577446553,15303700
2019-10-08,128.0869598388672,130.06013947038318,128.03975162062613,129.41815380126675,25550500
2019-10-09,130.51329040527344,130.9475713368054,129.3142710921859,129.77688847274337,19749900
2019-10-10,131.32522583007812,131.8633590682478,130.52272950654768,130.74932026289008,17654600
2019-10-11,131.8727569580078,133.14730618564113,131.70282474414654,132.28816602200442,25446000
2019-10-14,131.7500762939453,132.4487059442759,131.72175424898182,131.8822506390827,13304300
2019-10-15,133.65721130371094,133.86490155358186,131.99557405732722,132.23160076564972,19695700
2019-10-16,132.5619659423828,133.1095493122958,131.7311478079054,132.9207165319738,20751600
2019-10-17,131.88226318359375,133.5155636908473,131.24971344270278,133.07183240298096,21460600
2019-10-18,129.72975158691406,132.1749853586254,128.9272548420075,131.94839448330433,32273500
2019-10-21,130.692626953125,130.75872130833844,129.35199774856565,130.71151311260294,20078200
2019-10-22,128.74778747558594,132.1843342572075,128.64393519347976,131.20246992213876,27431000
2019-10-23,129.56919860839844,129.7674529326482,128.0303001972911,129.2293196466178,29844600
2019-10-24,132.11831665039062,132.5714839107556,130.91929690129066,131.59905499480186,37029300
2019-10-25,132.86416625976562,133.25125356441586,131.4196837872208,131.55185818320763,25959700
2019-10-28,136.13072204589844,137.52799566822608,135.48872211828478,136.32897634868806,35280100
2019-10-29,134.84674072265625,136.42339693779408,134.67679405199993,136.02687391415967,20589500
2019-10-30,136.5272216796875,136.89542258488592,134.80894118481498,135.49814920181498,18496600
2019-10-31,135.35655212402344,136.82935604426177,134.9978014293005,136.80103400009742,24605100
2019-11-01,135.68701171875,136.34788350634045,134.97893171649068,136.1968229817699,33128400
2019-11-04,136.47064208984375,136.89548727260788,136.10244101065794,136.73499084382706,16912000
2019-11-05,136.38565063476562,136.91434804465823,135.86638910507685,136.86713983179126,18250200
2019-11-06,136.0079803466797,136.44227567612077,135.19604817888097,136.30065105729517,16575800
2019-11-07,136.1968231201172,136.78217905194148,135.73422007129622,135.80030004716014,17786700
2019-11-08,137.8018341064453,137.83015615781494,135.7247876331618,135.93249228049015,16732700
2019-11-11,137.94338989257812,138.2360605784464,136.6405184203431,137.21642391399126,14362600
2019-11-12,138.8497314453125,139.32178463267385,137.89617478705372,138.10387934196632,18641600
2019-11-13,139.0763702392578,139.21799490264692,138.1039413888772,138.53823685497338,16919200
2019-11-14,139.78440856933594,140.11485161257744,138.78365796649786,138.80254413049164,19729800
2019-11-15,141.5876922607422,141.60657842964295,139.98271364640124,140.6058131608665,23485700
2019-11-18,141.9369659423828,142.13523464345982,140.65298054252128,141.68206756289746,21534000
2019-11-19,141.98419189453125,142.8716544090842,141.8048093344505,142.44680931758558,23935700
2019-11-20,141.7378692626953,142.89359964074345,140.63899016884636,142.39152170904367,25696800
2019-11-21,141.60523986816406,141.90838888609795,140.6768712968879,141.5294526136806,18576100
2019-11-22,141.70948791503906,142.3820909653867,140.9800624755118,142.16421157792695,15901800
2019-11-25,143.26309204101562,143.37678018506864,142.02210608510487,142.09789336282512,22420900
2019-11-26,144.0208740234375,144.39032777215004,143.34828577946885,143.38617217077427,24620100
2019-11-27,144.2957000732422,144.46621062938092,143.53784165108223,144.30516806360086,15184400
2019-11-29,143.4052276611328,144.27675984906978,143.3104899310524,144.08729884385707,11977300
2019-12-02,141.67152404785156,143.8314096733867,140.5063260155085,143.8124592507242,27418400
2019-12-03,141.44422912597656,141.55790280575013,138.92435655473975,139.72011567798677,24066000
2019-12-04,141.9557647705078,142.26836733521912,141.3399987178796,142.23048093356795,17574700
2019-12-05,142.03155517578125,142.4010235261113,141.6052644434032,142.14524330470715,17869100
2019-12-06,143.7556915283203,143.86936520905383,142.3536631311451,143.0357341254345,16403500
2019-12-09,143.38626098632812,144.19148823597922,142.95997015913787,143.1115447281222,16687400
2019-12-10,143.16831970214844,143.88827691124754,142.8178018559934,143.31987975068387,16476100
2019-12-11,143.70831298828125,143.86935551011177,142.4104903709191,143.55673845422552,18856600
2019-12-12,145.1671905517578,145.35665148920563,143.0641408997182,143.6609421299317,24612100
2019-12-13,146.38922119140625,146.73025664985508,144.77878159231992,144.9398241067343,23845400
2019-12-16,147.3365478515625,147.68705131530712,146.66395934248806,146.93867553881213,24144200
2019-12-17,146.54080200195312,147.50707158481424,146.31344020159077,147.26075935401926,25425600
2019-12-18,146.23760986328125,147.28913439096792,146.05761696454243,146.1713050587105,24129200
2019-12-19,147.507080078125,147.5639169177524,145.65032807228027,145.8871578740238,24958900
2019-12-20,149.11753845214844,150.1406450579801,148.05653097853835,149.06070160542652,53477500
2019-12-23,149.11753845214844,149.79012707828537,148.9849143248154,149.79012707828537,17718200
2019-12-24,149.0890655517578,149.40168254944408,148.84275336603747,149.18378877670062,8989200
2019-12-26,150.31112670898438,150.3679635447825,149.1080273498001,149.2596018818904,14520600
2019-12-27,150.58590698242188,151.1448219918902,149.88488538168258,151.05008426437624,18412800
2019-12-30,149.2880096435547,150.6426834381321,148.4733146604014,150.61426502226158,16348400
2019-12-31,149.39224243164062,149.4585617173354,148.20809337232998,148.51124246988692,18369400
2020-01-02,152.1584014892578,152.26260717686054,149.98904693545595,150.41533767385138,22622100
2020-01-03,150.2637481689453,151.5236842826628,149.7332517957889,149.9795640082844,21116200
2020-01-06,150.6521759033203,150.7184951877552,148.26492739771743,148.80490629687822,20813700
2020-01-07,149.27857971191406,151.2584736153163,149.03228189326714,150.92692052732374,21634100
2020-01-08,151.65634155273438,152.32894460830389,149.62907885185848,150.55744770797486,27746500
2020-01-09,153.55099487304688,153.6741510180603,152.5468386427896,153.31416502798822,21385000
2020-01-10,152.84043884277344,154.62140312836723,152.68886433869304,154.24248132310657,20725900
2020-01-13,154.67825317382812,154.70667158890456,152.76466464734693,153.23832417187603,21626500
2020-01-14,153.58885192871094,154.98141217679571,153.2004476244277,154.78246880352256,23477400
2020-01-15,154.58349609375,155.30346773187313,154.00564542306233,154.0529998056212,21417900
2020-01-16,157.41603088378906,157.48235016664844,155.38876835912026,155.6919174437164,23865400
2020-01-17,158.2970733642578,158.64757690746873,156.7150372874572,158.6002080477235,34371700
2020-01-21,157.72860717773438,159.32957853635287,157.66228791202107,157.8991176525282,29517200
2020-01-22,156.9707794189453,158.66648878308445,156.95182898866327,158.58121907428676,24138800
2020-01-23,157.93704223632812,158.0128294992705,156.5634324259856,157.43496426740944,19680800
2020-01-24,156.34552001953125,158.70434951248504,155.78660528365143,158.68539908526893,24918100
2020-01-27,153.73095703125,154.77301392246096,151.76053138101526,152.66048172072817,32078100
2020-01-28,156.74342346191406,157.0276076258131,154.4793314082179,155.15191986936853,24899900
2020-01-29,159.18751525878906,159.8601182647004,156.96132376629157,158.9980543059086,34754500
2020-01-30,163.67782592773438,164.8809254745799,161.79265533503514,164.8809254745799,51597500
2020-01-31,161.2621307373047,163.31781150569444,160.6463790875127,163.1378330139446,36142700
2020-02-03,165.1935272216797,165.30720090044179,161.423186386706,161.45160480639652,30107000
2020-02-04,170.6311492919922,171.12375938000062,167.02186503790605,167.80814179887963,36433300
2020-02-05,170.4226837158203,174.49615834021887,169.0111876454054,174.3351158434909,39186300
2020-02-06,173.95623779296875,174.13623076252514,170.57430114590088,171.43636512906852,27751400
2020-02-07,174.2025146484375,175.85085514230525,172.86679120280033,173.21730911108827,33529100
2020-02-10,178.7591094970703,178.89173359155058,173.59622334452445,173.90884037900125,35844300
2020-02-11,174.72352600097656,180.65373798592051,173.83304379083776,180.60636914294562,53159900
2020-02-12,174.97930908203125,176.05925222698292,172.26997600540625,175.80347203464285,47062900
2020-02-13,174.0320281982422,176.41926233388548,173.23626903141627,173.43521243685896,35295800
2020-02-14,175.58560180664062,175.64243864012167,173.0278286604553,173.59622590515036,23149500
2020-02-18,177.3665771484375,177.81181834735847,175.7277189116326,175.8319246061661,27792200
2020-02-19,177.8985137939453,178.75342396936063,177.1290917371865,178.63943981115193,29997500
2020-02-20,175.18179321289062,177.8700309337573,172.028110481901,177.58505602269517,36862400
2020-02-21,169.64382934570312,174.30787459136025,168.37095788184524,173.99440364976678,48572600
2020-02-24,162.32957458496094,165.80623699687268,155.05328492359658,159.36586996860478,68311100
2020-02-25,159.65081787109375,166.0816754656081,159.25184432237913,165.4737357884397,68073300
2020-02-26,161.64559936523438,164.58080718946448,159.78379060390208,161.20865045967483,56206100
2020-02-27,150.25621032714844,158.66288904796488,150.06623191703775,155.1387438829772,93174900
2020-02-28,153.89437866210938,155.50923164149168,144.3858178493649,144.77528307354186,97012700
2020-03-02,164.13436889648438,164.25786140312832,154.17935094628967,157.02907098692916,71030800
2020-03-03,156.26913452148438,166.23366029061174,154.13184460346224,165.09377523321822,71677000
2020-03-04,162.006591796875,162.1490720051714,157.32354419371018,160.049786299332,49814400
2020-03-05,157.9409637451172,162.31052511256803,157.39001621509487,157.73198314771483,47817300
2020-03-06,153.4764404296875,154.939290445947,148.1854528791767,154.46433707133426,72821100
2020-03-09,143.07498168945312,149.84782295306104,142.48604401241937,143.43595097250218,70419300
2020-03-10,152.85899353027344,152.96348385327482,144.93677465901976,150.23725610009342,65354400
2020-03-11,145.93414306640625,149.8002550593637,143.57836446468625,149.25881588095203,56371600
2020-03-12,132.09402465820312,145.7821838160187,131.6380734962404,138.0214477414232,93226400
2020-03-13,150.8736572265625,153.79937110403267,133.6803430845326,140.11121440764762,92727400
2020-03-16,128.63633728027344,141.86854244359614,128.23737828715525,132.98691081630918,87905900
2020-03-17,139.22784423828125,140.1112505897594,128.23741579401707,132.98694971231401,81059800
2020-03-18,133.3668975830078,138.68638100850166,128.2564092897263,131.08712725461115,81593200
2020-03-19,135.5612030029297,142.6284972735,132.03704247024078,135.61819509064304,85922700
2020-03-20,130.4696807861328,139.73127038304972,129.0543146964059,138.6863672974225,84866200
2020-03-23,129.1682891845703,133.52837128420802,125.881620623842,130.14669177586433,78975200
2020-03-24,140.90914916992188,142.10604082694735,134.19331668258258,136.5490811192796,82516700
2020-03-25,139.5602264404297,146.59903532891894,137.20446296629288,141.45054512205883,75638200
2020-03-26,148.2899169921875,148.81236851080732,140.93763483465182,140.96613087253797,64568100
2020-03-27,142.20098876953125,147.13100542904672,141.72603555754588,144.14829983755556,57042300
2020-03-30,152.2035369873047,152.55501230058746,142.49548995938957,144.8037706334884,63420300
2020-03-31,149.80975341796875,156.52558451872216,148.71735229790227,151.41508315184382,77927200
2020-04-01,144.4903106689453,149.8477839495516,143.26493738693705,145.33572706359047,57969900
2020-04-02,147.4824981689453,147.69147878711792,142.82796147930063,144.25282142442757,49630700
2020-04-03,146.12413024902344,149.49630149094543,144.56628404497476,147.33051565835152,41243300
2020-04-06,156.99107360839844,158.1594547108867,149.68628926690775,152.28903866452734,67111700
2020-04-07,155.30026245117188,161.48415028222087,155.08177345892028,161.0946850293483,62769000
2020-04-08,156.8580780029297,158.32092775680474,155.30972564119622,157.3710211779595,48318200
2020-04-09,156.86758422851562,158.98587200804732,155.14825550424828,158.02647150570388,51385100
2020-04-13,157.2190399169922,157.2760464896753,154.1698477747721,156.11715925033957,41905300
2020-04-14,164.99879455566406,165.04629279060418,159.58432914429642,160.5342358653934,52874300
2020-04-15,163.26995849609375,164.87530304245226,160.76220553744395,162.62401444151914,40940800
2020-04-16,168.17147827148438,168.39946110084114,164.23886505524362,165.56874315151887,50479600
2020-04-17,169.6533203125,170.98318372145278,167.06006492340595,170.50823043333762,52765600
2020-04-20,166.29061889648438,169.7957759755915,166.2241329828521,167.78197896307506,36669600
2020-04-21,159.413330078125,164.97027490463032,157.78898343996238,164.8087925244848,56203700
2020-04-22,164.82778930664062,165.2837403941168,162.2630445097546,162.80448370842808,34620200
2020-04-23,162.8330078125,166.29066768522947,162.34856060445543,165.38825920227922,32790800
2020-04-24,165.8061981201172,165.81569196802081,162.15856029457086,163.44092549392695,34277600
2020-04-27,165.3312530517578,168.03847827027482,164.61882307408098,167.74400953194305,33194400
2020-04-28,161.30364990234375,166.8701035886381,160.90469083881862,166.79410931542967,34392700
2020-04-29,168.5419158935547,168.779392536246,163.26994602134675,164.54281734751044,51286600
2020-04-30,170.23275756835938,171.36313417668887,167.4020256405569,170.98317735810693,53875900
2020-05-01,165.8252410888672,169.69135432231735,165.29328109253808,166.99362242300225,39370500
2020-05-04,169.88128662109375,170.03327515016903,165.09376391061315,165.74920175962944,30372900
2020-05-05,171.705078125,174.45030708085739,170.88815802942887,171.57209180685686,36839200
2020-05-06,173.39593505859375,174.97278340842882,172.53153111485707,172.95898616297717,32139300
2020-05-07,174.4028778076172,175.30528628351058,173.43396890467872,174.9443170953828,28316000
2020-05-08,175.42877197265625,175.73274909057017,174.17490259732813,175.71374689709387,30877800
2020-05-11,177.38552856445312,178.11694606558416,173.69039320218363,173.9753535301975,30892700
2020-05-12,173.367431640625,177.6705069643846,173.16795939072577,177.4425386787855,32038200
2020-05-13,170.7457275390625,174.83032920522427,167.69652068640866,173.4054691701278,44711500
2020-05-14,171.48663330078125,171.63862183186455,166.87958060148486,168.64640741566177,41873900
2020-05-15,173.98486328125,177.6894925196797,168.1334362582344,170.09024116337534,46610400
2020-05-18,175.64724731445312,176.87262055157336,174.74483886920328,176.44516544534193,35264500
2020-05-19,174.43136596679688,177.25258992843055,174.29837961314254,175.76122950334033,26799100
2020-05-20,176.850830078125,177.03181730648205,175.21243926902898,176.0411549622514,31261300
2020-05-21,174.72659301757812,177.81286649401784,174.59323632917085,176.60312147681617,29119500
2020-05-22,174.80282592773438,175.7077620261806,173.87884925285118,174.49801682204026,20826900
2020-05-26,172.9549102783203,177.6509856570582,172.50720958063704,177.49857381640152,36073600
2020-05-27,173.1835174560547,173.3549844144041,168.2207285103278,171.64990779458807,39517100
2020-05-28,172.7929229736328,175.41244091280458,171.82133042124315,172.16424971467177,33810200
2020-05-29,174.55517578125,175.52678301222977,171.84993125203522,174.05984460970063,42130400
2020-06-01,174.15512084960938,174.317052979787,172.85012898389996,173.87887257152337,22622400
2020-06-02,176.13644409179688,176.22217030792038,172.7453603292764,175.50775610396937,30794600
2020-06-03,176.56507873535156,177.11756076291744,174.86953695945328,176.05070693577963,27311000
2020-06-04,174.24082946777344,177.02227987283794,173.65025181324634,175.5553560250542,28761800
2020-06-05,178.31776428222656,178.82261577227575,173.3740161676006,173.9550735758374,39893600
2020-06-08,179.42274475097656,179.60373200642374,175.688741626046,177.1175700198365,33211600
2020-06-09,180.79441833496094,181.6517095383522,178.37492750218286,179.0798213933847,29783900
2020-06-10,187.5003662109375,189.10066141937924,181.94698529918034,182.06130144357863,43872300
2020-06-11,177.431884765625,186.47159494477742,177.2413772514786,183.96639279090866,52854700
2020-06-12,178.83213806152344,182.623291383171,176.39359245482194,181.49927233718,43373600
2020-06-15,179.97520446777344,181.7660071501727,175.27911483833037,175.8220765372761,32770200
2020-06-16,184.38551330566406,186.3001377560509,182.37562783325563,183.73777033245818,42556700
2020-06-17,185.02369689941406,187.00500670921446,184.49979041741094,185.77620654826265,25687800
2020-06-18,187.0050048828125,187.16693696934297,184.79507739296074,184.79507739296074,23061600
2020-06-19,185.89051818847656,189.83408291259306,185.1475287864539,189.16729941523812,44441100
2020-06-22,191.0534210205078,191.2343937475536,185.9667807124898,186.50020767278062,32818900
2020-06-23,192.32981872558594,194.2730188236847,191.87258320326245,192.50127114536238,30917400
2020-06-24,188.45289611816406,193.60620625264835,187.2336306437843,192.03450116709675,36740600
2020-06-25,190.83433532714844,191.09152853276112,186.19541000907324,188.4148587405708,27803900
2020-06-26,187.01458740234375,190.40567113057938,185.63338952896157,190.25325928026015,54675800
2020-06-29,189.0244598388672,189.11018604803854,184.36648018824906,186.49066751265465,26701600
2020-06-30,193.85389709472656,194.70166798928813,188.357681249384,188.49103797881637,34310300
2020-07-01,194.98748779296875,196.55920809008,192.1965160312699,193.50150826464335,32061200
2020-07-02,196.47344970703125,198.14995120698134,195.2732389344,195.92096757952916,29315800
2020-07-06,200.70269775390625,201.11230266028434,198.21653652360695,198.9214302159748,31897600
2020-07-07,198.3690185546875,204.48440264062543,198.12136018661715,200.46463072969885,33600700
2020-07-08,202.73167419433594,203.14126463883366,198.78810890651903,200.10263551405538,33600000
2020-07-09,204.1509552001953,206.1132100290727,201.43617613862634,206.06557952127864,33121700
2020-07-10,203.53184509277344,203.9223950181679,201.06473816174983,203.48421457154092,26177600
2020-07-13,197.24501037597656,205.56078782782424,196.7020485920236,204.3034118238034,38135600
2020-07-14,198.46424865722656,198.94052473796404,192.44411202000435,196.34958169596874,37591800
2020-07-15,198.16896057128906,201.30286556387918,195.3017835765053,199.6168440382108,32179400
2020-07-16,194.24444580078125,195.93998757949456,192.71083615432784,195.6542190082387,29940700
2020-07-17,193.25381469726562,195.31131661266934,191.8345065419836,194.76836936138608,31635300
2020-07-20,201.56005859375,202.22684225080772,193.37762385459058,195.27320803339165,36884800
2020-07-21,198.8452911376953,203.78903986328467,198.15945232404164,203.52232638406318,37990400
2020-07-22,201.7029266357422,202.22683324824817,198.50235068955192,199.27391563942754,49605700
2020-07-23,192.929931640625,200.91232436691038,192.55843683427105,197.35930844616183,67457000
2020-07-24,191.74874877929688,193.2347277928302,188.13856802751238,190.91049824456846,39827000
2020-07-27,194.1777801513672,194.29208176915887,191.32964371811065,191.91070116654112,30160900
2020-07-28,192.43460083007812,194.98743376683993,192.16788737503714,193.949155350088,23251400
2020-07-29,194.37779235839844,194.93979464709193,192.42505751425415,192.8918133073751,19632600
2020-07-30,194.22532653808594,194.758767811149,190.10078960293148,191.46293184282624,25079600
2020-07-31,195.28271484375,195.36845558536268,189.56740183239614,194.7016574395373,51044000
2020-08-03,206.26564025878906,207.3134534584986,200.45508074936077,201.48383883595034,78983000
2020-08-04,203.16983032226562,204.57961789051777,200.33122914366757,204.0080808185462,49280100
2020-08-05,202.83645629882812,204.79871139406026,201.53146450991576,204.70345036554147,28806400
2020-08-06,206.08465576171875,206.1036963389564,201.51240270569892,202.2649124807569,32656800
2020-08-07,202.39828491210938,205.46550412139865,200.92182611319922,204.65584348217192,27820400
2020-08-10,198.3690185546875,201.8267880910728,196.55917497963108,201.62674571066594,36716500
2020-08-11,193.73007202148438,197.79745947005014,193.50145425985625,197.33071819206666,36446500
2020-08-12,199.26438903808594,200.30266740602258,195.03505511443325,195.54942688645932,28013100
2020-08-13,198.79762268066406,201.32189449596746,198.27371611259795,199.50251647540682,22588900
2020-08-14,198.9881591796875,199.64542255765082,197.66411213378817,198.8548024461003,17958900
2020-08-17,200.30267333984375,201.1694993210483,199.00720178012043,199.65494482737856,20184800
2020-08-18,201.4552764892578,202.28399227877523,199.28345856619634,200.54081995254023,21336200
2020-08-19,200.23301696777344,202.52467686717384,199.80333528973762,201.9422149485262,27627600
2020-08-20,204.8927459716797,205.29378324171398,199.47872097132446,200.08026959141188,26981500
2020-08-21,203.40316772460938,206.487344560312,203.24084416167003,204.20524223675469,36249300
2020-08-24,204.04290771484375,205.79029360312026,202.83978144131711,205.09323916626136,25460100
2020-08-25,206.69744873046875,206.83112783843276,203.47959226523687,203.47959226523687,23043700
2020-08-26,211.16607666015625,212.06364226305487,207.54718434774853,208.04371279040132,39600800
2020-08-27,216.3509979248047,220.71467669554357,209.49513302411248,212.82758145339662,57602200
2020-08-28,218.57577514648438,220.22766956393025,216.3509621275337,217.87872078167098,26292900
2020-08-31,215.34837341308594,218.37526098059254,214.18344954547442,216.75201094914362,28774200
2020-09-01,217.00982666015625,217.18169350856164,214.2980283025981,215.32927310280877,25725500
2020-09-02,221.192138671875,222.34751954776317,217.08627412946223,217.67827952359187,34080800
2020-09-03,207.48995971679688,218.95776110393626,205.2556028872172,218.9195733210918,58400300
2020-09-04,204.57762145996094,208.5020748978359,195.92664012521107,205.38925379080658,59664100
2020-09-08,193.51087951660156,200.54815481211494,193.07163989272198,197.17751849448624,52924300
2020-09-09,201.7512664794922,205.14100397041202,197.3684863965206,198.22786446784107,45679000
2020-09-10,196.09852600097656,205.0455254022006,194.89541419577412,203.7660088945279,35461500
2020-09-11,194.8190155029297,199.21135322657878,192.15497713349296,197.8459033435166,33620100
2020-09-14,196.1367645263672,199.75565848219193,194.81905999435875,195.0195859505068,30375800
2020-09-15,199.35455322265625,200.30940787534448,197.5880662872127,199.01080496489146,21823900
2020-09-16,195.79296875,201.14014659025136,195.40147480702015,201.11150211344088,26328100
2020-09-17,193.74957275390625,195.1054646940721,190.93275427264976,191.01868769979,34011300
2020-09-18,191.34335327148438,194.4561746821562,187.3902549723177,193.6445568420673,55225300
2020-09-21,193.39630126953125,193.55863942090826,187.5144062732065,188.287836395958,39839700
2020-09-22,198.05596923828125,198.7052780405181,192.95704840245924,195.80251145980125,33517100
2020-09-23,191.53433227539062,198.70530157646007,190.99961588664098,198.51431894911047,30803800
2020-09-24,194.0169219970703,196.28948076547937,190.20704663295967,190.82771090807543,31202500
2020-09-25,198.4379425048828,199.60285202097856,193.39629547770284,194.360708203797,29437300
2020-09-28,199.9847869873047,202.97348710410114,198.66708273160546,201.35978019848167,32004900
2020-09-29,197.9031982421875,200.5863524369217,197.47351650129846,199.89885582352807,24221900
2020-09-30,200.8346405029297,202.41014531987275,197.21573213514574,198.35201184054603,33829100
2020-10-01,202.86842346191406,204.32934989722492,201.77988975384076,203.85192257666776,27158400
2020-10-02,196.88148498535156,201.4647902745246,196.2608207134227,198.60976959147385,33154800
2020-10-05,200.88233947753906,200.91098395337687,197.63582470662806,197.8649950832573,21331600
2020-10-06,196.61415100097656,200.69137041613547,195.57336278885933,199.3927819040882,28554300
2020-10-07,200.35716247558594,200.62452062469237,197.38756379022215,197.71221088986192,25681100
2020-10-08,201.0732879638672,201.65574986583715,198.91532176423556,201.00644114679142,19925800
2020-10-09,206.06716918945312,206.1149148335064,201.69393336680915,201.69393336680915,26458000
2020-10-12,211.40484619140625,213.75379540238984,207.02206617071406,208.9126745888685,40461400
2020-10-13,212.79893493652344,215.04284947727942,210.47863026566432,212.66525585132484,28950800
2020-10-14,210.8892364501953,214.09754923309413,209.23734168865147,212.9326251853201,23421700
2020-10-15,209.74342346191406,210.41181895444555,206.2581944574021,207.29899733498226,22733100
2020-10-16,209.74342346191406,212.2546818531345,209.4187763041029,210.21129302172162,26057900
2020-10-19,204.54898071289062,212.26420865277728,204.0715533495555,210.46907710426066,27625800
2020-10-20,204.95962524414062,207.55683207717584,203.4700537366504,206.05771726461302,22753500
2020-10-21,205.10281372070312,207.12710123202376,203.49865008216514,203.49865008216514,22724900
2020-10-22,205.1887664794922,206.30594495104054,202.14277705291187,204.27209937543927,22351500
2020-10-23,206.46823120117188,206.51597685096647,203.53683479884484,205.32240845573483,18879600
2020-10-26,200.59591674804688,206.57330310558484,198.7053081481749,204.19572375769516,37111600
2020-10-27,203.6227569580078,204.97864883156453,200.83458308943582,202.03769472007534,36700300
2020-10-28,193.5299835205078,199.41189318251043,192.97618050181404,198.29471470146902,51195600
2020-10-29,195.47787475585938,197.9986908313189,194.18881495491607,194.8572249672143,31432600
2020-10-30,193.3294677734375,195.06729607017297,190.60812555077848,194.31296712943194,36953700
2020-11-02,193.19578552246094,196.01260444475008,191.0855498716354,195.06729288841902,30842200
2020-11-03,197.1106719970703,198.72437896176254,193.95010489814203,194.6853471835195,27512000
2020-11-04,206.62100219726562,208.46387929331624,202.83022797821783,204.3580012836507,42311800
2020-11-05,213.20948791503906,214.00201902117308,211.16609955136636,212.01591960518525,36080100
2020-11-06,213.62014770507812,214.23125428205773,208.18702078149855,212.22605308606802,25231900
2020-11-09,208.53074645996094,217.82147990831737,208.04377574015598,214.3076211153665,44395000
2020-11-10,201.48391723632812,206.72607562317089,200.25216088703263,204.81636591764507,44045100
2020-11-11,206.77378845214844,208.19651263213743,202.62016467409236,202.80158939850273,29440800
2020-11-12,205.7139129638672,209.21822820406635,204.77815937346904,207.40400997799867,21593900
2020-11-13,206.73558044433594,207.6045016953903,204.4916806999845,206.59235807105273,18621100
2020-11-16,207.423095703125,207.91008095610752,204.83544745934216,205.1696378838174,24953300
2020-11-17,204.77816772460938,207.85278678987626,204.41531823662734,206.3441290207393,24154100
2020-11-18,202.0784149169922,205.99399180635928,201.93480295916703,204.53880869388323,28372800
2020-11-19,203.3612823486328,203.94526929630183,200.97746390164156,202.3656398944147,24792700
2020-11-20,201.41786193847656,204.19418482435066,201.0444941764718,203.1506716700391,22843100
2020-11-23,201.14981079101562,203.23683717236528,199.28297191593805,201.9539852898068,25683500
2020-11-24,204.73985290527344,205.11322061050996,199.95307996220436,200.65194472163236,33979700
2020-11-25,204.74942016601562,206.10886192206488,203.39956130497038,205.9365451088525,21012900
2020-11-27,206.05145263671875,207.0471097276896,204.91219818073947,205.68766777600618,14512200
2020-11-30,204.94090270996094,205.60146510182233,201.84863688732,204.96962217882137,33064800
2020-12-01,206.98965454101562,208.0523187829212,204.2516196677861,205.3621399555571,30904500
2020-12-02,206.18545532226562,206.2811966253991,203.72506159891105,205.71636091789838,23724500
2020-12-03,205.10369873046875,207.1524374293288,204.53884829324855,205.45791533381825,25120900
2020-12-04,205.21853637695312,206.19504217699352,204.08885033218635,205.08450731483558,24666000
2020-12-07,205.15151977539062,206.3482130777084,203.90697042743815,205.22810989970768,24620000
2020-12-08,206.79812622070312,207.69804172678656,203.8111850584427,204.8451296010873,23284100
2020-12-09,202.7677001953125,206.05141934797453,202.20286450676673,205.98441212448722,32440600
2020-12-10,201.54232788085938,203.99315372570663,201.38914761353783,202.7390213291695,26733300
2020-12-11,204.1654815673828,204.22293512677876,200.19246494822374,201.09238080711714,30979400
2020-12-14,205.06532287597656,206.9896146941102,203.80162258210368,204.01224173242744,28798400
2020-12-15,204.99835205078125,206.23333309866626,203.1889523803943,205.99399444063587,27000600
2020-12-16,209.9287567138672,210.72336294076212,205.56322121850565,205.59194069349553,35023300
2020-12-17,210.0627899169922,211.47010265137897,208.6267577070526,210.49359665835905,32515800
2020-12-18,209.26815795898438,210.32125396009562,206.80776400449466,209.26815795898438,63354900
2020-12-21,213.09756469726562,214.44743823854384,208.01401392274173,208.27250376445025,37181900
2020-12-22,214.38999938964844,216.00793106077268,212.3891317075916,213.19330609539352,22612200
2020-12-23,211.5945281982422,214.0262025743925,211.38390900722848,213.59539590479994,18699600
2020-12-24,213.25074768066406,214.0740732616441,211.7668450557722,211.97746424681867,10550600
2020-12-28,215.36654663085938,216.39090869156607,213.50927594366328,214.87828632372674,17933500
2020-12-29,214.59104919433594,217.49183275361256,214.04536461399422,216.65893884295096,17403200
2020-12-30,212.22634887695312,216.00791102245398,212.02531260268833,215.62496043897397,20272300
2020-12-31,212.93478393554688,213.49005129277452,210.31162737376175,212.24548753402772,20942100
2021-01-04,208.4065399169922,213.4900908644091,205.64935379985505,213.04013300201316,37130100
2021-01-05,208.60757446289062,209.2011442852732,206.5013971335944,207.9948680651304,23823000
2021-01-06,203.19850158691406,207.2576901048468,202.90172401611616,203.12191147056765,35930700
2021-01-07,208.98094177246094,209.98616708451945,204.59627029591414,204.9121844778068,27694500
2021-01-08,210.2542266845703,211.17329358978736,207.77468161014076,209.35431096289832,22956200
2021-01-11,208.21510314941406,209.57454522836616,207.48750414372483,209.15330677414084,23031300
2021-01-12,205.7642059326172,207.84167815630275,204.22287913451353,207.26725958443384,23249300
2021-01-13,207.11412048339844,207.51620772033212,204.80689205921024,204.89306508775417,20087100
2021-01-14,203.9356689453125,208.1863254557164,203.66761084177992,206.70242299168677,29480800
2021-01-15,203.58145141601562,205.36213157006432,202.9878962340234,204.41435985792472,31746500
2021-01-19,207.2098388671875,207.7268039408653,203.5623200569144,204.63455257006677,30480900
2021-01-20,214.77293395996094,216.16109525037086,208.02358090402097,208.4160998078411,37777300
2021-01-21,215.37606811523438,216.64935150148284,212.93481093432405,215.11757827987228,30709400
2021-01-22,216.31427001953125,220.25858092455158,216.17067267204894,217.39608539747118,30172700
2021-01-25,219.7416229248047,219.98096159958953,214.6580718096666,219.34910399221997,33152100
2021-01-26,222.4221954345703,224.19329267545595,220.26814758976505,221.9722376050097,49169600
2021-01-27,222.9678955078125,230.1863578583069,220.32560189282918,227.85041013975058,69870600
2021-01-28,228.7407684326172,232.2925610607269,225.064529617763,225.56235818896445,49111200
2021-01-29,222.06800842285156,227.86957571864957,221.4840214563199,225.92614679568288,42503100
2021-02-01,229.43003845214844,232.15850507669126,222.51793663750792,225.0357840681807,33314200
2021-02-02,229.2959747314453,231.97657029626004,228.5109516249904,231.0096474945824,25916300
2021-02-03,232.6371612548828,234.63802880665224,229.0566498927126,229.35344208114293,27158100
2021-02-04,231.6893768310547,232.86693348320225,230.11931590292957,232.31166607339227,25296100
2021-02-05,231.87127685546875,232.9052215570717,230.16718686803185,231.89999632428507,18054800
2021-02-08,232.12977600097656,233.2881669112596,230.5405638250113,232.78077013104104,22211900
2021-02-09,233.3743438720703,234.32211561321034,231.0862668747444,231.55536129754788,23565000
2021-02-10,232.46484375,235.43263415280472,230.61714183329966,234.55186970118112,22186700
2021-02-11,234.06362915039062,234.69547207814844,231.8234083059105,234.3412555541554,15751100
2021-02-12,234.54229736328125,234.8390749376285,232.37866672281444,233.52748926560795,16561100
2021-02-16,233.30731201171875,235.63369127508065,232.56057659584255,234.58059537675686,26728500
2021-02-17,234.3244171142578,234.42996924048617,231.19625854686882,231.56089582687864,21653500
2021-02-18,233.9310302734375,234.06536803282074,231.1195276514465,232.0215160251843,16925600
2021-02-19,231.22506713867188,233.99819366694103,230.4670068908638,233.89264153022282,25262600
2021-02-22,225.02630615234375,228.30799807606732,223.0016349040027,227.81862797364326,36446900
2021-02-23,223.83648681640625,225.33339754887209,219.48007774451878,221.01537906288905,30228700
2021-02-24,225.06466674804688,225.68837451951188,219.7391089947226,220.70825874590906,26339700
2021-02-25,219.7295684814453,225.1030937109058,218.66445668933272,222.69460427185766,39542200
2021-02-26,222.98248291015625,225.85155697990797,220.25732229386043,222.16685132625005,37819200
2021-03-01,227.35806274414062,227.86662818043706,223.72132352037755,226.36011252225157,25324000
2021-03-02,224.41217041015625,227.7034670330312,224.00915718644586,227.4251865850806,22812500
2021-03-03,218.3573760986328,224.13392888093216,218.06950529574024,222.77135603173917,34029500
2021-03-04,217.56094360351562,223.08801625993092,215.19083022458815,217.57054857019696,44727800
2021-03-05,222.23399353027344,223.8364561921573,217.3018581200775,220.23810794614715,41872800
2021-03-08,218.1942596435547,223.93242202512073,217.9447794153884,222.0133028006234,35267400
2021-03-09,224.32583618164062,225.86113735770795,222.30116489353895,223.46223842117595,33080500
2021-03-10,223.0208282470703,227.41561273111648,222.65619093371328,227.41561273111648,29746800
2021-03-11,227.54037475585938,229.4978699157633,224.83440963059357,225.4581321614422,29907600
2021-03-12,226.21620178222656,226.28337798999624,223.7981072117447,224.54656261470257,22653700
2021-03-15,225.314208984375,225.6788463527636,222.43552990775498,225.45815172323736,26034900
2021-03-16,228.09695434570312,230.35191097051037,226.3985294905257,226.72477629112797,28092200
2021-03-17,227.4539794921875,228.90292372097375,223.79806010683893,226.5999721151421,29562100
2021-03-18,221.38961791992188,224.71929129183843,221.0153902179175,223.15520427595692,34833000
2021-03-19,221.0345458984375,223.0688074379135,220.07498635842558,221.67744903323953,46430700
2021-03-22,226.44644165039062,227.31962962902716,220.8330129672316,220.9577603820577,30127000
2021-03-23,227.97218322753906,231.30185638179913,227.48281307743645,227.8858263731183,31638400
2021-03-24,225.9379119873047,228.3751869519147,225.80357422770754,228.23125886724554,25620100
2021-03-25,222.94406127929688,227.35804104512198,222.20521097132493,225.78436397622824,34061900
2021-03-26,226.9166717529297,227.13738102401882,222.18604950172028,222.18604950172028,25479900
2021-03-29,225.7268524169922,227.2237633609506,222.5027309062661,227.0222493607775,25227500
2021-03-30,222.473876953125,224.3929959619362,221.75420732482078,224.0859298925027,24792000
2021-03-31,226.23538208007812,229.4307174616961,222.99206578776494,223.49104090390196,43623500
2021-04-01,232.54925537109375,233.0194301648767,228.42314650954665,228.82615975066759,30338000
2021-04-05,238.99749755859375,239.8515049488845,232.88509343721387,232.94266466595224,36910600
2021-04-06,237.83641052246094,239.31412566205827,236.8960463427172,237.59652065526092,22931900
2021-04-07,239.79397583007812,240.78232120190728,237.193577105187,237.78849946523798,22719800
2021-04-08,243.00843811035156,243.8624454611813,241.808988761337,242.54785366001036,23625200
2021-04-09,245.50332641601562,245.63766417265026,242.2312247073296,242.64382830209405,24326800
2021-04-12,245.56092834472656,247.2497628012072,244.32308812226344,244.40945962367468,27148700
2021-04-13,248.03659057617188,248.7082941150064,246.44371787607142,246.8563508242673,23837500
2021-04-14,245.2538604736328,248.3628245342874,244.84125683021273,247.06744236464007,23070900
2021-04-15,249.00567626953125,249.41827980334187,247.30726659192428,247.49916091109114,25627500
2021-04-16,250.195556640625,250.445051503243,247.18255477329765,248.9769265105959,24878600
2021-04-19,248.2764892578125,250.90570297994432,247.39371065484556,249.66786265864081,23209300
2021-04-20,247.8158721923828,249.67742016300645,246.45328467278097,247.39366362481238,19722900
2021-04-21,250.04200744628906,250.13796925520947,246.8466871216118,248.4683450570387,24030400
2021-04-22,246.7699737548828,251.19352978714605,245.3018339862112,249.6870140739472,25606200
2021-04-23,250.58889770507812,250.93435426993656,246.86580304913988,247.451149431691,21462600
2021-04-26,250.97280883789062,251.82683096234217,249.6486411501395,251.07837562429333,19763300
2021-04-27,251.37582397460938,252.54648783182677,249.60063289753063,251.00158168291068,31014200
2021-04-28,244.26547241210938,246.1654108297521,242.72058097809375,245.7239923604383,46903100
2021-04-29,242.29835510253906,245.7431847076935,238.93030665326364,245.1290672361007,40589000
2021-04-30,241.98171997070312,242.84533234959014,239.5060692196905,239.64040697084403,30945100
2021-05-03,241.67466735839844,244.06397589418296,240.96458802475905,243.15238261393083,19626600
2021-05-04,237.769287109375,241.05099410582295,235.82138212667073,240.82069451117363,32756100
2021-05-05,236.50267028808594,239.41013488306382,235.87896236652082,238.9879262904949,21901300
2021-05-06,239.63082885742188,239.7555762980852,234.79465463224184,236.48347435623583,26491100
2021-05-07,242.2504425048828,244.01602879660211,241.01260232215404,241.9529667059604,27032900
2021-05-10,237.1839141845703,241.5499129115919,237.12634295627333,240.72469114199723,29299900
2021-05-11,236.27235412597656,236.62740113121535,232.76037714863403,234.6603010402085,33641600
2021-05-12,229.33474731445312,234.49718271340848,228.44236390313688,232.37654952810314,36684400
2021-05-13,233.20175170898438,235.66782673232748,231.65686027799902,232.02149758522427,29624300
2021-05-14,238.1147003173828,239.10304549849073,235.5622830009087,235.6486398477899,23901100
2021-05-17,235.26480102539062,236.61778349101087,233.67194331645007,236.57940755176028,24970200
2021-05-18,233.249755859375,236.44509117389674,233.07702751284302,236.31075341180204,20168000
2021-05-19,233.82681274414062,233.9326086171046,229.47959883359417,230.1624510972941,25739800
2021-05-20,237.058349609375,238.47216034186488,234.53850325579242,234.6346866469853,21800700
2021-05-21,235.7984619140625,238.83767555656837,235.38490555585892,238.10673157029987,21863100
2021-05-24,241.19400024414062,241.5594795417082,238.04899101242594,238.31828691309914,21411500
2021-05-25,242.0980682373047,243.08869557539978,241.2324763784631,242.14615993513493,17704300
2021-05-26,241.87689208984375,243.2714634355035,241.16517303578058,241.819173240438,17771600
2021-05-27,239.78021240234375,241.86726317029425,239.72250822888856,241.56911515709095,24426200
2021-05-28,240.13604736328125,242.44431686460024,240.0206390246495,241.40559779033563,18270200
2021-06-01,237.94317626953125,241.68448117371312,237.52000751313417,241.62677701036466,23213300
2021-06-02,237.8470458984375,239.7417445032834,236.4428474366505,238.64532119633685,19406700
2021-06-03,236.3177947998047,236.92370320657687,233.7113775070017,235.84651966073733,25307700
2021-06-04,241.20367431640625,242.03080184415606,238.0490518095302,238.28949568764898,25281100
2021-06-07,244.10816955566406,244.3774654468797,240.26106862341163,240.4245686519693,23079200
2021-06-08,242.91561889648438,246.22412860795987,242.85790004526086,245.4066136508643,22455000
2021-06-09,243.89662170410156,245.76246833996902,243.53115702915264,244.10821346748003,17937600
2021-06-10,247.40708923339844,247.61868099093334,243.973558759814,244.56985479894277,24563600
2021-06-11,248.03224182128906,248.609283510247,246.80114128203925,248.12839586874716,18999700
2021-06-14,249.955810546875,250.01351471996307,246.98389887756707,248.04185763593912,19150500
2021-06-15,248.48423767089844,250.05193601301735,247.8302375499688,249.8403442855341,18038900
2021-06-16,247.54176330566406,250.6194270515861,244.69490159361732,249.48453909560968,27220000
2021-06-17,250.9271697998047,251.74468467468952,246.22410384722616,246.28180801711895,27565500
2021-06-18,249.5133514404297,252.2736417712476,248.85935130058786,249.70571823499586,37202200
2021-06-21,252.591064453125,253.44702925067534,248.0611107803367,249.88847807213403,26696100
2021-06-22,255.3609161376953,255.63021199159476,252.36978031480274,252.6775553909869,24694100
2021-06-23,255.1301727294922,256.6305401403005,254.3222848429845,255.82265225379285,19518700
2021-06-24,256.4959411621094,257.61160439785294,255.32257373753964,255.98620126010317,21446900
2021-06-25,254.8896484375,257.03441766201166,254.6396068486284,256.05341754170934,25611100
2021-06-28,258.4482116699219,258.62132414743763,255.74562592819686,256.01492178801493,19590000
2021-06-29,261.0259094238281,261.26635333990595,257.7366530884799,258.59261816716355,19937800
2021-06-30,260.5448913574219,260.98729972356773,259.29459535920773,260.34292678716713,21656500
2021-07-01,261.21826171875,261.4490784729625,259.29471049747946,259.30430829486346,16725300
2021-07-02,267.0368957519531,267.3735229640247,262.0837590204918,262.3915341487316,26458000
2021-07-06,267.0464782714844,268.6911054771681,263.81489866709086,267.402330362961,31565600
2021-07-07,269.22979736328125,269.96075610492034,266.5560627596186,268.7200575437323,23260000
2021-07-08,266.8157653808594,268.07568890593086,264.36322030721055,266.31562334882244,24618600
2021-07-09,267.3157958984375,267.42157707974224,264.79594962280595,265.1806538246266,23916700
2021-07-12,266.71954345703125,269.0758754216596,266.0078097490521,268.48920655469243,18931700
2021-07-13,270.2395935058594,272.03810834879346,266.7868242229715,266.91183033818885,26120100
2021-07-14,271.7112121582031,272.817248138477,269.82611100200353,271.55732455253013,23113700
2021-07-15,270.2876892089844,271.71112710257626,269.1335472032558,271.22061234748406,22604200
2021-07-16,270.0184326171875,273.24038594694457,268.77773418312665,271.28798313803793,26186800
2021-07-19,266.42138671875,269.65293765611636,263.9592442852176,268.2679788683728,32935600
2021-07-20,268.6431579589844,270.2300817716066,265.7001270770854,267.4024592613804,26259700
2021-07-21,270.64361572265625,270.7590240847354,266.6907325661512,268.2391770091446,24364300
2021-07-22,275.20245361328125,275.4717495772376,272.5864230986805,272.9903523690856,23384100
2021-07-23,278.597412109375,278.9051578411828,275.54857206249494,276.38531172128154,22768100
2021-07-26,278.00115966796875,278.616709994847,275.6833068492784,277.95308263976796,23176100
2021-07-27,275.5871276855469,278.5109037300761,272.13435756738795,278.36664329219724,33604100
2021-07-28,275.2793273925781,279.0590972753007,272.98067033830415,277.943434405772,33566900
2021-07-29,275.548583984375,277.58754263217537,275.144625501769,275.29851304985465,18168300
2021-07-30,274.0194396972656,275.7025466900229,273.0576642728328,274.26951069995624,20944800
2021-08-02,273.932861328125,275.8083056438092,272.89412751695914,275.41397422948273,16267400
2021-08-03,276.14495849609375,276.25076905660643,273.14422383185655,274.50995786548094,17879000
2021-08-04,275.5583190917969,276.59702375952793,273.7694013265721,275.27939596716925,16191300
2021-08-05,278.4531555175781,278.55896605599236,275.1639006499143,275.9140841592982,13900200
2021-08-06,278.3954772949219,278.4339565262084,276.62581421943787,277.48180834700514,16589300
2021-08-09,277.3086853027344,280.40560323278316,276.808572666281,278.67441927108996,16117600
2021-08-10,275.4909362792969,278.1935226909762,274.2983442260447,277.7607120388484,18616600
2021-08-11,275.9814453125,277.62607292416914,274.9330843638876,276.23148694196493,13955900
2021-08-12,278.732177734375,278.88606534888424,275.39481530680047,275.6737384425398,14561300
2021-08-13,281.6558837890625,281.70396081045175,278.2415640899501,278.41470593926334,18249000
2021-08-16,283.3390197753906,283.55061152329273,278.93407230117066,281.98291302988906,22507600
2021-08-17,281.8770751953125,282.21370240044297,279.953524710054,281.21347728086533,20075300
2021-08-18,280.1522521972656,284.09344038644264,279.7089674078397,281.4145875343293,21813000
2021-08-19,285.9724426269531,286.6469859033091,278.1382656084222,278.1864346679161,29850500
2021-08-20,293.2863464355469,294.7125096493585,287.21557336643235,288.8151805177053,40817600
2021-08-23,293.5657653808594,294.2884777670295,290.8676509020545,292.21670814145693,22830200
2021-08-24,291.609619140625,294.5293759454758,291.0121816186196,293.9222928481988,18175800
2021-08-25,291.0218505859375,293.50796840478165,289.4897037639269,293.228511364618,20006100
2021-08-26,288.20806884765625,291.426544578333,288.0731778231543,290.03893440127865,17666100
2021-08-27,288.8151550292969,289.9233081860537,286.0302890699818,288.1117043575675,22605700
2021-08-30,292.5443420410156,293.15142516677145,290.10639336951124,290.1642080093696,16348100
2021-08-31,290.8965148925781,293.42118508039425,290.53033596630166,293.3441087098698,26285300
2021-09-01,290.848388671875,294.08615577563324,290.5207625531025,291.85055818104365,18983800
2021-09-02,290.1930847167969,292.3226688129112,289.2583755946985,291.2048996220678,16285600
2021-09-03,290.18353271484375,291.5904047928127,289.3355453558773,290.03896669123856,14747900
2021-09-07,289.2583923339844,290.1352868730688,287.3504504950294,290.05821049267576,17180400
2021-09-08,289.287353515625,289.6727943038397,286.64705323874495,288.8730054034754,15046800
2021-09-09,286.4349670410156,291.14706522320324,286.19406294762535,289.8750845523656,19927000
2021-09-10,284.95111083984375,289.00795867195626,284.63313024045095,287.562533496579,19633400
2021-09-13,286.1844482421875,287.678071426656,283.3803207637957,286.7240711170078,23652900
2021-09-14,288.8825988769531,290.42439115897747,287.2540846387654,288.66095649526324,21853400
2021-09-15,293.72955322265625,294.21136141464643,290.8387040707149,292.2263140162258,28356300
2021-09-16,294.11505126953125,294.20177323213824,289.81732959262365,292.70817930849984,19550800
2021-09-17,288.95965576171875,293.42120456252405,288.63202970257026,293.1032240780458,41372500
2021-09-20,283.59228515625,287.8514824392424,278.98620009647595,285.54842520573646,38278700
2021-09-21,284.0741882324219,286.7145179579363,283.3707668698969,284.93182120134657,22364100
2021-09-22,287.7166442871094,289.29698969688434,283.7947469001605,285.9339770236081,26626300
2021-09-23,288.6609802246094,289.9522229123692,286.70483974436394,287.9768206871402,18604600
2021-09-24,288.4586181640625,288.8922279642704,286.1266531897196,287.3793723405542,14999000
2021-09-27,283.4671325683594,285.6834391762905,282.28187346169767,285.3654586100994,23571700
2021-09-28,273.20458984375,280.2004563333736,272.4626155886146,279.25610140272624,43186200
2021-09-29,273.6670837402344,276.3362908365867,272.713112823429,274.72706776293006,26353700
2021-09-30,271.6627502441406,277.35769732785985,271.37364767786374,275.31483525135485,32343600
2021-10-01,278.5815734863281,279.42956082549745,271.055729962069,271.855518825413,30086300
2021-10-04,272.8094787597656,277.28067385415983,270.0535494270314,276.9434021661116,31350700
2021-10-05,278.25384521484375,279.8341606154192,273.7151913825428,273.7151913825428,24993000
2021-10-06,282.4456481933594,282.9467476472076,275.12218554145016,275.382351437471,28002600
2021-10-07,284.1222839355469,285.8471654194184,283.22612779643686,284.4402643887922,20430500
2021-10-08,284.1222839355469,285.8471654194184,283.0719456530571,285.44243361714194,17685700
2021-10-11,283.5249328613281,287.12884966284184,282.0987696561335,282.26259742313226,19298600
2021-10-12,282.2239685058594,284.690824072325,281.71325300359666,284.5944565534147,17974100
2021-10-13,285.52923583984375,286.4639451294158,282.81182993730505,284.1801784650092,23416300
2021-10-14,291.73492431640625,292.2359943595076,286.99391772689086,288.32371333397117,27262900
2021-10-15,293.1418151855469,293.37310318030734,289.5860673662888,291.3398567409262,25384800
2021-10-18,296.1097717285156,296.9962825877865,291.6771292104213,292.52511657650416,22729300
2021-10-19,297.0155334472656,298.046580784232,296.04227134224186,297.1311627256362,17682100
2021-10-20,296.2254333496094,298.4321239761753,294.97271391037,297.9599317642486,16537100
2021-10-21,299.4534606933594,299.70398097618084,295.21352474111114,295.9940811288246,16918100
2021-10-22,297.9116516113281,299.77142421719265,296.6011180073885,299.1065265444657,17449300
2021-10-25,296.91925048828125,298.14303324261317,295.3099974865918,298.10448033642723,17554500
2021-10-26,298.82708740234375,301.03377733794736,297.3720465392761,299.68472017039693,28107300
2021-10-27,311.4120178222656,314.23540765875345,304.5028732340633,304.5028732340633,52588700
2021-10-28,312.54901123046875,313.05008121355974,309.6677779577822,312.5297200802306,26297900
2021-10-29,319.554443359375,319.9206222707464,312.1153240989585,312.3369664419561,34766000
2021-11-01,317.3863830566406,319.429245467658,314.4955333639382,319.30397060914856,27073200
2021-11-02,321.0095520019531,321.31791632302634,317.99342781479373,318.29214656107087,26487100
2021-11-03,321.84796142578125,322.7152105302098,318.6198397635644,321.7515938792344,21500100
2021-11-04,324.1991882324219,324.2955557789169,317.52133190249214,320.77836088619716,23992200
2021-11-05,323.8330078125,326.46369184358485,322.25269180428967,326.1938803589028,22570100
2021-11-08,324.7290954589844,325.3650858397293,322.27188529417714,325.0278142034985,20897000
2021-11-09,323.7270202636719,326.39622775578675,322.35867170289976,324.84478968180053,21307400
2021-11-10,318.7642517089844,322.4549185068343,317.9162940898548,322.39710388296714,25500900
2021-11-11,320.3350830078125,321.6263258185868,318.48495546682875,319.198022393328,16849800
2021-11-12,324.468994140625,324.96044803422893,321.6456044610585,321.7708793286239,23831000
2021-11-15,323.84259033203125,325.5867337696935,321.87680452226203,325.25910770260543,16723000
2021-11-16,327.157470703125,328.27526945186895,323.30300442769504,323.4668027763442,20886800
2021-11-17,327.3795166015625,330.3432389660273,326.298296191854,327.20575534879794,19053400
2021-11-18,329.455078125,330.5942484179435,325.4487587667228,326.4720587629754,22463500
2021-11-19,331.2313537597656,333.15247904268057,330.3528843201797,330.77765366688135,21963400
2021-11-22,328.0649108886719,337.56427133664994,327.79460580022015,332.6890870606931,31031100
2021-11-23,325.9893493652344,327.69808997134413,322.0119904551096,325.381155553639,30427600
2021-11-24,326.2113952636719,326.45274014228477,322.34987720586537,324.63782194134853,21661300
2021-11-26,318.266357421875,326.23073957142407,316.76036751775325,322.77469337120857,24217200
2021-11-29,324.9757080078125,327.29261293135295,323.1511265991085,323.34421428483876,28563500
2021-11-30,319.144775390625,326.08585570049416,317.60016244351027,323.7110306026671,42885600
2021-12-01,318.6524963378906,327.53400074702796,317.98641149520125,323.52768116178333,33337600
2021-12-02,318.0828552246094,321.94437289922337,316.4513616502016,318.8648101968354,30766000
2021-12-03,311.82720947265625,321.1817382170732,307.01960945389317,320.4962976310111,41779300
2021-12-06,314.89715576171875,316.11354341449044,308.1781223856923,312.73471501105405,30032600
2021-12-07,323.32489013671875,324.1743992838451,318.6717542353688,320.1584467996634,31021900
2021-12-08,323.3731689453125,323.8848188965732,319.34752350913357,323.70139443658877,24761000
2021-12-09,321.5679016113281,324.84052263649073,320.62181914163386,322.83254633757906,22214200
2021-12-10,330.6811218261719,331.12518817346324,323.19943025665486,323.38285472943636,38095700
2021-12-13,327.6498107910156,331.88784112335867,327.3408822668036,328.8854954268182,28899400
2021-12-14,316.9726867675781,323.0545950116288,312.88912106633165,321.68374322246143,44438700
2021-12-15,323.0642395019531,323.5855526741377,313.26564359900055,317.23333915012444,35381100
2021-12-16,313.6517333984375,325.10114738849785,311.8368155733558,324.08748143161864,35034800
2021-12-17,312.58984375,313.67109344538676,306.2666203467996,309.77095234774947,47750300
2021-12-20,308.8345947265625,311.6245264811282,306.57560997334616,308.9697325522861,28326500
2021-12-21,315.9590759277344,316.38384527957237,308.7283631846601,312.09755779178596,24740600
2021-12-22,321.6644592285156,322.06023889539006,314.4723702128299,316.93407613844363,24831500
2021-12-23,323.10284423828125,324.74400105600773,321.2107088019103,321.23000578456225,19617800
2021-12-27,330.5942077636719,330.62316796902155,323.817225101408,323.8461853067577,19947000
2021-12-28,329.4357604980469,331.90712970709734,328.53796461701063,331.2699756899296,15661500
2021-12-29,330.11151123046875,332.38012934520907,327.9200810470128,329.4839910257525,15042000
2021-12-30,327.57257080078125,331.25066424671456,327.0898810628788,330.0729001077908,15994500
2021-12-31,324.67645263671875,327.6111852143737,324.222723076331,326.79063617756316,18000800
2022-01-03,323.1607666015625,326.29824977245147,318.3628296202537,323.7400001560889,28865100
2022-01-04,317.61944580078125,323.5951458907131,314.8294855450226,323.23793081044835,32674300
2022-01-05,305.4267578125,314.7812871228152,305.04061192128523,314.5785362245669,40054300
2022-01-06,303.0133361816406,307.6664726573991,300.7060649286775,302.30859850808565,39646100
2022-01-07,303.1677551269531,305.54258020265945,299.35449471125537,303.27393271968896,32720000
2022-01-10,303.38983154296875,303.824264140596,294.14150808241357,298.77531830555176,44289500
2022-01-11,304.0752258300781,305.64876956592934,299.1614480285225,302.53061283786786,29386800
2022-01-12,307.2513732910156,312.2134388767863,306.1025691405683,308.60292838169426,34372200
2022-01-13,294.2476806640625,309.77100062212895,293.47538879376066,309.3751914637592,45366000
2022-01-14,299.46075439453125,300.05928501415605,293.2340443836935,293.71673416868725,39846400
2022-01-18,292.172119140625,299.0745771307378,291.2936202020948,293.5429710843101,42333200
2022-01-19,292.82855224609375,303.04228390568943,292.2203879053098,295.6860967924291,45933900
2022-01-20,291.158447265625,300.86049892883005,290.71438096885566,298.36983291707537,35380700
2022-01-21,285.7813415527344,293.5815962967534,285.3758691298615,292.21077366823675,57984400
2022-01-24,286.1094970703125,286.82386842126607,266.49297997417904,282.08388134377833,85731500
2022-01-25,278.50225830078125,284.77722360368267,275.2972214903032,281.4273563327692,72848600
2022-01-26,286.4377136230469,297.81954500203807,282.8851245004796,297.32719208033615,90428900
2022-01-27,289.4593505859375,296.66107253209896,287.615472429576,292.1817275159188,53481300
2022-01-28,297.58795166015625,297.8003363696797,284.2560605432438,289.8359539541243,49743700
2022-01-31,300.2137145996094,301.5652399492526,295.76329997634053,298.25399547736595,46444500
2022-02-01,298.070556640625,299.8758114270801,294.56622466172195,299.66342677802413,40950400
2022-02-02,302.6078186035156,304.21035194352163,298.1863939124947,298.9104284628024,36636000
2022-02-03,290.8205871582031,300.45508559766955,289.57523929937065,298.7753051603236,43730000
2022-02-04,295.34820556640625,298.10917678556535,289.5848887928777,289.816570444543,35096500
2022-02-07,290.5309753417969,297.1824248464775,289.5173091795903,295.57025756283554,28533300
2022-02-08,294.0159606933594,294.9813401359987,289.5655756040924,290.8205570951065,32421200
2022-02-09,300.43572998046875,301.1308043619736,296.7480028768317,299.1421250545375,31284700
2022-02-10,291.9114990234375,298.4181483420068,290.2896683057425,293.5140327543915,45386200
2022-02-11,284.82562255859375,293.75538439550695,284.0340041683453,292.69346087944797,39175600
2022-02-14,284.78692626953125,286.4860034605709,281.263297311286,283.599498987924,36359500
2022-02-15,290.067626953125,290.38618927733245,286.7370553493468,289.6235605596376,27058300
2022-02-16,289.7289733886719,291.05427315111,284.09884067695083,288.6358343081328,29982100
2022-02-17,281.2450866699219,287.1170334540753,280.53889193473333,286.6913858769695,32461600
2022-02-18,278.5364685058594,284.2729991216109,276.9693246500047,283.4894271936835,34264000
2022-02-22,278.33331298828125,282.02869492098785,275.21836232867406,275.70205013593005,41736100
2022-02-23,271.12640380859375,282.18353159730316,270.9619664555194,280.71310149282795,37811200
2022-02-24,284.97918701171875,285.53059821327315,262.6618238516017,263.61954581271243,56989700
2022-02-25,287.6104736328125,287.92004094921725,282.1351235020053,285.51128484773926,32546700
2022-02-28,289.0422058105469,289.3807932241622,283.4410920061188,284.7083518645938,34627500
2022-03-01,285.3274230957031,290.1836376065008,282.6187539107419,286.73009989470324,31217800
2022-03-02,290.396484375,291.63472396488993,284.1182261639909,285.7240436842559,31873000
2022-03-03,286.26580810546875,293.2405780996094,284.4567908872236,293.0084173965025,27314500
2022-03-04,280.4035339355469,286.01433126307614,277.80132020565253,284.68903114664965,32356500
2022-03-07,269.8107604980469,280.23906938127266,269.4431530078945,279.1169100246889,43157200
2022-03-08,266.85052490234375,274.6959256640992,261.19137259179695,268.73688932455536,48159500
2022-03-09,279.0879211425781,280.1520404378098,271.6197787096346,274.19300190647954,35204500
2022-03-10,276.2727966308594,277.2498554429739,271.42623538275626,273.7866342304661,30628000
2022-03-11,270.9328918457031,280.0649198872489,270.31375729009164,278.56546999148014,27209300
2022-03-14,267.4213562011719,276.08903470394495,266.821587956301,271.19411574307355,30660700
2022-03-15,277.78192138671875,278.4300760838003,269.6366346705724,271.2037785530538,34245100
2022-03-16,284.7856750488281,284.95979554587495,273.9607413197424,279.67790429313914,37826300
2022-03-17,285.58856201171875,285.9658230600183,279.92941011159456,283.72153460608763,30816600
2022-03-18,290.628662109375,291.1800733202025,283.17988724924487,285.7337436372442,43390600
2022-03-21,289.4001770019531,290.34821600929166,285.27914623209665,289.13899613757036,28351200
2022-03-22,294.1402893066406,295.04962493870084,289.0228629554874,290.019258868664,27599700
2022-03-23,289.7193603515625,293.33736581180995,288.0071158639621,290.70610253252346,25715400
2022-03-24,294.1789245605469,294.2756680245102,288.58749479820733,289.380749871962,24484500
2022-03-25,293.7726745605469,295.5333055940386,289.5259101687359,295.2721247571007,22566500
2022-03-28,300.56365966796875,300.6603736261478,294.4014512941623,294.4014512941623,29578200
2022-03-29,305.1199035644531,305.5165310537255,298.9673801627558,303.6688403450475,30393400
2022-03-30,303.6204833984375,305.6423243268449,301.41486827122543,303.52376945863284,28163600
2022-03-31,298.2515869140625,304.858779193998,297.84530566978634,303.6592133025089,33422100
2022-04-01,299.3254089355469,300.0122374321194,295.5719864101128,299.2770224362612,27110500
2022-04-04,304.6943359375,304.8297531887579,299.60593013266003,299.9735376348756,24289600
2022-04-05,300.73773193359375,304.59755113932056,299.7606731283504,303.04974427141804,23156700
2022-04-06,289.7289733886719,296.9842899176036,287.0299873737609,295.23334255704475,40110400
2022-04-07,291.5379638671875,293.7435789334034,286.6817492492974,286.9816333071018,31411200
2022-04-08,287.2815856933594,291.2961892637509,286.6140940454331,290.6383808206242,24361900
2022-04-11,275.9535827636719,283.06377005501855,275.70205565183903,282.27054447193905,34569300
2022-04-12,272.85797119140625,281.25478467779203,271.33918434835886,279.80372121494815,30966700
2022-04-13,278.2366027832031,279.1652752180004,272.12278108336227,273.5061508141746,21907200
2022-04-14,270.7007141113281,278.9040702197633,270.2073726066549,278.6912463967013,28221600
2022-04-18,271.36822509765625,273.24493634757675,269.25935312303267,269.81076436616644,20778000
2022-04-19,275.99224853515625,276.8338901106772,269.3270459623916,270.26540148092727,22297700
2022-04-20,277.0176086425781,280.2486684960281,276.0599164323017,279.9584381594304,22906700
2022-04-21,271.6487121582031,283.7312227224096,270.9231805322284,279.1652091753969,29454600
2022-04-22,265.08990478515625,273.960751032886,264.46111662000084,272.4903213915854,29405800
2022-04-25,271.561767578125,271.93902883290934,261.9363654314466,264.37417162716406,35678900
2022-04-26,261.4042053222656,269.27862643636087,261.1913815342113,268.44669768793943,46518400
2022-04-27,273.9801330566406,281.4772943518781,270.05259027534413,272.89667705103636,63477700
2022-04-28,280.1809997558594,281.4869627202717,272.2775281140742,275.88584973003594,33646600
2022-04-29,268.4660949707031,280.4228740335642,267.4793823797048,279.1942879944,37073900
2022-05-02,275.1893615722656,275.6440293239036,267.2085121919129,268.6498925117606,35151100
2022-05-03,272.5871276855469,274.8604665193033,271.0103005471974,274.6959996581533,25978600
2022-05-04,280.51959228515625,281.39022443680767,267.7018653489587,273.37067229887913,33599300
2022-05-05,268.3016662597656,277.00804788297944,265.3898558476399,276.22447589864737,43260400
2022-05-06,265.7671203613281,270.13964762879215,262.41997938914824,265.8444974229105,37780300
2022-05-09,255.9481964111328,263.4743766088099,254.7293233579173,261.2494247709762,47726000
2022-05-10,260.7077941894531,264.8191415931829,256.42232621624953,262.82634968395604,39336400
2022-05-11,252.04969787597656,262.5070256300987,250.84047838986658,257.01233937048545,48975900
2022-05-12,247.0193634033203,251.40157365565182,241.86324972493676,249.28301874671405,51033800
2022-05-13,252.60110473632812,254.45847882495977,247.0193583116015,248.95410945636132,34925100
2022-05-16,252.96875,257.1478201827857,247.435359717783,251.47898312964355,32550900
2022-05-17,258.1152038574219,259.57592116021584,253.89743024977278,257.4283458213499,28828800
2022-05-18,246.36328125,255.5941513427868,245.0930699203447,255.01236815888072,31356000
2022-05-19,245.4517822265625,249.8442133786541,244.2300555217974,246.18869463327442,32692300
2022-05-20,244.8894500732422,250.6878410141278,238.95532648602892,249.42730580573198,39199300
2022-05-23,252.73374938964844,253.55793981579862,245.73302803213778,247.7304758561138,33175400
2022-05-24,251.7350311279297,253.39308813535808,245.80090744599767,250.05759219663736,29043900
2022-05-25,254.5469512939453,256.54438432821877,249.32066725672652,250.30000184980992,28547900
2022-05-26,257.8242492675781,258.9974916357113,253.49000806634814,254.3044925724609,25002100
2022-05-27,264.9413146972656,265.0382834774228,259.4338312366583,260.32590258710013,26910800
2022-05-31,263.6129455566406,266.4248628217989,260.76223485872504,264.25290403889915,37827700
2022-06-01,264.1462097167969,269.25614127320165,261.8384891459323,266.841775770586,25292200
2022-06-02,266.2406311035156,266.30851221318625,253.65486971991317,256.4183173881909,44008200
2022-06-03,261.8191223144531,265.14497113506803,260.25803436231683,262.10032291361057,28059000
2022-06-06,260.58770751953125,265.85278414550214,259.10417682407206,263.7971760802352,22400300
2022-06-07,264.223876953125,264.83474789857866,257.86311369538305,258.54186576604843,22860700
2022-06-08,262.1972961425781,264.70863088470054,261.42157544049917,263.4578015962176,17372300
2022-06-09,256.748046875,264.4274912567582,256.59290269880853,259.6472278413425,26439700
2022-06-10,245.30633544921875,252.66579789523075,244.86029980033678,252.66579789523075,31422800
2022-06-13,234.90225219726562,241.45695191998857,234.1944273628666,237.66570001230667,46135800
2022-06-14,237.06451416015625,238.27654997365488,234.17501012811695,236.45364337563802,28651500
2022-06-15,244.11373901367188,247.54623321805892,238.9359248223612,240.76852264491998,33111700
2022-06-16,237.5299835205078,239.90557127346275,235.63921019857887,238.5093033448499,33169200
2022-06-17,240.12855529785156,242.892003168209,236.61850393867869,237.26815342919429,43084800
2022-06-21,246.03359985351562,247.0129195467826,241.9320596633375,242.65928121254296,29928300
2022-06-22,245.44216918945312,249.3594782467836,242.76598394553986,244.2398240222339,25939900
2022-06-23,250.9981231689453,251.49264337760505,245.92698295357496,247.80806538921993,25861400
2022-06-24,259.5696105957031,259.8411054436494,253.7712204115489,253.8584834422403,33923200
2022-06-27,256.8449401855469,260.1513477506031,255.2838227151279,260.0640847254071,24615100
2022-06-28,248.69039916992188,258.8036202038124,248.5352550148448,255.96261499134835,27295500
2022-06-29,252.35562133789062,254.01367843439704,247.99227659013485,249.76669921288493,20069800
2022-06-30,249.02975463867188,251.64776426602208,245.21912051123442,249.2430741608317,31730900
2022-07-01,251.6962127685547,251.88044459455264,246.8771715911317,248.6031243426408,22837700
2022-07-05,254.86695861816406,254.9930151078675,247.00326776042925,248.38013900318634,22941000
2022-07-06,258.1248474121094,259.8507853109402,254.430564439945,255.73956910040374,23824400
2022-07-07,260.24835205078125,260.8883105802799,256.97100212276746,257.067970916459,20859900
2022-07-08,259.5308532714844,259.95749231914675,255.29358006652834,256.74802329517996,19658800
2022-07-11,256.4765319824219,258.43517157163143,254.2172802316378,257.58189346441975,19455200
2022-07-12,245.96571350097656,257.8630619352438,244.3852139665222,257.8048865798043,35868500
2022-07-13,245.04457092285156,245.84936453464945,240.57458193875394,242.59141144867633,29497400
2022-07-14,246.36328125,247.39108538558793,238.47050360298064,242.959889571624,25102800
2022-07-15,248.92311096191406,252.4622502240855,247.03233772876274,247.95348214538913,29774100
2022-07-18,246.52810668945312,252.91795652335915,245.60696234722735,251.86106474959863,20975000
2022-07-19,251.64773559570312,251.83196741615714,245.9754017765108,249.75694779239916,25012600
2022-07-20,254.3045654296875,256.8256065322385,251.04662647185015,252.00654963072608,22788300
2022-07-21,256.7965087890625,256.8450079874524,249.2237096105759,251.8998947859146,22404700
2022-07-22,252.4525604248047,257.2716171311826,251.2017604777432,257.1843540830661,21881300
2022-07-25,250.96896362304688,253.55788506793914,249.01032445605983,253.07307075614577,21056000
2022-07-26,244.2494659423828,251.98711369487128,241.9902440697429,251.96770218262552,39348000
2022-07-27,260.5779724121094,261.8481834714514,250.98836124274186,253.22820087200702,45994000
2022-07-28,268.0151062011719,269.40166831465785,259.7344677770861,261.5573746966984,33459300
2022-07-29,272.2135009765625,273.43524237962765,268.22834196670004,269.2658515838835,32152800
2022-08-01,269.56646728515625,272.7371422807074,267.46236011948673,269.38223547656554,21539600
2022-08-02,266.4734191894531,269.4501869895359,264.1075223258195,267.6175741801885,22754200
2022-08-03,273.8910217285156,274.8897381119249,268.20898212498906,268.3544501034442,23518900
2022-08-04,275.0351867675781,275.18062516074315,271.6608976832657,273.2413676766203,18098700
2022-08-05,274.3177185058594,275.03523443029735,270.2161775634962,270.6719043348699,16774600
2022-08-08,271.806396484375,277.23632456484415,270.8367675268172,275.423093558,18739200
2022-08-09,273.7261047363281,274.48241375789496,269.1785448532172,271.14691905074545,23405200
2022-08-10,280.3778381347656,281.0080908709291,278.2252612395024,279.4179151918508,24687800
2022-08-11,278.3028564453125,282.3656036148159,277.80836586315127,282.0165514391727,20065900
2022-08-12,283.0443420410156,283.0443420410156,278.2252857983071,279.71852241187486,22619700
2022-08-15,284.5569763183594,285.2454045080501,281.29900803496633,282.16199190447594,18085700
2022-08-16,283.820068359375,285.10969137320546,281.59963947332545,283.12193436448484,18102900
2022-08-17,283.07177734375,285.0443001640645,281.27415101307326,281.53649574752995,18253400
2022-08-18,281.95440673828125,283.64513249063674,280.89524189994404,281.97382980141776,17186200
2022-08-19,278.0482177734375,281.06045328122894,277.47492602525494,280.72035691439993,20570000
2022-08-22,269.8860168457031,274.46265350884744,269.3710240123007,274.0934077691384,25061100
2022-08-23,268.6131591796875,270.96462513583367,267.6025963871895,268.6131591796875,17527400
2022-08-24,267.9815979003906,269.38082971906493,267.3208281251285,267.6123520519158,18137000
2022-08-25,270.9548645019531,271.12003464855854,266.7474441390709,269.4778816182688,16583400
2022-08-26,260.4995422363281,272.40270697945806,260.3926709090645,271.1783719738918,27549300
2022-08-29,257.7205810546875,259.82912546263174,256.3796481077176,258.3230223141001,20338500
2022-08-30,255.52450561523438,259.48897512489526,253.2799112455645,259.1197590113756,22767100
2022-08-31,254.06700134277344,259.5473006086871,253.93095092893435,257.87602743432575,24791800
2022-09-01,253.02725219726562,253.50339892265927,248.1785442591348,251.5405724888761,23263400
2022-09-02,248.8101043701172,257.24433815979296,247.2651260113318,254.29043181956823,22855400
2022-09-06,246.0796661376953,250.5299783454673,244.80675888454647,248.94615387316767,21328200
2022-09-07,250.7826690673828,251.501707885987,246.05055859753543,247.4886510615093,24126700
2022-09-08,251.2004852294922,253.05641075595742,247.57609726538706,250.21910163068787,20319900
2022-09-09,256.9723205566406,257.7205384807604,252.92040261166707,253.12444856663964,22084700
2022-09-12,259.1003112792969,259.8776786073918,257.65250725767163,258.254948403488,18747700
2022-09-13,244.85540771484375,253.02728395787975,244.46672402632814,251.51145463958565,33353300
2022-09-14,245.078857421875,247.03194264420256,242.78567587282814,246.35176481752862,23913000
2022-09-15,238.43251037597656,244.28205420352305,237.1110157424026,242.69821481070736,31530900
2022-09-16,237.8106689453125,238.354811263805,235.2065402152561,237.34424853509077,39791800
2022-09-19,237.5968780517578,238.19931916772862,234.03078901134762,235.60491699915002,26826900
2022-09-20,235.58547973632812,236.6154654509246,232.85504199150714,235.21624880625103,26660300
2022-09-21,232.1845703125,240.64796931692138,232.13598300454865,237.35395148181902,28625600
2022-09-22,234.15708923339844,236.9555520614077,230.8436483959942,231.13514258494146,31061200
2022-09-23,231.18373107910156,234.30285235773331,228.54074168946926,232.75785901455737,34176000
2022-09-26,230.72706604003906,234.6138138859922,230.19263524586722,230.3383971861503,27694200
2022-09-27,229.71649169921875,234.95388322610455,227.86056625784224,233.18540604277874,27018700
2022-09-28,234.24456787109375,235.46888802626256,228.0840616627681,230.10517219200622,29029700
2022-09-29,230.77565002441406,233.15628008036532,227.77314091515188,232.1262942883284,27484200
2022-09-30,226.30587768554688,233.72956515957875,226.14069268839654,231.54326959007867,35694800
2022-10-03,233.92391967773438,234.76928257243102,228.01606129310665,228.7448264993668,28880400
2022-10-04,241.8334503173828,243.27154283676492,238.04386235617537,238.15074851262196,34888400
2022-10-05,242.14434814453125,243.48528067614083,237.188754349336,239.0252418124359,20347100
2022-10-06,239.80258178710938,243.25207293473719,239.11269245364227,240.91030415961444,20239900
2022-10-07,227.60792541503906,234.48746986052475,226.56821340371297,234.0793483497187,37769600
2022-10-10,222.75918579101562,227.91884002309686,220.3105310476207,226.45159837907644,29743600
2022-10-11,219.0279083251953,222.57455894210884,217.7647126168553,221.17532768528685,30474000
2022-10-12,219.35830688476562,221.40856673598395,217.6189939430992,219.01821055578878,21903900
2022-10-13,227.60792541503906,229.41526348823245,212.92573701301367,213.62535270758946,42551800
2022-10-14,222.08872985839844,230.5229788868416,221.87495757893063,228.87109948608796,30198600
2022-10-17,230.80477905273438,232.1942989747583,228.4824480465505,229.14320282236488,28142300
2022-10-18,231.74732971191406,237.02358255454533,228.70594491704173,236.35313103627706,26329600
2022-10-19,229.78448486328125,232.8258692197208,227.6564884494634,230.32862708609497,19985700
2022-10-20,229.46383666992188,234.47774422080448,228.22007872615066,229.09460576042883,21811000
2022-10-21,235.26480102539062,236.11989014579166,227.86055242464258,228.09376259205115,26299700
2022-10-24,240.24960327148438,240.82289502521482,234.468068766806,236.8584104094097,24911200
2022-10-25,243.56304931640625,243.93228026742986,238.86979966752605,240.25930485991768,34775500
2022-10-26,224.7705841064453,231.55295340898678,223.5462493233221,224.62482219919764,82543200
2022-10-27,220.3300018310547,227.07351120535486,219.38746436365162,224.49853205636384,40424600
2022-10-28,229.19178771972656,229.9011298424008,219.64982993170372,219.83445281769383,40647700
2022-10-31,225.5576629638672,228.2686626281402,224.60539921895975,227.14150237504404,28357300
2022-11-01,221.7097930908203,229.0654698713663,220.89357967203034,227.95774742393274,30592300
2022-11-02,213.86827087402344,224.75116008206982,213.80995721146994,222.96325992629187,38407000
2022-11-03,208.18392944335938,214.16952462545234,207.92156981485337,213.85857768399836,36633900
2022-11-04,215.12173461914062,215.31606900887368,207.38710136295038,211.39046095991677,36789100
2022-11-07,221.4182891845703,221.9430084136209,215.01487607123818,215.70478029409642,33498000
2022-11-08,222.38998413085938,225.09127262477088,219.44577390313017,222.22479913107526,28192500
2022-11-09,218.15341186523438,222.15677181548412,217.97851534706965,220.93243688127146,27852900
2022-11-10,236.10044860839844,236.4405449105993,228.34639228979617,228.7642104865012,46268000
2022-11-11,240.11354064941406,240.9686298310699,235.0801950029828,236.1101955294159,34620200
2022-11-14,234.7109832763672,237.00416504738854,232.4372393956365,235.13852790216598,31123300
2022-11-15,235.11907958984375,240.00666349429483,233.23400463788948,238.70460661108956,31390100
2022-11-16,235.5478057861328,237.56487314144158,234.27131111867024,236.58069414702467,24093300
2022-11-17,235.4990997314453,237.02895459171626,231.55268915517976,231.69884700298584,23123500
2022-11-18,235.05084228515625,237.50639789334227,232.91684876946883,237.28226939737314,27613500
2022-11-21,235.85963439941406,238.41262379283273,235.02162809086872,235.2554806346632,26394700
2022-11-22,238.76341247558594,239.03625034999712,234.5539032214211,237.36023776801466,19665700
2022-11-23,241.24819946289062,241.93029414801862,238.02285434078252,238.84136796293612,19508500
2022-11-25,241.16050720214844,242.3395534122588,240.4199345063279,240.98510292788336,9200800
2022-11-28,235.57704162597656,240.34198047417644,234.64160171816698,239.78656581676748,24778200
2022-11-29,234.1836395263672,236.5807174931827,232.11786260072932,235.22626688973236,17956300
2022-11-30,248.61485290527344,248.79999607817797,233.72563656132382,234.41748501766983,47594200
2022-12-01,248.17637634277344,249.56979735290415,244.50278888285192,247.37734047819936,26041500
2022-12-02,248.49790954589844,249.51130517453961,243.30422163631067,243.43090166559634,21528500
2022-12-05,243.80116271972656,247.32859177442447,241.71589355194266,245.56486981280182,23435300
2022-12-06,238.85108947753906,245.41872038156708,237.5453633369683,244.40532476150193,22463700
2022-12-07,238.1202850341797,239.8645144954358,236.0155378698541,238.56852717524598,20481500
2022-12-08,241.07276916503906,242.37851012823407,236.8437677052444,238.5782432324145,22611800
2022-12-09,239.14344787597656,241.95953631031935,237.91567738898425,238.44186049239534,20609700
2022-12-12,246.05210876464844,246.0813403319802,240.84868161991452,241.12151949404333,30665100
2022-12-13,250.34933471679688,257.1703110963209,246.59779176063924,254.99733220148903,42196900
2022-12-14,250.64169311523438,255.87435255775398,247.80611173983112,250.55399840099744,35410900
2022-12-15,242.6416473388672,247.69891720696873,241.0143588134877,247.2311972093182,35560400
2022-12-16,238.43211364746094,243.45039767115878,237.28228413602537,242.19339565744826,86102000
2022-12-19,234.30056762695312,238.93884171366832,232.60507706860986,238.59778690074495,29696400
2022-12-20,235.6160125732422,236.69762512272143,232.32245069187238,233.27738320943791,25150800
2022-12-21,238.1787567138672,239.33832514030232,233.9692473656318,235.5088410448142,23690600
2022-12-22,232.09835815429688,235.8011771653982,227.88883383804284,235.08983601075406,28651700
2022-12-23,232.62454223632812,232.76096118037862,227.9570517012324,230.07155276829016,21207000
2022-12-27,230.89981079101562,232.8194148295831,229.7987055148439,232.59530118818017,16688600
2022-12-28,228.53195190429688,233.5892213133109,228.18115822076558,230.83159608110222,17457100
2022-12-29,234.84622192382812,235.73295246137508,229.62330203859167,229.62330203859167,19770700
2022-12-30,233.6866912841797,233.8231102365172,230.60750365307476,232.11786589802279,21938500
2023-01-03,233.45278930664062,239.46499095764855,231.32853465622566,236.86327747897744,25740000
2023-01-04,223.24082946777344,226.9144019342719,220.18113479471134,226.3394946084548,50623400
2023-01-05,216.62448120117188,221.73047501122883,216.08854432449274,221.3894202164649,39585600
2023-01-06,219.17747497558594,219.98624975653698,213.7401949012042,217.2968412887799,43613600
2023-01-09,221.3114471435547,225.3260890868295,220.6196135764492,220.65858404237193,27369800
2023-01-10,222.99720764160156,225.3942852499652,221.51607720978163,221.93507289887148,27033900
2023-01-11,229.740234375,229.91562377471337,225.19940935858202,225.37479875829538,28669300
2023-01-12,232.41014099121094,233.76459137721616,227.58673939319505,229.2432592016942,27269500
2023-01-13,233.11175537109375,233.24817431543465,228.91198479686696,230.93879116175304,21333300
2023-01-17,234.203125,234.7488007848325,231.02648903057522,231.883988045912,29831300
2023-01-18,229.77923583984375,236.1812174269308,229.4966590348899,235.3919352846435,30028700
2023-01-19,225.9984588623047,229.49665708491057,224.78042720405,227.80115166394182,28623000
2023-01-20,234.0764617919922,234.58316714373575,228.51248642941374,228.85354125374235,35389800
2023-01-23,236.37608337402344,238.89984125052814,233.5210096061912,234.9339381400993,31934000
2023-01-24,235.84986877441406,237.71102447414427,234.2907973761476,236.2981109084017,40234400
2023-01-25,234.45645141601562,237.07765762154605,224.9947760426561,228.48322009420318,66526600
2023-01-26,241.65745544433594,241.95952488467353,235.8109041029407,237.4186997744048,33454500
2023-01-27,241.81336975097656,243.44065810829167,240.51738240492458,242.62214447980068,26498900
2023-01-30,236.50274658203125,239.31883481228712,236.00578021468996,238.25670004532253,25867400
2023-01-31,241.4723358154297,241.60875476528724,236.736628172446,237.22384083173012,26541100
2023-02-01,246.2859649658203,248.65381102324727,239.1921508241423,241.65744534727375,31259900
2023-02-02,257.8329772949219,257.9206720160433,250.67094436562596,252.20079944287713,39940400
2023-02-03,251.74276733398438,257.44316094972766,250.52473578092378,252.90233575146593,29077300
2023-02-06,250.2031707763672,251.6940402792033,248.26407396693392,250.8560488043869,22518000
2023-02-07,260.71722412109375,261.8962703770989,253.42851236094478,253.8670156294018,50841400
2023-02-08,259.908447265625,269.6819309436082,259.4017271241036,266.2129795710124,54686000
2023-02-09,256.8779602050781,266.97302049431784,256.07892442365,266.7976013623995,42375100
2023-02-10,256.37127685546875,257.3359482905629,253.99367698119255,254.84142214986286,25818500
2023-02-13,264.38104248046875,267.5771558270563,260.3176764646167,260.7951650159258,44630900
2023-02-14,265.2093200683594,267.93769873660716,262.3932169633668,265.69653266891055,37047900
2023-02-15,263.0895080566406,264.4668924311176,260.0221350925757,262.1126422431033,28922400
2023-02-16,256.0853576660156,260.56916800834415,255.84114122158655,257.91209190049267,29603600
2023-02-17,252.0900115966797,254.0730481798603,250.07767022898236,253.3892599372768,30000100
2023-02-21,246.82472229003906,249.57949147395604,245.7697052561427,248.5928473067925,28397400
2023-02-22,245.6915283203125,248.45606050673507,244.5485970470492,248.2118440405047,22491100
2023-02-23,248.87615966796875,250.89826457493558,244.68539610201492,249.6478772639144,29219100
2023-02-24,243.4545135498047,245.1933336076266,242.36042854419725,244.17739966038974,24990900
2023-02-27,244.3727569580078,246.97122361499612,243.62056610345024,246.61955132378125,21190000
2023-02-28,243.64988708496094,245.6720066203372,242.9758472398355,243.30799296891402,22491000
2023-03-01,240.57276916503906,245.12495292682374,240.10386280126266,244.95888751265778,27565300
2023-03-02,245.30079650878906,245.5840810609681,239.9280340639678,240.8462903940092,24808200
2023-03-03,249.3840789794922,249.70644650216622,245.57430808569026,246.35580375528275,30760100
2023-03-06,250.9275360107422,254.10235014838744,250.05812596620328,250.49771263487295,24109800
2023-03-07,248.27044677734375,251.7285601912726,247.5280341065123,250.37070236682902,21473200
2023-03-08,247.83087158203125,248.65143534651415,245.00772977586786,248.1630024049233,17340200
2023-03-09,246.48280334472656,253.555302700135,245.75991723521878,249.90183388794475,26653400
2023-03-10,242.8390655517578,246.9418989290312,241.87197794983268,245.27146675891186,28333900
2023-03-13,248.04579162597656,251.94349199727765,240.04525738823747,241.67662167942007,33339700
2023-03-14,254.75685119628906,255.03037243949342,249.94089484584663,250.8103048487011,33620300
2023-03-15,259.29925537109375,260.3152041308793,253.21337082147616,253.96557655248083,46028000
2023-03-16,269.81036376953125,270.1620211712839,257.1892436798215,259.07458764401633,54768800
2023-03-17,272.96563720703125,276.7754083374073,269.9275985016487,271.8227207737094,69527400
2023-03-20,265.9322204589844,271.0607665452562,263.607274796688,270.57233358465885,43466600
2023-03-21,267.44635009765625,268.6381277112385,263.28489174322317,268.5209085708176,34558700
2023-03-22,265.99078369140625,274.53835901279683,265.8833129567745,267.0750903654772,34873300
2023-03-23,271.2365417480469,274.55787926257466,268.8334604032194,271.51006295955915,36610900
2023-03-24,274.0792541503906,274.1378637154936,268.9116255422268,270.82627422927686,28172000
2023-03-27,269.98614501953125,274.9486096232153,269.14602502147517,274.01082690511265,26840200
2023-03-28,268.8628234863281,269.75177506940884,265.756367139309,269.40986602798046,21878600
2023-03-29,274.0206604003906,274.63609068107115,271.9692360686493,272.5065003836282,25087000
2023-03-30,277.4787292480469,277.8792478188559,274.9682067021936,277.65458775561683,25053400
2023-03-31,281.63043212890625,282.57799326147335,276.45305469008514,277.1661775421266,32766000
2023-04-03,280.5852355957031,281.6011547846993,277.3811162661027,279.8916392622568,24883300
2023-04-04,280.53631591796875,283.73068619331156,279.0612688180202,280.58517709537364,25824300
2023-04-05,277.7619934082031,280.506983678301,276.3748607894706,279.2370701753402,22064800
2023-04-06,284.8541259765625,285.3230025679542,275.5055113851009,276.6582060877172,29770300
2023-04-10,282.6952209472656,282.9003544272942,278.12346613985693,282.51936243851856,23103000
2023-04-11,276.2869873046875,279.36413893859026,275.1245442349261,279.1394490348436,27276600
2023-04-12,276.9317626953125,280.37035046592507,275.4371587464321,278.20170651935473,27403400
2023-04-13,283.13482666015625,283.1934362329106,276.61914739244156,277.02941440172174,24222700
2023-04-14,279.52044677734375,281.80630960092736,277.12711319357106,280.36053721344047,20987900
2023-04-17,282.11883544921875,284.85407761818396,279.5399251996228,283.2226985900286,23836200
2023-04-18,281.69879150390625,285.01038094044696,280.37026829939435,284.82477404987856,20161800
2023-04-19,281.7769470214844,282.36304264200237,277.9573982326938,279.3738357310493,17150300
2023-04-20,279.4910583496094,282.34351958863164,278.48488777303635,278.6509680753115,23244400
2023-04-21,279.1492004394531,279.6473817610795,276.511650666874,278.41655103724565,21676400
2023-04-24,275.25146484375,278.3579207345042,272.27203608801597,275.5640690535179,26611000
2023-04-25,269.0484313964844,275.085455775241,268.9995702123378,273.0438095298006,45772200
2023-04-26,288.536865234375,292.63971378431694,285.95795485763057,289.8361135268747,64599200
2023-04-27,297.7779541015625,298.1394194472939,288.4195939418956,289.1229384286453,46462600
2023-04-28,300.15179443359375,301.7831436206851,296.2931626094283,296.9769805922049,36469600
2023-05-01,298.49114990234375,301.460830664017,298.0906312953761,299.8685344351108,21294100
2023-05-02,298.3446044921875,302.02737803508757,296.8793057090036,300.640245214825,26404400
2023-05-03,297.3579406738281,301.4705373047011,297.05511466369126,299.52658392125915,22360800
2023-05-04,298.3446044921875,300.640245214825,296.38109458301545,299.15539003512066,22519900
2023-05-05,303.4633483886719,304.75281837217517,297.23093994665044,298.64740725132,28197100
2023-05-08,301.5096740722656,303.02383420465094,299.0088995873121,302.9554464323352,21318600
2023-05-09,299.8977966308594,302.86747697079767,299.223756852854,300.8746624179306,21340800
2023-05-10,305.0849914550781,305.75903132119197,300.55234911259487,301.4803538446717,30078000
2023-05-11,302.9358825683594,303.9225267081971,299.1749725458381,302.92613418082834,31680200
2023-05-12,301.8222961425781,303.46342390547966,299.5071284392733,303.36573134091964,19774700
2023-05-15,302.3008728027344,302.7306961264119,300.47413858289354,301.94921543513135,16336500
2023-05-16,304.5281677246094,306.452594750173,302.66235026842685,302.66235026842685,26730300
2023-05-17,307.40643310546875,307.8273965281547,304.2148790483357,305.73234911232737,24315000
2023-05-18,311.83154296875,312.3406428632518,307.1323477805687,307.92533659511486,27276000
2023-05-19,311.6553039550781,312.05669811668946,309.7266699904712,310.0888957303577,27546700
2023-05-22,314.4356994628906,315.8160951844515,311.3322813908734,311.90988869959654,24115700
2023-05-23,308.6399841308594,315.94332604860966,308.63018455651456,313.3098099504378,30797200
2023-05-24,307.2596130371094,309.8539609209706,306.04563091509715,308.1211390989395,23384900
2023-05-25,319.076171875,320.03557419335544,313.2804700336066,316.4524252321356,43301700
2023-05-26,325.8997802734375,326.39905065575283,317.0789683726066,317.2160130284429,36630600
2023-05-30,324.25506591796875,328.6899413465032,323.5795525189351,328.19067091699185,29503100
2023-05-31,321.4942321777344,328.8856796035957,320.45646337468304,325.3123310459061,45950600
2023-06-01,325.59625244140625,326.5263156649062,317.9013162515011,319.08589950715634,26773900
2023-06-02,328.3570861816406,330.4129952384752,325.5669260242761,327.2312404695121,25873800
2023-06-05,328.8857421875,331.45072114916485,327.6326215544442,328.18085996410906,21307100
2023-06-06,326.67315673828125,328.32767137670015,325.19488504565373,328.2885029579965,20396200
2023-06-07,316.5894775390625,327.4661687531418,315.7279515267093,324.6858083621168,40717100
2023-06-08,318.4300537109375,319.7810806302074,316.5601571652422,317.1377644945266,23277700
2023-06-09,319.9278869628906,323.06067362544843,317.59785876983193,318.16566645574613,22529000
2023-06-12,324.8816223144531,325.1263726657708,318.33210052305157,321.6802685980965,24260300
2023-06-13,327.2703552246094,329.90387113011326,323.4522561033348,327.44656828941845,22951300
2023-06-14,330.2563171386719,331.9206314111561,325.82144214687054,327.3193130414061,26003800
2023-06-15,340.7903747558594,342.49382753852854,330.11926605235976,330.3933852343611,38899100
2023-06-16,335.1415710449219,344.08965911433876,334.76957557062366,343.9428148643849,46552000
2023-06-20,330.95147705078125,334.89685228131657,328.8074611688103,332.185028620342,26375400
2023-06-21,326.5556945800781,330.6381434386612,325.0969920993696,329.30668603957923,25117800
2023-06-22,332.5765686035156,332.9779627764546,326.34033425250004,327.1039541755478,23556800
2023-06-23,327.98504638671875,330.8633129640672,326.4480368570244,327.3389018615229,23146900
2023-06-26,321.6999206542969,329.0522021008499,321.5922149460928,326.71240389335907,21520600
2023-06-27,327.54449462890625,329.0913036434743,322.38513830210024,324.8913794122553,24354100
2023-06-28,328.797607421875,330.8828850652817,326.80043631423547,327.63259343214776,20259500
2023-06-29,328.01434326171875,329.05208215355236,325.6353774932744,327.68148643572925,16997000
2023-06-30,333.3891296386719,335.5331449952425,330.11926869973666,330.65770749403055,26832800
2023-07-03,330.8926696777344,333.7415673029559,329.5025044373006,332.067483294419,12508700
2023-07-05,331.04931640625,334.4758212956056,327.701148359632,328.05357452169636,18172400
2023-07-06,334.10382080078125,335.7877045236946,328.4549930763807,330.2171837710964,28161200
2023-07-07,330.1388244628906,334.6128676404688,329.92344297863576,332.1947331986414,21214800
2023-07-10,324.8620300292969,328.1906587789502,320.71107354380314,327.57388310031735,32791400
2023-07-11,325.4885559082031,325.8703508704989,320.13341772549273,324.1081605217917,26698200
2023-07-12,330.1192626953125,334.4758007177013,328.62139184518895,329.53185591792584,29995300
2023-07-13,335.464599609375,336.52190790090776,331.9010204242932,332.42968950843436,20567200
2023-07-14,337.9904479980469,344.0504693091922,337.07998382815504,340.29110736020874,28352700
2023-07-17,338.47015380859375,339.70367521642703,335.0142801736607,338.4211858141297,20363900
2023-07-18,351.9411926269531,359.0781209733801,334.98491162000175,338.56803033946636,64738600
2023-07-19,347.6238098144531,354.84884504828324,345.03926161088305,354.15376240808007,39732900
2023-07-20,339.5862121582031,350.4531337158096,338.11771005249284,346.1455335144098,33778400
2023-07-21,336.55133056640625,342.9442090840303,332.6940623159266,341.81836334887606,69405400
2023-07-24,337.8631286621094,339.63514852458513,335.1219369374352,338.5876099496475,26678100
2023-07-25,343.6098937988281,344.5007885845888,337.8239924166346,339.82113359671973,41637700
2023-07-26,330.6772155761719,337.43234757387415,326.1150665230222,334.2701630282359,58383700
2023-07-27,323.7752685546875,334.162456640935,322.14032345291304,333.3303295467585,39635300
2023-07-28,331.2646484375,332.87022482957593,326.1738598596252,326.66336048500244,28484900
2023-07-31,328.8661804199219,330.60880180685933,326.3599092198598,329.8451818704879,25446000
2023-08-01,329.27734375,331.431158888361,326.69279546072005,328.151498059074,18311900
2023-08-02,320.6229553222656,326.6242386250664,319.5068793964864,326.6242386250664,27761300
2023-08-03,319.8005676269531,322.9529530019484,319.10548507078215,319.1544231849884,18253700
2023-08-04,320.8970947265625,328.10256094885904,320.3684255770162,324.91100665492644,23741500
2023-08-07,323.1781005859375,324.15710187316535,320.64249083722723,321.4746479067205,17741500
2023-08-08,319.203369140625,321.84668466116545,316.21742705872686,320.09426392900343,22327600
2023-08-09,315.463623046875,320.24112464866727,314.3083787208824,319.614579306117,22373300
2023-08-10,316.14892578125,321.3670201533067,314.4356732724542,319.1740366258562,20113700
2023-08-11,314.26922607421875,315.63982195899507,312.50700575657817,313.53497507772255,24355500
2023-08-14,317.2356262207031,317.25519549333154,313.3587591141242,314.64127845171237,18836100
2023-08-15,315.1013488769531,318.26353387975075,314.1615159801267,316.2174247167932,16966300
2023-08-16,314.3361511230469,318.2800883607637,313.7475006460735,314.72857479436016,20698900
2023-08-17,310.8828125,315.77836341676965,310.22547958022847,314.47354784052,21257200
2023-08-18,310.4903869628906,312.3544220351469,305.65366819423417,308.538028861624,24755000
2023-08-21,315.7881774902344,316.66131798487817,311.03978181664064,311.9129223112844,24040000
2023-08-22,316.357177734375,319.9086615433213,315.3761035356602,319.33965168167043,16084600
2023-08-23,320.8112487792969,322.96962389693414,317.33823788637403,317.69144015108157,21166400
2023-08-24,313.914306640625,326.6780913060097,313.9044863180203,326.55054687218063,23281400
2023-08-25,316.86737060546875,319.2023021602644,312.7664575046709,315.3859389138882,21684100
2023-08-28,317.5736999511719,319.97731354583135,315.63116244372804,319.49659681490056,14808500
2023-08-29,322.194580078125,322.7537995550599,315.7881667802801,315.7881667802801,19284600
2023-08-30,322.5673828125,323.5680676815254,320.2716728612012,322.4496587032038,15222100
2023-08-31,321.55682373046875,324.6472008416001,320.59536043233794,322.96957268527206,26411000
2023-09-01,322.4398498535156,325.7068137627579,320.5954255688949,325.039690493004,14942000
2023-09-05,327.2372741699219,328.51268854222997,322.4398370951833,322.77339871686183,18553900
2023-09-06,326.5799560546875,328.13003998213503,323.9310439692956,327.0704931119819,17535800
2023-09-07,323.6662292480469,326.7762180447548,322.8028790647299,325.02011658642925,18381000
2023-09-08,327.94366455078125,329.7979091740935,323.2247000080773,323.84278154918144,19530100
2023-09-11,331.5441589355469,332.01508524670345,329.0816535480456,330.85739514094394,16583300
2023-09-12,325.4909362792969,330.4159473154807,325.20644635330586,329.4643042616368,17565500
2023-09-13,329.6997375488281,330.4747944190724,324.9023010902351,325.03963588622577,16544400
2023-09-14,332.28985595703125,334.4089499611632,330.2001630423912,332.73132139955476,20267000
2023-09-15,323.97027587890625,331.01438041340634,323.41105648154235,330.5434840282613,37679800
2023-09-18,322.832275390625,324.14691123207,320.18336306203616,321.59611231194907,16834200
2023-09-19,322.4300231933594,323.15603844559445,318.36839165791633,319.9969783891352,16505900
2023-09-20,314.6990966796875,323.35217655843377,314.4440377985017,323.27370381191565,21436500
2023-09-21,313.48260498046875,319.1924634099481,309.0383405191742,313.21772575271143,35560400
2023-09-22,311.01031494140625,315.36628640951005,310.16657563325697,315.23874198409163,21447900
2023-09-25,311.5303039550781,311.6578483890655,309.0383671510389,310.59827150671464,17836000
2023-09-26,306.2324523925781,309.90165956772006,304.152550365276,309.1658540685337,26297600
2023-09-27,306.8702392578125,308.351641094393,303.8289029340856,306.38949249069975,19410100
2023-09-28,307.7041320800781,309.50930504825243,303.59342871178666,305.1042614505791,19683600
2023-09-29,309.7741394042969,313.4237361635249,309.01872314440465,311.7362875557097,24147300
2023-10-02,315.70965576171875,315.7979787841784,309.21494955018176,310.294137124608,20570000
2023-10-03,307.4588928222656,315.3074873135017,305.32012806899473,314.7580581543042,21033500
2023-10-04,312.92340087890625,313.9829777218184,308.0572815033295,308.0867125300766,20720100
2023-10-05,313.3158264160156,313.92411753909374,308.94024408682094,313.05094717371253,16965600
2023-10-06,321.0663146972656,322.9597804960645,310.31372116687385,310.5589896881692,25673600
2023-10-09,323.5778503417969,324.0487467241728,317.06350427889305,318.6037977229235,19891200
2023-10-10,322.1749572753906,324.8336598616772,321.4685826836827,324.69629510828605,20557100
2023-10-11,326.128662109375,326.5210857572993,322.91074029238723,324.9415409038971,20063200
2023-10-12,324.8925476074219,327.31580216809783,322.4987240762274,324.31371740094585,19313100
2023-10-13,321.52740478515625,327.51193245626143,320.18330820544537,326.0893930672297,21072400
2023-10-16,326.3445129394531,329.7782723940854,324.34311333126567,324.78457872571454,22158000
2023-10-17,325.7754821777344,327.1489800095309,321.2134933356926,323.3522278123477,18338500
2023-10-18,323.8623962402344,329.23869374170175,322.0866542980727,326.1973576731345,23153600
2023-10-19,325.04949951171875,330.5042694735543,324.6472555112947,325.86377789501114,25052100
2023-10-20,320.48748779296875,325.63812679181063,319.2905761994472,325.441899996805,25027700
2023-10-23,323.0873718261719,326.432838535165,318.2506830695963,319.3102300618242,24374700
2023-10-24,324.2743835449219,325.55958807197595,321.3998439502132,325.02979973609047,31153600
2023-10-25,334.2225646972656,339.64790388750646,331.2302703891526,338.4902135639039,55053800
2023-10-26,321.6844787597656,335.16443057058314,320.75244616352467,334.0950631359562,37828500
2023-10-27,323.56805419921875,330.3472799837888,322.1847360926127,324.1763153652428,29856500
2023-10-30,330.9261474609375,333.02566069281073,325.54984988044805,327.09996393650596,22828100
2023-10-31,331.7109680175781,332.5841383863149,328.355711175483,332.4369832511366,20265300
2023-11-01,339.5203552246094,340.84481138122624,333.22184569359115,333.3592104526516,28158800
2023-11-02,341.727783203125,342.22811070154637,338.2449517203371,340.6682062676254,24348100
2023-11-03,346.1229553222656,347.6828896003234,340.75647841286957,343.01296696867126,23637700
2023-11-06,349.7823486328125,350.7732430573265,346.66254017187435,346.76065357014403,23828300
2023-11-07,353.7066650390625,355.6001309786841,350.86155596843827,352.59804644995546,25833900
2023-11-08,356.3261413574219,356.9834442680157,353.7262709217689,354.8348894957631,26767800
2023-11-09,353.8636474609375,357.8860575764988,353.53987621597344,355.44316251543404,24847300
2023-11-10,362.6736755371094,363.0955302142946,354.23643229337705,354.6484666487655,28042100
2023-11-13,359.7403259277344,361.4964573508442,358.97508915263825,361.2511887698517,19986500
2023-11-14,363.2623291015625,364.9105564931209,360.39760923672634,363.98834436046604,27683900
2023-11-15,363.4097900390625,366.8111878331865,360.89311508068755,364.99251089097083,26860100
2023-11-16,369.7997131347656,369.97665770103697,363.91113117269197,364.6779209606421,27182300
2023-11-17,363.58673095703125,368.03017560302834,360.7849886688486,367.2830363259732,40157000
2023-11-20,371.0482177734375,372.45399413615905,364.7172740131472,364.9335496074717,52465100
2023-11-21,366.7522277832031,369.848877892723,364.83523819118903,369.30820390562985,28423100
2023-11-22,371.4512939453125,373.3584433577172,368.6200605907828,371.598747765699,23345300
2023-11-24,371.0383605957031,371.56922430315524,368.7871624674301,370.9400480571713,10176600
2023-11-27,372.1983642578125,374.1940157538783,369.8292031236525,370.39936783626126,22179200
2023-11-28,376.2191162109375,376.51402381152496,371.7559911838167,371.9427759977799,20453100
2023-11-29,372.434326171875,377.792014506202,371.0482003824139,377.2611808001932,28963400
2023-11-30,372.49334716796875,373.6533572420955,369.11159949363696,372.0804464632099,30554400
2023-12-01,368.1678161621094,371.7559987121957,365.02199502186244,370.37971321362784,33040500
2023-12-04,362.88873291015625,363.26227251698964,356.7543851446723,362.84940189862635,32063300
2023-12-05,366.2115173339844,366.76203156592914,359.4283719754838,360.2443330697854,23065000
2023-12-06,362.55450439453125,367.8434010010659,361.7975548433351,367.2142547508921,21182100
2023-12-07,364.66815185546875,365.15968459553505,360.1165538823308,361.9942125494772,23118900
2023-12-08,367.8925476074219,368.11863343182006,361.99415565369594,362.9477302195792,20154400
2023-12-11,365.0121765136719,365.30711413857625,359.90025435719485,362.2399548445349,27708800
2023-12-12,368.0400085449219,368.079339558926,364.1863791933993,364.5697890781994,24838300
2023-12-13,368.03021240234375,371.2448556652715,364.49117073712733,369.65226441534134,30955500
2023-12-14,359.7331237792969,367.430542857679,357.9636180145618,366.98815141610726,43277500
2023-12-15,364.45184326171875,366.09354566450713,360.0771902707865,360.6375447439286,78502300
2023-12-18,366.3393249511719,366.6834038503824,362.43655401042764,363.1935335888459,21802900
2023-12-19,366.9389953613281,366.9389953613281,363.5768985428581,365.19895042864266,20603700
2023-12-20,364.3436584472656,369.6620453460696,364.2551861699306,368.64948928220537,26316700
2023-12-21,367.2142639160156,368.0695260278655,363.77353495979867,366.25084900799567,17708000
2023-12-22,368.23663330078125,368.8264785553031,366.3983057581292,367.35188041938636,17107500
2023-12-26,368.31524658203125,370.5566342519059,367.17488724110945,368.6494851818368,12673100
2023-12-27,367.7353210449219,368.7085462956533,366.49664890706117,367.36175135250176,14905400
2023-12-28,368.9247741699219,370.0847841167637,367.82374574574834,369.01324645392424,14327000
2023-12-29,369.67193603515625,370.77296452657316,367.1552909116957,369.6326050173838,18730800
2024-01-02,364.5894775390625,369.5342955375811,360.55890320609336,367.528833625427,25258600
2024-01-03,364.3240661621094,366.9390238907261,362.2694629469342,362.7609956778596,23083500
2024-01-04,361.70904541015625,366.78166590955874,360.95209593669983,364.3928244536736,20901500
2024-01-05,361.5223083496094,365.7593179114421,360.29347657411785,362.72164936252017,21004600
2024-01-08,368.3447570800781,368.84613000704053,362.7609531121448,363.0460204620728,23134000
2024-01-09,369.4261474609375,369.62274253642516,364.9040407138779,365.71016152546855,20830000
2024-01-10,376.2878723144531,377.6641876554582,369.9471194966955,369.99626075854405,25514200
2024-01-11,378.116455078125,384.063988833949,373.9384270676175,379.4632498955057,27850800
2024-01-12,381.8914489746094,382.0978843256019,378.13613163335935,378.9619030381072,21661200
2024-01-16,383.6609191894531,387.3572546583597,381.0558019045163,386.9935252639614,27202300
2024-01-17,382.8744812011719,383.50362745457204,378.29339285307435,381.4097233605343,22234100
2024-01-18,387.1999206542969,387.3178836888765,383.5134258198234,385.08633628268643,23392100
2024-01-19,391.9186706542969,391.9186706542969,386.83620966747424,389.05794692680297,29331100
2024-01-22,389.7952880859375,393.8356726529961,386.9247237943795,393.2458273875224,27016900
2024-01-23,392.1447448730469,392.61662702057765,387.25890909833606,389.0480951568549,20525900
2024-01-24,395.7428283691406,398.7608465253621,393.66857465315076,394.7401124022686,24867000
2024-01-25,398.0137023925781,400.1174768477645,395.7133328486228,397.4730283974927,21021200
2024-01-26,397.089599609375,399.291686504724,395.6150015101639,397.52215078520555,17803300
2024-01-29,402.78155517578125,403.03716177894273,397.48281829193445,399.1835322269837,24510200
2024-01-30,401.670654296875,406.05511721074,399.5669101187714,405.2785172108199,33477600
2024-01-31,390.8471374511719,408.28673844568766,390.48340804499526,400.06829591373173,47871100
2024-02-01,396.9421691894531,401.09070661971754,394.9956887835189,395.02517954720986,30657700
2024-02-02,404.25616455078125,405.6619409058491,396.72587980855803,396.9716461643717,28256700
2024-02-05,398.7804870605469,404.19718719885634,397.14859484100157,402.95851515251775,25352300
2024-02-06,398.6231384277344,401.0611511691438,396.0868431570583,399.0065482946539,18382600
2024-02-07,407.0382080078125,407.28397435246177,400.5008292402968,400.54016025565755,22340500
2024-02-08,407.0971984863281,408.52265531696276,405.5439683543155,407.0382169623767,21225300
2024-02-09,413.42816162109375,413.69360849220726,408.060632682177,408.21792675374667,22032800
2024-02-12,408.2276916503906,413.61487010349924,407.72631876486344,413.43792555593825,21202900
2024-02-13,399.4391174316406,403.1256124684785,396.55874317637694,398.08248245796057,27824900
2024-02-14,403.29986572265625,403.6445808998677,398.454256564083,401.9013482236895,20401200
2024-02-15,400.4141540527344,402.94531135993617,398.17847977076707,401.97028650604454,21825500
2024-02-16,397.95196533203125,402.11803273676423,397.3413424619827,401.7930043986709,22296500
2024-02-20,396.7011413574219,398.37542488528044,391.99340052173363,397.1443207958614,24307900
2024-02-21,396.100341796875,396.20869458459015,391.2153292491478,394.12074688500724,18518900
2024-02-22,405.4272155761719,406.5893706886108,402.393788153555,403.98929433440406,27009900
2024-02-23,404.13702392578125,409.5735691126935,402.7877385663373,409.38646893086735,16295900
2024-02-26,401.3793640136719,405.92952022656453,401.2020621700657,405.24008986741234,16193500
2024-02-27,401.32025146484375,402.1475498168189,397.74512033420825,401.8225215015325,14835800
2024-02-28,401.55657958984375,403.1126818214177,399.1928659206017,402.0096174461881,13183100
2024-02-29,407.3871765136719,407.9387088030321,399.7838756031993,402.46275960420144,31947300
2024-03-01,409.2190246582031,409.58342668223145,404.66886847100426,405.0529573414313,17823400
2024-03-04,408.6478271484375,411.04108655942895,406.0871243373175,407.19018891902937,17596000
2024-03-05,396.5632629394531,407.9879154671031,394.58366790374333,407.7022908884421,26919200
2024-03-06,396.01171875,399.03531766594347,392.36766860816914,396.87842085481464,22344100
2024-03-07,402.9551696777344,403.5854793634372,396.159450830879,399.98080286179095,18718500
2024-03-08,400.079345703125,404.2158681064649,398.217901604745,401.7930332428982,18002200
2024-03-11,398.4049987792969,399.5474670630361,395.19429952187465,397.65650787745375,16120800
2024-03-12,409.0023498535156,409.28797443620516,400.64069996356216,401.4581399062547,22457000
2024-03-13,408.8250732421875,411.85850065118984,405.2302551257752,411.7797232101297,17115900
2024-03-14,418.7920837402344,421.3527863664109,411.6713665638625,413.8873540190868,34157300
2024-03-15,410.1251220703125,416.2116937258995,406.54999083820695,412.95173236718284,45079900
2024-03-18,411.01153564453125,414.3699915467621,407.52504009505543,407.98793648172665,20106000
2024-03-19,415.0397033691406,415.2957826626085,409.26827120822617,411.5138040831413,19837900
2024-03-20,418.80194091796875,419.5208864985866,414.3010169757645,415.62075700500156,17860100
2024-03-21,422.8793640136719,424.30745690999566,420.70278020104655,423.3324019440985,21296200
2024-03-22,422.2588806152344,423.36194516542855,419.62925888508494,423.2043902779049,17648500
2024-03-25,416.4677429199219,420.9489800236463,415.2366387798196,418.8117700116772,18060500
2024-03-26,415.2760009765625,419.5503905165624,414.9805480350016,419.1761300864183,16725600
2024-03-27,415.0593566894531,418.0337234540762,412.67595596490696,418.02386500319915,16705000
2024-03-28,414.3600769042969,415.49268661622915,412.7842577129666,414.5964392633085,21871200
2024-04-01,418.15191650390625,421.42173632509054,415.8374347010724,417.5412936572551,16316000
2024-04-02,415.0692443847656,415.9950371448598,411.52365828826186,413.7593326884334,17912000
2024-04-03,414.0942077636719,416.8617275140834,412.75475080677563,413.3850905644336,16502300
2024-04-04,411.56304931640625,422.1899488258563,411.2577378896696,418.5655553413228,19370900
2024-04-05,419.0875549316406,420.0626098925823,411.99641280038685,413.6608680769513,16554800
2024-04-08,418.1716003417969,420.8209388461148,416.9010924581036,418.7428494922185,14272400
2024-04-09,419.8360290527344,421.2739501766581,415.2464695179833,419.9936139789009,12496900
2024-04-10,416.8616638183594,417.6200130456791,413.3554821068236,415.8078316036915,16216600
2024-04-11,421.4610900878906,422.8793243997448,415.9752830660833,419.3830008173104,17966400
2024-04-12,415.5223083496094,418.75272476078317,413.4245018587201,417.63980168862076,19253800
2024-04-15,407.3871765136719,420.36793227353456,407.1803293629701,420.15125672726765,20273500
2024-04-16,408.3129577636719,412.0752196666805,407.47583089609077,408.30312936766086,16765600
2024-04-17,405.6143493652344,412.5479364642673,404.127165910336,410.9425718180864,15855500
2024-04-18,398.1588134765625,405.66365046137435,397.8436736216777,404.42268772141404,21029900
2024-04-19,393.08660888671875,399.35048216055003,391.7570104509112,397.922389385747,30565800
2024-04-22,394.8988342285156,396.76027825597146,389.7676002006902,394.0321320394096,20286900
2024-04-23,401.4089050292969,402.0293863346637,396.9670716039761,398.1292267170022,15734500
2024-04-24,402.8763427734375,406.2347982871372,400.6308101493401,403.36878440202247,15065300
2024-04-25,393.0078125,393.84496925671834,382.1642385201122,388.0735378998874,40586500
2024-04-26,400.17779541015625,406.7568087350332,399.6262631587446,405.9393688090581,29694700
2024-04-29,396.1693420410156,400.1778246357648,393.1556012841848,399.1239921991836,19582100
2024-04-30,383.4446105957031,396.0806804506466,383.2870557136592,395.4207954000411,28781400
2024-05-01,388.96978759765625,395.64729473492514,384.40977340635925,386.6749928264685,23562500
2024-05-02,391.8259582519531,393.88436068854867,388.68417820234623,391.6486864760746,17709400
2024-05-03,400.51263427734375,400.99521746175435,395.7851765465019,396.1988407447482,17446700
2024-05-06,407.28863525390625,407.67272409935384,400.2270089943109,402.5808944329267,16996600
2024-05-07,403.15216064453125,408.4016059107325,402.9059397986261,408.3917474588945,20018200
2024-05-08,404.3340148925781,405.9984701419799,400.56189486819255,401.9998461853561,11792300
2024-05-09,406.0870666503906,406.48101393700307,402.9157414003457,404.36352097224125,14689700
2024-05-10,408.4704895019531,409.1008292398404,405.5749302005713,406.69771158758806,13402300
2024-05-13,407.4659118652344,412.02592626132173,404.6097563640546,411.6910695528216,15440200
2024-05-14,410.26300048828125,411.1789347782618,405.3287253515243,405.79162172220066,15109300
2024-05-15,417.43597412109375,418.1562465444383,411.7034836524185,412.3250840833171,22239500
2024-05-16,415.3739013671875,419.7448271840896,414.74245474989345,416.1730933998144,17530100
2024-05-17,414.60430908203125,417.2781788386251,412.4533979292135,416.903243294278,15352200
2024-05-20,419.6658935546875,421.0768099021397,414.3872573782501,414.6043237478942,16272100
2024-05-21,423.3165283203125,427.1940941013643,419.1824213563369,421.13598848639515,21453300
2024-05-22,424.7767639160156,426.6415653807663,421.43200286988593,424.35250743086516,18073700
2024-05-23,421.3037109375,427.8156712738496,419.7448017896618,427.194070817087,17211700
2024-05-24,424.4216003417969,425.3095881756072,418.7483062624099,421.4912194128948,11855300
2024-05-28,424.5794372558594,425.0727671383065,420.9090617260336,423.8986396092449,15718000
2024-05-29,423.4447937011719,425.1911706830153,420.0112068053538,420.0112068053538,15517100
2024-05-30,409.13824462890625,418.63975349144664,408.7139580183881,418.63975349144664,28394500
2024-05-31,409.59210205078125,411.1904861655314,399.11377942255837,411.1904861655314,47995300
2024-06-03,408.0035400390625,410.8747236026411,403.4649291544174,409.9867358256656,17484700
2024-06-04,410.51953125,410.88459054146256,404.21476096620233,406.9280752908703,14348900
2024-06-05,418.3536376953125,418.42268099839066,410.746468843911,412.23633479956106,16988000
2024-06-06,418.8567810058594,419.6362506295676,414.9693392305099,418.35360501475236,14861300
2024-06-07,418.1957702636719,420.59334639709124,417.3571033955117,420.51442686018504,13621700
2024-06-10,422.1621398925781,422.3693300275411,418.2352530096641,419.0344450692757,13982900
2024-06-11,426.907958984375,427.04610581067664,419.57708382911113,419.8040264249776,14551100
2024-06-12,435.1761779785156,437.48495834500466,427.47036718999846,429.51276024474697,22366200
2024-06-13,435.6892395019531,437.47512151645753,433.5087296834647,434.9689970884557,15960600
2024-06-14,436.666015625,437.22841891267086,430.89405002785384,432.43323683903066,13582000
2024-06-17,442.3886413574219,444.92436422206765,434.84070005199675,436.68574902549324,20790000
2024-06-18,440.3857727050781,444.13509836200797,438.95513392756055,443.710811724372,17112500
2024-06-20,439.7542419433594,440.5731562487516,435.383316572412,440.34621367715397,19877400
2024-06-21,443.77984619140625,444.569161991758,440.5534794666223,441.4118686798834,34187100
2024-06-24,441.6980285644531,446.71024735686916,440.45482751735335,443.79958875342635,15913700
2024-06-25,444.93426513671875,445.3979964641079,440.7902817808812,442.27027153504196,16413400
2024-06-26,446.1280517578125,447.54884412889345,442.21101156026344,443.01020350518843,16507000
2024-06-27,446.80889892578125,450.08461670642896,445.74328947401983,446.1478236075156,14806300
2024-06-28,440.9875793457031,449.305113661538,440.45477465939115,447.02593208902044,28362300
2024-07-01,450.6371154785156,451.2685620568994,439.71478489170136,442.6747641221356,17662800
2024-07-02,453.1531066894531,453.4589688152071,447.06540254269134,447.1542284209129,13979800
2024-07-03,454.6231994628906,454.869864398923,451.7717684597979,452.07763057164084,9932800
2024-07-05,461.3226013183594,462.1020709028193,452.8471982115864,453.4786447544731,16000300
2024-07-08,460.0202331542969,461.4607780718062,458.26398000009,460.326095268591,12962300
2024-07-09,453.4096374511719,461.09569535136285,451.89017298008986,460.77011087707854,17207200
2024-07-10,460.0301208496094,460.2373109717691,452.73869064735504,455.0672233776237,18196100
2024-07-11,448.6342468261719,458.5797648874454,445.5262442034591,456.8037891977259,23111200
2024-07-12,447.4995422363281,450.2720538778231,444.6382348256943,448.26913567933263,16324300
2024-07-15,447.90411376953125,451.1601094621715,445.4078654604088,447.2529146310032,14429400
2024-07-16,443.5233154296875,448.23954820722287,440.7014827721708,448.1606286695201,17175700
2024-07-17,437.60333251953125,438.9156068819966,433.3212327097638,436.68574615539535,21778000
2024-07-18,434.495361328125,438.71826397070777,428.6050012530057,438.4124018485707,20794800
2024-07-19,431.2788391113281,435.2551069043024,426.23702212212055,427.3223538949878,20940400
2024-07-22,437.0310974121094,438.6689563053254,433.05485959349295,435.8964446559175,15808800
2024-07-23,438.9156188964844,442.40840302613475,437.1889642431626,437.9782800404941,13107100
2024-07-24,423.1783447265625,435.59054077335657,421.88582291184935,434.5742824737623,26805800
2024-07-25,412.8184509277344,424.066366533815,411.94033937034624,423.0797067418699,29943800
2024-07-26,419.5967712402344,423.19810333197387,411.7034934246348,412.6211098546519,23583800
2024-07-29,421.0373229980469,426.38500194360023,419.0344049240428,425.8225986635412,15125800
2024-07-30,417.2781677246094,423.32636688783225,411.7923116419938,422.0141226280364,32687600
2024-07-31,412.7691345214844,416.1533704185598,406.7110288792971,414.89044707540063,42891400
2024-08-01,411.5456237792969,421.75755796351626,407.57926252131097,415.1765544542287,30296400
2024-08-02,403.0406494140625,409.46381430513844,398.9460172931046,406.98728858808795,29437900
2024-08-05,389.8785705566406,395.6900105848848,380.43623009500715,383.97836487999916,40709200
2024-08-06,394.2790832519531,400.25826896287094,393.18390539634436,394.66389500260414,24946500
2024-08-07,393.1148376464844,404.6094177317887,392.16765271577526,403.18865539095805,20650900
2024-08-08,397.3180236816406,400.4457182788044,394.6047093244423,397.07135874007713,20203000
2024-08-09,400.60357666015625,402.6064947272633,396.89375651412195,398.64013341356633,19276700
2024-08-12,401.383056640625,403.30705522680034,398.84733381774834,401.6297215819056,16762900
2024-08-13,408.4870300292969,409.41449264240543,404.10625814496586,404.1259805010332,19414300
2024-08-14,411.2989807128906,412.14752377963794,406.9478375879701,409.26646397851016,18267000
2024-08-15,416.1620788574219,416.2411406304339,412.8310473922666,414.9462891736181,20752100
2024-08-16,413.6317138671875,416.46852653153576,412.4752279591184,415.73709195319884,22775600
2024-08-19,416.6563415527344,416.8737991572246,411.6449527797598,414.11604821044875,15234000
2024-08-20,419.8885192871094,420.93626132598814,416.7650812391523,416.82438511571235,16387600
2024-08-21,419.2361755371094,421.4700252660244,416.8441419181339,419.1768414959673,16067300
2024-08-22,410.7454833984375,421.8555493177983,409.8163490739685,419.45362155809136,19361900
2024-08-23,411.97113037109375,414.41257372157986,407.32545916499066,412.15893602611095,18493800
2024-08-26,408.70928955078125,412.4554786638681,406.58415351672016,411.55599630876077,13152800
2024-08-27,409.0552062988281,409.5691832347041,405.5067172557128,408.0865261332207,13492900
2024-08-28,405.85272216796875,410.2018441208808,402.6007521142328,410.08323636580656,14882700
2024-08-29,408.3435363769531,417.17028122626607,405.85268326493673,410.142500929111,17045200
2024-08-30,412.3170471191406,412.662976291817,407.36496302252976,410.7948441333744,24308300
2024-09-03,404.70611572265625,415.02541234976394,402.32397617802485,413.0781880012741,20313600
2024-09-04,404.17236328125,406.4853049884444,399.6947395600007,401.2169427939581,15135800
2024-09-05,403.6682434082031,408.3237783354607,401.4343636867301,402.9071267784607,14195500
2024-09-06,397.05560302734375,405.9021060614487,396.165984591682,404.33049307771034,19609500
2024-09-09,401.0291442871094,403.9252609488484,397.50041270369564,402.5315594789773,15295100
2024-09-10,409.4111328125,411.5164809342579,402.98628422521625,403.480503347315,19594300
2024-09-11,418.14886474609375,419.0878628478116,404.8444661227044,410.6960329818373,19266900
2024-09-12,422.0630798339844,422.42879711427406,414.89690341994134,418.415740735589,17395700
2024-09-13,425.611572265625,426.83722589839596,420.5408798146308,420.9065970976519,15874600
2024-09-16,426.3529052734375,428.517587221267,423.2689830915265,425.6214706998335,13834700
2024-09-17,430.1188659667969,436.741413807479,427.2721591954558,435.1401487897844,18874200
2024-09-18,425.82904052734375,430.9886889198146,425.43367129700556,429.9705988234429,18898000
2024-09-19,433.617919921875,436.39542861722236,431.8486072464737,436.12856118496126,21706600
2024-09-20,430.2374572753906,434.1615578880838,429.1996092968504,432.1649237095232,55167100
2024-09-23,428.4978332519531,431.41370770372646,425.4139110417271,429.2589197702658,15128900
2024-09-24,424.2080078125,428.33967197864655,421.1734954974966,427.9937125983331,17015800
2024-09-25,427.1139831542969,428.1123153119531,423.61493391499886,424.8603454388432,13396400
2024-09-26,426.3232727050781,430.2671314248125,424.1684846935021,430.0595678513369,14492000
2024-09-27,423.0712890625,426.85702409572957,422.52766014209345,426.5308226116947,14896100
2024-09-30,425.3249206542969,425.4435585697777,420.4519278512811,423.2590885562286,16807300
2024-10-01,415.8260498046875,423.52599147760804,413.9677812470877,423.49633953955015,19092900
2024-10-02,412.3072204589844,417.9314360837514,411.89206315330637,417.6941904099043,16582300
2024-10-03,411.7240295410156,414.699207817815,409.50004373541833,412.80142348929195,13686400
2024-10-04,411.24957275390625,414.8969119270876,410.172178794162,413.40436067339476,19169700
2024-10-07,404.8049621582031,412.287415913181,404.2711971193028,411.190264062665,20919800
2024-10-08,409.9151916503906,410.8542199929417,403.4508276328713,406.14924457508937,19229300
2024-10-09,412.6334228515625,415.51967581022046,409.50995436593644,411.05191562071184,14974300
2024-10-10,411.0320739746094,412.5246250787664,408.37317321416026,410.4291412448218,13848400
2024-10-11,411.5065612792969,412.3071937353824,408.4720490414364,411.3286496589972,14144900
2024-10-14,414.2939758300781,419.137316675548,412.692680707405,412.9397902420181,16653100
2024-10-15,413.8985900878906,417.5953693595967,410.4588445581101,417.29881980944174,18900200
2024-10-16,411.3088684082031,411.5460839058675,405.7340930599272,410.36987028679,15508900
2024-10-17,411.9019470214844,417.61511832115826,410.78500708577025,417.4767225011017,14820000
2024-10-18,413.3253173828125,414.79808063402476,411.44729085370335,412.3171212877513,17145300
2024-10-21,413.9381103515625,414.1160219717621,408.9662678666254,411.30886136013186,14206100
2024-10-22,422.56719970703125,425.60168187753965,413.2066892964129,413.6514683614362,25482200
2024-10-23,419.69085693359375,426.0959170295647,417.64478266305224,425.8784594235447,19654400
2024-10-24,419.8193359375,421.0548835944768,417.5162582126422,420.4123746810587,13581600
2024-10-25,423.1997985839844,427.51926858228103,421.638079540004,421.82588520642906,16899100
2024-10-28,421.6578369140625,426.94598717649535,421.3711813975522,426.669225694439,14882400
2024-10-29,426.95587158203125,428.16176733338216,420.87695281886124,423.05152881793293,17644100
2024-10-30,427.5291442871094,433.43012114532394,427.10412312962825,432.38237913794643,29749100
2024-10-31,401.6518249511719,411.3484002261627,401.60238494770107,410.55763165325993,53971000
2024-11-01,405.6253662109375,410.69605883957496,402.78855349489004,404.2811047814158,24230400
2024-11-04,403.7374267578125,405.67478719502446,400.88085627166146,405.06193022116906,19672300
2024-11-05,406.7027587890625,410.102988488707,403.3618329661191,403.6484884800003,17626000
2024-11-06,415.3219299316406,415.58882753455555,405.77361389082967,407.65167048638625,26681800
2024-11-07,420.51123046875,421.91482589939426,415.0254108601489,416.40921822256973,19901800
2024-11-08,417.6546936035156,421.56890050557604,416.90347090417674,420.4025506464113,16891400
2024-11-11,413.17706298828125,419.8984307044044,411.19029254705583,417.6348987728619,24503300
2024-11-12,418.1390075683594,419.5327090402253,412.37642617579047,413.4142742125201,19401200
2024-11-13,420.283935546875,424.3661599826618,413.3747320030266,416.76509796101305,21502200
2024-11-14,421.9543762207031,423.21957584577814,415.14402288993426,420.086213638624,30246900
2024-11-15,410.20184326171875,417.91164897279026,408.85758182070697,414.9661225121513,28247600
2024-11-18,410.9530334472656,413.5624943414024,407.33534638732004,410.07330906060787,24727000
2024-11-19,412.9595947265625,413.1078544202765,406.79171998540573,408.33368112951007,18133500
2024-11-20,410.6861572265625,412.46536399512735,405.8329222910528,412.05020669970736,19191700
2024-11-21,408.913330078125,415.7571129679985,406.35806834126146,415.4797975064388,20780200
2024-11-22,413.00372314453125,413.39988374041405,407.1206461090675,407.4276728377604,24814600
2024-11-25,414.7765808105469,417.0446130867062,410.8743369468268,414.3705063731925,27691100
2024-11-26,423.888427734375,424.92838338966095,414.83603494213827,415.5689336176803,23458900
2024-11-27,418.93634033203125,423.13572759358533,417.97563494679554,421.03601885024915,18332400
2024-11-29,419.4018249511719,420.808229889217,413.7960631011275,416.06412568619913,16271900
2024-12-02,426.8497619628906,428.85039263641124,417.27242003383,417.5299380247713,20207200
2024-12-03,427.06768798828125,428.3255063010946,423.64082448545395,425.7207055754366,18302000
2024-12-04,433.22802734375,435.4564646159383,428.48392353237045,428.8800841135143,26009400
2024-12-05,438.3782043457031,440.3986627358307,431.9900352112823,433.72326431540773,21697800
2024-12-06,439.3191223144531,441.82487523918803,437.5363542028089,438.0612738202398,18821000
2024-12-09,441.74560546875,444.03346541962105,436.2785166631167,438.3583975889403,19144400
2024-12-10,439.0813903808594,445.31111943385133,437.3679889585384,440.13125981361975,18469500
2024-12-11,444.68719482421875,446.0341772846715,439.7945337941877,439.7945337941877,19200200
2024-12-12,445.251708984375,451.7884649521135,444.8060093995974,444.8060093995974,20834800
2024-12-13,442.983642578125,447.10377945438483,441.30983602760955,444.142443353527,20177800
2024-12-16,447.2622375488281,447.8465797272876,441.01271109813007,442.9836304987913,23598800
2024-12-17,450.104736328125,450.92679906279125,445.26161469090005,446.6878170659997,22733500
2024-12-18,433.1983337402344,448.3120705924071,432.83185420697276,446.9948298056794,24444500
2024-12-19,432.841796875,438.93285336164837,432.1386095010433,437.38780577162396,22963700
2024-12-20,432.4159240722656,439.48748337745457,424.5223020050907,428.9593493416428,64263700
2024-12-23,431.078857421875,433.4558513948008,428.6820357713906,432.5545685943141,19152500
2024-12-24,435.1197509765625,435.38718282685113,430.02902490868655,430.48460812290455,7164500
2024-12-26,433.9114074707031,436.7143034093448,432.44561022869516,434.8721127935591,8194200
2024-12-27,426.40411376953125,431.0491706535463,422.2641790901053,430.43511711666076,18117700
2024-12-30,420.7586669921875,423.45260132830686,417.8567536350218,421.97689027997586,13158700
2024-12-31,417.46063232421875,422.6405224628075,416.62868593663666,422.0165551158413,13246500
2025-01-02,414.568603515625,421.9868450538027,410.8743686174563,421.45201157982797,16896500
2025-01-03,419.2928771972656,419.96635323692743,415.51939233739597,417.0446121521978,16662900
2025-01-06,423.7497863769531,430.15778356293015,421.4025036603563,423.8983428352595,20573600
2025-01-07,418.322265625,426.52291408196885,416.76730426764124,424.8887326935554,18139100
2025-01-08,420.49127197265625,422.87817962096636,417.50022470253026,419.40180766065134,15054600
2025-01-10,414.9350280761719,420.6398068835906,411.0426680414125,420.5605868581897,20201100
2025-01-13,413.1919250488281,414.48936844362913,408.3388895039501,411.2606004893305,17604800
2025-01-14,411.6864929199219,415.7174656234234,406.783918522941,413.80596878606093,16935900
2025-01-15,422.2244873046875,424.04685017409594,414.2615295855494,415.1133035563719,19637800
2025-01-16,420.5110778808594,425.3740271428382,420.3229265289763,424.5916197701724,15300000
2025-01-17,424.91845703125,430.31623990051855,424.06671321451194,429.9299628963343,26197500
2025-01-21,424.3935241699219,426.7705180269004,421.52132200002626,426.0772445238866,26085700
2025-01-22,441.9239501953125,442.9836731089654,431.8216876151847,433.36673527212855,27803800
2025-01-23,442.4289855957031,442.46861072225846,437.26892363486763,437.7641319289048,18389300
2025-01-24,439.8044128417969,442.3695883246394,437.169900939795,440.89387719602587,15549500
2025-01-27,430.39544677734375,431.0293279263355,419.4414413066827,419.9465634582157,35647800
2025-01-28,442.9143371582031,444.08302154903276,427.24593852989443,430.43508134605355,23491700
2025-01-29,438.0909729003906,442.5973866839753,436.17947606614763,442.409205107017,23581400
2025-01-30,411.01300048828125,418.8075747745586,409.20055129765046,414.75677425796516,54586300
2025-01-31,411.08233642578125,416.6583870568431,410.933779971825,414.964783031506,34161900
2025-02-03,406.9820556640625,411.4290171061556,404.7437041840203,407.6555317858933,25679100
2025-02-04,408.4180908203125,409.9532546940812,405.81329031153365,408.7350313881363,20532100
2025-02-05,409.32928466796875,409.8640878693508,406.46696618877354,408.39829064688985,16316700
2025-02-06,411.83502197265625,414.1922182257068,410.03245657619226,410.03245657619226,16309800
2025-02-07,405.8232116699219,414.63791357819275,404.1890302854019,412.48872643025265,22886800
2025-02-10,408.2695617675781,411.47850211303046,406.9820321839411,409.74527293691693,20817900
2025-02-11,407.4970397949219,408.5369652151938,405.3775335991668,405.714301867279,18140600
2025-02-12,405.1200256347656,406.813629604169,400.4947666868975,403.30754628100544,19121700
2025-02-13,406.60565185546875,407.0612350423618,402.46568736983716,403.0995685212682,23891700
2025-02-14,404.515869140625,404.99128001840967,401.99031874797896,403.8820181953633,22758500
2025-02-18,405.7142639160156,406.6650553734785,402.6043413346739,404.08996621044764,21423100
2025-02-19,410.79510498046875,411.5082061808428,403.7433432351679,403.97114994678657,24114200
2025-02-20,412.968505859375,416.1243389128722,409.40578409861945,412.134891295379,23508700
2025-02-21,405.1086120605469,414.87384893021425,404.791066280818,414.1692516421462,27524800
2025-02-24,400.9306335449219,406.25983043716724,396.2861968407472,405.4063787741937,26443700
2025-02-25,394.876953125,398.8664306026397,393.6860882830661,398.05265327493277,29387400
2025-02-26,396.6930847167969,400.53367776380867,391.25470780563023,394.9861511086002,19619000
2025-02-27,389.54779052734375,402.6574203650982,389.19054012926085,398.22137954122604,21127400
2025-02-28,393.973876953125,394.6090291195634,383.6330593862238,389.67678725566606,32845700
2025-03-03,385.5384521484375,395.7899873220531,383.2261675615013,395.7899873220531,23007700
2025-03-04,385.65753173828125,389.59737098453536,378.10536303990614,380.48712304915495,29342900
2025-03-05,397.9732666015625,398.61835249883035,385.85603973587394,386.3820118850688,23433100
2025-03-06,393.87469482421875,399.09471206990673,389.69665794124984,391.28450820827493,23304600
2025-03-07,390.32183837890625,391.80050846371955,382.61088158953936,389.33936956128906,22034100
2025-03-10,377.2717590332031,383.4643412864511,374.3540930979484,382.90859827837613,32840100
2025-03-11,377.5595703125,383.0673924681545,374.0464567305875,376.1205744700273,30380200
2025-03-12,380.3581237792969,382.2933209136247,376.0709676751301,380.0405779726452,24253600
2025-03-13,375.89227294921875,382.3925273041687,374.58232470495466,380.24893433302753,20473000
2025-03-14,385.6079406738281,387.2652662935844,376.6267095180303,376.8946473094157,19952800
2025-03-17,385.7468566894531,389.72637004614455,382.6406320765131,383.7620517263702,22474300
2025-03-18,380.606201171875,384.42695690697013,378.20460404859546,384.1292482671326,19486900
2025-03-19,384.87359619140625,386.71945055064447,381.08261086681347,382.60098568305693,19185500
2025-03-20,383.9010009765625,388.8134057411041,380.36805030146087,382.8093521082507,18470500
2025-03-21,388.28741455078125,388.76374837124365,379.8916675364793,380.30848991510493,39675900
2025-03-24,390.09356689453125,392.39594799568545,386.8484215764684,392.39594799568545,21004500
2025-03-25,392.1578063964844,393.34867131877104,389.65696280253144,390.9272368910712,15775000
2025-03-26,387.0072326660156,392.30665877239477,385.61787512073846,391.99901639757354,16108400
2025-03-27,387.6125793457031,389.259971232933,384.4567464670721,387.1660163642304,13766800
2025-03-28,375.92205810546875,386.1735929782764,374.06627026028934,385.1315521729189,21632000
2025-03-31,372.5379943847656,374.20522334023684,364.449889664545,369.7096411618319,35184700
2025-04-01,379.2863464355469,379.9413357760227,370.3944277527412,371.80362246362756,19689500
2025-04-02,379.2367248535156,382.1543604865691,373.7586433966847,375.0983928958324,16092600
2025-04-03,370.2752990722656,374.61212363444304,366.54388609690864,371.9425583652147,30198000
2025-04-04,357.1061706542969,371.74410993496775,356.7489202327306,361.36358655898334,49209900
2025-04-07,355.14117431640625,368.1813588125757,342.17049555544185,348.2142236601539,50425000
2025-04-08,351.8662414550781,370.8112022714622,347.5889889390993,365.46216834014683,35868900
2025-04-09,387.52325439453125,390.24245792204835,350.41733953240174,350.85399906862426,50199700
2025-04-10,378.4527282714844,380.9833427250372,365.0056552003408,379.1573256201752,38024400
2025-04-11,385.4988098144531,387.08662977771354,376.01144319106686,377.74814777589194,23839200
2025-04-14,384.8636474609375,391.651677567929,381.29099206627785,390.23254912743425,19251200
2025-04-15,382.7994689941406,388.91267269542334,381.24138963056953,385.558347033726,17199900
2025-04-16,368.7867126464844,378.71073856569086,365.2041538267982,377.7779079921512,21967800
2025-04-17,364.9858093261719,371.4761304955969,364.10258680355696,370.9104537724408,21120200
2025-04-21,356.3916015625,361.71089501866106,352.9678309109542,360.0635031391147,20807300
2025-04-22,364.0331115722656,364.9758758256959,357.12596800122816,360.6192443688487,19485000
2025-04-23,371.54559326171875,377.50000836988784,370.1859763720142,373.20288850682186,20545500
2025-04-24,384.35748291015625,385.49877003384853,372.33950296048084,372.8456379358323,22232300
2025-04-25,388.8729553222656,389.1805976978566,381.67803664886475,384.05979677325973,18973200
2025-04-28,388.18817138671875,389.75615403464093,383.70252292195136,388.9820812843996,16579400
2025-04-29,391.04632568359375,392.0982700078575,387.41412856396244,388.32712198825146,14974000
2025-04-30,392.2570495605469,393.6464071015826,381.5192464831796,387.3347110069874,36461100
2025-05-01,422.16802978515625,433.669971462135,421.67182852064957,427.8346397458207,58938100
2025-05-02,431.9729919433594,436.1013902925972,426.7231738378541,428.4598783453456,30757400
2025-05-05,432.8562316894531,436.1609188409604,428.827049490993,429.58128511716615,20136100
2025-05-06,430.0179443359375,434.4043769104007,427.8942186382879,428.91639204817295,15104200
2025-05-07,430.0576477050781,434.79139692835327,427.83464541633373,430.54391525930873,23295300
2025-05-08,434.841064453125,440.2992788018954,432.35012421343623,434.6028672327044,23491300
2025-05-09,435.39678955078125,437.3914981181206,432.5684361749063,436.65712990925,15324200
2025-05-12,445.84674072265625,445.95589045656413,436.4387544599253,442.5519572732001,22821900
2025-05-13,445.7276916503906,447.24606632617565,441.9763809723924,444.37800844651383,23618800
2025-05-14,449.4988098144531,450.45150777480933,444.73528972695,444.73528972695,19902800
2025-05-15,450.512939453125,453.55526390744575,447.82852124457236,448.16655392379437,21992300
2025-05-16,451.6463623046875,451.735838870633,446.13838030321216,449.4391826540583,23849800
2025-05-19,456.2197570800781,456.9355998797858,448.1963586877965,448.27591363294266,21336500
2025-05-20,455.5238342285156,455.69283539558984,451.69606398891386,452.9587181303489,15441800
2025-05-21,449.9561462402344,455.1360468945702,449.2005259832327,451.944595050179,19216900
2025-05-22,452.2329406738281,457.5918252828005,451.27849365115543,452.32244757902833,18025600
2025-05-23,447.5799865722656,451.06972434232773,446.3173323563206,447.38115987330883,16883500
2025-05-27,458.02923583984375,458.2877438900054,453.48562310372705,453.8435596609756,20974300
2025-05-28,454.718505859375,459.8487079553447,454.29099660337516,458.5562282330538,17086300
2025-05-29,456.0308837890625,459.05333474747385,452.68035209769624,458.884303233251,13974800
2025-05-30,457.7011413574219,459.0135248792732,452.90900269221845,457.0648535034259,34770500
2025-06-02,459.3018798828125,459.44105553120437,454.2512329224997,454.49978904014216,16626500
2025-06-03,460.2961120605469,461.4593680607732,458.1982826150306,458.8047753297213,15743800
2025-06-04,461.1908874511719,463.00038321907994,460.3457906064832,461.3201414833542,14162700
2025-06-05,464.9788818359375,466.93750520910584,461.3499686746429,462.2745901279283,20131700
2025-06-06,467.6632995605469,470.6061954238558,466.0725343793748,467.37496597576217,15285600
2025-06-09,470.0196228027344,470.69568816704816,465.9134708467471,466.98725027602023,16469900
2025-06-10,468.2001953125,470.06931180763127,464.26304461137784,468.4686249933991,15375900
2025-06-11,469.8903503417969,472.72389606625393,466.9474544926898,467.30536072753216,16399200
2025-06-12,476.104248046875,477.6453141185156,470.7851412769109,472.2764779222473,18950600
2025-06-13,472.2168273925781,476.4124557062983,470.0295518485209,473.6584649544854,16814500
2025-06-16,476.3727111816406,477.91374692205306,472.25660744971805,472.4653860858625,15626100
2025-06-17,475.279052734375,475.97499162724574,471.3419021646973,472.65428568792316,15414100
2025-06-18,477.4663391113281,478.2219594008936,471.71972301658775,475.2392860574369,17526500
2025-06-20,474.64276123046875,480.667759158903,474.1158234691147,479.44488246554124,37576200
2025-06-23,483.19305419921875,484.9329468840925,469.78097686904323,475.4480376949825,24864000
2025-06-24,487.2793273925781,489.009298556199,483.9884469122188,486.1260537385937,22305600
2025-06-25,489.4268493652344,491.70363180611855,486.5635084927723,489.1981971647186,17495100
2025-06-26,494.57696533203125,495.1635541172166,489.9637493151316,490.13278082199906,21578900
2025-06-27,493.07568359375,496.4162632322767,490.1824867596744,494.6763704185467,34539200
2025-06-30,494.5372009277344,497.86785899517616,492.4691970236715,494.1693427257206,28369000
2025-07-01,489.2081298828125,495.17347659984546,488.14433277768,493.602615314542,19945400
2025-07-02,488.2536926269531,490.6497772469701,485.87751191483574,487.1600396387865,16319600
2025-07-03,495.9589538574219,497.2415119784696,490.59014753996934,490.9580057562307,13984800
2025-07-07,494.84539794921875,495.8694479262707,492.36978876052433,494.50736527479916,13981600
2025-07-08,493.7517395019531,495.3226311177228,491.25622643335066,494.36815380384166,11846600
2025-07-09,500.6019592285156,503.8530622357068,496.85371365827956,497.41047691930333,18659500
2025-07-10,498.58367919921875,501.52657502305914,494.87521114411277,500.14458849842043,16492100
2025-07-11,500.4130554199219,502.1131707269345,494.9249170598048,495.59106078877636,16459500
2025-07-14,500.1147766113281,501.05930198422453,498.1362796464767,498.6234399223271,12058800
2025-07-15,502.89862060546875,505.36427783294863,499.88612172349406,500.11477392946824,14927200
2025-07-16,502.6997375488281,503.7933904598671,498.99129994586445,502.26227638441253,15154400
2025-07-17,508.7446594238281,510.40499725185873,502.6997578215743,502.75940886082554,17503100
2025-07-18,507.10418701171875,511.6677041033988,504.499323712682,511.50859420333654,21209700
2025-07-21,507.1141052246094,509.132409924825,502.630143381304,503.7834473494323,14066800
2025-07-22,502.3517761230469,508.2475501614973,502.3517761230469,508.01886761548803,13868600
2025-07-23,502.9483337402344,503.8630336136484,497.80821016060554,503.8232561388069,16396600
2025-07-24,507.92938232421875,510.70324664183266,504.370041868975,505.83155299665924,16107000
2025-07-25,510.74310302734375,515.2966076642933,507.41241445610984,509.51021364184703,19125700
2025-07-28,509.5400390625,512.0256002286585,507.17377997770546,511.110930710653,14308000
2025-07-29,509.6096496582031,514.6304711522027,508.60547322287385,512.5525759685828,16469200
2025-07-30,510.2757568359375,512.9701269930791,506.49771598970693,512.1946027794743,26380400
2025-07-31,530.4187622070312,552.2420017670738,528.8280273057109,552.0232408256204,51617300
2025-08-01,521.0830078125,532.7054950837879,517.8517780654563,531.9101275902764,28977600
2025-08-04,532.54638671875,535.141297909759,525.0797515616827,525.218957545317,25349000
2025-08-05,524.701904296875,534.196734767709,524.194840165689,534.077432699505,19171600
2025-08-06,521.908203125,528.6291703469228,521.0034855448089,527.8338028961505,21355700
2025-08-07,517.8319091796875,525.0400367197672,514.5608717763297,523.757448292983,16079100
2025-08-08,519.0249633789062,521.629826851029,516.4101479520375,519.5817267008259,15531000
2025-08-11,518.7565307617188,524.5429245664681,516.7183220142601,519.2834381856256,20194400
2025-08-12,526.183349609375,527.9132904806338,519.6811434112465,520.7250669698358,18667000
2025-08-13,517.5734252929688,529.6234217995657,516.3703917601634,529.0368026236954,19619200
2025-08-14,519.4623413085938,522.9123315064297,517.1358902118243,519.5418962511537,20269100
2025-08-15,517.1657104492188,523.0614541020369,516.0820397908819,519.7507304052322,25213300
2025-08-18,514.1134033203125,519.8003983365775,511.0512359172718,518.5775217659684,23760600
2025-08-19,506.8258056640625,512.1846598699071,505.61285057663105,512.0256106523992,21481000
2025-08-20,502.7991943359375,508.0486982628479,501.52658824278717,506.925219770199,27723000
2025-08-21,502.15185546875,505.5278315490841,500.6381609615915,501.6041452591809,18443300
2025-08-22,505.1295166015625,508.6150227226763,500.32946944945456,502.1618461633245,24324200
2025-08-25,502.17181396484375,506.0855321115255,502.0323791323648,504.5319946732823,21638600
2025-08-26,499.96099853515625,502.88882606141556,496.4456179190968,502.2713680297872,30835700
2025-08-27,504.6415100097656,505.1892506185915,497.82983904056124,499.9211487290224,17277900
2025-08-28,507.5295104980469,508.9734875719172,503.4066403395377,504.9900522378754,18015600
2025-08-29,504.59173583984375,507.4896888132377,502.40083415821226,506.5535790393771,20961600
2025-09-02,503.0282287597656,503.90458943006223,494.75264396148896,498.3974910813857,18128000
2025-09-03,503.2572937011719,505.68719181229375,500.2398424947412,501.70375627159575,16345100
2025-09-04,505.866455078125,506.04570238922344,501.0664078062513,502.2116394820944,15509500
2025-09-05,492.9501647949219,509.8498918622262,490.3310509759443,506.9619070760115,31994800
2025-09-08,496.13690185546875,499.1244784694731,492.9800158612091,496.04724781279185,16771000
2025-09-09,496.3460388183594,500.17013335375145,495.6389875077243,499.3535217605099,14410500
2025-09-10,498.29791259765625,501.1460848531792,494.6630336933239,500.8971201283455,21611800
2025-09-11,498.9352722167969,501.08633106619584,495.8182290284252,500.17012751524385,18881600
2025-09-12,507.7884521484375,510.42747218178897,501.7635178992086,504.55191069082485,23624900
2025-09-15,513.225830078125,513.3353599697668,504.9004642300766,506.68306017742736,17143800
2025-09-16,506.9320068359375,515.0880630075219,506.4938265025834,514.7395367165727,19711900
2025-09-17,507.9079284667969,509.1726886784055,503.8348693472275,508.5054498653079,15816600
2025-09-18,506.3444519042969,510.9453149965379,505.55771489166153,509.37184097126715,18913700
2025-09-19,515.78515625,517.1494779837726,508.1967168320822,508.44568153944795,52474100
2025-09-22,512.319580078125,515.5959337012963,510.4174557013089,513.4548737162081,20009300
2025-09-23,507.1212463378906,512.4590659268906,505.2091838485409,511.67229848312854,19799600
2025-09-24,508.0373840332031,510.35772177145367,504.82077941210207,508.26644250853604,13533700
2025-09-25,504.9303283691406,507.89799878212006,502.94857891661616,506.1950582100621,15786500
2025-09-26,509.34197998046875,511.8117209714621,504.52202659403474,507.94778361103766,16213100
2025-09-29,512.4689331054688,514.7096154882738,506.77264973451184,509.3817950243417,17617800
2025-09-30,515.8051147460938,516.0142062084105,507.54943619028296,511.11459757878936,19728200
2025-10-01,517.557861328125,518.3545363078492,509.5710533372991,512.6681599915194,22632300
2025-10-02,513.604248046875,519.439966484546,508.5652045551738,515.496404228155,21222900
2025-10-03,515.20751953125,518.3345307125708,512.8672756929882,514.9585548343116,15112300
2025-10-06,526.3811645507812,528.8309994124726,516.0541122577388,516.4623876768178,21388600
2025-10-07,521.8101196289062,527.6060256392368,519.2806599401652,526.1022689962125,14615200
2025-10-08,522.676513671875,524.7678538085896,520.923853084141,521.1130687043808,13363400
2025-10-09,520.2366943359375,522.158694647609,515.2574000210162,520.1769452354545,18343600
2025-10-10,508.84405517578125,521.4118200258811,507.5195762105422,517.4881335274953,24133800
2025-10-13,511.9212341308594,514.2714464494894,509.56105349845876,514.2714464494894,14284200
2025-10-14,511.4432373046875,513.1461778212379,503.9045785101632,508.11707238992415,14684300
2025-10-15,511.3038024902344,515.0482414945574,507.888013925759,512.8274957075639,14694700
2025-10-16,509.4913330078125,514.7096236704256,506.02576365101777,510.4573477017149,15559600
2025-10-17,511.4532470703125,513.3453425707617,505.2091921192977,506.93203901166436,19867800
2025-10-20,514.6498413085938,516.5519656323323,511.30377036778043,512.4788764440519,14665600
2025-10-21,515.5162963867188,516.5420602391357,510.91543308707116,515.3569857054445,15586200
2025-10-22,518.3843994140625,523.0549803520576,515.5661623300699,518.9919195722497,18962700
2025-10-23,518.404296875,521.7802730707533,516.4623598997719,520.2964530626382,14023500
2025-10-24,521.441650390625,523.1744351060786,518.5536961256696,520.6250388201142,15532400
2025-10-27,529.3189697265625,532.3662956890146,526.819354031342,529.577902779321,18734700
2025-10-28,539.8252563476562,551.4269763883988,538.5306518978505,547.7224103521172,29986700
2025-10-29,539.307373046875,544.0078586434945,534.507325873603,542.6833492925585,36023000
2025-10-30,523.582763671875,532.7545848667123,519.9578228356851,528.2831883129468,41023100
2025-10-31,515.6656494140625,527.1279940743384,512.9668501497666,526.6898137654194,34006400
2025-11-03,514.888916015625,522.7860691817526,512.4590180581705,517.657371934483,22374700
2025-11-04,512.2001342773438,513.4150529816625,505.73698923396887,509.6407695643784,20958700
2025-11-05,505.0597839355469,512.6980347767452,504.4821687767013,511.17434154282535,23024300
2025-11-06,495.04144287109375,503.6058351018555,493.75677643867937,503.5659922381216,27406500
2025-11-07,494.7626037597656,497.31199999791255,491.2073803526309,494.89207027354036,24019800
2025-11-10,503.9045715332031,504.7510576229119,496.73437575016374,497.9692613740871,26101500
2025-11-11,506.573486328125,507.48968986721945,500.26971300797675,502.70954902224156,17980000
2025-11-12,509.0233154296875,509.5511194130969,497.05307240824305,507.2506574723947,26574900
2025-11-13,501.205810546875,511.3735209246628,499.2140928412288,508.1967287528611,25273100
2025-11-14,508.0672607421875,509.4813936811572,495.3800287197931,496.166765720741,28505700
2025-11-17,505.3883972167969,509.9992285471841,502.8190947602184,506.34444359286346,19092800
2025-11-18,491.74517822265625,500.89712400975867,484.76419755903834,493.31862192366924,33815100
2025-11-19,485.1027526855469,493.13934080841636,480.8305097576304,488.0704229659532,23245300
2025-11-20,477.3404846191406,492.4460215630244,474.41716428973194,491.5879641710541,26802500
2025-11-21,471.04486083984375,477.8293938228302,467.20362215472323,477.4103368698009,31769200
2025-11-24,472.92059326171875,475.8139832068258,466.9542001322548,473.9183160323131,34421000
2025-11-25,475.90374755859375,478.0588322743821,463.8313270788984,472.9904142849383,28019800
2025-11-26,484.3943786621094,487.1979770584782,480.10418316215106,485.2025316262965,25709100
2025-11-28,490.88958740234375,491.5081706450152,485.54177754838196,486.48962635446395,14386700
2025-12-01,485.6315612792969,488.7444513856018,483.5463243869077,487.32770213243884,23964000
2025-12-02,488.8841552734375,492.3761849539621,485.2125428025972,485.6116258193264,19562700
2025-12-03,476.64208984375,483.13724409881166,474.1178525596479,475.23529714339696,34615100
2025-12-04,479.7449951171875,480.2239129901724,475.40489514051177,478.6674679630734,22318200
2025-12-05,482.0597229003906,482.299166614698,477.78947078944657,481.4211657314621,22608700
2025-12-08,489.9018249511719,491.17890888246444,483.2769615726175,483.7858099301447,21965900
2025-12-09,490.8995361328125,490.99931449735556,487.3875630167038,487.9862027558801,14696100
2025-12-10,477.4701843261719,483.14722906115725,473.99809828560024,482.92772884397027,35756200
2025-12-11,482.3690185546875,484.92318635563356,474.7763326037194,475.5445986070271,24669200
2025-12-12,477.4402770996094,481.3513637649093,475.2552617920193,478.72734800157895,21248100
2025-12-15,473.73870849609375,479.6252664455081,471.44392797474177,479.0066832317436,23727700
2025-12-16,475.3051452636719,476.80172935648005,469.8076832860371,470.8353364785088,20705600
2025-12-17,475.0357360839844,478.9069051052783,473.9182915104317,475.8239455574328,24527200
2025-12-18,482.87786865234375,488.4850656489584,476.8017407441929,477.10104539067044,28573500
2025-12-19,484.8134460449219,486.73904362092316,481.39123391446003,486.2501387748106,70836100
2025-12-22,483.81573486328125,487.6170561484318,481.5908021440126,485.01298390813173,16963000
2025-12-23,485.7413330078125,486.71908182827985,483.63612214595605,483.8755963136496,14683600
2025-12-24,486.90863037109375,488.04604888584674,483.7258924615979,484.5739628623746,5855900
2025-12-26,486.599365234375,487.00843522519267,484.85335038112265,485.601642461088,8842200
2025-12-29,485.9907531738281,487.23790659993216,483.0773893732932,483.7558335295542,10893400
2025-12-30,486.3699035644531,488.56487537463653,484.39440153201394,484.82341501264875,13944500
2025-12-31,482.5186767578125,487.0284031238816,482.1993981667827,486.7290680267604,15601600
2026-01-02,471.8630065917969,483.5563186075122,469.0893385249197,483.2869444224563,25571600
2026-01-05,471.773193359375,474.9858617296903,468.4308161640092,472.98042932285466,25250300
2026-01-06,477.4203186035156,477.64977534720424,468.68025764779384,472.72102257015473,23037700
2026-01-07,482.3690185546875,488.5848422406915,476.86159994291296,478.6674756822987,25564200
2026-01-08,477.0212097167969,481.5608665012806,474.7763335277468,480.14408679814625,18162600
2026-01-09,478.1885681152344,478.72734693664125,471.1247042989064,472.9804540365218,18491000
2026-01-12,476.09332275390625,479.89464390147504,474.59673866594744,475.5845048686955,23519900
2026-01-13,469.5981750488281,474.6965236309785,464.888922501957,473.5990225282599,28545800
2026-01-14,458.3338928222656,467.13381499707015,456.1289340170423,465.39775666549855,28184300
2026-01-15,455.6200866699219,463.1927988881192,454.8618076165624,463.0630900555096,23225800
2026-01-16,458.8127746582031,462.13520850615447,455.4404972994736,456.78739866953146,34246700
2026-01-20,453.48492431640625,455.7597309230742,448.2568669541529,450.1924514863621,26130000
2026-01-21,443.0986328125,451.65911099901973,437.68100562513575,451.56931960591265,37980500
2026-01-22,450.1126403808594,451.8087507279656,443.6873036586902,446.600636936346,25349400
2026-01-23,464.888916015625,470.0271819611143,449.50401819491054,450.8409629929935,38000200
2026-01-26,469.20904541015625,473.1700058760031,460.94790240319116,464.25036221183507,29291200
2026-01-27,479.485595703125,481.7703893732875,472.0825097961169,472.62128861771004,29213900
2026-01-28,480.533203125,482.63838346935967,476.9114647448887,482.10959164059926,36875400
2026-01-29,432.5128173828125,441.49232224197124,420.06122635013605,438.98802836564175,128855300
2026-01-30,429.31011962890625,438.5989157576861,425.47886802078926,438.1699022937122,58566800
2026-02-02,422.4058837890625,429.7590957240154,421.28843915961005,429.2602343395754,42219900
2026-02-03,410.2735595703125,421.0888704228976,407.6296003977664,421.0489834358989,61424100
2026-02-04,413.2467956542969,418.84400576689177,408.3080557741746,410.0640575889883,45012400
2026-02-05,392.7735290527344,407.37018733348754,391.4265972483441,406.51216038211834,66289200
2026-02-06,400.22650146484375,400.87501513504304,392.0252195920243,398.2609865133262,53515300
2026-02-09,412.65814208984375,413.94521298339265,399.9571203178888,403.9280678877113,45480500
2026-02-10,412.328857421875,422.7151545880433,411.76017861216997,418.66440278178237,44857900
2026-02-11,403.4491271972656,415.51159110220135,400.096793508188,415.2322299614449,42491000
2026-02-12,400.9248962402344,405.2749831551046,397.1036315998776,404.07770370563327,40802400
2026-02-13,400.4060974121094,404.61648859375555,397.1435245648219,403.528974460687,34091600
2026-02-17,395.95623779296875,399.60790672873594,393.6315571718042,398.31087932693146,32078800
2026-02-18,398.69000244140625,401.6432531481791,395.41747315874426,397.2233488345012,23223400
2026-02-19,398.4599914550781,404.42999267578125,396.6700134277344,400.69000244140625,28234000
2026-02-20,397.2300109863281,400.1199951171875,395.1600036621094,396.1099853515625,34015200
2026-02-23,384.4700012207031,395.3599853515625,383.1000061035156,395.0,43238300
2026-02-24,389.0,389.3599853515625,381.7099914550781,384.1400146484375,33884700
2026-02-25,400.6000061035156,401.4700012207031,390.1600036621094,390.5299987792969,43625500
2026-02-26,401.7200012207031,407.489990234375,398.739990234375,404.7099914550781,34405900
2026-02-27,392.739990234375,396.82000732421875,389.8800048828125,390.8800048828125,51367200
2026-03-02,398.54998779296875,401.19000244140625,390.6300048828125,392.8599853515625,35474900
2026-03-03,403.92999267578125,406.70001220703125,392.6700134277344,393.1400146484375,38199200
2026-03-04,405.20001220703125,411.0299987792969,400.30999755859375,401.2699890136719,35808000
2026-03-05,410.67999267578125,411.6099853515625,404.3999938964844,404.4200134277344,39001300
2026-03-06,408.9599914550781,413.04998779296875,408.510009765625,409.20001220703125,31123900
2026-03-09,409.4100036621094,410.2099914550781,403.5,404.9200134277344,30131900
2026-03-10,405.760009765625,410.20001220703125,402.92999267578125,410.0299987792969,31706400
2026-03-11,404.8800048828125,409.010009765625,401.5899963378906,405.57000732421875,25512100
2026-03-12,401.8599853515625,406.1199951171875,401.7099914550781,404.6300048828125,27263900
2026-03-13,395.54998779296875,404.79998779296875,394.25,401.0,26848000
2026-03-16,399.95001220703125,400.6300048828125,394.7900085449219,398.07000732421875,27733700
2026-03-17,399.4100036621094,404.3999938964844,397.75,400.2699890136719,26228300
2026-03-18,391.7900085449219,398.0,391.0,397.1300048828125,25908500
2026-03-19,389.0199890136719,392.489990234375,387.05999755859375,390.1000061035156,25138800
2026-03-20,381.8699951171875,387.0,380.1199951171875,386.7900085449219,50853200
2026-03-23,383.0,387.2099914550781,381.67999267578125,383.8999938964844,29680100
2026-03-24,372.739990234375,382.4700012207031,371.8500061035156,382.3599853515625,42733600
2026-03-25,371.0400085449219,377.05999755859375,369.6300048828125,376.9200134277344,31181200
2026-03-26,365.9700012207031,374.7200012207031,365.19000244140625,370.82000732421875,36836600
2026-03-27,356.7699890136719,362.45001220703125,356.510009765625,361.8999938964844,37883400
2026-03-30,358.9599914550781,365.3599853515625,356.2799987792969,361.8999938964844,44797000
2026-03-31,370.1700134277344,372.8999938964844,363.07000732421875,364.54998779296875,45131800
