Date,Close,High,Low,Open,Volume
2016-04-04,0.8763885498046875,0.8969518840795492,0.8729613468806013,0.8923006467596195,393940000
2016-04-05,0.8751644492149353,0.8832428883091753,0.8651275670391184,0.868554827840587,339568000
2016-04-06,0.8763885498046875,0.8768781752360595,0.8477468336509824,0.8641484976721139,453376000
2016-04-07,0.8673309087753296,0.8785917683027288,0.8636589223532313,0.8707581116666671,378104000
2016-04-08,0.8729611039161682,0.8800603496867352,0.8643930406254625,0.874429921436307,255936000
2016-04-11,0.878346860408783,0.8927901372517675,0.8754092249949001,0.878102018547517,387524000
2016-04-12,0.8773675560951233,0.8825083590482179,0.8602314295211623,0.8812843249935823,292764000
2016-04-13,0.8993999361991882,0.8996447197436354,0.8812846115110764,0.8812846115110764,350716000
2016-04-14,0.9018476009368896,0.9057644279720598,0.8932795381496331,0.8969515817342153,416564000
2016-04-15,0.9089469909667969,0.9170254297735647,0.8986653256585938,0.901602960993841,436972000
2016-04-18,0.9050300121307373,0.9072332382641427,0.8962171659622675,0.9072332382641427,307320000
2016-04-19,0.8888733386993408,0.9101710210544058,0.8832429095478085,0.908457419795048,309152000
2016-04-20,0.8923006653785706,0.8976863117753501,0.8864254519053761,0.8874046444233795,200172000
2016-04-21,0.8913213610649109,0.8967070067861856,0.8874045331189989,0.8925453369676023,178280000
2016-04-22,0.8878939151763916,0.9003787461152387,0.8849562804307098,0.894258751548602,223540000
2016-04-25,0.8923006653785706,0.8971966863337615,0.8856910429255801,0.8881390534031756,191972000
2016-04-26,0.8930349349975586,0.9079678374361879,0.889118107171604,0.8976861716887026,214536000
2016-04-27,0.9133535027503967,0.9138431281574576,0.8891181832216934,0.8908317845986519,352396000
2016-04-28,0.8861805200576782,0.9131086909432842,0.8839773517070779,0.9077230450931294,381224000
2016-04-29,0.8697788119316101,0.8844668725392564,0.8602315550270906,0.8825084878043027,321904000
2016-05-02,0.8812845349311829,0.8866701809972547,0.8739405039493595,0.8781021156692091,256076000
2016-05-03,0.8707578778266907,0.8749194885578915,0.8631690651245193,0.8712475031218962,224024000
2016-05-04,0.8509290218353271,0.8609658443473723,0.8421161750213857,0.8602314355824474,525764000
2016-05-05,0.8560699820518494,0.8661068647724413,0.8497051438302953,0.8580284252397252,246884000
2016-05-06,0.8648825883865356,0.8670858144692315,0.852887324200948,0.854600925032439,183240000
2016-05-09,0.863658607006073,0.8707577937273869,0.8565593619196085,0.8670858086460383,333336000
2016-05-10,0.8803055286407471,0.8817743468207722,0.8607214418808993,0.8690446670807981,269676000
2016-05-11,0.8827531933784485,0.8925452329191382,0.8781019570870731,0.8829980352225774,328176000
2016-05-12,0.8707578778266907,0.8930348073683114,0.8550906271271425,0.8891179801021354,670540000
2016-05-13,1.0031955242156982,1.00368509122459,0.954724888425471,0.9593760668357715,2110256000
2016-05-16,1.0328166484832764,1.0477496127254071,0.9924244434233244,0.9956068631168465,973032000
2016-05-17,1.0350195169448853,1.0423634875985446,1.014945755915578,1.028164996476412,628392000
2016-05-18,1.0614582300186157,1.073453555911956,1.0281652211532166,1.0281652211532166,541072000
2016-05-19,1.0661094188690186,1.0736982910270076,1.0558278114784496,1.0572965124796774,398880000
2016-05-20,1.085204005241394,1.0896104587308253,1.071005510706785,1.0727191120531743,391084000
2016-05-23,1.0869176387786865,1.0940168278910771,1.0803080167139532,1.0898552745253103,413636000
2016-05-24,1.1133018732070923,1.116738092323368,1.0872855714084522,1.0902308352032888,415788000
2016-05-25,1.108638882637024,1.1214014997445565,1.0998030896008804,1.1167383010700864,458076000
2016-05-26,1.1204195022583008,1.128518918372857,1.1074113526510874,1.1106020352729864,309964000
2016-05-27,1.1265559196472168,1.128273971236676,1.1179655446664332,1.1216471841011206,277416000
2016-05-31,1.146681308746338,1.1491357341980755,1.130727894410384,1.131464268859284,412524000
2016-06-01,1.1488903760910034,1.1599349401101917,1.1378456950383617,1.1412817972265696,387132000
2016-06-02,1.1569899320602417,1.1668074014996046,1.1437362429869813,1.1550263445455953,329208000
2016-06-03,1.1407908201217651,1.1471721860733701,1.120665045679596,1.1456996711923393,461076000
2016-06-06,1.1349000930786133,1.1525715540920103,1.129009567063008,1.1437357650686026,322512000
2016-06-07,1.1371092796325684,1.148153960287778,1.1366184413471876,1.1417725944440325,193400000
2016-06-08,1.1334277391433716,1.141527155881611,1.1241011096791087,1.1373546794265101,234616000
2016-06-09,1.1628798246383667,1.1645978751720047,1.1270460654700125,1.129500490251447,472168000
2016-06-10,1.1339185237884521,1.1594439855218932,1.1324458919935658,1.1491356799911303,400024000
2016-06-13,1.1483994722366333,1.1707342544946944,1.1351459011926943,1.1351459011926943,475588000
2016-06-14,1.1506084203720093,1.1560079927738702,1.1329369541991114,1.145699686270285,298344000
2016-06-15,1.162389874458313,1.1724527662758388,1.147418246361494,1.1601809840943575,301036000
2016-06-16,1.1670523881912231,1.1690158579447745,1.1425087236882718,1.1537988210629717,246456000
2016-06-17,1.146681308746338,1.168770669678189,1.1420179940147939,1.1685252505397046,471000000
2016-06-20,1.167297601699829,1.182269216854854,1.164352339071502,1.1650887132452856,293768000
2016-06-21,1.1601802110671997,1.175397248283858,1.1584620433324315,1.1722065659765912,212508000
2016-06-22,1.1591984033584595,1.1702430817499974,1.1572349335859122,1.1626345047187734,202620000
2016-06-23,1.1901236772537231,1.1913508900013419,1.1695069478208346,1.1702433222827855,297880000
2016-06-24,1.1223833560943604,1.1623896121097108,1.1118296281409081,1.1412820391693286,1017684000
2016-06-27,1.1103569269180298,1.121647028814338,1.0939125539334411,1.1130566550228516,449088000
2016-06-28,1.1265559196472168,1.1326917513047219,1.1110933383085957,1.131464655193313,381920000
2016-06-29,1.1449631452560425,1.1537989355740854,1.1334276276464608,1.1363728910858084,318932000
2016-06-30,1.153799295425415,1.1609169200958473,1.1376004584902837,1.146926972912426,430940000
2016-07-01,1.1452085971832275,1.1623892230493953,1.1412816571738722,1.147417603342749,218488000
2016-07-05,1.1621439456939697,1.1641074159381646,1.1297462770476698,1.1388273708146155,371084000
2016-07-06,1.1695067882537842,1.176379108482723,1.1481538043057866,1.1540443310638961,273104000
2016-07-07,1.1999413967132568,1.2041138741164636,1.171961618996112,1.1773611923707261,395400000
2016-07-08,1.248046875,1.2539374028772503,1.2080406267394943,1.2127039418034085,481932000
2016-07-11,1.2767627239227295,1.2860892348334845,1.2644908327294964,1.2659634643540214,448776000
2016-07-12,1.2959072589874268,1.3076881989590903,1.274799570864389,1.2909985242464446,436760000
2016-07-13,1.2954156398773193,1.3057240594752397,1.2934521703936133,1.2983609026195824,324604000
2016-07-14,1.3086696863174438,1.320450741617809,1.2914891757268292,1.3022884374076804,316892000
2016-07-15,1.293452262878418,1.29934278878413,1.2723447010941713,1.2919796314019898,428616000
2016-07-18,1.3000797033309937,1.3113698056696506,1.2951709682721635,1.3094063350528136,252992000
2016-07-19,1.3135782480239868,1.3187324000658045,1.2968884623694115,1.2993428873608057,382652000
2016-07-20,1.330759048461914,1.337876788880746,1.3125967442451014,1.3179963165707886,296460000
2016-07-21,1.3062154054641724,1.331986288928972,1.301797509633033,1.3278138122495424,361308000
2016-07-22,1.341803789138794,1.341803789138794,1.3013067023063116,1.3108787516515763,315768000
2016-07-25,1.3665926456451416,1.3697833282141074,1.344012448546836,1.3499029754536762,312528000
2016-07-26,1.3899089097976685,1.397026530708444,1.3766553442212397,1.378618813744894,514508000
2016-07-27,1.375919222831726,1.4043899457731968,1.367574388047759,1.401935520642566,446676000
2016-07-28,1.3788648843765259,1.3891731920218673,1.3746924072628597,1.379110303553777,221916000
2016-07-29,1.401444911956787,1.4051264332222564,1.3592297758768217,1.3840188651822738,409588000
2016-08-01,1.3923635482788086,1.4124894375201889,1.3832824556866505,1.4073352849084064,301120000
2016-08-02,1.375428557395935,1.3997268074809752,1.362174987719267,1.3989904330359122,282748000
2016-08-03,1.3791102170944214,1.381810061941856,1.366102065247895,1.3737106444330103,299828000
2016-08-04,1.4046354293823242,1.4110167945748868,1.3830370255947326,1.3857367529222835,272712000
2016-08-05,1.428443193435669,1.4291794509711422,1.4139624086034994,1.4208346137351144,371588000
2016-08-08,1.4416965246200562,1.4515139923212617,1.426479367759775,1.4480778903291844,305064000
2016-08-09,1.4453779458999634,1.4593678890727781,1.4416964250247,1.4488140476546676,372344000
2016-08-10,1.4360517263412476,1.4603499817023053,1.4313884106214319,1.4581410919543807,375740000
2016-08-11,1.4652585983276367,1.4713945457285602,1.4407149257574052,1.4436601898725256,681064000
2016-08-12,1.5472344160079956,1.5555792521477612,1.4880841885574354,1.5192546437667935,1425744000
2016-08-15,1.5457617044448853,1.5585244356598535,1.52489955665376,1.5489523872486273,573304000
2016-08-16,1.5364352464675903,1.5460071781834523,1.531771931664071,1.543552869727281,287652000
2016-08-17,1.5008465051651,1.539871067500647,1.4888201501544212,1.5364349660690246,595212000
2016-08-18,1.5241633653640747,1.5266176738400163,1.4927473742311825,1.4986379018269622,331684000
2016-08-19,1.5280901193618774,1.5396256369687815,1.5168000208692893,1.5234268050895654,291560000
2016-08-22,1.5344713926315308,1.53668039859504,1.5145910411605181,1.532753341900706,244748000
2016-08-23,1.5468887090682983,1.5569701376266545,1.5424626731466697,1.5500852710257371,339764000
2016-08-24,1.5230381488800049,1.5530366946194136,1.515907407570606,1.5522990802422258,298448000
2016-08-25,1.5129562616348267,1.524267166102143,1.4940228752269418,1.52352955194626,406032000
2016-08-26,1.5252509117126465,1.533856997249353,1.5048420605837463,1.516890697584257,300024000
2016-08-29,1.5242669582366943,1.5375449492247466,1.5218081274699524,1.5313978136833446,274652000
2016-08-30,1.5154149532318115,1.5304141604354748,1.511234788642713,1.5222998198500057,285544000
2016-08-31,1.508284330368042,1.5225459257377554,1.5038584110025968,1.5183658777538227,388544000
2016-09-01,1.552790641784668,1.55844603642996,1.5082846299168344,1.509514104317683,428492000
2016-09-02,1.5375452041625977,1.557708182588726,1.5200871628016666,1.555986965591886,323148000
2016-09-06,1.5520524978637695,1.5520524978637695,1.5350862011867112,1.5429546711127025,306812000
2016-09-07,1.5291849374771118,1.5547574373984063,1.520332981407723,1.5471348382489951,397988000
2016-09-08,1.5402500629425049,1.54270901142826,1.5102516418106435,1.527709683613212,315808000
2016-09-09,1.463532567024231,1.53188973525855,1.4507463172467168,1.523283650696419,697760000
2016-09-12,1.493776798248291,1.4967274891955367,1.4094368211265575,1.4441072638830377,598260000
2016-09-13,1.472138524055481,1.5073007078975564,1.4637783115980663,1.49008842301528,471768000
2016-09-14,1.485170841217041,1.4900886208005764,1.4632867631074986,1.47558115344178,319048000
2016-09-15,1.5414798259735107,1.5432010433363534,1.484187558362656,1.4876301103374805,515212000
2016-09-16,1.5451674461364746,1.555248874392867,1.5274634202293305,1.5468886627351492,902444000
2016-09-19,1.565576434135437,1.6046727940513361,1.554265530919253,1.5613962693004808,417128000
2016-09-20,1.5513149499893188,1.5835264451633333,1.5427088656009162,1.5835264451633333,331112000
2016-09-21,1.5948373079299927,1.5977879988580126,1.555740946256486,1.555986817625637,336212000
2016-09-22,1.5987716913223267,1.6090991109074535,1.5896738632403529,1.6041813311404325,308732000
2016-09-23,1.5970503091812134,1.6054105221960524,1.58991957029332,1.60073873156205,276132000
2016-09-26,1.5820509195327759,1.5884440435645715,1.56213393339484,1.578854357516878,230040000
2016-09-27,1.6361467838287354,1.6386057322508805,1.5751663402983718,1.5759039544755469,402752000
2016-09-28,1.6420482397079468,1.6432777139740262,1.6211476461810748,1.63860580556222,319788000
2016-09-29,1.6572933197021484,1.662457088162822,1.6240983353070713,1.6393434175386772,336684000
2016-09-30,1.68483304977417,1.7013076064896555,1.656555727561758,1.6663912873097828,429932000
2016-10-03,1.6831116676330566,1.7091760291991558,1.680161093591739,1.6848330019267417,242596000
2016-10-04,1.6794229745864868,1.7138474247828743,1.6668825981206212,1.6855702271481143,281624000
2016-10-05,1.6777018308639526,1.7108969257901816,1.6725381806974093,1.6936846413192745,305440000
2016-10-06,1.6558176279067993,1.6678661440286746,1.6292615305732852,1.6575388444956385,360212000
2016-10-07,1.643769383430481,1.6713089726165085,1.6390974752271505,1.6668829358055983,286260000
2016-10-10,1.649916648864746,1.6612275537395946,1.6344255785419495,1.6523754800553923,287876000
2016-10-11,1.6260654926300049,1.646966087013352,1.613525112550172,1.6445072556295535,388540000
2016-10-12,1.6334422826766968,1.6420483687171596,1.605902690098087,1.6194265563401185,419920000
2016-10-13,1.6068862676620483,1.617951303060499,1.5663145493671526,1.6142629970107274,390116000
2016-10-14,1.6226228475570679,1.6376220570722333,1.6130331601828367,1.6265570241597276,330636000
2016-10-17,1.6132789850234985,1.637622009829105,1.6110660254044817,1.6223769293722112,195328000
2016-10-18,1.6378684043884277,1.6472122230962745,1.629016445835671,1.6356554440625244,269372000
2016-10-19,1.6344256401062012,1.642048239857645,1.6184428263930704,1.6268031576038768,199060000
2016-10-20,1.6654071807861328,1.6708168190859587,1.630245118082691,1.6536045361076601,312084000
2016-10-21,1.660735845565796,1.6636864196062466,1.644998903520843,1.6595063713202896,279508000
2016-10-24,1.7386823892593384,1.7406494773430898,1.6718004564190192,1.672046445022447,339836000
2016-10-25,1.7672055959701538,1.7777788857660306,1.7273716195161235,1.7357318324540394,397460000
2016-10-26,1.774336338043213,1.7937615822755755,1.750730928985909,1.7524521457375677,333792000
2016-10-27,1.7379449605941772,1.7913029229961683,1.7308142210804152,1.7878604889378613,388664000
2016-10-28,1.734994649887085,1.7728615475243679,1.7317980867408065,1.7463055566162908,290856000
2016-10-31,1.749747633934021,1.7613044097380297,1.7396660864355744,1.740649689221726,252388000
2016-11-01,1.6978646516799927,1.7657300634810043,1.6791770235395322,1.7561403780798341,473224000
2016-11-02,1.6907343864440918,1.7340109215065767,1.6877836949456522,1.7108973668506773,295848000
2016-11-03,1.6710631847381592,1.7000781209778915,1.6386058143342714,1.698602775300522,309664000
2016-11-04,1.661473035812378,1.6899962213345714,1.637130014758624,1.6599976905440517,328780000
2016-11-07,1.7524526119232178,1.763517646698304,1.7089302043407473,1.7101596787044522,487580000
2016-11-08,1.749747633934021,1.7647468436158953,1.7335189500817345,1.759091332781466,429884000
2016-11-09,1.7202410697937012,1.7433547417372006,1.689750903590076,1.702291166605629,456532000
2016-11-10,1.6663914918899536,1.7581082209117755,1.6415567180646342,1.7578623494752579,869280000
2016-11-11,2.1630868911743164,2.1827580049192545,1.9302298535828928,1.9550647343476006,2175344000
2016-11-14,2.0566179752349854,2.168497576618812,2.056126232328643,2.166038627588813,1348796000
2016-11-15,2.119318723678589,2.1503006219885656,2.0637475816894884,2.0725996531344117,626092000
2016-11-16,2.2530834674835205,2.2759510370095923,2.1232539594698343,2.1475969922224003,987984000
2016-11-17,2.271770477294922,2.330783831085794,2.228985573023228,2.2698032717026035,832988000
2016-11-18,2.295621156692505,2.3194721991729272,2.2572624164691018,2.271769879713921,576060000
2016-11-21,2.286278009414673,2.3199648525909953,2.2720162960855332,2.3135717273568157,436436000
2016-11-22,2.3027524948120117,2.3049654546499023,2.271524599437203,2.294146409610084,330368000
2016-11-23,2.3140804767608643,2.3456012477045203,2.2845296218984457,2.307923901883703,443236000
2016-11-25,2.3187592029571533,2.3419073590922155,2.30028971458301,2.3251618994317003,195564000
2016-11-28,2.317528009414673,2.333042155005901,2.304968737874744,2.311617791613449,278736000
2016-11-29,2.296349287033081,2.3256540129711385,2.278618872193117,2.314818537655745,444568000
2016-11-30,2.2704930305480957,2.3187594997770784,2.2680304004697334,2.304968912247847,440500000
2016-12-01,2.1581993103027344,2.2697539021064403,2.0875235270751915,2.2680301082435563,1035524000
2016-12-02,2.1781461238861084,2.1867650927584408,2.0961423888734254,2.1239694461680787,478292000
2016-12-05,2.2626125812530518,2.2805893574605784,2.191690434479725,2.2160699077549735,602284000
2016-12-06,2.2997970581054688,2.3081699047141733,2.2549781862426905,2.270738686721305,498796000
2016-12-07,2.3411688804626465,2.3468327419027175,2.2680304562516334,2.286253590490648,480804000
2016-12-08,2.3020126819610596,2.379337490876642,2.2914238005100604,2.344122790334336,381544000
2016-12-09,2.2611351013183594,2.321468125865324,2.233800519541448,2.3197443318739626,382312000
2016-12-12,2.2062196731567383,2.215085000418731,2.1557369314262704,2.2126223703710672,601332000
2016-12-13,2.2451283931732178,2.2727093337472506,2.2175476874485187,2.2185326455531627,387796000
2016-12-14,2.3751516342163086,2.3914046113211627,2.2549778645660417,2.278864851348819,983980000
2016-12-15,2.4308063983917236,2.461096088452176,2.3788459880340955,2.3862336428527167,746548000
2016-12-16,2.472670555114746,2.4798118541252965,2.406673425851203,2.458387487394947,1089528000
2016-12-19,2.502713203430176,2.5229062494592043,2.4379474071483362,2.4551855794798056,744656000
2016-12-20,2.589888572692871,2.6135292085391804,2.5640314290818673,2.5753593854317347,848056000
2016-12-21,2.606142282485962,2.609097392149091,2.55393573651963,2.6014633784234547,576136000
2016-12-22,2.637662410736084,2.6810036131722526,2.6233793463479653,2.6305208785420247,718612000
2016-12-23,2.7034125328063965,2.7048902043482363,2.6169762627850868,2.619685014146113,647692000
2016-12-27,2.889091730117798,2.890076688264577,2.7388745748148255,2.759560339842593,1194272000
2016-12-28,2.690361976623535,2.953364824205012,2.6765716231925087,2.945238332383251,2295764000
2016-12-29,2.7440457344055176,2.7455234063549687,2.531525648873178,2.5832397049668114,2175368000
2016-12-30,2.6285512447357178,2.756112717127443,2.617716000708166,2.742076006888747,1212932000
2017-01-03,2.512071371078491,2.619439547633631,2.447305565436346,2.5709267239234537,1501996000
2017-01-04,2.570680618286133,2.5980152003329158,2.5002509511805253,2.54630114523219,1199220000
2017-01-05,2.505423069000244,2.605896099715852,2.4884312460135707,2.574128962275071,984296000
2017-01-06,2.5389132499694824,2.5672327873848086,2.492124224383963,2.5327566756296522,822856000
2017-01-09,2.6418490409851074,2.6595796959789495,2.5487639242401046,2.5487639242401046,916248000
2017-01-10,2.621901750564575,2.6888835834663674,2.601215991116085,2.6549001880749112,880920000
2017-01-11,2.5896425247192383,2.6152533144620413,2.5647705709861452,2.6103282890457598,525664000
2017-01-12,2.547285795211792,2.578314318459372,2.502466921564973,2.566740240824397,625616000
2017-01-13,2.547039747238159,2.585702047831795,2.5379280641599586,2.551225935981624,457820000
2017-01-17,2.48990797996521,2.541375673847106,2.4766101080284963,2.536450649168357,580612000
2017-01-18,2.535219192504883,2.542114367579101,2.4406564224381517,2.4684834796373702,654424000
2017-01-19,2.5896425247192383,2.6216560118977417,2.5359585499501596,2.538174823129953,644872000
2017-01-20,2.5613229274749756,2.6300288036621366,2.5394060834042795,2.612298148907688,492024000
2017-01-23,2.587918519973755,2.6078654466671503,2.553688762401308,2.5561513923336907,369904000
2017-01-24,2.6430797576904297,2.6492363315789857,2.5832392216194906,2.5980147641027447,428052000
2017-01-25,2.6544086933135986,2.6915935678797105,2.6184551339800644,2.685436991716824,522760000
2017-01-26,2.700212240219116,2.7075998959459606,2.6275662934986794,2.6571171512553984,458800000
2017-01-27,2.7524187564849854,2.7553738657213387,2.680511646382181,2.7071073946600213,471996000
2017-01-30,2.709322929382324,2.7337023978000103,2.657362762075592,2.7314861251891798,496004000
2017-01-31,2.6886379718780518,2.7100623363803122,2.664504620414469,2.682974110712364,362756000
2017-02-01,2.8061020374298096,2.810288225516069,2.7053827043482968,2.723113119043856,590004000
2017-02-02,2.8415629863739014,2.8501821894828936,2.759559492039077,2.790095298851984,483240000
2017-02-03,2.8166918754577637,2.8541231028376357,2.8048716732714944,2.843041501829086,372744000
2017-02-06,2.888845443725586,2.889337922811006,2.807334166430178,2.807334166430178,506768000
2017-02-07,2.933664083480835,2.9777441284122346,2.9033743911873415,2.9230749620555874,746224000
2017-02-08,2.9208579063415527,2.9380958425203483,2.8659423977516845,2.915686525487914,449580000
2017-02-09,2.8659427165985107,2.931939830031249,2.8467348626333453,2.927014570661201,842568000
2017-02-10,2.79797625541687,2.972326277566185,2.7728579463061993,2.9533645434013907,1651092000
2017-02-13,2.6689367294311523,2.8068406879182004,2.6645039495420457,2.7923115032496204,1180724000
2017-02-14,2.6787874698638916,2.712524746884733,2.6174692555237455,2.6593330230722554,850632000
2017-02-15,2.684206247329712,2.7039068255419014,2.6536704215556433,2.681743851190251,373020000
2017-02-16,2.641110420227051,2.695040751113355,2.6019554002099445,2.6938094360660334,647176000
2017-02-17,2.6406171321868896,2.645049912363308,2.5805304739777766,2.6275656182518285,563740000
2017-02-21,2.735179901123047,2.7391199671719795,2.6649963737705216,2.665242730645131,551952000
2017-02-22,2.7309892177581787,2.7566323310841465,2.7120033155000636,2.7472627138961396,433772000
2017-02-23,2.4777638912200928,2.6232391728375166,2.4577920204527985,2.601294664211805,1592888000
2017-02-24,2.5016798973083496,2.5149945501322906,2.3596566203254294,2.393436470411494,1029904000
2017-02-27,2.574418067932129,2.5894586932048127,2.5041461823265454,2.5199265760139045,715400000
2017-02-28,2.5021727085113525,2.593896201461251,2.4849130189099142,2.5840332529511323,625360000
2017-03-01,2.5344741344451904,2.5734319010478313,2.49305062985797,2.5591308088538405,504804000
2017-03-02,2.4410250186920166,2.535707396762479,2.4383128475757117,2.5216529702451873,754332000
2017-03-03,2.4269700050354004,2.435353183439006,2.372478287256435,2.4304219435214156,864692000
2017-03-06,2.4082303047180176,2.4188327859125045,2.3465882893651013,2.3907239479026443,883568000
2017-03-07,2.4346134662628174,2.4540924639677093,2.395409273327779,2.408230826586633,603400000
2017-03-08,2.430175542831421,2.49773525369189,2.427956472867305,2.482941062021616,638712000
2017-03-09,2.4296820163726807,2.4521196150647397,2.401573174699537,2.414148294201255,478060000
2017-03-10,2.4439830780029297,2.4679002152124254,2.4257371842575153,2.456065098088673,499740000
2017-03-13,2.511296510696411,2.5211592265030816,2.453599517411828,2.454339285762394,774136000
2017-03-14,2.509570598602295,2.5334875027415804,2.4772700448746865,2.5241181223851803,522016000
2017-03-15,2.5285563468933105,2.5394052643475793,2.4735715209383504,2.521159368408387,615036000
2017-03-16,2.5596237182617188,2.5601170539383644,2.52510432963847,2.5391587529260926,523100000
2017-03-17,2.6153481006622314,2.6165809694633504,2.5596235125217754,2.5771298732645787,1119688000
2017-03-20,2.698688268661499,2.702633543331177,2.616827699169849,2.632854760257934,748568000
2017-03-21,2.611403226852417,2.7112634987437345,2.603513147490268,2.681428680560783,913484000
2017-03-22,2.6646618843078613,2.6693466920583524,2.596362405314903,2.6003074446980277,616764000
2017-03-23,2.640498399734497,2.676743997268914,2.6308823503668894,2.6567718949302392,533940000
2017-03-24,2.649867534637451,2.694742972201354,2.6239779947807866,2.6868528939057086,439500000
2017-03-27,2.669100522994995,2.6730455631153287,2.5539531801252586,2.603266769493785,506644000
2017-03-28,2.655292272567749,2.6848804207016395,2.644936455992742,2.6703328968998825,432444000
2017-03-29,2.646662473678589,2.675017753430691,2.644443403678584,2.6626892993636937,349992000
2017-03-30,2.697455406188965,2.712249598371466,2.648141824156807,2.653812833182721,525532000
2017-03-31,2.6858673095703125,2.709538022255677,2.6727993191588797,2.6878399473426793,440808000
2017-04-03,2.672305107116699,2.7036192196755744,2.648634404275748,2.6863595281420984,445232000
2017-04-04,2.4849135875701904,2.5746644643279857,2.474064670930227,2.549514457192124,1271280000
2017-04-05,2.466421365737915,2.5241183659061894,2.4533531422834494,2.4661746978763994,747048000
2017-04-06,2.48442006111145,2.4965018445259135,2.426476411016893,2.4715985094871407,635120000
2017-04-07,2.473818302154541,2.5083379285756626,2.458777676649441,2.490831565080686,429068000
2017-04-10,2.4106969833374023,2.481215303377011,2.406505275745916,2.474558092919108,756332000
2017-04-11,2.4193263053894043,2.4385586344415864,2.3756837396724144,2.3806149794791525,618148000
2017-04-12,2.399354934692383,2.433627896495652,2.3941770255116652,2.4193270380649654,414092000
2017-04-13,2.3544795513153076,2.396889262302494,2.3544795513153076,2.3751914237527916,506892000
2017-04-17,2.4466958045959473,2.4469422372989325,2.3621228286216014,2.367300737132801,497292000
2017-04-18,2.4481754302978516,2.454339775874048,2.406505488844018,2.432395034826824,370116000
2017-04-19,2.457791566848755,2.489845221325467,2.4511341210578257,2.4656816465347124,380828000
2017-04-20,2.496748447418213,2.501433254049396,2.451133249708866,2.472338213438567,404016000
2017-04-21,2.5071048736572266,2.5098170441575296,2.47455788707079,2.4863930052822307,341896000
2017-04-24,2.538419008255005,2.551486995457035,2.517707374887696,2.5386654409499294,371820000
2017-04-25,2.582554340362549,2.5971018624000712,2.531514796899994,2.5529661958169276,388440000
2017-04-26,2.5648016929626465,2.5985813109942653,2.562829055822941,2.5961158085017377,327004000
2017-04-27,2.604745864868164,2.61312904430928,2.5541994149423997,2.5721988778887312,319700000
2017-04-28,2.5717058181762695,2.604745906218431,2.566034574032472,2.5978420282823707,348248000
2017-05-01,2.6294028759002686,2.6345810200816477,2.5754044801179,2.5825550267057733,307732000
2017-05-02,2.5514872074127197,2.6037598660003085,2.5288029348730947,2.6025269969861666,629972000
2017-05-03,2.5704729557037354,2.5800890042400897,2.5297892212312605,2.544583178232684,336904000
2017-05-04,2.560610055923462,2.5877324652472997,2.552719742294881,2.576636880718073,209788000
2017-05-05,2.560856580734253,2.568007126279278,2.533487502596974,2.549021462584145,228428000
2017-05-08,2.5339815616607666,2.5741719704809287,2.522639305656738,2.5726926684694984,365240000
2017-05-09,2.538172483444214,2.587239634254819,2.5312686052660673,2.5396520202799393,847672000
2017-05-10,2.9906256198883057,3.003693845449018,2.811370715703167,2.8180279272884006,2129096000
2017-05-11,3.119086980819702,3.2159884116789885,2.9565987084732877,2.960050647498926,1939792000
2017-05-12,3.1533596515655518,3.1955229195883312,3.101333903062861,3.122292203160472,962620000
2017-05-15,3.3116564750671387,3.3141222127881327,3.1900983801412877,3.1945367550682153,1087540000
2017-05-16,3.373298406600952,3.3888323656633235,3.288232574075175,3.362695922833476,1120700000
2017-05-17,3.1491684913635254,3.3252180885212232,3.144976783899975,3.30647885643409,1271368000
2017-05-18,3.281081438064575,3.2899579509094004,3.1326473974885034,3.193056548097751,1156032000
2017-05-19,3.356858253479004,3.411653821110822,3.33760566767575,3.3822814402707335,1018372000
2017-05-22,3.428438663482666,3.4427545816658585,3.3896865602427098,3.400547139244241,836608000
2017-05-23,3.3822810649871826,3.4504055374875837,3.3496998057649607,3.4481841307939436,681248000
2017-05-24,3.4202935695648193,3.482000531442211,3.4081988223715887,3.479285268818402,815996000
2017-05-25,3.412641763687134,3.4563303026035297,3.367719057325299,3.455589755057592,608228000
2017-05-26,3.5010061264038086,3.58591487043915,3.384256662203558,3.40449649070399,779140000
2017-05-30,3.5757951736450195,3.61084454187252,3.5308724654514063,3.5469161721095777,989652000
2017-05-31,3.5629594326019287,3.6283686496116174,3.5061889156233286,3.620716953837603,887316000
2017-06-01,3.563206672668457,3.5797442340188512,3.5177903462600546,3.578756758823279,503340000
2017-06-02,3.5454349517822266,3.5864082256650867,3.5395110425623693,3.5602444894385137,487456000
2017-06-05,3.65329909324646,3.666134153356317,3.5175439575989476,3.52914485015285,817376000
2017-06-06,3.6367616653442383,3.6947661265105416,3.6234329856590746,3.648609249845836,758728000
2017-06-07,3.6806962490081787,3.6994552153968474,3.645646886231819,3.6611969705518947,612612000
2017-06-08,3.9477646350860596,3.9492454948072333,3.7465998108740264,3.787820015530549,1161744000
2017-06-09,3.692544460296631,4.159049158150871,3.5234672879499245,4.066242026790177,3692928000
2017-06-12,3.7016777992248535,3.7443791070178287,3.5076712510957364,3.6007253297685575,1697532000
2017-06-13,3.736973285675049,3.820154234787517,3.5950471006274256,3.811021443481901,1672504000
2017-06-14,3.7448718547821045,3.802629618386425,3.665393403885584,3.7399354205405553,1184640000
2017-06-15,3.7609143257141113,3.79127393760771,3.6160262357526567,3.6273804302390475,963824000
2017-06-16,3.742403984069824,3.8184271052004384,3.7083418538595727,3.7705424395342795,924960000
2017-06-19,3.8830959796905518,3.8882793421521797,3.7828838346456255,3.7865861018934224,778176000
2017-06-20,3.877418041229248,3.992193012446416,3.873222154821162,3.925302697424399,1095444000
2017-06-21,3.9361631870269775,3.9398656891180552,3.843109133423435,3.9050630168780067,682652000
2017-06-22,3.90901255607605,3.95763776584337,3.8850702249735,3.944308851296898,469132000
2017-06-23,3.796952724456787,3.93246115479883,3.7818960229580094,3.916664141152381,1088588000
2017-06-26,3.7554850578308105,3.8653233547674932,3.6611968446795897,3.8297801379769107,1063960000
2017-06-27,3.618001937866211,3.7465992007514233,3.612324956769462,3.7379602653012975,999492000
2017-06-28,3.745612621307373,3.750302363577399,3.5975158191080308,3.6856334470177785,994948000
2017-06-29,3.6204705238342285,3.7201887975477743,3.556295234042989,3.717227078382043,1064424000
2017-06-30,3.5681426525115967,3.651323592293624,3.541978919665479,3.637747988368251,731060000
2017-07-03,3.439051866531372,3.595047038812566,3.4205398273979633,3.580237501663179,709072000
2017-07-05,3.530871629714966,3.559750389021595,3.483480597747002,3.502486254817804,820188000
2017-07-06,3.5414857864379883,3.5883832084352996,3.449665892855239,3.5017466769585623,746284000
2017-07-07,3.622445583343506,3.640710933483814,3.5753014658694333,3.5982565585298185,654972000
2017-07-10,3.793743848800659,3.801148618044155,3.6698363096762208,3.696000047370384,958492000
2017-07-11,3.8475518226623535,3.855203518364601,3.7554850174150967,3.797445762277314,757956000
2017-07-12,4.011198997497559,4.023293508643737,3.864336605650091,3.907284596067423,1145208000
2017-07-13,3.9647951126098633,4.104746343940472,3.9183915513229137,4.023293184067275,1369132000
2017-07-14,4.0714240074157715,4.072904631206429,3.974173623811282,3.9810847707896135,941948000
2017-07-17,4.054145812988281,4.1343650241597505,3.992438872329181,4.105486032812166,930792000
2017-07-18,4.096355438232422,4.110918286122506,3.9813332795779934,3.9931811000287047,776640000
2017-07-19,4.075128078460693,4.131898374015307,4.063033565890428,4.105487706024676,687044000
2017-07-20,4.134366035461426,4.134612727697865,4.045755031548285,4.095614168938374,699596000
2017-07-21,4.149173259735107,4.1787927891290115,4.099560842241848,4.113876987347773,648332000
2017-07-24,4.101043701171875,4.165959530887735,4.090430286914548,4.156333356237292,652524000
2017-07-25,4.081297874450684,4.095614027042287,4.037609339992196,4.078088992341296,496556000
2017-07-26,4.12844181060791,4.194344883274969,4.093638905675865,4.138808533186248,640404000
2017-07-27,3.9921939373016357,4.164973635510065,3.8890198324966954,4.153372507114982,782856000
2017-07-28,4.0576019287109375,4.082038110220566,3.931473239637913,3.9564025701723238,513348000
2017-07-31,4.011198997497559,4.1072150099242135,3.964548740219443,4.071178168733269,559672000
2017-08-01,4.0600714683532715,4.061799255902856,3.973928783156321,4.00182007623196,431384000
2017-08-02,4.0576019287109375,4.095119859100405,3.9805920594728965,4.091170900608877,478444000
2017-08-03,4.109190464019775,4.112892731334429,4.04007849249658,4.057109675402849,442420000
2017-08-04,4.127208709716797,4.197801302664501,4.109190287685617,4.131898216728335,589096000
2017-08-07,4.254077434539795,4.254570818984175,4.146706998765068,4.156333644870676,717412000
2017-08-08,4.203478813171387,4.308627162330029,4.164233083753521,4.292089834323726,755336000
2017-08-09,4.248154163360596,4.250622498313049,4.138562539562775,4.15732150857202,530784000
2017-08-10,4.0662431716918945,4.261730828937944,4.056123137108763,4.24938915110966,1328088000
2017-08-11,3.8495264053344727,3.924562034123847,3.774244084324852,3.878652094070656,1497196000
2017-08-14,4.156581401824951,4.160283669252891,3.9294997407708516,3.941100633805639,1279020000
2017-08-15,4.121530532836914,4.187926987854771,4.087221484203748,4.16176349001269,764532000
2017-08-16,4.076361656188965,4.160036467798705,4.044027551649774,4.136587992313732,596632000
2017-08-17,3.985529899597168,4.085001512080668,3.983308727227241,4.067970797692768,525444000
2017-08-18,3.9862704277038574,4.056863503523023,3.940360471044534,4.0398323184320635,601204000
2017-08-21,3.9282643795013428,4.022058970600474,3.8843291559268005,4.010705008694543,623672000
2017-08-22,4.015717506408691,4.021646629703344,3.9455568423567544,3.964826375264103,450456000
2017-08-23,4.096008777618408,4.107125828784974,3.973721214786184,3.982368228983516,579520000
2017-08-24,4.080939292907715,4.132572118622982,4.054505841937392,4.128124920679064,469700000
2017-08-25,4.04684591293335,4.115277511210586,4.040422499075723,4.105148571635797,357200000
2017-08-28,4.075502872467041,4.078714579332946,4.010282982396098,4.065868223070453,389496000
2017-08-29,4.0688323974609375,4.0905726741404616,4.008553524633663,4.016706246188761,324096000
2017-08-30,4.093043804168701,4.104160853579683,4.0582102570273095,4.088596607443365,384400000
2017-08-31,4.18593168258667,4.189884117175052,4.105889227759074,4.113300278212827,612684000
2017-09-01,4.211130619049072,4.2467053619164,4.189884631325623,4.198531643251215,445432000
2017-09-05,4.098726749420166,4.164687865766663,4.040671448768647,4.159746848757631,695364000
2017-09-06,4.096254825592041,4.145417126803286,4.061421751476795,4.1315826609190855,397672000
2017-09-07,4.115278244018555,4.147640814860264,4.075009859144112,4.11305464547162,352868000
2017-09-08,4.043882846832275,4.118490510315932,4.019672522205438,4.103667929899692,498856000
2017-09-11,4.175063610076904,4.185686843489904,4.084150972763203,4.08958627981217,567444000
2017-09-12,4.190132141113281,4.199766790903158,4.1249122483800456,4.199766790903158,411488000
2017-09-13,4.208908557891846,4.23781251368928,4.132571599593752,4.164934172556755,580960000
2017-09-14,4.184945106506348,4.2630113726283625,4.145417918940865,4.169875148316432,513712000
2017-09-15,4.449530124664307,4.449530124664307,4.2652343708444915,4.270422296385199,1364792000
2017-09-18,4.633331775665283,4.723503673862385,4.566876849929093,4.5737940842629525,1684460000
2017-09-19,4.628390312194824,4.690151590035903,4.560946819620732,4.582934007934181,874280000
2017-09-20,4.591085910797119,4.679528004950503,4.550817534312642,4.632095486642812,724920000
2017-09-21,4.465590476989746,4.513517321011088,4.38777108284777,4.4873302992586295,1075600000
2017-09-22,4.422109127044678,4.503881407504566,4.412227563753654,4.45422526794352,491232000
2017-09-25,4.224471569061279,4.392462322984361,4.203719869831027,4.391226833534277,874580000
2017-09-26,4.2481889724731445,4.414203562555073,4.208414869383313,4.359112589484931,1125620000
2017-09-27,4.341325283050537,4.354665934932626,4.2677057306079735,4.33860786501564,713720000
2017-09-28,4.340089797973633,4.3524418681507795,4.292656793002539,4.348488960669431,435244000
2017-09-29,4.4164252281188965,4.440141251175702,4.378874269277567,4.4240836597563025,619092000
2017-10-02,4.422109127044678,4.495728681928232,4.372700368186879,4.4665773398576345,503480000
2017-10-03,4.431249141693115,4.4611416779382544,4.387027846566556,4.428284343413596,390332000
2017-10-04,4.4683051109313965,4.490539209685636,4.400861615216712,4.437424470572861,427848000
2017-10-05,4.465835094451904,4.496221919319482,4.435942559673739,4.492763302297276,437364000
2017-10-06,4.4789276123046875,4.492268259269332,4.4221073504058905,4.438165414403777,318800000
2017-10-09,4.57996940612793,4.61307364471653,4.4969621358410246,4.51573761788218,563492000
2017-10-10,4.667425632476807,4.7667379245028965,4.626169122633398,4.729186942474926,974876000
2017-10-11,4.717081069946289,4.718563469330356,4.638026680415527,4.683976820509651,529508000
2017-10-12,4.719303607940674,4.770194753738508,4.692128490948991,4.72053862634883,528292000
2017-10-13,4.807252883911133,4.8173818284827075,4.73462190529825,4.781560158208226,628728000
2017-10-16,4.889763355255127,4.8927281527108715,4.773899240317055,4.837142912426885,576640000
2017-10-17,4.885317325592041,4.913727458847176,4.85073115835991,4.869012350868152,478596000
2017-10-18,4.8811163902282715,4.8949508539490765,4.775875513723266,4.894210125850674,567316000
2017-10-19,4.88655424118042,4.891494787083134,4.754385096455993,4.803546944397602,570772000
2017-10-20,4.864317893981934,4.930772799964562,4.855423973052633,4.9035981608168155,451620000
2017-10-23,4.857402801513672,4.91249377462345,4.837144914518431,4.88605985197398,428696000
2017-10-24,4.908292293548584,4.910021601793645,4.84060189138394,4.866541515059856,407244000
2017-10-25,4.784275054931641,4.921632536842099,4.722761162576571,4.868764713801706,828160000
2017-10-26,4.834425926208496,4.846036794074794,4.787981512340976,4.811944918704698,322744000
2017-10-27,4.98685359954834,4.987100508992291,4.860613135907283,4.886553234760279,572192000
2017-10-30,5.035769462585449,5.0913542546699935,4.971043364963283,4.986854525134156,504056000
2017-10-31,5.109140396118164,5.135821221795055,5.0619547789227095,5.067636994221044,411908000
2017-11-01,5.118774890899658,5.187206497016649,5.054543100970461,5.171889631202626,502576000
2017-11-02,5.087648868560791,5.13384638930128,5.031075494546139,5.089131267943194,342308000
2017-11-03,5.155585765838623,5.155585765838623,5.072825856192164,5.118775992320257,353640000
2017-11-06,5.178805828094482,5.18745236816191,5.106421800901132,5.118773866368574,389944000
2017-11-07,5.23809814453125,5.259591517591013,5.189430596341997,5.201535756027736,427700000
2017-11-08,5.1671953201293945,5.237356225426621,5.119762801157114,5.233650228568619,522988000
2017-11-09,5.072330951690674,5.097282470540594,4.950043865501621,5.071095933261017,978564000
2017-11-10,5.339633464813232,5.40213594615253,5.228216059538987,5.264037716113875,1253256000
2017-11-13,5.252922058105469,5.36508022135673,5.237605188290216,5.339634879361606,582376000
2017-11-14,5.291213512420654,5.306530381515046,5.218335165085266,5.262062173486499,529292000
2017-11-15,5.187453746795654,5.237357254277296,5.133598274691764,5.236121764681548,501948000
2017-11-16,5.22772216796875,5.291707053116871,5.218828716103121,5.261567609348659,441768000
2017-11-17,5.221546649932861,5.320117714530139,5.206477162159078,5.284790341813093,515664000
2017-11-20,5.288742542266846,5.300847701241143,5.20029996076277,5.237109727750435,396100000
2017-11-21,5.337408542633057,5.349019879382776,5.296646351731021,5.328515093651067,399176000
2017-11-22,5.3134307861328125,5.364604845726202,5.2807981754865265,5.364604845726202,356640000
2017-11-24,5.363614082336426,5.364603349134628,5.30527091766763,5.32974560458883,180752000
2017-11-27,5.293898105621338,5.373502004515745,5.290684167930741,5.372266128534664,422896000
2017-11-28,5.209105014801025,5.308486274657715,5.148042528939202,5.299092009792155,512752000
2017-11-29,4.855830669403076,5.19451729822459,4.7275249478788295,5.191797993629946,1396788000
2017-11-30,4.961887359619141,5.010589185635246,4.8615177930239115,4.924557859108737,823768000
2017-12-01,4.88698148727417,4.947549809155839,4.7581815604906845,4.927277851021323,811548000
2017-12-04,4.614548206329346,4.951751951567013,4.561149483395183,4.945571155245545,1240844000
2017-12-05,4.641247749328613,4.763867340713629,4.464240637498747,4.509233894140655,981488000
2017-12-06,4.678825378417969,4.700580294958526,4.569555219121906,4.590815973655082,467032000
2017-12-07,4.746314525604248,4.78611672278776,4.700084922634661,4.745572811181132,542600000
2017-12-08,4.73395299911499,4.815287416699366,4.725547532581321,4.796251340774832,466876000
2017-12-11,4.81232213973999,4.815288997857122,4.7322240435068235,4.748045715036106,372748000
2017-12-12,4.717883110046387,4.792048398212536,4.6943976948010615,4.768810063851195,455016000
2017-12-13,4.6026811599731445,4.760158004473663,4.5952644882047915,4.75892212827652,554280000
2017-12-14,4.6098504066467285,4.680801773452636,4.563620808223213,4.596253410459988,438164000
2017-12-15,4.735684871673584,4.755956829556884,4.588838132100582,4.653856268698379,670036000
2017-12-18,4.892419815063477,4.895386201110876,4.746561891674161,4.776227638262321,477704000
2017-12-19,4.848169326782227,4.8882186159318675,4.819739447572251,4.883027085072533,373100000
2017-12-20,4.865225791931152,4.896622048074302,4.80960192800098,4.887475337503222,288820000
2017-12-21,4.842730522155762,4.89365703306271,4.834325052090789,4.868688175419352,300904000
2017-12-22,4.827402591705322,4.836796856574138,4.728021331814188,4.805894756366202,466276000
2017-12-26,4.881048679351807,4.8887124345860995,4.74211276107306,4.772026067435474,355080000
2017-12-27,4.874373435974121,4.943594310068833,4.853113153202326,4.867698948247126,329488000
2017-12-28,4.8800578117370605,4.929006709129975,4.8738774882763884,4.898104620298159,240248000
2017-12-29,4.783644676208496,4.906264267913076,4.783644676208496,4.906264267913076,279964000
2018-01-02,4.9282660484313965,4.93197462052338,4.8083662387712005,4.840009577099086,355616000
2018-01-03,5.252614974975586,5.283022911178578,5.037042002246591,5.045694552012825,914704000
2018-01-04,5.280302047729492,5.390560971608226,5.258052503900598,5.3339483167702495,583268000
2018-01-05,5.325048923492432,5.362378421950625,5.2182510140820515,5.295135625619715,580124000
2018-01-08,5.4882121086120605,5.562376945946601,5.40366374138329,5.448657465829834,881216000
2018-01-09,5.486728668212891,5.533205349807111,5.405147158706325,5.493650707108688,497000000
2018-01-10,5.529745101928711,5.533206121859528,5.339882696178926,5.394270219595857,582664000
2018-01-11,5.539634704589844,5.593775153908517,5.51812639625044,5.562378418020869,406032000
2018-01-12,5.512438774108887,5.562129390060947,5.4718953394482615,5.527766279395726,359916000
2018-01-16,5.441490173339844,5.624430591377809,5.356942241920092,5.538893864200039,702348000
2018-01-17,5.555454730987549,5.56534315560548,5.362131337998211,5.456073493746901,538408000
2018-01-18,5.548533916473389,5.60292144269287,5.505023612580628,5.53617279356308,408632000
2018-01-19,5.688705921173096,5.712933062868841,5.611821761287608,5.6387682086696005,609380000
2018-01-22,5.777209281921387,5.778939791980217,5.639015086686578,5.696616552157048,550944000
2018-01-23,5.906255722045898,5.928999429795258,5.812066009441394,5.830606983285832,475228000
2018-01-24,5.829370975494385,5.945315597878204,5.773747112158568,5.909469055780841,579972000
2018-01-25,5.842967987060547,5.927021720419057,5.828135113976261,5.883758505924467,409884000
2018-01-26,6.015525817871094,6.01577289884531,5.87387061742999,5.886725901017889,516356000
2018-01-29,6.102546691894531,6.133696345014624,5.9482837414925696,6.0009407586869825,455116000
2018-01-30,6.00044584274292,6.091916263648078,5.893895465289292,5.960644112582629,570832000
2018-01-31,6.076587677001953,6.162371919159621,6.0432133592736355,6.075845962626409,478576000
2018-02-01,5.945563316345215,6.103782374746491,5.885242550829288,5.896614405666831,519224000
2018-02-02,5.773005485534668,5.883017337594963,5.714909868748377,5.859037282181849,718464000
2018-02-05,5.283021926879883,5.7658359999953115,5.067943156193282,5.611820171322989,1165204000
2018-02-06,5.576715469360352,5.57968185528126,5.0432215001474106,5.053110396274145,1114800000
2018-02-07,5.656319618225098,5.808852512114168,5.604404321683094,5.675602779461113,802932000
2018-02-08,5.377458572387695,5.815031831130374,5.377211019926578,5.781905068076385,1144000000
2018-02-09,5.7374067306518555,5.905761287357009,5.37745927526838,5.889939618088343,1674604000
2018-02-12,5.637284278869629,5.821460992964067,5.563119431257505,5.818494135003565,1093172000
2018-02-13,5.751004219055176,5.797233825982517,5.568558015791659,5.600943543045118,625524000
2018-02-14,5.968307018280029,5.9972315222991,5.699582428847461,5.710707201814138,744988000
2018-02-15,6.093892574310303,6.140122172799909,5.970778837160471,6.051618628517798,698900000
2018-02-16,6.028134822845459,6.1804201837903685,6.018987638767597,6.0667006787423725,637656000
2018-02-20,6.1576762199401855,6.226649540396642,6.046922634557393,6.050631207155701,686240000
2018-02-21,5.970531940460205,6.229121034663457,5.966823839825248,6.222198995329635,892292000
2018-02-22,5.990075588226318,6.076160400628997,5.924522568824073,6.004423214233998,534364000
2018-02-23,6.083579063415527,6.083579063415527,5.999225872981544,6.049936775391485,415300000
2018-02-26,6.0996599197387695,6.134291626814092,6.037322375181566,6.12983904616464,469312000
2018-02-27,6.086796760559082,6.157297292320378,6.06379120964858,6.072943605648538,455436000
2018-02-28,5.986363887786865,6.1372595114285735,5.9747372600246305,6.0976802850482965,523116000
2018-03-01,5.744190216064453,6.038066285212686,5.6430155892470415,5.984139417402096,1040120000
2018-03-02,5.8512983322143555,5.857730203150112,5.487911307168166,5.636580852080425,913428000
2018-03-05,5.829283237457275,5.868862461194918,5.67764497674849,5.801082934384353,620776000
2018-03-06,5.990323066711426,6.009618215827651,5.87158535705765,5.9146277650116,636808000
2018-03-07,5.982405185699463,6.034600444574324,5.886178124393155,5.88741476867348,581208000
2018-03-08,5.966078758239746,6.009863326279286,5.921799249394017,6.009863326279286,411912000
2018-03-09,6.068737983703613,6.0816007834260075,5.997495285292534,6.013574020856313,505524000
2018-03-12,6.178323745727539,6.258471616899563,6.101886279979087,6.110049738096921,605060000
2018-03-13,6.12761116027832,6.29557584596733,6.086300355484429,6.221117220455329,619772000
2018-03-14,6.153091907501221,6.197865892724463,6.090754362170753,6.170654995786817,505496000
2018-03-15,6.167933940887451,6.249071218207225,6.125880951399796,6.166697296412059,401952000
2018-03-16,6.196132659912109,6.21518009397545,6.1466584007837035,6.184258799975572,399456000
2018-03-19,5.96162748336792,6.16818156684448,5.862679405300655,6.139239554796109,713772000
2018-03-20,6.173870086669922,6.212707135028757,5.964594575809371,5.964594575809371,554696000
2018-03-21,6.148640155792236,6.233735557007098,6.118213318534917,6.167439891099858,438688000
2018-03-22,5.982652187347412,6.13181667701994,5.945299492219513,6.085311116016283,551196000
2018-03-23,5.762988567352295,5.998732345338732,5.75185688020973,5.996258584660206,735620000
2018-03-26,6.047712326049805,6.048948970611515,5.8354685439074405,5.887416108289084,611424000
2018-03-27,5.578699111938477,6.184262039525048,5.4384401885412865,6.128603586804972,1409000000
2018-03-28,5.4755449295043945,5.674430509483498,5.367938916608579,5.544313883932259,945904000
2018-03-29,5.728852272033691,5.825573829805033,5.459465682004875,5.543818906172546,916628000
2018-04-02,5.468122482299805,5.804546371347869,5.380306105086153,5.658350565665797,922092000
2018-04-03,5.57449197769165,5.698177178832927,5.475543911142948,5.6350979338523794,667432000
2018-04-04,5.596508979797363,5.6068984929998456,5.293727330482389,5.318711703443834,789168000
2018-04-05,5.476285934448242,5.667997896529313,5.404795999636376,5.6548873901333,701240000
2018-04-06,5.299911022186279,5.481728430579818,5.270721305284137,5.373627489864116,662988000
2018-04-09,5.328605651855469,5.4908806613704835,5.308568333237937,5.3629901209044295,499524000
2018-04-10,5.637819290161133,5.664782480783083,5.501765277097366,5.558908066384906,761676000
2018-04-11,5.596508979797363,5.664288521990942,5.563856089211941,5.622977703736785,460244000
2018-04-12,5.803308010101318,5.8211187993268725,5.645238376300551,5.689517878995717,593920000
2018-04-13,5.726624488830566,5.875294053120208,5.678387337811307,5.866883361640991,503036000
2018-04-16,5.726376056671143,5.759771109274228,5.632127828557201,5.733302396012095,350792000
2018-04-17,5.87603759765625,5.897311565819146,5.722915417439843,5.7785738630548735,447224000
2018-04-18,5.847095012664795,5.918337727482581,5.758041973008824,5.825573810300587,391364000
2018-04-19,5.665771007537842,5.766203415613488,5.610360284087309,5.732808357753259,471996000
2018-04-20,5.657607555389404,5.7414658089434285,5.626439026023564,5.65711261461882,386200000
2018-04-23,5.538128852844238,5.726624889874579,5.512155073064359,5.675419505711618,427508000
2018-04-24,5.471834182739258,5.6598352965192325,5.406528403559235,5.56385591960005,414596000
2018-04-25,5.359527587890625,5.4812339774552985,5.202200080694767,5.4421492172352615,588492000
2018-04-26,5.571275234222412,5.579438690338107,5.455258566337518,5.52130650324398,375824000
2018-04-27,5.598733425140381,5.696939775045615,5.5564332090002555,5.677150164373744,400848000
2018-04-30,5.563360214233398,5.664782040029214,5.544065542045836,5.615060537009952,327844000
2018-05-01,5.618771553039551,5.6214925482286375,5.496570229478221,5.55519736650099,253788000
2018-05-02,5.598239421844482,5.6598343129891235,5.5720179378167884,5.615308039139775,268248000
2018-05-03,5.763482570648193,5.789704054264329,5.584881121757189,5.6301500420549875,443144000
2018-05-04,5.913636207580566,5.916852143235824,5.71747168175459,5.734787532480522,400660000
2018-05-07,6.151607036590576,6.208749820964347,6.008379459798583,6.018274502147228,687616000
2018-05-08,6.194155693054199,6.196876688473961,6.102875662380824,6.151854995401465,506616000
2018-05-09,6.327239990234375,6.329466516379094,6.186981110478701,6.214192005968908,596760000
2018-05-10,6.4348464012146,6.4439987965924095,6.36236658263779,6.380177376179234,994080000
2018-05-11,6.296318531036377,6.426435602156817,6.19761817238412,6.253028900048545,1214456000
2018-05-14,6.31685209274292,6.394279453051468,6.293104833572219,6.33441565640407,523140000
2018-05-15,6.074428081512451,6.255998259899748,5.9739956552292846,6.2532767926755914,963528000
2018-05-16,6.08555793762207,6.1476477595751575,5.998978220774952,6.03583644443793,553828000
2018-05-17,6.12761116027832,6.221364454930545,6.071210559708946,6.08728976520681,519784000
2018-05-18,6.083827972412109,6.2428870629615085,6.078880450858758,6.17956058000079,483716000
2018-05-21,6.041774749755859,6.185002331994662,5.949010847406737,6.181291926883611,640624000
2018-05-22,6.003681182861328,6.080365893420532,5.943075212505021,6.0551342838826985,518264000
2018-05-23,6.127193450927734,6.1284313321656025,5.946748890896969,5.947491525217017,442956000
2018-05-24,6.130906581878662,6.173233436306639,6.07026361612952,6.12348118238234,437372000
2018-05-25,6.170262336730957,6.186598875093425,6.1078867204997245,6.14352986232995,292112000
2018-05-29,6.1531829833984375,6.221252284671248,6.106401272598585,6.152192961725743,352684000
2018-05-30,6.262094020843506,6.2707573014894,6.16209474018039,6.1868471729315395,390996000
2018-05-31,6.2422919273376465,6.316796610120592,6.219520011125515,6.230163334903064,493868000
2018-06-01,6.376697063446045,6.382885525601006,6.278430440783705,6.287093721264597,421968000
2018-06-04,6.555657386779785,6.577686670959424,6.3786781183696695,6.410855952574501,642024000
2018-06-05,6.561101913452148,6.598725571172678,6.514072341301487,6.558874010516055,391712000
2018-06-06,6.563081741333008,6.566299665875008,6.454666577604137,6.471003115592232,371356000
2018-06-07,6.507390022277832,6.571250912124747,6.417043571237328,6.559369706545463,369448000
2018-06-08,6.4920430183410645,6.534616784346957,6.415805681676533,6.434617510416353,360456000
2018-06-11,6.450955390930176,6.521004280311896,6.438084161857407,6.479420527359931,265372000
2018-06-12,6.4994683265686035,6.5115969184871885,6.4271915498461425,6.477439045622201,319160000
2018-06-13,6.495013236999512,6.575953296705752,6.485854709811067,6.500953839484804,338208000
2018-06-14,6.606647491455078,6.6633303763700225,6.52521217052203,6.540063915400962,430016000
2018-06-15,6.565804958343506,6.620755179009608,6.518527996462253,6.5494684190134045,432260000
2018-06-18,6.561598777770996,6.579172729738661,6.494519951114276,6.5217472072911296,356268000
2018-06-19,6.439816474914551,6.525707126637198,6.312342072456827,6.458380447015526,594932000
2018-06-20,6.492785453796387,6.545755154255158,6.442537958858666,6.480904249470554,369780000
2018-06-21,6.36407470703125,6.543034032415994,6.356401447084333,6.524717446791154,359516000
2018-06-22,6.211598873138428,6.398231896662383,6.19625282814724,6.384865423018621,434160000
2018-06-25,5.918778419494629,6.108876262595807,5.830165110613594,6.105163563477341,665816000
2018-06-26,5.989819049835205,6.080412900389275,5.938334133525744,6.032145909377519,478884000
2018-06-27,5.834621429443359,6.099718766614931,5.829175601421387,6.033382585467172,453892000
2018-06-28,5.96184778213501,5.973728986554079,5.817046370461789,5.824719628644382,338012000
2018-06-29,5.863828659057617,6.039570021893389,5.862590777847026,6.026946655070812,392300000
2018-07-02,5.996007919311523,5.999720619759886,5.773731697186125,5.794276187612238,357572000
2018-07-03,5.862344264984131,6.036600857321169,5.853928371104711,6.030660254118838,222732000
2018-07-05,6.008134841918945,6.013084950434021,5.8786799439543,5.917541010449429,306216000
2018-07-06,6.12199592590332,6.130411819321849,5.962343226824989,5.983630347791446,296352000
2018-07-09,6.169520378112793,6.205906630346058,6.090808214898528,6.196253327554949,303880000
2018-07-10,6.268529891967773,6.290559174779788,6.141550275047445,6.181896613099179,360016000
2018-07-11,6.126945972442627,6.210361320749776,6.116302176831315,6.175708200418425,367508000
2018-07-12,6.218529224395752,6.266548817062336,6.16234159872692,6.172242759822992,345508000
2018-07-13,6.1712541580200195,6.237095577577338,6.129175154687731,6.237095577577338,246988000
2018-07-16,6.143529415130615,6.196499585282624,6.131153436589423,6.143529415130615,197036000
2018-07-17,6.279419898986816,6.2945190276775085,6.068777564273623,6.0942726286083975,362136000
2018-07-18,6.230162620544434,6.285855467663699,6.179172966262045,6.2719942207563815,277640000
2018-07-19,6.2383317947387695,6.271995368661457,6.1962532715622105,6.211351930229627,235752000
2018-07-20,6.210115909576416,6.274719449658448,6.199224723100686,6.235858370618319,222352000
2018-07-23,6.173480987548828,6.185362193594304,6.021748931212923,6.183629537384063,301584000
2018-07-24,6.156154632568359,6.308134081443769,6.138580210335063,6.221500795903618,354620000
2018-07-25,6.234370708465576,6.246994546663593,6.107638495947421,6.165559247115585,319112000
2018-07-26,6.307884693145752,6.3447657128291395,6.197489493583471,6.214321277320489,325124000
2018-07-27,6.238084316253662,6.351450072825667,6.184124115909684,6.344519448204734,295420000
2018-07-30,6.042788505554199,6.258134061124621,6.007887522732283,6.252193458258903,340340000
2018-07-31,6.060858726501465,6.135610813746627,5.993532512122562,6.032393588684353,283988000
2018-08-01,6.100708484649658,6.147490670835771,6.036847597216381,6.092293063786336,283556000
2018-08-02,6.203431129455566,6.207391216562073,5.970511628450556,6.029421937123631,269668000
2018-08-03,6.240063667297363,6.263826075996751,6.2111037628224945,6.2279350755567755,214288000
2018-08-06,6.287837028503418,6.291302341066617,6.180907113917033,6.227441446083827,207508000
2018-08-07,6.360115051269531,6.378679499095697,6.309868009355619,6.336600493188105,258132000
2018-08-08,6.396498680114746,6.441548209075582,6.326449804495059,6.361350784661163,262100000
2018-08-09,6.347984313964844,6.4170431678978685,6.3403110555152455,6.414320490147372,204280000
2018-08-10,6.306649208068848,6.339074904335208,6.254916904203459,6.2660554769301156,256396000
2018-08-13,6.339568138122559,6.460359752374849,6.313578298782827,6.315310954738808,375208000
2018-08-14,6.471004962921143,6.485114074187494,6.361847133742483,6.445015116000861,466220000
2018-08-15,6.412835597991943,6.525706097990686,6.3341229712355265,6.491795140032265,591136000
2018-08-16,6.372242450714111,6.48511344137718,6.312094255360097,6.482638150657717,801260000
2018-08-17,6.059868335723877,6.261600051234685,6.032887996431323,6.260857416781911,1143188000
2018-08-20,6.134619235992432,6.2672915871843875,5.9088777625110716,6.019273444980766,854388000
2018-08-21,6.270262241363525,6.27471757519107,6.1311540383026,6.150955889179859,673988000
2018-08-22,6.5054097175598145,6.510360298730616,6.234124384564874,6.237589696961754,749856000
2018-08-23,6.604913711547852,6.6702598671362034,6.452934280689882,6.466795529194882,720684000
2018-08-24,6.7380828857421875,6.752686771984605,6.608875813067304,6.613331147967562,531512000
2018-08-27,6.8291707038879395,6.903427535696273,6.7363494280708105,6.767784628210213,505776000
2018-08-28,6.791546821594238,6.846002270466962,6.6714978243394505,6.823229880257018,475384000
2018-08-29,6.8970489501953125,6.922062443069051,6.763065472040963,6.783868716921507,420108000
2018-08-30,6.880209445953369,6.9770442259925725,6.843308241633879,6.865845095127688,346608000
2018-08-31,6.951286315917969,6.964164582855906,6.85024130690597,6.86014788410666,306592000
2018-09-04,7.02608060836792,7.063724380717595,6.909680665999053,6.9381613723056486,391720000
2018-09-05,6.895316123962402,7.0439114994853425,6.814331778928327,7.008496377751813,393156000
2018-09-06,6.754150390625,6.881446994105533,6.7212119150171805,6.878970349510498,322796000
2018-09-07,6.732852458953857,6.858415465198194,6.617195559249997,6.662021742372641,295420000
2018-09-10,6.803929328918457,6.833648589365164,6.711552807362428,6.755388421289059,220140000
2018-09-11,6.756131172180176,6.845288004954494,6.7368135356251475,6.7576167808601015,243112000
2018-09-12,6.642207622528076,6.735822694596288,6.48667786274447,6.716257536130072,419092000
2018-09-13,6.719973087310791,6.810616002102062,6.690749345634735,6.708085383515175,305536000
2018-09-14,6.84603214263916,6.912157091570153,6.773468295405647,6.810369498288386,386936000
2018-09-17,6.784116268157959,6.8695588419502664,6.764799104222408,6.820522419223566,205528000
2018-09-18,6.712047576904297,6.890857232948218,6.705361156903817,6.788079092553697,299520000
2018-09-19,6.735824108123779,6.753655666633902,6.643447574952542,6.693474569987457,224860000
2018-09-20,6.5946574211120605,6.656076592334079,6.540667710254592,6.613727062192738,430584000
2018-09-21,6.524570465087891,6.652115059487093,6.491384467825127,6.606545839657025,435128000
2018-09-24,6.580294132232666,6.583761340259767,6.406437740628487,6.493613459183464,293912000
2018-09-25,6.647408962249756,6.6724224565072445,6.560728298080709,6.646418398968016,280388000
2018-09-26,6.610507488250732,6.692730378037955,6.59465753166051,6.652361973667572,268548000
2018-09-27,6.6223955154418945,6.666974170040904,6.5909431234419324,6.645675406030237,214428000
2018-09-28,6.9597063064575195,6.981995632681032,6.726411894005894,6.754397549329762,709396000
2018-10-01,7.166253566741943,7.233121068118423,6.998836109672704,7.037470907457912,622060000
2018-10-02,7.094928741455078,7.250458043535909,7.072639413985583,7.138764355828868,383964000
2018-10-03,7.1011199951171875,7.172693270054652,6.997103292825695,7.165263336901111,320552000
2018-10-04,6.916863918304443,7.089234258432791,6.839841815397138,7.064963798049253,391220000
2018-10-05,6.683319091796875,6.9542577322798955,6.625862174457692,6.892095521615473,426636000
2018-10-08,6.582027912139893,6.715515897122206,6.441109993027381,6.600106993388864,408612000
2018-10-09,6.576332092285156,6.656077879498464,6.508473538428222,6.561472223939249,273500000
2018-10-10,6.084729194641113,6.516150973299993,6.082500072685271,6.470333754612757,684940000
2018-10-11,5.823200225830078,6.131040055205502,5.801653941343127,5.997551628096201,725436000
2018-10-12,6.105779647827148,6.180077568316361,5.935142945429617,6.080271106089191,608236000
2018-10-15,5.829391956329346,6.092405629140085,5.828401393083541,6.092405629140085,449760000
2018-10-16,6.088196277618408,6.099340942425173,5.8927935955533615,5.942077548983793,408712000
2018-10-17,6.019592761993408,6.188496284172687,5.970556346981009,6.1503565353598075,329668000
2018-10-18,5.93217134475708,6.127326516385146,5.871742722705684,6.088939702583537,524020000
2018-10-19,5.675597190856934,6.00696453292282,5.639191502660094,5.987399841165499,613608000
2018-10-22,5.72636604309082,5.827906101486831,5.623587898682398,5.727852124203009,368844000
2018-10-23,5.474745750427246,5.552262888146131,5.36701383045677,5.459142841407292,626436000
2018-10-24,4.938564300537109,5.4829183507260275,4.924695467713403,5.436358562711674,884288000
2018-10-25,5.147339820861816,5.194642640746153,4.796654922275126,4.840986052409292,951720000
2018-10-26,4.910825729370117,5.073041916840247,4.782786099754351,4.911320774810144,664784000
2018-10-29,4.597041130065918,5.055457369385288,4.359040995660261,5.05199016249554,758016000
2018-10-30,5.027472496032715,5.037379072889265,4.597041840367508,4.620074206424561,807192000
2018-10-31,5.221390247344971,5.264978341200831,5.052486678885793,5.192166502945224,745772000
2018-11-01,5.4016876220703125,5.411098685242413,5.131243907746147,5.257797506375899,566528000
2018-11-02,5.3226823806762695,5.498024833610456,5.2060349347782315,5.3922745284325195,452960000
2018-11-05,5.244669437408447,5.332836176667664,5.083938864720117,5.30955581546362,379332000
2018-11-06,5.227085113525391,5.320947695639661,5.189935928010206,5.236743693915871,299012000
2018-11-07,5.294696807861328,5.384349162280916,5.230057947812317,5.29370624457511,483812000
2018-11-08,5.1015238761901855,5.236249946602723,5.048029201015198,5.235506905956611,511352000
2018-11-09,5.093597888946533,5.183993285196276,4.978932038542104,5.01261355260578,413240000
2018-11-12,4.694124221801758,5.024253391951755,4.672329941196356,5.002211588631082,617116000
2018-11-13,4.936086654663086,5.0574393896302965,4.785757701353562,4.791949548212664,644712000
2018-11-14,4.883583068847656,5.1235643739854275,4.775604117475924,5.109200026041026,526580000
2018-11-15,5.012365341186523,5.084434125552103,4.8417282002375694,4.877638831071296,840708000
2018-11-16,4.072251319885254,4.226542456330614,4.002411211250597,4.04476119501476,1963520000
2018-11-19,3.583622455596924,4.007614005727063,3.581888851770885,4.006871437548716,1697820000
2018-11-20,3.6920971870422363,3.8203843515255467,3.30153936389139,3.320113725640667,1692032000
2018-11-21,3.5838699340820312,3.8461405711433354,3.556627554839746,3.829299814728879,1025496000
2018-11-23,3.5910520553588867,3.7047273366228306,3.5363195387709654,3.5491978057546882,411968000
2018-11-26,3.790417432785034,3.8008190554545203,3.629686854474979,3.7121572676729935,814832000
2018-11-27,3.8072586059570312,3.888490705898638,3.72850315059442,3.764413552246549,738060000
2018-11-28,3.9642744064331055,3.969475218562402,3.7923991386658646,3.9248965589560467,804524000
2018-11-29,3.901057720184326,4.003690928347455,3.870813183574996,3.9665050381833353,549172000
2018-11-30,4.0515360832214355,4.06219588128502,3.8603999555622073,3.9107249927253704,729564000
2018-12-03,4.215402603149414,4.330431408137613,4.148467725949104,4.278866804028709,890804000
2018-12-04,3.89486026763916,4.175738270348914,3.879737762458066,4.170780025419611,812112000
2018-12-06,3.9241139888763428,3.9290719983161293,3.738679801953692,3.7542978508589564,692308000
2018-12-07,3.659348726272583,3.9384916186861436,3.6100154673684206,3.9283273587357552,681676000
2018-12-10,3.7647101879119873,3.7895009463822573,3.6107600932119954,3.614478777909194,629472000
2018-12-11,3.673727512359619,3.8646154478527586,3.594645256199173,3.856434532954165,671912000
2018-12-12,3.6913294792175293,3.787517127773194,3.590183585017902,3.67942987880975,654136000
2018-12-13,3.6910808086395264,3.8023909445402873,3.655134479873292,3.738183188098606,471384000
2018-12-14,3.630591869354248,3.7332250807148677,3.6070406787581133,3.649432585409025,471820000
2018-12-17,3.5594427585601807,3.6727360149747184,3.5014325656201577,3.6005953431535125,662868000
2018-12-18,3.6427395343780518,3.726779806904519,3.576052647688927,3.6033222877793443,564372000
2018-12-19,3.4337542057037354,3.6625720761072693,3.382189588551147,3.6090241135172154,745364000
2018-12-20,3.3492178916931152,3.515315316189248,3.2894723634968916,3.4253252500893248,749588000
2018-12-21,3.212125778198242,3.408715767879333,3.184608130322889,3.3757440972289046,863740000
2018-12-24,3.1503965854644775,3.2222894778505826,3.0864366008025543,3.1357700947550464,463840000
2018-12-26,3.299636125564575,3.3006276798444856,3.0854447972454904,3.196506914946772,695100000
2018-12-27,3.251790761947632,3.2817875322578445,3.1032947150243366,3.2473285301751025,637044000
2018-12-28,3.3132712841033936,3.405988478380253,3.2304705796899307,3.272366709105406,628728000
2018-12-31,3.3095531463623047,3.389130951728482,3.27881259232379,3.3566552955081495,465140000
2019-01-02,3.376983404159546,3.433010250221647,3.2240251353597276,3.238651627517134,508752000
2019-01-03,3.1729559898376465,3.350704994204598,3.1655188592795396,3.3167417748790142,705552000
2019-01-04,3.3762400150299072,3.41441746410469,3.2153485937451323,3.2460889111903297,585620000
2019-01-07,3.554980754852295,3.5919188806213604,3.3821897262720033,3.433506575098347,709160000
2019-01-08,3.466477632522583,3.6387728650754028,3.3938409502867053,3.6365415129519585,786016000
2019-01-09,3.5346519947052,3.5820021461537053,3.4672213296042775,3.5177941511133715,617260000
2019-01-10,3.6003472805023193,3.60902397316226,3.4548261413772305,3.5153154560127566,523156000
2019-01-11,3.68959379196167,3.7124011996404653,3.550270223301125,3.578035639733323,874764000
2019-01-14,3.7295072078704834,3.754793742407091,3.613734811399455,3.6372860071160105,730168000
2019-01-15,3.715376377105713,3.801647769092277,3.6970311995762875,3.7622305208363853,617012000
2019-01-16,3.6898412704467773,3.775616871967183,3.684387484891723,3.7426454425624702,470104000
2019-01-17,3.761239767074585,3.8011528010982487,3.629601298719511,3.656871182184397,493436000
2019-01-18,3.8903982639312744,3.9164285800705216,3.759503608388984,3.8110682269776825,651336000
2019-01-22,3.688106060028076,3.871804874593101,3.657861522351456,3.8601532826546614,661552000
2019-01-23,3.7009971141815186,3.832139758106404,3.6697610229184403,3.743389256295573,591020000
2019-01-24,3.912957191467285,3.9305583451684987,3.780822998564525,3.785533236384067,708972000
2019-01-25,3.970224142074585,3.9883213129565482,3.750826975539661,3.853460200679696,1154572000
2019-01-28,3.421358585357666,3.511348652137013,3.247576258086447,3.385164247758499,2511528000
2019-01-29,3.262450695037842,3.4235901208092536,3.2478242024071347,3.3752481748667558,1153932000
2019-01-30,3.405989170074463,3.4203676577365605,3.258980440620225,3.3385584911266375,974228000
2019-01-31,3.56365704536438,3.5993556057019305,3.380949782690653,3.402765635236416,842852000
2019-02-01,3.5879523754119873,3.6390212200351972,3.5346526511512444,3.5822505818322514,625048000
2019-02-04,3.6982696056365967,3.7354554899267245,3.581753472346997,3.603817090721217,528592000
2019-02-05,3.7173588275909424,3.754048939727334,3.6764542547714907,3.71016946739173,542424000
2019-02-06,3.792970657348633,3.8574264238034544,3.7451247279340616,3.750578513726454,702464000
2019-02-07,3.65463924407959,3.74884378662524,3.611751552669913,3.74661267058067,637120000
2019-02-08,3.673231840133667,3.6838916413500185,3.5730775132556327,3.5874559982311216,461604000
2019-02-11,3.630591869354248,3.6833958066617254,3.5822499269282733,3.6291043013049493,495180000
2019-02-12,3.7476046085357666,3.76322289528978,3.654639617932143,3.6690183431074446,591060000
2019-02-13,3.7899956703186035,3.8631281274147784,3.7634695803135063,3.7771045173246294,605372000
2019-02-14,3.8309009075164795,3.8591623408348905,3.7458688371274285,3.7890047712508377,827264000
2019-02-15,3.900562286376953,4.062445020815011,3.8777548785081706,4.039637849368373,1516748000
2019-02-19,3.883208990097046,3.963778826670554,3.8708138488600423,3.8899025744165323,551892000
2019-02-20,3.930558443069458,3.997741098949132,3.90130569749068,3.9124612753178587,540988000
2019-02-21,3.8616409301757812,3.9677448275400224,3.8470144373521085,3.9432023168388324,448548000
2019-02-22,3.946425199508667,3.965266154618352,3.8998188254349535,3.913453764488883,401740000
2019-02-25,3.934030055999756,4.097400372013151,3.9253531261563706,4.029969933755566,656020000
2019-02-26,3.8946123123168945,3.985346162492454,3.861144867868001,3.9293193180145027,488464000
2019-02-27,3.8527162075042725,3.9067597070524536,3.7956975718020582,3.8802338527077245,500256000
2019-02-28,3.828148365020752,3.8688470752041852,3.805813975406926,3.8465124489245444,324944000
2019-03-01,3.882495403289795,3.9246827342467894,3.819710339984673,3.87802833679696,357188000
2019-03-04,3.890685558319092,3.9437921858236966,3.8341044398570454,3.9209612704791406,409992000
2019-03-05,3.8842334747314453,3.9224502732848503,3.820703845449293,3.8750513137810176,362924000
2019-03-06,3.7733044624328613,3.88373651390848,3.7705747590328067,3.8752991412784,403524000
2019-03-07,3.7040672302246094,3.759407506394355,3.657909114121381,3.749729058125882,450104000
2019-03-08,3.7383134365081787,3.7489844603728097,3.593386642546014,3.614728690275275,422416000
2019-03-11,3.9988837242126465,4.021714400158295,3.714738037001707,3.7618889634089263,859728000
2019-03-12,4.033130168914795,4.079536070908694,3.950491917364302,4.0266777127384925,579576000
2019-03-13,4.18450927734375,4.213792413195135,4.063157928942841,4.070602962463781,768900000
2019-03-14,4.108571529388428,4.205603092784158,4.100878470466244,4.193691229076801,519384000
2019-03-15,4.214041233062744,4.256724864502702,4.148277948618004,4.1517522031925544,661484000
2019-03-18,4.192697048187256,4.299406782509972,4.165647102759236,4.24555539066264,486992000
2019-03-19,4.360454559326172,4.4048757721229,4.2703720052533924,4.2872467458703065,854972000
2019-03-20,4.327947616577148,4.4428465182643775,4.2932045970185815,4.389491623226425,719148000
2019-03-21,4.564693450927734,4.590998856980265,4.346062985080759,4.351026340687899,824312000
2019-03-22,4.404876232147217,4.5860344086584925,4.39097921842378,4.537394860626463,747644000
2019-03-25,4.312560558319092,4.428452011351479,4.2463012357652055,4.364178314815477,525212000
2019-03-26,4.389242649078369,4.510345483093209,4.332909563202776,4.454260896302469,703508000
2019-03-27,4.380061149597168,4.461210076311994,4.310576061685591,4.414804166884617,474372000
2019-03-28,4.398672580718994,4.464435374742539,4.345565726024359,4.4061171395403385,480264000
2019-03-29,4.455998420715332,4.480318673320571,4.415051921189798,4.4654286068279845,456896000
2019-04-01,4.52349853515625,4.553774244421854,4.476099581852805,4.5478183128725345,483824000
2019-04-02,4.541367053985596,4.5857882898936175,4.504639351966937,4.547571486262068,440920000
2019-04-03,4.680832386016846,4.739895168747722,4.586034492108522,4.59099784662336,783504000
2019-04-04,4.671899795532227,4.714335397681236,4.609114719215145,4.665447338520244,457376000
2019-04-05,4.738654613494873,4.75602635620326,4.678599721268177,4.715079386959449,481744000
2019-04-08,4.759500980377197,4.784565310046856,4.684059492263796,4.708131245510641,424192000
2019-04-09,4.696716785430908,4.737167240551744,4.654529202912215,4.725999925375275,439972000
2019-04-10,4.767193794250488,4.79300267580595,4.691504750071763,4.695971580854121,444772000
2019-04-11,4.7532958984375,4.801191372599079,4.703911796511383,4.769674590499929,374600000
2019-04-12,4.715327739715576,4.795980608365704,4.706642104424839,4.7920098293763855,471708000
2019-04-15,4.583552837371826,4.71259721540242,4.543846947721112,4.707633860863195,440092000
2019-04-16,4.670657634735107,4.689518003159528,4.590005254146283,4.622762636497848,394964000
2019-04-17,4.647826194763184,4.7264934099103,4.625491576540861,4.705647892457855,351004000
2019-04-18,4.623259544372559,4.688526295440458,4.595465511369635,4.654528304832472,380988000
2019-04-22,4.677109718322754,4.692743857747559,4.568166793760471,4.599683098315762,279936000
2019-04-23,4.731707572937012,4.762976340842555,4.680586325300699,4.6902645393356766,346856000
2019-04-24,4.744114398956299,4.784812868304873,4.681329331364547,4.7421287729730555,318204000
2019-04-25,4.638398170471191,4.726247583469175,4.5587383421868966,4.703912954853981,499296000
2019-04-26,4.4195170402526855,4.489002570313442,4.300647420111964,4.484535268096744,868988000
2019-04-29,4.450291156768799,4.478085191279062,4.355244741377716,4.427460004612761,391920000
2019-04-30,4.491733074188232,4.517293450332048,4.398920333761502,4.41802872777135,362920000
2019-05-01,4.47858190536499,4.586284266973485,4.478333406238044,4.544096688524751,354280000
2019-05-02,4.546082019805908,4.587773074967162,4.445080137362856,4.488260294017494,394684000
2019-05-03,4.541615009307861,4.5644456890902845,4.480070532216394,4.554519450633652,336824000
2019-05-06,4.463195323944092,4.47535521329689,4.318020255687678,4.355244474386474,422176000
2019-05-07,4.295933246612549,4.414802885598528,4.247789750628167,4.414802885598528,555220000
2019-05-08,4.316035747528076,4.396192102920152,4.256476894047728,4.268388759410136,419168000
2019-05-09,4.223470687866211,4.256724603419944,4.1046014888802915,4.2470463910318275,660248000
2019-05-10,4.189472198486328,4.258213200204973,4.069857989647031,4.192698426677271,569500000
2019-05-13,3.9321281909942627,4.080529244233169,3.916245785820489,4.057450068746482,656912000
2019-05-14,4.021218776702881,4.056457844049771,3.933121108335654,3.971834193262264,524880000
2019-05-15,3.960170269012451,3.996649933438713,3.9063190991459917,3.965629675389673,502320000
2019-05-16,3.9753077030181885,4.017991795753841,3.912274850177499,3.9547104438481218,781088000
2019-05-17,3.8844809532165527,4.062661426385714,3.8450233212653178,3.93336900724729,1022068000
2019-05-20,3.765859603881836,3.840804563253504,3.741043301264618,3.7857125513092895,572064000
2019-05-21,3.848001718521118,3.863884126361755,3.787946578352127,3.8266599030888346,361848000
2019-05-22,3.777026653289795,3.8353446527123523,3.766107367299259,3.809287749778588,325868000
2019-05-23,3.655924081802368,3.7147383773241556,3.596116973178139,3.7147383773241556,591844000
2019-05-24,3.602072238922119,3.710022598078522,3.5953717575496245,3.674783537771877,357584000
2019-05-28,3.5569069385528564,3.6524493907931337,3.554921549251234,3.6196920056439863,428356000
2019-05-29,3.482706308364868,3.544250296076037,3.447963536163076,3.509259498143715,559800000
2019-05-30,3.4561233520507812,3.5217129097736546,3.417862697733788,3.4859367658397282,394300000
2019-05-31,3.365440607070923,3.4745081483814344,3.3637014971959016,3.407179481007383,389720000
2019-06-03,3.3237013816833496,3.4153775710784777,3.294384827873718,3.3766200690654826,478644000
2019-06-04,3.5527687072753906,3.5579860371069967,3.3656892861228087,3.3878008606857044,641836000
2019-06-05,3.5100362300872803,3.6320229495986722,3.473763229037582,3.6265570737774966,511616000
2019-06-06,3.5721476078033447,3.5967436938398136,3.5117753750832876,3.514259885657307,408140000
2019-06-07,3.614879608154297,3.649164948157457,3.558979313986619,3.5781097579801444,348856000
2019-06-10,3.687673568725586,3.7562444749522297,3.6710276375043205,3.6710276375043205,402780000
2019-06-11,3.7453131675720215,3.785312926813548,3.7058104998942736,3.7475491318653398,383872000
2019-06-12,3.632270574569702,3.7080464735024403,3.6171154421703386,3.701835198298818,358892000
2019-06-13,3.683450937271118,3.701835745947471,3.636743041186427,3.654382686276844,308080000
2019-06-14,3.5935134887695312,3.614631353049393,3.548793486774963,3.590283814836257,394428000
2019-06-17,3.603203535079956,3.6402219396797015,3.568917950144143,3.591774927789356,276040000
2019-06-18,3.7982325553894043,3.8536357625554243,3.6536374159713,3.6645689299172894,581920000
2019-06-19,3.804194688796997,3.8449396100611724,3.7781078078082726,3.833511243219726,331644000
2019-06-20,3.828542947769165,3.9087907874263683,3.8141332136039043,3.8948779079652946,350168000
2019-06-21,3.7704057693481445,3.862827593085385,3.7639461858862915,3.813635435245714,434428000
2019-06-24,3.7927651405334473,3.8223302333668214,3.7445667013116397,3.7917714315605813,282948000
2019-06-25,3.7634496688842773,3.872765742957589,3.7607168499600174,3.7977352445402626,311868000
2019-06-26,3.956740140914917,4.017857999583035,3.8779831134734057,3.890902281694261,584072000
2019-06-27,4.055373191833496,4.074503399227054,4.006429335736305,4.042454023040567,445440000
2019-06-28,4.08021879196167,4.1085416465082805,4.033511126094059,4.099349003911789,397668000
2019-07-01,4.128415584564209,4.321705992505331,4.090900102637731,4.287420420704294,709756000
2019-07-02,4.030529022216797,4.132888674896865,4.017361543065561,4.111770572605332,400228000
2019-07-03,4.043447494506836,4.059596573016038,3.9835723656335356,4.053882152471348,246636000
2019-07-05,3.9808404445648193,3.989535994829788,3.9174866082092477,3.985064065246654,396552000
2019-07-08,3.9058094024658203,3.940094983176473,3.875747679059242,3.9212130828973284,329788000
2019-07-09,3.9082937240600586,3.9363680273034034,3.850902862411246,3.863573485967393,342860000
2019-07-10,3.976616382598877,4.0340070079790475,3.9378588740593776,3.9517717529394187,452076000
2019-07-11,4.131148815155029,4.1718937373983955,4.012391793843723,4.049658496796459,682560000
2019-07-12,4.164193153381348,4.235248835282118,4.158975822873051,4.158975822873051,506392000
2019-07-15,4.155744552612305,4.201458493777884,4.127422181326354,4.185309889697396,289840000
2019-07-16,4.15102481842041,4.178105174932756,4.095372830579117,4.1408384684179715,341444000
2019-07-17,4.216365814208984,4.223322253041952,4.123447125372222,4.152763681560259,348204000
2019-07-18,4.2280426025390625,4.290899336423999,4.170154889058343,4.226800584373942,442192000
2019-07-19,4.184813976287842,4.272763664177601,4.178851245424811,4.266304315501294,344896000
2019-07-22,4.2563652992248535,4.26928446749446,4.198725896647237,4.206179426989189,315940000
2019-07-23,4.364190578460693,4.366177997005154,4.279967438837135,4.295619899958281,428176000
2019-07-24,4.438723564147949,4.444437984259392,4.331395391009133,4.407419592627762,366236000
2019-07-25,4.307544708251953,4.409904341038965,4.284190882761843,4.39723348212656,392700000
2019-07-26,4.349532604217529,4.396240260376979,4.334626016349422,4.334626016349422,274160000
2019-07-29,4.343322277069092,4.35947135966412,4.25512427974664,4.342328567564652,248160000
2019-07-30,4.358973026275635,4.371146793513117,4.282451729768207,4.296861698157642,197772000
2019-07-31,4.191771030426025,4.328416294726717,4.149535290387198,4.327422111210673,359416000
2019-08-01,4.097360134124756,4.292637970423486,4.045186373406644,4.202203799351424,421212000
2019-08-02,4.004691123962402,4.074007695039552,3.957238295063743,4.004691123962402,428348000
2019-08-05,3.746306896209717,3.822331099383224,3.699350701033166,3.8210888444177598,589156000
2019-08-06,3.785065174102783,3.866555273543736,3.7373638027308904,3.8210898669336553,361272000
2019-08-07,3.8233251571655273,3.8352506163725377,3.706804331850777,3.7241954290810595,372560000
2019-08-08,3.9318959712982178,3.933138226420226,3.8235738361800475,3.880964695975573,309300000
2019-08-09,3.8305304050445557,3.8943808514754075,3.7800959826754443,3.8909026317903614,341816000
2019-08-12,3.762704610824585,3.830530126690227,3.7408413480102225,3.7783565982699034,279200000
2019-08-13,3.8769888877868652,3.922951373665097,3.7222076630151775,3.7612134737148106,351956000
2019-08-14,3.7284188270568848,3.7999711041685047,3.684692540793524,3.7887910460613194,419880000
2019-08-15,3.6961209774017334,3.767176401237818,3.661835638979853,3.747300794658426,477200000
2019-08-16,3.9641942977905273,4.013386231408459,3.8976107906915054,3.9589769679077773,1007960000
2019-08-19,4.242948532104492,4.258849300158553,4.061335271493826,4.077484348368043,815112000
2019-08-20,4.170652389526367,4.237981058827064,4.149534287674017,4.237483967189162,463188000
2019-08-21,4.254129409790039,4.309284306296547,4.215123593272236,4.236738311589228,427244000
2019-08-22,4.260341644287109,4.306303907872529,4.22108703837855,4.26381986451658,303488000
2019-08-23,4.035745143890381,4.238228187022557,4.015869539733784,4.183818702873682,568056000
2019-08-26,4.110527038574219,4.138601570357348,4.072266633541392,4.114502348678509,318208000
2019-08-27,4.019845008850098,4.151520713885262,3.9905284560210776,4.14878789520998,290968000
2019-08-28,4.0093994140625,4.0621219212705,3.954189937963268,3.993483382367593,255612000
2019-08-29,4.153144359588623,4.185474015673862,4.097437284155335,4.100918946723606,357976000
2019-08-30,4.165826320648193,4.249138122626399,4.1476718737087,4.199399690907395,290616000
2019-09-03,4.082764625549316,4.126036854372874,4.059885263469695,4.092961058921285,296140000
2019-09-04,4.196914196014404,4.204375105695082,4.1434455291553975,4.1434455291553975,227728000
2019-09-05,4.469976425170898,4.47619361108843,4.297384649844014,4.299125480874559,695676000
2019-09-06,4.442869186401367,4.503549723228419,4.404819454977584,4.44659940341439,376976000
2019-09-09,4.488877773284912,4.575422713735388,4.472464151286875,4.473956428106972,417524000
2019-09-10,4.555527210235596,4.582136790985411,4.446351465394073,4.456050315577529,352812000
2019-09-11,4.584125518798828,4.6323716774588215,4.541101853127337,4.57019887082949,361512000
2019-09-12,4.5826334953308105,4.68534300411401,4.574675478100688,4.630631102023406,327840000
2019-09-13,4.524688243865967,4.553039123427672,4.480918439928201,4.515984088869944,324592000
2019-09-16,4.481665134429932,4.516233204088188,4.439139046979034,4.449584034270801,231832000
2019-09-17,4.503052711486816,4.507280512218922,4.441874589707027,4.488379923419251,223048000
2019-09-18,4.475945472717285,4.511757267620517,4.389401013212603,4.496089785228219,258152000
2019-09-19,4.4003424644470215,4.5003164401635996,4.38964844989743,4.481912963716712,245476000
2019-09-20,4.294649600982666,4.422974490707629,4.284453641507711,4.399348989262219,350244000
2019-09-23,4.348118305206299,4.393628951438278,4.2911679773319555,4.2948986692139135,249712000
2019-09-24,4.290669918060303,4.409046903518779,4.2551071589321605,4.379452775739381,317268000
2019-09-25,4.432424068450928,4.45207079453201,4.245408050238086,4.290172550436639,308432000
2019-09-26,4.410289764404297,4.4314287640659,4.359308084955639,4.422724609599605,234564000
2019-09-27,4.271520614624023,4.419243167638344,4.210839610602333,4.368510040267735,362056000
2019-09-30,4.328969478607178,4.339165913267927,4.266050513424115,4.297385955837763,186184000
2019-10-01,4.327228546142578,4.501312646724245,4.3225036353085935,4.3520977711315325,366008000
2019-10-02,4.303354740142822,4.317281393108845,4.230985476187773,4.3053441264691,293372000
2019-10-03,4.509021282196045,4.515238468714952,4.277489784056341,4.307830052714989,450588000
2019-10-04,4.5254340171813965,4.554779587185025,4.446101461464738,4.511258341373062,265524000
2019-10-07,4.584125518798828,4.683850469153932,4.581638549612751,4.590342704593588,480984000
2019-10-08,4.407556056976318,4.492359696487562,4.389401602417057,4.492359696487562,444436000
2019-10-09,4.494101047515869,4.543590951126894,4.455554192923442,4.484402195184562,292412000
2019-10-10,4.551795959472656,4.602777648271692,4.486639066326071,4.491861559963687,309124000
2019-10-11,4.6254096031188965,4.708720958826774,4.61695400046996,4.635854591917818,446404000
2019-10-14,4.638837814331055,4.6597277880704375,4.585617712750417,4.616704118721902,200040000
2019-10-15,4.883551120758057,4.956169413310423,4.715187089656604,4.72911421687751,664124000
2019-10-16,4.829833507537842,4.954428183676151,4.818393825639987,4.84948023741831,428944000
2019-10-17,4.831822872161865,4.919362020393605,4.7773590441272065,4.874348961473756,263436000
2019-10-18,4.737319469451904,4.8648981994758875,4.662960840376876,4.832319517383728,307440000
2019-10-21,4.874597549438477,4.888027090545017,4.779846046393975,4.798746636070834,261868000
2019-10-22,4.864649295806885,5.036743484469877,4.856939833618063,4.931547011974731,328720000
2019-10-23,4.851717948913574,4.865893153302689,4.750749263949336,4.782581809503783,279916000
2019-10-24,4.8957366943359375,4.929309599382195,4.858930206909556,4.893000695631441,232020000
2019-10-25,5.086730480194092,5.10762045221123,4.968602052373202,4.97631151457108,423092000
2019-10-28,5.142686367034912,5.195159854407328,5.101154501129985,5.130500075054106,330792000
2019-10-29,5.046444892883301,5.1352277932418975,5.027047187430723,5.128761575196964,211236000
2019-10-30,5.048431396484375,5.079020688675397,4.980289962888959,5.073300612466931,205960000
2019-10-31,4.9991912841796875,5.04843213985258,4.919361606152492,5.027542166113943,209732000
2019-11-01,5.038236618041992,5.070566274339447,4.938759730853926,4.963877507310036,283640000
2019-11-04,5.234951972961426,5.247386823273169,5.096182553606049,5.11931047393792,376716000
2019-11-05,5.212818145751953,5.260815286841443,5.16482053032148,5.23470281570408,300868000
2019-11-06,5.163576126098633,5.214308780276735,5.076036517214731,5.18869389856804,269012000
2019-11-07,5.181235313415527,5.264795714136958,5.136470796088294,5.250122921205969,280340000
2019-11-08,5.1673078536987305,5.1988918502411705,5.126771144822552,5.164323774367823,189100000
2019-11-11,5.177253723144531,5.20038163341624,5.080263830265678,5.1665597090940025,243436000
2019-11-12,5.212818145751953,5.268773779861292,5.180488013003898,5.215553670203346,283504000
2019-11-13,5.186953067779541,5.209086287450705,5.120552460084292,5.181481545761005,300188000
2019-11-14,5.217295169830322,5.21953358521778,5.1359731925350305,5.195907606489557,518080000
2019-11-15,5.078027725219727,5.266784137947912,4.989741954699469,5.215056302877689,1053628000
2019-11-18,5.279219627380371,5.305829212198422,5.067583350709462,5.070567430321754,574588000
2019-11-19,5.172529697418213,5.271757556385431,5.114336125889442,5.248132056380267,414564000
2019-11-20,5.251861572265625,5.335670492917985,5.13696624685976,5.149649647993549,472588000
2019-11-21,5.226992607116699,5.303092068928658,5.205356494921944,5.247385471771006,288388000
2019-11-22,5.244650363922119,5.296129164582115,5.22102438971042,5.2496238288195185,224100000
2019-11-25,5.501299858093262,5.506273797518019,5.359794459543421,5.372726417443207,506476000
2019-11-26,5.396600723266602,5.488367672442759,5.390134507414551,5.483642287883037,385244000
2019-11-27,5.431443214416504,5.476489490194554,5.405062737577762,5.442145122688888,215784000
2019-11-29,5.394111156463623,5.428953468775326,5.370219013912225,5.40058214285917,141556000
2019-12-02,5.207703590393066,5.4005818879335274,5.192522501327096,5.387142439710027,372036000
2019-12-03,5.168132781982422,5.172114489013946,4.98670308268692,5.024034196907252,465232000
2019-12-04,5.211935520172119,5.2741542153860514,5.183314977336627,5.251755447133758,273424000
2019-12-05,5.19501256942749,5.2495161149548695,5.1644006964450595,5.233837071340404,184884000
2019-12-06,5.280375957489014,5.31322789545581,5.254244219585735,5.264199438610396,232236000
2019-12-09,5.280375957489014,5.335128712742705,5.2487691339367535,5.257479713237847,211880000
2019-12-10,5.325422763824463,5.377188764051814,5.257728507924325,5.310489935126667,256388000
2019-12-11,5.40904426574707,5.414519826084976,5.333386594889991,5.335875399645226,233796000
2019-12-12,5.576537609100342,5.594705458329405,5.371216181410031,5.380175499633044,404348000
2019-12-13,5.5745463371276855,5.6987349912449154,5.520540269672708,5.579523946741145,454704000
2019-12-16,5.6034159660339355,5.675838623922071,5.5939586970581,5.622081765896798,320976000
2019-12-17,5.681562423706055,5.7042099297644295,5.612624003881161,5.622081272026224,321196000
2019-12-18,5.711925983428955,5.7724025716110905,5.707943800274374,5.716405642795958,343548000
2019-12-19,5.860004425048828,5.873443873474794,5.741540092305379,5.746517700958766,445360000
2019-12-20,5.957314491271973,5.982699535294677,5.907290617285012,5.9264538879845015,603044000
2019-12-23,5.94362735748291,6.018040861898894,5.932925924459894,5.985936088138887,355060000
2019-12-24,5.938649654388428,5.955822074319842,5.893852119730991,5.928196959593819,138864000
2019-12-26,5.952834606170654,5.980957191406503,5.9232181688023156,5.942132700760111,182852000
2019-12-27,5.895096778869629,5.981456354930958,5.868715829045477,5.968016904612984,254644000
2019-12-30,5.781858921051025,5.878422456289142,5.750500835781686,5.873196108744252,258056000
2019-12-31,5.856022357940674,5.865479623924466,5.727354077773596,5.746517347751293,231004000
2020-01-02,5.9707536697387695,5.9707536697387695,5.891363041927383,5.941884393688347,237536000
2020-01-03,5.875186443328857,5.918988548422026,5.826157991152776,5.851045561653233,205384000
2020-01-06,5.899824142456055,5.905050488955514,5.755726032004728,5.781857764502028,262636000
2020-01-07,5.97125244140625,6.017045403475826,5.883150748902034,5.928197022093987,314856000
2020-01-08,5.982451915740967,6.023765219861093,5.926952946804154,5.967021611212417,277108000
2020-01-09,6.048153877258301,6.120576516953265,5.994397032737195,6.06881052602453,255112000
2020-01-10,6.080508232116699,6.185782344219764,6.06632256758394,6.155419686593314,316296000
2020-01-13,6.27114725112915,6.296283564365258,6.140985551163511,6.163633534107025,319840000
2020-01-14,6.154174327850342,6.2537241224035025,6.140983618120265,6.228338604376113,359088000
2020-01-15,6.111617565155029,6.189266562204564,6.085734566138518,6.166867794798315,263104000
2020-01-16,6.195239067077637,6.201212102853012,6.141730957829296,6.165125150161636,284192000
2020-01-17,6.203951358795166,6.221870471070284,6.1564162721937175,6.214404055616224,253792000
2020-01-21,6.170600891113281,6.204199040327583,6.13650479111519,6.167365397745973,217916000
2020-01-22,6.224606037139893,6.311214340256056,6.196980925833093,6.215895459222514,239240000
2020-01-23,6.293047904968262,6.301509746751853,6.175828183875581,6.264676573221283,244516000
2020-01-24,6.2338151931762695,6.4583003373897805,6.179560391908617,6.408525194546055,373512000
2020-01-27,5.977970600128174,6.028989896280902,5.779617237594221,5.929190895330487,470536000
2020-01-28,6.171347141265869,6.20370064856638,5.990663647306005,6.043923016293822,310976000
2020-01-29,6.110871315002441,6.19299997011159,6.071050915088323,6.1569130145371735,258848000
2020-01-30,6.117589950561523,6.131029399451764,5.958061527643845,6.01306253868388,290504000
2020-01-31,5.884146213531494,6.083743794323115,5.842335433644446,6.071797721586541,370420000
2020-02-03,5.981207847595215,6.000619860257822,5.859756738000507,5.865978512587702,255564000
2020-02-04,6.150441646575928,6.169605393823703,6.073041867526822,6.123065746362249,271544000
2020-02-05,6.240783214569092,6.281598562985633,6.157409927409583,6.27139460720877,208220000
2020-02-06,6.32764196395874,6.32764196395874,6.193996500071519,6.275129742702018,218284000
2020-02-07,6.261440277099609,6.309722042005786,6.236054755001405,6.287572013355755,189752000
2020-02-10,6.544659614562988,6.545405828690706,6.279109918334532,6.284087527331507,529608000
2020-02-11,6.6671061515808105,6.781837531508206,6.590950532170923,6.652920487059736,638556000
2020-02-12,6.782832622528076,6.789303609316135,6.6810427471678455,6.719867243823403,374644000
2020-02-13,6.739030361175537,6.806226658607772,6.69746832287338,6.724844697684495,528016000
2020-02-14,7.212142467498779,7.341059519682939,7.11781899548029,7.149177081897548,1041924000
2020-02-18,7.380877494812012,7.399294550744959,7.089445314376688,7.108857322349314,620164000
2020-02-19,7.832088470458984,7.849758840322369,7.503325127505003,7.503325127505003,694332000
2020-02-20,7.682764530181885,7.872406892694111,7.375404030472952,7.784056461298665,810052000
2020-02-21,7.31865930557251,7.5956571049615285,7.233793118792383,7.5705207982384355,768180000
2020-02-24,6.801250457763672,7.015034204090224,6.669844590969031,6.724348139142217,856916000
2020-02-25,6.521762847900391,6.9383791289907055,6.419972975741394,6.876409179119824,1055496000
2020-02-26,6.661133289337158,6.8552557873010365,6.520519381374337,6.522012284469121,747732000
2020-02-27,6.290336608886719,6.648930749588357,6.1979487749822635,6.347611926679557,906416000
2020-02-28,6.725381374359131,6.784898103552778,6.021142747479022,6.037827190608867,1133252000
2020-03-02,6.883760452270508,6.9126474759438485,6.499517154839416,6.895464783839426,890744000
2020-03-03,6.6212897300720215,6.99930752770116,6.5358745190694,6.939541911176485,652792000
2020-03-04,7.0849714279174805,7.094434352559706,6.653911295478629,6.728618670281707,597408000
2020-03-05,6.805567741394043,7.052349995369933,6.760992293337809,6.8855041236938455,540328000
2020-03-06,6.625024795532227,6.683545501636067,6.424809580590504,6.626020817874118,515412000
2020-03-09,6.112035751342773,6.459672694457818,5.931244648976201,5.974076456092532,614160000
2020-03-10,6.5015082359313965,6.5015082359313965,6.125731896825356,6.388451401363497,580648000
2020-03-11,6.137685775756836,6.389946856189542,6.040566703714004,6.361558080137427,499964000
2020-03-12,5.386630058288574,5.879945599168345,5.373929705464922,5.614486423807878,816540000
2020-03-13,5.997485160827637,6.001967498882198,5.468808182759905,5.739994622297284,634836000
2020-03-16,4.8908233642578125,5.630423762094132,4.8310577571051,5.289510107058595,726972000
2020-03-17,5.410536766052246,5.499936546857381,4.756351898864725,5.003134146835945,833632000
2020-03-18,5.050698280334473,5.228003117587836,4.49936014151832,4.982963997555656,874268000
2020-03-19,5.3034563064575195,5.397089051683916,4.815868008217613,5.029280865027534,765512000
2020-03-20,5.123661041259766,5.735511767463592,5.108221508815818,5.453617044388222,804636000
2020-03-23,5.296481132507324,5.390861451322692,4.943614842948687,5.122662723342827,643876000
2020-03-24,6.205170631408691,6.2918312232495754,5.678983959481302,5.702641033345908,1101644000
2020-03-25,6.116517066955566,6.519934989132951,6.067708184473197,6.32021807223545,793432000
2020-03-26,6.405884742736816,6.529898321725795,6.225591384455228,6.323706480486076,696108000
2020-03-27,6.29357385635376,6.5523092762191855,6.19271912359753,6.225590232425137,638828000
2020-03-30,6.613818168640137,6.623032205750341,6.314989641822439,6.35906683290393,602252000
2020-03-31,6.564262390136719,6.858110320495774,6.418583333995227,6.653910565095111,949960000
2020-04-01,6.053019046783447,6.512716976969378,6.008444065429004,6.366291200685328,656912000
2020-04-02,6.361807346343994,6.375005474274907,6.034092229865185,6.082153516472062,675764000
2020-04-03,6.0739359855651855,6.365791446483019,5.936474920446997,6.324204542857716,663212000
2020-04-06,6.683794021606445,6.720649696082763,6.2985542597634785,6.356078940367916,727884000
2020-04-07,6.450459003448486,6.929082636686835,6.407377832223849,6.9054250880511185,784520000
2020-04-08,6.647686958312988,6.672589420921052,6.489556866972999,6.559532554163923,542444000
2020-04-09,6.548074722290039,6.796351154334703,6.485071695155627,6.773441221726604,525564000
2020-04-13,6.719902515411377,6.728618304084489,6.399907202770345,6.488310473583268,398408000
2020-04-14,7.07102632522583,7.105142347092595,6.82050841584251,6.848150054899666,530948000
2020-04-15,6.993579387664795,7.076504300320507,6.857612606318215,6.9029347084421175,366148000
2020-04-16,7.338726043701172,7.4458062782420305,7.135772131696852,7.148970258403204,745620000
2020-04-17,7.279458999633789,7.442320290044021,7.145484257149034,7.420904147198899,539120000
2020-04-20,7.148222923278809,7.308843270603872,7.1038968447451385,7.152954622799317,449388000
2020-04-21,6.711435794830322,7.091445616166111,6.651670181611287,7.030186206973382,735160000
2020-04-22,7.125810146331787,7.168642425254875,6.858110065474341,6.903681049184301,483356000
2020-04-23,7.072519302368164,7.29987788446425,7.047367959603796,7.167895675399219,424160000
2020-04-24,7.211474418640137,7.213466463069181,6.987602158038459,7.062309523825545,352328000
2020-04-27,7.397993564605713,7.5578667740678345,7.321294150960293,7.345947720515012,479388000
2020-04-28,7.255551338195801,7.575297730946533,7.250072978732017,7.545414690746777,442904000
2020-04-29,7.432358264923096,7.485151239621805,7.3150679863591925,7.390273122248136,379160000
2020-04-30,7.278463363647461,7.432359986140536,7.264518100117333,7.378321614986375,375916000
2020-05-01,7.041889667510986,7.194291996413237,6.993579026001482,7.080986271988057,342096000
2020-05-04,7.25380802154541,7.267504394879281,6.994574375281932,6.994574375281932,317556000
2020-05-05,7.314819812774658,7.477432203170718,7.253808818035892,7.357900981818073,368896000
2020-05-06,7.41567325592041,7.520512543593751,7.356405900394194,7.394257592144436,323464000
2020-05-07,7.591982364654541,7.655234286800449,7.503579100729449,7.554877806490733,373732000
2020-05-08,7.781988620758057,7.788214116659685,7.629835164045799,7.663702298727556,339216000
2020-05-11,8.033998489379883,8.080814851069277,7.74836814576065,7.777005798656565,469060000
2020-05-12,7.772027492523193,8.14058236175115,7.762315680862196,8.091773941626728,493060000
2020-05-13,7.74961519241333,8.046948977792091,7.56508841049822,7.8865779921689985,625852000
2020-05-14,7.999135971069336,8.004614330322685,7.65747520363775,7.811122899270559,602312000
2020-05-15,8.457589149475098,8.467300485063323,7.843247666290746,7.858936085271432,987660000
2020-05-18,8.71607494354248,8.881675866608335,8.646597525881372,8.726285002404106,774460000
2020-05-19,8.771108627319336,9.05200681717185,8.728525237656509,8.755917983642572,717320000
2020-05-20,8.934967041015625,9.00768188667525,8.85403418096202,8.955884932236916,587536000
2020-05-21,8.740979194641113,9.017145749409037,8.70337638192657,9.016150202023102,761068000
2020-05-22,8.990996360778809,9.057486181890054,8.679219108082181,8.790781187022999,1038764000
2020-05-26,8.68370246887207,9.14589101839165,8.638131479647026,9.120988085794831,770780000
2020-05-27,8.491954803466797,8.599034084910985,7.965518321925909,8.591314793554313,1175892000
2020-05-28,8.453853607177734,8.726284915463808,8.34652354679556,8.379394654282432,734896000
2020-05-29,8.840836524963379,8.840836524963379,8.451861551510003,8.521090089361191,745256000
2020-06-01,8.771856307983398,8.806221687857695,8.655562517360025,8.798751283519696,389876000
2020-06-02,8.790782928466797,8.802736146428314,8.62418643742466,8.761896855847086,391320000
2020-06-03,8.735252380371094,8.831624802406887,8.666023828096275,8.787796961741876,365440000
2020-06-04,8.736248970031738,8.912388271948576,8.64755539239078,8.697881042993215,424280000
2020-06-05,8.8892183303833,8.965952278985723,8.677950020915608,8.764151688071133,481748000
2020-06-08,8.774616241455078,8.859073012868846,8.65577744970242,8.846616337617116,387736000
2020-06-09,9.01478385925293,9.07831413874504,8.72105171133623,8.769633410246842,468488000
2020-06-10,9.334428787231445,9.467219229487538,9.121914469599826,9.136116051147837,632180000
2020-06-11,8.765894889831543,9.229289397995633,8.755680170871136,9.118423392635822,583652000
2020-06-12,8.901676177978516,9.155547353636894,8.67321730504706,9.130883002675036,570908000
2020-06-15,9.142094612121582,9.150565380518554,8.713578083346396,8.784832138074822,400004000
2020-06-16,9.03720474243164,9.234771362037131,8.808247914587062,9.193165484284528,535716000
2020-06-17,9.20412826538086,9.266910589860908,9.038949737386892,9.082300523775523,408304000
2020-06-18,9.186188697814941,9.250465961094562,9.083045515800086,9.195157463559028,254408000
2020-06-19,9.229288101196289,9.41240411476857,9.195405993409821,9.21060356951185,524160000
2020-06-22,9.49387264251709,9.498357500699983,9.24124749036034,9.267905738300618,398468000
2020-06-23,9.417389869689941,9.60922570717564,9.375036984335335,9.51804117290251,375108000
2020-06-24,9.203629493713379,9.523521851780817,9.112942971120358,9.443548049476501,449372000
2020-06-25,9.457249641418457,9.47219821833434,9.150561942125533,9.323463251881568,376072000
2020-06-26,9.123407363891602,9.467217092844338,9.093511154968905,9.467217092844338,592084000
2020-06-29,9.168251037597656,9.172735896063203,8.869286133575109,9.138105831903935,342248000
2020-06-30,9.464975357055664,9.493376613630447,9.234523546788532,9.281859291207626,367892000
2020-07-01,9.497110366821289,9.542703093000721,9.380514522786697,9.487892601594718,326648000
2020-07-02,9.579079627990723,9.703897268706609,9.545196562472253,9.605736929256501,364056000
2020-07-06,9.80529499053955,9.874555120077645,9.678982404276315,9.708131608857562,315892000
2020-07-07,9.837682723999023,10.035248385894452,9.81675528569357,9.911925710056408,357800000
2020-07-08,10.180743217468262,10.189712933125293,9.93110799049209,9.959260238552334,365480000
2020-07-09,10.472736358642578,10.533525736341069,10.198186731550772,10.344430789066307,494548000
2020-07-10,10.443087577819824,10.618479869923425,10.34293428234566,10.552209640724762,497676000
2020-07-13,10.017561912536621,10.75500811512354,9.99040565708493,10.558439364814555,457076000
2020-07-14,10.341187477111816,10.366848770172666,9.75172853933137,10.040229672823857,542676000
2020-07-15,10.191954612731934,10.396994057811794,10.021046274849274,10.378309526653245,403984000
2020-07-16,10.099778175354004,10.171529274896972,9.861353577760145,9.980441376324745,344964000
2020-07-17,10.166297912597656,10.21313566260369,10.052940920694368,10.190215263746163,266284000
2020-07-20,10.474477767944336,10.49490720598803,10.121699312228516,10.23879412998473,284852000
2020-07-21,10.29285717010498,10.523558910117604,10.251251290814393,10.47672022047995,277036000
2020-07-22,10.402727127075195,10.565911737188781,10.255985098028882,10.33172304210224,367292000
2020-07-23,10.094793319702148,10.510603105060774,9.996632984171347,10.413937722405896,411660000
2020-07-24,10.159317016601562,10.328979394077516,9.743258336277663,9.84091969584202,473292000
2020-07-27,10.385536193847656,10.405715681180023,10.182488715413822,10.196939292576193,292132000
2020-07-28,10.180249214172363,10.346174763234469,10.174021351300896,10.338451947166476,271636000
2020-07-29,10.429384231567383,10.47995887667741,10.31129340937831,10.354892241369713,284508000
2020-07-30,10.577371597290039,10.5863403635823,10.25972121762195,10.339196062638807,308880000
2020-07-31,10.578117370605469,10.729344229172773,10.396994311073172,10.526794782802703,386080000
2020-08-03,10.972254753112793,11.06044937073828,10.678272694361175,10.695463227056676,412720000
2020-08-04,11.18900203704834,11.18900203704834,10.868362731603609,11.011865830271953,310336000
2020-08-05,11.24779987335205,11.332506580940676,11.127716100125092,11.205197994341091,249924000
2020-08-06,11.296380996704102,11.31880338730458,11.14017221407124,11.310581622328327,244316000
2020-08-07,11.16085147857666,11.465048251791373,10.999410824519805,11.273461440715383,342516000
2020-08-10,11.126472473144531,11.368882974703345,10.819036736875272,11.295138922348446,427796000
2020-08-11,10.812556266784668,11.098316512695563,10.758492772663406,11.035533253455245,354512000
2020-08-12,11.400771141052246,11.427428441497376,10.920434129138265,10.952822240724048,464412000
2020-08-13,11.403510093688965,11.681298546736729,11.316561436383628,11.50615432938051,374460000
2020-08-14,11.524091720581055,11.66435591118837,11.401018059489926,11.490208662293185,366436000
2020-08-17,12.294425010681152,12.366924042281948,11.776469020888552,11.810351132151725,621300000
2020-08-18,12.218437194824219,12.452875803604645,12.0445398919427,12.407034073517147,503448000
2020-08-19,12.096611976623535,12.272502269183928,12.05625109770303,12.254066733502945,622624000
2020-08-20,12.099099159240723,12.332291791119165,11.837754281373607,11.933672638630139,921388000
2020-08-21,12.639730453491211,12.764548088001417,12.153164638813207,12.159642451084375,999868000
2020-08-24,12.676353454589844,12.867940264465586,12.46433720627704,12.839289060494515,490564000
2020-08-25,12.706001281738281,12.717212003155831,12.530359043130268,12.587162502642434,289076000
2020-08-26,12.728920936584473,12.82409136442748,12.633999509151844,12.755080235422875,321244000
2020-08-27,12.584672927856445,12.805657977980829,12.523135602375184,12.737393838758157,317604000
2020-08-28,13.102375030517578,13.102624030874669,12.598868747372684,12.631256851072234,537160000
2020-08-31,13.32834529876709,13.5281529158447,12.992757381915121,13.13725649731869,500840000
2020-09-01,13.777425765991211,13.949630647103293,13.39413750128578,13.437500302872197,511316000
2020-09-02,14.30126953125,14.68032067693343,13.856176456399352,14.65739247517934,874012000
2020-09-03,12.974467277526855,13.840727142576302,12.838148176341802,13.785153007039172,945128000
2020-09-04,12.582704544067383,13.133462408954491,11.667847643821455,12.743445322871539,1463684000
2020-09-08,11.875439643859863,12.510431332094637,11.667348039280267,11.697502261061345,795728000
2020-09-09,12.674910545349121,12.768863107149748,12.193183586608452,12.360903188447526,736200000
2020-09-10,12.27293586730957,13.024060336153877,12.128641619060451,12.948299724016278,698684000
2020-09-11,12.126147270202637,12.612608590860168,11.858244411196186,12.446135301009607,636928000
2020-09-14,12.831664085388184,13.2730180953872,12.591424721305764,13.039756630255994,1201744000
2020-09-15,12.950043678283691,13.256823189308754,12.787308384101589,13.238132111969612,727556000
2020-09-16,12.475045204162598,13.051472087075725,12.474297979375853,12.916399323525857,556384000
2020-09-17,12.42420482635498,12.550057048769823,11.99680656074234,12.093999008494725,792512000
2020-09-18,12.1508207321167,12.592672993531387,11.950953315876442,12.554045465543362,698460000
2020-09-21,12.477785110473633,12.48301853522082,11.866966963073288,11.887402512276836,721044000
2020-09-22,12.597906112670898,12.608123888333473,12.117177260031074,12.535354084103151,646452000
2020-09-23,12.085526466369629,12.686875066180855,12.04116736498731,12.535852009546938,647012000
2020-09-24,12.309070587158203,12.529872669499609,11.976123939065822,12.034190722797042,731240000
2020-09-25,12.833162307739258,12.842881933702188,12.207142912715822,12.408256652197235,588016000
2020-09-28,12.993903160095215,13.010600685407562,12.709801858885758,12.99913658510344,573808000
2020-09-29,13.184053421020508,13.400369297212727,12.892476036043018,12.896712211256771,621460000
2020-09-30,13.48784351348877,13.579553477522746,13.108792330522316,13.116019306510315,689184000
2020-10-01,13.571578979492188,13.71936123395186,13.418313273374288,13.714626908491043,525004000
2020-10-02,13.021068572998047,13.476876636179565,13.009853546705289,13.18330571184835,552496000
2020-10-05,13.599488258361816,13.601232733408866,13.181061420646227,13.19426999628857,479820000
2020-10-06,13.693192481994629,14.097414465703828,13.621918076224542,13.786397839796917,784420000
2020-10-07,13.919974327087402,14.074735405554517,13.819791075017143,13.955612003069618,418084000
2020-10-08,13.795120239257812,14.040095885233358,13.714625307805663,14.030625334081545,378900000
2020-10-09,13.719356536865234,13.780663178589986,13.617678851729561,13.723593661635226,346892000
2020-10-12,14.181146621704102,14.301765409334289,13.868635604663355,13.945392496427578,434744000
2020-10-13,14.203327178955078,14.303261347469597,13.9745509443215,14.251425250890234,344604000
2020-10-14,14.050810813903809,14.297529966845348,13.915987137027978,14.245444791209522,276100000
2020-10-15,13.925954818725586,13.961591541202662,13.724342005426598,13.767206653022203,267224000
2020-10-16,13.76795482635498,14.076977879491116,13.749014676143386,13.992494903591206,242392000
2020-10-19,13.455193519592285,13.939411256075054,13.364479876319214,13.859165412616278,298068000
2020-10-20,13.60247802734375,13.756241845405201,13.464414483515402,13.540673229981198,229212000
2020-10-21,13.482111930847168,13.748021315370224,13.435011095489598,13.582046128299739,219596000
2020-10-22,13.318876266479492,13.568835305575032,13.1900332336967,13.47986707572771,290480000
2020-10-23,13.547404289245605,13.550395089783553,13.249347153880276,13.407596247442646,233484000
2020-10-26,13.09981918334961,13.649580786393301,12.997393298631682,13.384668685989434,336896000
2020-10-27,13.354515075683594,13.399622357059707,13.149911421050136,13.264050487324349,250520000
2020-10-28,12.587189674377441,13.218194335892415,12.569246774303116,13.156389534597933,376520000
2020-10-29,12.982939720153809,13.151157516010835,12.709803385953837,12.798024396978246,320080000
2020-10-30,12.494485855102539,12.895716139795077,12.261223355394794,12.80948962202377,416820000
2020-11-02,12.541083335876465,12.796275733898035,12.35591899836513,12.617840220098946,299652000
2020-11-03,12.9784517288208,13.063681927532116,12.563015709327276,12.668432382996889,272900000
2020-11-04,13.75075912475586,13.783905100563205,13.294951096689376,13.347036272004377,410228000
2020-11-05,14.115355491638184,14.293791032615538,13.946888650320856,14.117848141886952,319028000
2020-11-06,14.51608943939209,14.542754714559118,13.851192528563923,14.06526480662683,383348000
2020-11-09,13.587775230407715,14.6451809486513,13.567838779939635,14.506619243028116,582976000
2020-11-10,12.729740142822266,13.563602104010792,12.588436707125263,13.563602104010792,644068000
2020-11-11,13.37569522857666,13.392641827801297,12.907425878555323,13.012593473036725,404744000
2020-11-12,13.414323806762695,13.722598689302842,13.274017628340097,13.436503832434182,365812000
2020-11-13,13.255075454711914,13.625653232231919,13.018075009985383,13.584283987458695,346312000
2020-11-16,13.472640037536621,13.606466469393995,13.114522593552389,13.130970094085628,413776000
2020-11-17,13.379934310913086,13.553385539102578,13.261808141784146,13.50977365711064,312028000
2020-11-18,13.386412620544434,13.562854630402907,13.143431482279327,13.422797522554765,510924000
2020-11-19,13.397878646850586,13.444979481098423,13.058701304207036,13.171095901656203,565936000
2020-11-20,13.046489715576172,13.451957113116418,13.023810585909859,13.411585106093474,341088000
2020-11-23,13.09857177734375,13.340306562625956,12.974464034474613,13.12972325050562,361356000
2020-11-24,12.91689682006836,13.120502239825685,12.844376096717541,13.101063940439783,346500000
2020-11-25,13.193021774291992,13.227662195341338,12.97894952410503,12.99140992255428,259916000
2020-11-27,13.219441413879395,13.365231060773073,13.12897777579059,13.332833255833622,167276000
2020-11-30,13.359246253967285,13.370212203387892,12.931349869037602,13.223177217073376,286952000
2020-12-01,13.347784042358398,13.486096664221465,13.186543220522184,13.449711765076747,296948000
2020-12-02,13.501797676086426,13.630390679939252,13.192525541134518,13.308409069816136,283360000
2020-12-03,13.357710838317871,13.620956200375707,13.290902903796256,13.548663195020822,199520000
2020-12-04,13.51949691772461,13.521241908096885,13.350481049154592,13.410059870301074,202244000
2020-12-07,13.567855834960938,13.692000236508074,13.461411434532142,13.56237171598767,223244000
2020-12-08,13.311844825744629,13.559883608601455,13.243540087866215,13.546172831317792,271920000
2020-12-09,12.893790245056152,13.375658648592895,12.831468887287063,13.262483420440846,401300000
2020-12-10,12.935168266296387,13.031392812609939,12.812768870818106,12.832213859581788,207764000
2020-12-11,12.976055145263672,12.982785958539413,12.786348532943185,12.930186145778586,209264000
2020-12-14,13.270709991455078,13.350481252818426,13.040121159359513,13.050591101752886,270156000
2020-12-15,13.32231330871582,13.425516898883563,13.14905999762585,13.401336179884739,193016000
2020-12-16,13.204648971557617,13.39884214592736,13.174734036543057,13.38413382690294,223116000
2020-12-17,13.303115844726562,13.34125648065479,13.140830805209069,13.328542301379823,231384000
2020-12-18,13.234066009521484,13.36668528801916,13.033142001811628,13.340759578929227,342064000
2020-12-21,13.294140815734863,13.331783154794788,12.930433506327743,13.037377156557108,302332000
2020-12-22,13.240297317504883,13.29912869656647,13.01668843755986,13.281180494833558,185580000
2020-12-23,12.972065925598145,13.237056275687273,12.96782849920963,13.218110529291765,179144000
2020-12-24,12.956608772277832,13.094962250561007,12.901766628858566,12.999984380257285,97884000
2020-12-28,12.863128662109375,13.025164582752689,12.726770253169589,13.025164582752689,212564000
2020-12-29,12.906255722045898,13.035136828772556,12.805544564367517,12.888058370495152,170372000
2020-12-30,13.108176231384277,13.175981710757751,12.859888338350087,12.953120278145812,225396000
2020-12-31,13.017684936523438,13.113410256321384,12.87808475898394,13.098952036695424,192424000
2021-01-04,13.076016426086426,13.613476275130822,12.92544801691905,13.066793177906842,560640000
2021-01-05,13.366434097290039,13.405073031038857,13.049592368083989,13.062305596703991,322760000
2021-01-06,12.578442573547363,13.207140183326443,12.550024433960509,13.18470445961902,580424000
2021-01-07,13.305859565734863,13.33951363281077,12.849667703065894,12.930435562151088,461480000
2021-01-08,13.238800048828125,13.382637648539365,13.00472125127349,13.324305523719442,292528000
2021-01-11,13.582565307617188,13.92109533146687,13.324305789405765,13.380394628106359,518344000
2021-01-12,13.446208000183105,13.715187600487056,13.30685790200758,13.713192510435519,291476000
2021-01-13,13.493071556091309,13.586055290946524,13.346741517718936,13.451440936900354,210028000
2021-01-14,13.162520408630371,13.5608784418514,13.142827216100367,13.536199426324881,283120000
2021-01-15,12.822745323181152,13.287163872887445,12.81177708254526,13.190191844917592,277780000
2021-01-19,12.988019943237305,13.056572862335285,12.807287445364308,12.979044892252457,226188000
2021-01-20,13.327548027038574,13.392112675663085,13.019431202517943,13.074273353645776,258572000
2021-01-21,13.827860832214355,13.959234338724334,13.215117300403254,13.380143916011178,337780000
2021-01-22,13.673306465148926,13.802187566902738,13.588300226138271,13.70072801662627,246820000
2021-01-25,13.614227294921875,13.788976464961468,13.198668456568768,13.742360012985221,251112000
2021-01-26,13.3968505859375,13.605751168595487,13.349236589990353,13.541684811076909,163980000
2021-01-27,12.880826950073242,13.194926152460098,12.757180837312008,13.192183617318866,371272000
2021-01-28,13.013694763183594,13.301620049021917,12.92345356941751,12.959101769876003,228316000
2021-01-29,12.952621459960938,13.29663561680807,12.874595189478477,13.03762769199586,271552000
2021-02-01,13.199165344238281,13.232818458698954,12.865870277184177,13.015940401973044,217204000
2021-02-02,13.518000602722168,13.533206267613787,13.247525202589054,13.360452226804785,220440000
2021-02-03,13.491828918457031,13.891931992598876,13.477868992687016,13.597026658810046,245408000
2021-02-04,13.625194549560547,13.634417798850047,13.299627828583862,13.492325175349118,201340000
2021-02-05,13.55215072631836,13.697983404125509,13.507030130989914,13.685768473106418,169152000
2021-02-08,14.397479057312012,14.432378862406338,13.68801261621437,13.68801261621437,434624000
2021-02-09,14.222482681274414,14.541567742930555,14.181848652102182,14.299760559735732,287560000
2021-02-10,14.722050666809082,14.862398307109832,14.300509448878522,14.421911341669587,485352000
2021-02-11,15.20715618133545,15.228595310583435,14.882337920318719,14.937430158679899,450828000
2021-02-12,14.918490409851074,15.247547179615646,14.732772035659583,15.006986644429176,374756000
2021-02-16,15.286430358886719,15.328560224455654,14.907267274456522,15.021190889000872,321960000
2021-02-17,14.863396644592285,15.179989298031265,14.737756367516171,15.12763862786288,274756000
2021-02-18,14.786614418029785,14.830737473228302,14.533339769901213,14.686899869828187,233868000
2021-02-19,14.883835792541504,15.133619512638292,14.804313681704349,14.981555252381096,271724000
2021-02-22,14.314716339111328,15.089994124865994,14.284053959471905,14.732518363727369,325884000
2021-02-23,14.101580619812012,14.198054355052545,13.35123082497235,14.035020874610526,391780000
2021-02-24,14.457558631896973,14.46528699059649,13.71668224012593,14.082384712334376,448320000
2021-02-25,13.269462585449219,14.333662277875408,13.17847394109998,14.005353050124018,824436000
2021-02-26,13.675298690795898,13.814897904061295,13.322808775404134,13.713189226576278,500932000
2021-03-01,13.802186965942383,13.885199062295472,13.51451173836479,13.835341784593728,353184000
2021-03-02,13.36793327331543,13.880713285181708,13.357712477796747,13.860271694144345,264116000
2021-03-03,12.768152236938477,13.41305321076399,12.76216886866683,13.38787589697503,377592000
2021-03-04,12.334892272949219,12.937914367477056,12.049211189236068,12.764161819483274,573344000
2021-03-05,12.425881385803223,12.514128448535434,11.645866892554002,12.514128448535434,542840000
2021-03-08,11.560112953186035,12.435602648184473,11.533438850520735,12.414413615899687,543112000
2021-03-09,12.48877239227295,12.585029220167039,12.02893097921558,12.099752572699794,521824000
2021-03-10,12.436902046203613,12.947364651050552,12.426179256976031,12.808215722993962,384376000
2021-03-11,12.960833549499512,13.013451519761361,12.702484861457213,12.91744296360553,299916000
2021-03-12,12.82367992401123,12.85634771978624,12.558348854288102,12.616451888507894,243964000
2021-03-15,13.158085823059082,13.17354692311485,12.735152011430825,12.832406735192682,221988000
2021-03-16,13.257837295532227,13.478530675606628,13.083775507638963,13.322922707719929,272128000
2021-03-17,13.307710647583008,13.419428593633414,12.956844570714871,13.006968295981748,243864000
2021-03-18,12.690513610839844,13.15085349936061,12.685027598463575,13.103473263809228,293896000
2021-03-19,12.81345272064209,12.889012617997281,12.580789498998723,12.717943602495817,299208000
2021-03-22,13.153098106384277,13.360824589518188,12.87430079133781,12.880286224197679,297804000
2021-03-23,13.03788948059082,13.3109506075864,12.988513462737627,13.22092748700998,222048000
2021-03-24,12.611211776733398,13.126164395394726,12.604978061665847,13.118184136627491,245840000
2021-03-25,12.503734588623047,12.682783882467008,12.241147031908534,12.46807503156729,295144000
2021-03-26,12.80696964263916,12.823927099731126,12.342390872874107,12.522935565816912,363968000
2021-03-29,12.915698051452637,13.029661010785414,12.668072141761849,12.788019583374783,273520000
2021-03-30,12.839388847351074,12.942629001970921,12.673058121314657,12.809713771579235,200204000
2021-03-31,13.314691543579102,13.436633799038589,12.949860763887894,12.982777790954895,314776000
2021-04-01,13.777027130126953,13.835130162239196,13.477281731340076,13.538129196852404,308276000
2021-04-05,13.9523344039917,13.978767529559853,13.698473850909528,13.832636208536442,255672000
2021-04-06,13.826650619506836,14.018916004314782,13.738872514596373,13.964553395548302,191744000
2021-04-07,14.107942581176758,14.207690603431818,13.67702849951117,13.845852528976325,251284000
2021-04-08,14.281006813049316,14.435118400784658,14.213176976612907,14.216918348018499,244416000
2021-04-09,14.36379623413086,14.371776494039445,14.139362482793082,14.178263990565366,195172000
2021-04-12,15.17076301574707,15.313902572730411,14.10370261858076,14.253824546574181,869324000
2021-04-13,15.640079498291016,15.660528141496703,15.087721653634365,15.193205869262812,676212000
2021-04-14,15.238592147827148,15.6809766998769,15.189216132761569,15.585716806366602,385500000
2021-04-15,16.096683502197266,16.173489597224194,15.592204251485212,15.623126457640097,598480000
2021-04-16,15.8724946975708,16.125108122447834,15.82536274319291,16.0126405831472,335208000
2021-04-19,15.323129653930664,15.76775925819942,15.194703488299082,15.497440653339318,404420000
2021-04-20,15.133109092712402,15.458039540390393,14.925382597533766,15.284726432321392,334132000
2021-04-21,15.321883201599121,15.323878028896175,15.064282220242037,15.08074025890028,216776000
2021-04-22,14.81291675567627,15.39968805660098,14.746334039888772,15.336347292085806,277788000
2021-04-23,15.226869583129883,15.296444046916058,14.862787511909959,14.896701471936769,227500000
2021-04-26,15.4390869140625,15.440084803333924,15.08697469275611,15.146824267123838,197796000
2021-04-27,15.34307861328125,15.631102358075223,15.315896833735502,15.53933364907408,164572000
2021-04-28,15.238341331481934,15.49319975361543,15.177245590486669,15.325871147226541,209416000
2021-04-29,15.28622055053711,15.3976892392755,15.033607148432132,15.361281030191163,173196000
2021-04-30,14.97176456451416,15.326371032074357,14.95929618068849,15.136350655609169,201912000
2021-05-03,14.799448013305664,15.208417054015928,14.7503221859339,15.08697327520045,203912000
2021-05-04,14.315167427062988,14.600697844369819,13.97502517344769,14.600448609909842,405324000
2021-05-05,14.422149658203125,14.776257644037008,14.351328061036348,14.672019599835691,292024000
2021-05-06,14.486488342285156,14.534617237657999,14.182255771749805,14.4588080917108,193380000
2021-05-07,14.77501106262207,14.933112300510395,14.63486422135409,14.771021408101264,229328000
2021-05-10,14.22988510131836,14.768776709960429,14.214174766121413,14.750073658170713,268904000
2021-05-11,14.270280838012695,14.318658960168204,13.715429742573756,13.790240987277931,285584000
2021-05-12,13.723908424377441,14.224396914953214,13.674782598990006,13.974276811259632,303408000
2021-05-13,13.63089656829834,14.045352676490731,13.425164872705526,13.998469947641029,285404000
2021-05-14,14.207193374633789,14.291979724154102,13.713936379271763,13.855081122550907,258616000
2021-05-17,14.129883766174316,14.1336241854496,13.818668896386646,14.121405038554634,216980000
2021-05-18,13.980512619018555,14.36803609551161,13.968791939261795,14.231131212096818,186256000
2021-05-19,14.030386924743652,14.04410243148695,13.509200522328285,13.532391695784717,344000000
2021-05-20,14.575763702392578,14.646834538609415,14.234623498296415,14.266542637893258,321592000
2021-05-21,14.954057693481445,15.183729159487287,14.8321154486356,15.125625184737823,672992000
2021-05-24,15.572749137878418,15.705414174003659,15.137844497008365,15.174252706728867,554816000
2021-05-25,15.608410835266113,15.77873122812608,15.443576455372922,15.72636344352039,435408000
2021-05-26,15.660529136657715,15.754043443944218,15.547065605147322,15.69469328900032,370440000
2021-05-27,15.449060440063477,15.71040181104527,15.421130958607247,15.660278094852826,581476000
2021-05-28,16.20366096496582,16.236578947504775,15.462031299114846,15.462031299114846,644536000
2021-06-01,16.22361183166504,16.3470514176023,15.863270065401705,16.229098796505948,472804000
2021-06-02,16.736068725585938,16.876216524208118,16.194683808700496,16.21139203355558,594168000
2021-06-03,16.92708396911621,17.215608058599543,16.54130706968029,16.658761189100893,580008000
2021-06-04,17.534055709838867,17.616596077162153,17.052519499034798,17.06947505300827,617120000
2021-06-07,17.574705123901367,17.76771918028066,17.149528167001655,17.52707659864361,575756000
2021-06-08,17.413108825683594,17.577194510142903,17.207625490251473,17.483181755642672,323848000
2021-06-09,17.318578720092773,17.53483445076462,17.216313965511866,17.475719983872768,381656000
2021-06-10,17.385177612304688,17.45202583585592,17.13674801084878,17.31035015277787,287772000
2021-06-11,17.78451156616211,17.898251342387297,17.403883229039902,17.439550960234815,416308000
2021-06-14,17.977563858032227,17.9982664755166,17.622378570506847,17.865072468441838,321376000
2021-06-15,17.747844696044922,17.97507495598846,17.68748377402905,17.8740566646082,243032000
2021-06-16,17.76954460144043,17.91371508228744,17.54431057593765,17.75009034027756,307124000
2021-06-17,18.614606857299805,18.79195023048878,17.715667091470888,17.733874892512524,809656000
2021-06-18,18.596153259277344,19.330720564613056,18.541527942897947,18.74107162605108,968856000
2021-06-21,18.3851318359375,18.49413314969242,17.782013688431867,18.39311297230315,672384000
2021-06-22,18.843582153320312,18.92040773197676,18.343977066903633,18.429282365618864,580144000
2021-06-23,19.013694763183594,19.108977447011597,18.86453654386818,18.964308379906097,332356000
2021-06-24,19.16160774230957,19.375617954100715,19.044625261877087,19.18380801912582,320924000
2021-06-25,18.987506866455078,19.30128891794506,18.851319416019447,19.236436935503985,278364000
2021-06-28,19.939327239990234,20.03286298538225,19.27484893935136,19.31700206223911,495436000
2021-06-29,19.980981826782227,20.052815878812567,19.612075871754318,19.8370606251026,367632000
2021-06-30,19.956787109375,20.116421295455844,19.81835413049353,19.95354441508654,326568000
2021-07-01,20.16580581665039,20.40924764246024,19.973246122217304,20.079004759784198,480136000
2021-07-02,20.440174102783203,20.458383806119546,20.241380242470996,20.393531838306902,342764000
2021-07-06,20.651195526123047,20.794366948413263,20.30374197663126,20.690105954402014,446708000
2021-07-07,20.325191497802734,20.827291472702445,20.28553319651976,20.80584097500275,418428000
2021-07-08,19.857257843017578,20.086980961578522,19.655719893977132,19.811114166659934,503300000
2021-07-09,20.004425048828125,20.03435717009147,19.709102017056413,19.91687611559388,296624000
2021-07-12,20.465618133544922,20.4858202675907,20.141609472181255,20.193739960128703,321984000
2021-07-13,20.203718185424805,20.41448567344241,20.068029336079224,20.353873559779505,290708000
2021-07-14,19.79615592956543,20.371089112577874,19.707609813917827,20.311226762267825,380100000
2021-07-15,18.922903060913086,19.801640805909646,18.815399378990502,19.766471657258307,550564000
2021-07-16,18.11949348449707,19.11321747883699,18.03169525755164,18.98700740866609,688224000
2021-07-19,18.736833572387695,18.998483249261675,17.82467157793206,17.87430916336547,749060000
2021-07-20,18.569461822509766,18.794945132479892,18.122485771322793,18.687192164183777,434687000
2021-07-21,19.36563491821289,19.482368072880394,18.6991624790966,18.83884187580024,371017000
2021-07-22,19.54922103881836,19.841550705361282,19.23194698322062,19.597111677737608,323826000
2021-07-23,19.5133056640625,19.65498135662067,19.206008957458167,19.611081283394373,195672000
2021-07-26,19.24990463256836,19.397565194519427,18.87077204812226,19.266865977371694,203943000
2021-07-27,19.164098739624023,19.577152067527226,18.698165146922616,19.220967669853962,248863000
2021-07-28,19.458425521850586,19.601098340577916,18.951587150781002,19.274846044574673,202191000
2021-07-29,19.617063522338867,19.80762698019667,19.283825335460097,19.4743887933179,190781000
2021-07-30,19.454437255859375,19.585136481217972,19.218976552723575,19.37362109560357,183497000
2021-08-02,19.704858779907227,19.91537695317592,19.316747951416353,19.654973822672737,217444000
2021-08-03,19.769710540771484,20.175779873517374,19.176069279723396,19.694881202710075,301811000
2021-08-04,20.2276611328125,20.27156118889958,19.782679477126937,19.94430985832058,231309000
2021-08-05,20.5898380279541,20.685619311945633,20.29551210630286,20.453151977623104,211435000
2021-08-06,20.31945037841797,20.52298458479839,20.163806797419902,20.477090195052455,178497000
2021-08-09,20.248615264892578,20.461127792585444,20.096962239032255,20.399269221353503,146443000
2021-08-10,19.890439987182617,20.383310504258183,19.78966907249903,20.275557520496264,179238000
2021-08-11,19.653980255126953,20.003180762487712,19.385595913054647,19.99719395698716,185925000
2021-08-12,19.859506607055664,19.98322184264855,19.57515814398387,19.82458675390574,151652000
2021-08-13,20.141860961914062,20.167802514416586,19.80563126679169,19.859508704764945,183063000
2021-08-16,19.904407501220703,20.24063722279305,19.408541689128278,20.088984173742237,210876000
2021-08-17,19.41352653503418,19.72481369476368,19.222963104205142,19.64000698314387,204585000
2021-08-18,18.996482849121094,19.58912505820869,18.95657336019115,19.45543055388039,285913000
2021-08-19,19.752750396728516,20.448157848964946,18.719117056246247,19.449444360898706,766555000
2021-08-20,20.768421173095703,20.81730896141307,19.887440011150574,19.945306101736577,675741000
2021-08-23,21.90781593322754,21.946726358583017,20.902120260869,20.92307217475191,575807000
2021-08-24,21.743194580078125,21.90881557692083,21.485784779557335,21.70328698373668,297299000
2021-08-25,22.16223907470703,22.41865175800516,21.672361864943028,21.687326978578394,347701000
2021-08-26,22.01756477355957,22.288942483035,21.74020025936337,22.149263059479914,237940000
2021-08-27,22.58426856994629,22.670072471614386,22.116340534614615,22.1333018816298,304722000
2021-08-30,22.636146545410156,22.990334740001824,22.499460525203325,22.777822203844707,262580000
2021-08-31,22.337778091430664,22.64712359993544,22.073337729589888,22.64712359993544,259850000
2021-09-01,22.393659591674805,22.649120064789688,22.309837159244136,22.43756739580158,201767000
2021-09-02,22.348751068115234,22.54533595969889,22.247964315304763,22.47049342586675,187834000
2021-09-03,22.79481315612793,22.937511147751092,22.153169913333517,22.27790622612633,280532000
2021-09-07,22.614194869995117,22.850694428150952,22.47448890756114,22.784833671238882,198107000
2021-09-08,22.291872024536133,22.562300203414004,21.9306343212819,22.465504722881544,254434000
2021-09-09,22.130218505859375,22.490457050966747,22.084316013138185,22.26493395688202,196856000
2021-09-10,22.430580139160156,22.578266724683587,22.223018761676062,22.30085332657019,248376000
2021-09-13,22.105268478393555,22.91555575401909,21.811888077680894,22.63614575794394,297500000
2021-09-14,22.195083618164062,22.362728510461544,22.03941254531984,22.22801304915451,199755000
2021-09-15,22.293867111206055,22.31981323387467,21.919658243422088,22.261935032273296,166538000
2021-09-16,22.195083618164062,22.230009637392705,21.880747541780984,22.136208056703595,156033000
2021-09-17,21.85379981994629,22.273911214791905,21.78394779506993,22.252955607329,294503000
2021-09-20,21.068462371826172,21.38778701785786,20.61841355645307,21.10139179807724,349440000
2021-09-21,21.201181411743164,21.379802756895952,20.905806301905702,21.371820211672656,204688000
2021-09-22,21.89471435546875,21.91367337565563,21.151285132509745,21.32092658519888,268726000
2021-09-23,22.434579849243164,22.487467555707873,21.843827574985045,22.09330025867679,248555000
2021-09-24,22.034414291381836,22.10227162110545,21.814879118535682,22.02343781823822,217655000
2021-09-27,21.61431312561035,21.75301987659797,21.280020643634646,21.664206900932673,245215000
2021-09-28,20.655336380004883,21.373818810808345,20.607437297507953,21.169251319443518,343069000
2021-09-29,20.473718643188477,20.972663870201263,20.423822978492204,20.895826640226495,218394000
2021-09-30,20.67229652404785,21.021558534466575,20.64435571548034,20.724186869005347,221009000
2021-10-01,20.698244094848633,20.814995951669495,20.16037968568149,20.706226639761606,240978000
2021-10-04,19.69037437438965,20.49866509219777,19.51374772206686,20.460745149157145,345635000
2021-10-05,20.40786361694336,20.604448594045664,19.812122726852632,19.907920907300063,279282000
2021-10-06,20.656335830688477,20.676292195822512,20.03764283172768,20.077559368646227,297202000
2021-10-07,21.030546188354492,21.277024919797615,20.92776281199335,21.04750862400744,256919000
2021-10-08,20.78705406188965,21.161262957637216,20.73117244375026,21.056484923625863,151258000
2021-10-11,20.651342391967773,21.0185661050647,20.46773053541931,20.53159660479376,163388000
2021-10-12,20.62739372253418,21.01257912959574,20.484695733535407,20.78406211740241,162134000
2021-10-13,20.89482879638672,20.945721806793706,20.66930570613976,20.873873186805923,180652000
2021-10-14,21.700124740600586,21.709104627354822,21.07744058821198,21.243090758622078,243589000
2021-10-15,21.815879821777344,21.88473450421562,21.616302880257262,21.763989474383635,226994000
2021-10-18,22.17511749267578,22.24397216428214,21.59833590187193,21.703115825760744,189494000
2021-10-19,22.24297523498535,22.331786266925064,21.990508735518052,22.229002928659522,161473000
2021-10-20,22.05637550354004,22.38567930946501,21.93563045748002,22.257949059996356,146276000
2021-10-21,22.644126892089844,22.66308781338826,22.036412424885217,22.05038282865257,187590000
2021-10-22,22.67806053161621,23.081207644908968,22.51340958016107,22.7748560370343,249384000
2021-10-25,23.11713409423828,23.3057345961295,22.721969506473112,22.924540415911828,230235000
2021-10-26,24.664859771728516,25.2057181702465,23.873533296730404,23.93839671538891,485898000
2021-10-27,24.399417877197266,25.037069768657314,24.23077377880667,24.422370071571084,245990000
2021-10-28,24.888383865356445,24.897365655301588,24.471266418851215,24.825517045714975,234204000
2021-10-29,25.513065338134766,25.65476598423701,24.947261999373193,24.948259341695557,292503000
2021-11-01,25.77251625061035,25.839374347203503,25.173781601491516,25.59489225344684,265740000
2021-11-02,26.34530258178711,26.621718639071563,25.745570640273353,25.767525492097906,294112000
2021-11-03,26.54189109802246,26.72749955329643,26.179657881858056,26.61373971651481,239910000
2021-11-04,29.738130569458008,31.298830236529806,27.06079022806004,27.171556116532418,1153631000
2021-11-05,29.689231872558594,31.33375383613519,29.347952443787896,30.123313603459163,851260000
2021-11-08,30.739015579223633,31.034390654499887,29.843906660251005,30.08539670658741,503101000
2021-11-09,30.592327117919922,32.241841813464795,29.900790147535126,32.2139010026745,646746000
2021-11-10,29.396854400634766,30.784920762665642,28.717291247821386,29.29407294809422,636206000
2021-11-11,30.325891494750977,30.525470354822794,29.714185657516225,30.40372797344251,332172000
2021-11-12,30.325891494750977,30.615280651522603,29.567494491133164,29.946693944604604,413054000
2021-11-15,29.961658477783203,30.579352109400386,29.1852998788009,30.48754713787992,384909000
2021-11-16,30.139286041259766,30.325891839785264,29.643334719095915,29.696224316711493,264484000
2021-11-17,29.199270248413086,30.4446385457493,28.739242339156842,30.353829013241555,428508000
2021-11-18,31.608179092407227,32.690889311922675,31.25492578342417,32.2987206204707,781711000
2021-11-19,32.91541290283203,33.018196245585706,31.83769143046511,32.174977704788965,533867000
2021-11-22,31.888586044311523,34.573909183585116,31.832704423703742,33.446291928728265,754335000
2021-11-23,31.67902946472168,32.29173450046671,30.814855236904044,31.468474145181016,532163000
2021-11-24,32.60506820678711,32.7856861116592,30.862751413189365,31.394627899499515,435162000
2021-11-26,31.436542510986328,32.640995088921485,31.283865396835044,32.53122653243234,283069000
2021-11-29,33.30558776855469,33.34151112072589,31.96841454748494,32.297720190128416,454964000
2021-11-30,32.60706329345703,33.282636999598125,31.79677797027339,33.09902325931394,622066000
2021-12-01,31.372528076171875,33.222845580609224,31.31763707417919,33.15298499754876,484368000
2021-12-02,32.06215286254883,32.413454492397044,30.963341136104958,31.15196660239209,472890000
2021-12-03,30.631999969482422,32.06514681270487,30.070117274745446,31.93640157961995,544325000
2021-12-06,29.977310180664062,30.1809033539514,27.982282108313893,29.8206206836282,658938000
2021-12-07,32.36255645751953,32.38451590477449,30.59008680428253,30.895480355032714,593053000
2021-12-08,31.762752532958984,32.22583112815729,31.358556702529327,31.935409065789486,475551000
2021-12-09,30.42940330505371,32.14099693386837,30.367526251043838,31.6709304355526,488507000
2021-12-10,30.137985229492188,31.24278555655399,29.801655081182673,31.088092914267587,488825000
2021-12-13,28.105031967163086,30.233794155650276,28.060121324277922,30.188883512765113,598344000
2021-12-14,28.280681610107422,28.62100349476861,27.195842071505684,27.643949113929793,667035000
2021-12-15,30.398469924926758,30.439388813076704,27.782678223157248,28.343561661628623,698297000
2021-12-16,28.330583572387695,31.09807330257781,28.037169139263874,31.090089780244078,707366000
2021-12-17,27.745752334594727,28.86452488757024,27.70483344742643,27.929386691044225,713758000
2021-12-20,27.663909912109375,28.088064487130367,27.09105129868075,27.250733155410387,461847000
2021-12-21,29.017213821411133,29.062124459469157,27.346539227787186,28.3176068548145,524385000
2021-12-22,29.341567993164062,29.49626062055205,28.392457864198384,28.833580742440954,395184000
2021-12-23,29.581090927124023,29.999258803639915,29.37250667280015,29.695862140217667,343022000
2021-12-27,30.883501052856445,31.025219046682178,29.58109424412039,29.601054953911746,403686000
2021-12-28,30.261735916137695,31.267731950374376,29.952350666603206,31.24976807539833,420591000
2021-12-29,29.941377639770508,30.487291454884854,29.307639364299206,30.212838350656018,343139000
2021-12-30,29.527202606201172,30.39647191079737,29.481294496536442,29.76772287739856,308864000
2021-12-31,29.352542877197266,29.970313957135687,29.272701958942356,29.61502063358887,266530000
2022-01-03,30.061138153076172,30.64996574600368,29.725805474067663,29.75574653768631,391547000
2022-01-04,29.23179054260254,30.40744890598463,28.29266068276136,30.216828510864207,527154000
2022-01-05,27.549137115478516,29.357536037891197,27.478279080838995,28.89146324143612,498064000
2022-01-06,28.12200164794922,28.38148518105102,27.011214536934588,27.585070703215145,454186000
2022-01-07,27.192848205566406,28.36551411614278,27.003225284481758,28.085072447229507,409939000
2022-01-10,27.345542907714844,27.4144060158557,25.593032389418763,26.528170402992973,594681000
2022-01-11,27.761720657348633,28.00922892073781,26.785665432331786,27.268702866777122,404089000
2022-01-12,27.943357467651367,28.53817178912904,27.553133765083295,28.011221217951395,383413000
2022-01-13,26.522186279296875,28.423399112253964,26.445337738615446,28.322600004609768,540171000
2022-01-14,26.88845443725586,27.14294871181414,26.157908876529852,26.24773016124949,395832000
2022-01-18,25.851520538330078,26.585060416480562,25.71878543976193,26.20781139067626,424270000
2022-01-19,25.017181396484375,26.490247833386153,25.00221181655367,26.02717118789245,488315000
2022-01-20,24.102005004882812,25.52816592790516,24.030147591877117,25.25371283114106,435181000
2022-01-21,23.327550888061523,24.773670788821633,23.216771410371674,23.46028600695824,718958000
2022-01-24,23.325550079345703,23.33353360141309,20.846487542973147,22.285621139528853,913982000
2022-01-25,22.279632568359375,22.89740375021859,21.956277081612978,22.501191486192454,664616000
2022-01-26,22.726749420166016,24.009195861364283,22.25568720330017,23.193819874719896,755959000
2022-01-27,21.9003849029541,23.947308981015638,21.63191855548817,23.52115762975604,573353000
2022-01-28,22.794612884521484,22.8125767649664,21.25368047125006,21.968257252029776,543774000
2022-01-31,24.437335968017578,24.460290972976274,23.00618592049365,23.135926717655092,564680000
2022-02-01,24.589033126831055,25.095025447548608,23.842518660207173,25.054106568459677,518925000
2022-02-02,25.19183349609375,25.765689573177465,24.5042017643659,25.742736472228845,543419000
2022-02-03,23.900402069091797,25.027157834017917,23.73273670872328,24.409388646213237,410178000
2022-02-04,24.27066993713379,24.58604192006064,23.58503497082933,23.924359424926656,354829000
2022-02-07,24.678855895996094,25.131952179111504,24.153900300504695,24.32356251647183,376868000
2022-02-08,25.058095932006836,25.179853189765385,23.93233765039662,24.310584072592466,410359000
2022-02-09,26.651927947998047,26.671888658006182,25.30261555051223,25.571080056956752,524282000
2022-02-10,25.772676467895508,26.871488159313945,25.549122622898047,25.943338051848187,513200000
2022-02-11,23.90140151977539,26.100024146681793,23.72575262390276,25.864493128365556,605472000
2022-02-14,24.218774795532227,24.825566329350934,23.707791249016562,23.886436378110282,440424000
2022-02-15,26.442344665527344,26.4922445340871,24.734744665885565,24.899415754979135,699869000
2022-02-16,26.458311080932617,26.52917102458829,25.50121738608982,26.20681300824524,732676000
2022-02-17,24.458293914794922,25.73375385180885,24.116974561523147,25.579061218859415,810595000
2022-02-18,23.59501075744629,24.93633936550206,23.05408818732275,24.61897061160897,761255000
2022-02-22,23.34351348876953,24.016173750217902,22.954289194180653,22.98921948197412,633422000
2022-02-23,22.34250831604004,24.106996233636202,22.25668069011676,23.754697128771827,566511000
2022-02-24,23.700807571411133,23.75270428358142,20.8484871383466,20.97323874047372,735801000
2022-02-25,24.108993530273438,24.168873762127337,23.334536567147147,23.673861053583,528866000
2022-02-28,24.33653450012207,24.61597867919308,23.659882542697837,23.944315946592557,477319000
2022-03-01,23.430341720581055,24.328554607429982,23.086028049660978,24.24272507991095,412056000
2022-03-02,24.175983428955078,24.364641033795944,23.372447983953073,23.712827876260754,389642000
2022-03-03,23.670907974243164,24.281795369595773,23.426352346873195,24.217910588033938,365095000
2022-03-04,22.89432144165039,23.636968924346505,22.441145979903247,23.34150728876282,431415000
2022-03-07,21.313199996948242,22.991147067317137,21.29124061343807,22.775538058787895,450821000
2022-03-08,21.47490119934082,22.33233933851528,20.61247108080546,21.270273834836342,557467000
2022-03-09,22.972177505493164,23.17780252535281,22.206571146307404,22.34631612059236,492742000
2022-03-10,22.6168212890625,22.746584183582087,21.842230651130887,22.490051297255544,428066000
2022-03-11,22.059839248657227,23.102940302954398,22.00593652699091,22.980162727551132,367209000
2022-03-14,21.29123306274414,22.22153837881426,21.12054432408871,21.829252999002563,385354000
2022-03-15,22.931249618530273,22.996132023942444,21.28325099056678,21.47889393725402,491996000
2022-03-16,24.45148277282715,24.552299054127236,23.12988952261609,23.457292552284873,671422000
2022-03-17,24.720993041992188,24.79685323515595,23.862555326463934,24.076167120982394,471941000
2022-03-18,26.404926300048828,26.52071662131349,24.579251558233064,24.753932770637824,730719000
2022-03-21,26.685413360595703,27.10265486766904,25.919807094663252,26.45882662219231,591727000
2022-03-22,26.47579574584961,27.188498830843827,26.024617540690265,26.67842593251297,547007000
2022-03-23,25.58741569519043,26.56363709584055,25.52852290161085,26.078520250553925,502120000
2022-03-24,28.098838806152344,28.268529918250007,25.85991528381523,26.118445344770176,877379000
2022-03-25,27.64167594909668,28.306466021323548,27.221441486555513,27.835323644890032,579016000
2022-03-28,28.16771697998047,28.198660780217054,27.15655743522871,27.705559052925192,425494000
2022-03-29,28.60392189025879,28.89339386605595,27.929149831104116,28.64285057154714,488984000
2022-03-30,27.639678955078125,28.444213951833504,27.453018519672682,28.252563440733994,463487000
2022-03-31,27.23641586303711,28.196667634094922,27.22044609539734,27.731514833640286,523440000
2022-04-01,26.6634521484375,27.44602766304198,26.219261218650903,27.325247285194962,517235000
2022-04-04,27.310272216796875,27.507912294579434,26.564630191702765,26.679420944043542,397120000
2022-04-05,25.88387680053711,27.269354953173288,25.773078453703725,27.204472540950196,436615000
2022-04-06,24.362646102905273,25.25402295327637,23.95938093983907,24.888688841537608,703833000
2022-04-07,24.16400909423828,24.677074985912075,23.435336116546427,24.396585485641776,557992000
2022-04-08,23.076982498168945,23.879522143654725,23.020086883249657,23.873532530332007,524781000
2022-04-11,21.877168655395508,22.279436135946174,21.62063574834751,22.173629781756052,575207000
2022-04-12,21.464920043945312,22.68370176540481,21.243323367316314,22.496043695875855,662258000
2022-04-13,22.162649154663086,22.459110293944573,21.416009317470518,21.68851390489682,516943000
2022-04-14,21.21936798095703,22.73560855917908,21.12454130662309,22.464101591348445,569097000
2022-04-18,21.743412017822266,22.047856104528115,21.040691011493315,21.161471392693215,525701000
2022-04-19,22.15766143798828,22.332342663985674,21.275267078378064,21.680529426574587,512781000
2022-04-20,21.442960739135742,22.628801491972297,21.161473633865274,22.476079663374364,468974000
2022-04-21,20.146318435668945,22.35130326457004,19.963650470316455,21.66954403745964,656209000
2022-04-22,19.47953224182129,20.448768187334096,19.464560112515493,20.26610021349829,624713000
2022-04-25,19.865827560424805,19.908748674714513,19.061292748852477,19.167099083377675,641566000
2022-04-26,18.753854751586914,19.752037349254017,18.63606917460008,19.682164872038474,653143000
2022-04-27,18.38153648376465,19.13216882446557,18.25676363846258,18.56420258895358,499460000
2022-04-28,19.746049880981445,20.000587537213033,18.45639800746317,18.932530442416695,570327000
2022-04-29,18.513296127319336,20.091422411814133,18.48334995977803,19.36674191148043,500435000
2022-05-02,19.497499465942383,19.538423409579117,18.357574867606576,18.507301859903563,572049000
2022-05-03,19.566373825073242,19.788970013363656,19.098226341517233,19.364741283038427,475751000
2022-05-04,20.297048568725586,20.362928617902014,18.716925022967168,19.886796140998648,648855000
2022-05-05,18.809755325317383,19.88879023761166,18.46638060148286,19.830896979302434,626331000
2022-05-06,18.64105987548828,19.47653863115754,17.957305306226015,18.701949838466604,633297000
2022-05-09,16.919200897216797,18.22182798096653,16.796423304020628,18.00123079403469,644455000
2022-05-10,17.56302261352539,18.16492737651773,16.99405882150625,17.656851643260232,761474000
2022-05-11,16.599775314331055,17.720735437950946,16.537889624665944,17.315473177135534,670167000
2022-05-12,16.145605087280273,16.75749197618236,15.538711130202692,16.189525752393525,708728000
2022-05-13,17.67382049560547,17.895417154710085,16.562844297235856,16.757489599664027,670437000
2022-05-16,17.23262596130371,17.75567386028926,17.074914055272394,17.477181558942796,521446000
2022-05-17,18.14396858215332,18.337616286711448,17.601956059390577,18.041155115290533,585830000
2022-05-18,16.90721893310547,18.085074867941106,16.833354004544034,17.672825290748634,545161000
2022-05-19,17.092880249023438,17.654856806883604,16.703587720835515,16.906219819291394,621310000
2022-05-20,16.663663864135742,17.378362351094147,15.72637008787695,17.300504976295468,739105000
2022-05-23,16.867290496826172,16.884259799237338,16.149597335733432,16.244423998494888,639889000
2022-05-24,16.124643325805664,16.566839072025044,15.751323384344335,16.479997280187,588550000
2022-05-25,16.944154739379883,17.079907290972063,15.970926052291802,15.990890166789026,781132000
2022-05-26,17.818557739257812,18.059118973315748,15.992881259502376,16.00685575522456,996575000
2022-05-27,18.776813507080078,18.846685983699807,18.06710524448989,18.15294938885793,738379000
2022-05-31,18.63806915283203,19.165109521892898,18.316653805372184,18.945508098862536,664100000
2022-06-01,18.286705017089844,19.018372668475514,18.089064907013434,18.68997202318387,544514000
2022-06-02,19.556394577026367,19.583345936482782,18.164928787379736,18.258757824402238,648656000
2022-06-03,18.685976028442383,19.296865145190786,18.488335935816092,19.047319515999547,598779000
2022-06-06,18.751859664916992,19.301858931419297,18.53026298173821,19.10421880079085,422406000
2022-06-07,18.891603469848633,18.965468384281454,18.154943882331036,18.438428121556196,388914000
2022-06-08,18.618045806884766,19.14919082607967,18.50522645422863,18.768802321218942,363252000
2022-06-09,18.01900863647461,18.90258723082813,18.012019911507146,18.451313643542257,395574000
2022-06-10,16.946733474731445,17.66857160304111,16.841900702079162,17.57172730437252,465248000
2022-06-13,15.621867179870605,16.285798979640894,15.580932670861289,15.974299858189175,604153000
2022-06-14,15.810562133789062,16.040192214090787,15.387242491326816,15.705730306415653,469680000
2022-06-15,16.500452041625977,16.84090387526414,15.900416682083067,16.06914487895743,563936000
2022-06-16,15.57593822479248,15.916390994919492,15.376259697287871,15.834521989321626,545749000
2022-06-17,15.8544921875,15.969307235334867,15.303378815321718,15.622864496998716,630334000
2022-06-21,16.539392471313477,16.980681988476544,16.380647453384604,16.4485390272336,483089000
2022-06-22,16.333721160888672,16.635236096967933,16.15400999438934,16.19993563125689,437135000
2022-06-23,16.198938369750977,16.558358811416724,15.827535215459164,16.492464841611433,463680000
2022-06-24,17.098491668701172,17.11246912096269,16.283802343214774,16.473497698396116,472153000
2022-06-27,16.841899871826172,17.302159729097916,16.599290214543977,17.284188996018592,427968000
2022-06-28,15.956328392028809,17.17436801500843,15.91938717022095,16.87285307326158,461149000
2022-06-29,15.517034530639648,15.794587854289764,15.145632337338009,15.788597926333088,482352000
2022-06-30,15.134652137756348,15.54199680396989,14.838129245213274,15.336327351900701,686070000
2022-07-01,14.49967098236084,15.038803524181898,14.368881846227062,14.875067404670956,577610000
2022-07-05,14.939963340759277,14.946952066314836,14.032424007393097,14.152231139263709,651397000
2022-07-06,15.105695724487305,15.29439224990289,14.765242940869179,14.985888603236944,529066000
2022-07-07,15.832526206970215,15.91938634734984,15.36427972508815,15.431172487703748,492903000
2022-07-08,15.812560081481934,16.01124079035871,15.364280941862427,15.405215450126937,467972000
2022-07-11,15.127659797668457,15.502057386380558,15.013842610780163,15.501058589102321,437321000
2022-07-12,15.057774543762207,15.40621394491729,14.853103898095975,15.243475654572288,458483000
2022-07-13,15.139641761779785,15.350303276177021,14.441765153311936,14.56656436693939,521918000
2022-07-14,15.347308158874512,15.448145758029392,14.70434254342208,15.083732275086524,456235000
2022-07-15,15.736680030822754,15.756647407738981,15.420188870669334,15.63384580216969,385935000
2022-07-18,16.075138092041016,16.86985906904583,15.976298082766748,16.275815455198785,670517000
2022-07-19,16.964706420898438,17.08251690860308,16.146023887163786,16.459518688005346,702366000
2022-07-20,17.778390884399414,17.904189811499887,16.7740084875634,16.91977383586017,760538000
2022-07-21,18.02100372314453,18.114852584461335,17.51681579289386,17.856269769328147,557049000
2022-07-22,17.291179656982422,17.93813754600972,17.109470902798687,17.86425701094861,536671000
2022-07-25,16.996654510498047,17.096494261320483,16.622256873127547,16.991661475600253,480748000
2022-07-26,16.50644302368164,16.891822649479725,16.451531068699488,16.861870154684528,397865000
2022-07-27,17.761425018310547,17.9071904085924,16.885832927058424,17.00464126060537,569776000
2022-07-28,17.955110549926758,18.11086009552277,17.411985687188125,17.946126134465974,474646000
2022-07-29,18.133825302124023,18.214694569102246,17.663581188162542,17.784387118127725,435460000
2022-08-01,18.411376953125,18.815727059641716,17.96110121179728,18.15279222547974,476469000
2022-08-02,18.496238708496094,18.907577522415323,18.06293587544904,18.092888368674423,489527000
2022-08-03,18.862651824951172,18.937532114170036,18.10786566973609,18.154791057227346,418146000
2022-08-04,19.18413734436035,19.243042594792605,18.72986823383553,18.818725984317854,409652000
2022-08-05,18.95849609375,19.19811032548753,18.636015011697438,18.7797827890261,386068000
2022-08-08,17.764421463012695,18.20970618183614,17.21430774876725,17.473890384436373,981859000
2022-08-09,17.058557510375977,17.418977745827792,16.69713942952305,17.224291252645365,668263000
2022-08-10,18.06793212890625,18.088898306614105,17.289184304860864,17.669572848171974,597422000
2022-08-11,17.913175582885742,18.676947904001043,17.847281627232015,18.101873035698606,509327000
2022-08-12,18.6789493560791,18.68793567728393,17.92416312056551,18.130831369711036,478094000
2022-08-15,19.00142478942871,19.13321270171444,18.583099190213602,18.670957163642598,457666000
2022-08-16,18.848674774169922,19.11125281035759,18.471281688551823,18.88960928236418,451240000
2022-08-17,18.3055477142334,18.657981332845214,18.115854280880267,18.49324736132435,446799000
2022-08-18,18.74284553527832,18.83469681060988,18.1537931034188,18.2716035897907,415447000
2022-08-19,17.820331573486328,18.490253330046265,17.74145799231606,18.376436118791393,441588000
2022-08-22,17.006633758544922,17.529792073469938,16.938742214416727,17.461900529341744,409593000
2022-08-23,17.153398513793945,17.436942664447834,16.94273704308187,16.961707525081724,369986000
2022-08-24,17.194337844848633,17.378042316071028,16.867863413110875,16.984674160286165,522661000
2022-08-25,17.884227752685547,17.91817353704041,16.80596255460198,16.816944566179142,770691000
2022-08-26,16.233882904052734,17.895209693014834,16.210919131366463,17.82831787419481,769127000
2022-08-29,15.775619506835938,16.311756661031318,15.741674674911415,15.994268556184212,496132000
2022-08-30,15.443154335021973,16.013236290955273,15.157613482274343,15.934363667656111,530181000
2022-08-31,15.06975269317627,15.515036332831574,14.934969330165726,15.35928679586059,573710000
2022-09-01,13.91461181640625,14.356900019307059,13.248683470937443,14.186174234575896,1178865000
2022-09-02,13.625077247619629,14.148234689338986,13.569166499775495,14.077349599584043,743157000
2022-09-06,13.443370819091797,13.756866558635831,13.329553621636906,13.70894332767748,535751000
2022-09-07,13.696038246154785,13.81987638945072,13.328520192699564,13.545235991042178,512657000
2022-09-08,13.971678733825684,13.989655763301307,13.35149264648823,13.441373984164738,624873000
2022-09-09,14.368157386779785,14.455043335947318,14.107499539277185,14.1384581232082,486612000
2022-09-12,14.486002922058105,14.527947731810595,14.179404839818012,14.350181361214242,484159000
2022-09-13,13.113802909851074,13.903767364016517,13.081845229225642,13.783924633033108,714956000
2022-09-14,13.110807418823242,13.272594961389391,12.896088837173366,13.23664185667735,588507000
2022-09-15,12.912068367004395,13.21567015624059,12.77325045930142,12.997956185221906,523625000
2022-09-16,13.180715560913086,13.194697165247513,12.600476123758247,12.725312420987274,670751000
2022-09-19,13.364473342895508,13.445367583490736,12.992960816504965,12.99495805230326,569685000
2022-09-20,13.158744812011719,13.465342935530723,13.039901168379119,13.197694249472493,524818000
2022-09-21,13.243633270263672,14.012625346801554,13.092830994775037,13.195696747526322,807679000
2022-09-22,12.544549942016602,13.131780192367279,12.41172469834498,13.052883178633808,759162000
2022-09-23,12.499608993530273,12.594484849369591,12.240948352013458,12.403734995875771,663309000
2022-09-26,12.21198558807373,12.64242184812588,12.198003983784714,12.474641644232314,547343000
2022-09-27,12.396743774414062,12.719320720938102,12.241947032432883,12.490620532839431,553854000
2022-09-28,12.719320297241211,12.806206250600736,12.337820615857858,12.393747031367376,542414000
2022-09-29,12.203996658325195,12.483629696855662,11.930355327743255,12.431697751600325,532763000
2022-09-30,12.123102188110352,12.616455658995795,12.05918587570381,12.07117024380662,565638000
2022-10-03,12.495614051818848,12.661397019747188,12.089146528346182,12.330830178093539,547478000
2022-10-04,13.14975643157959,13.202687472797923,12.862133487134708,12.862133487134708,584182000
2022-10-05,13.191702842712402,13.303556646836327,12.604473466444704,12.894093681996612,507131000
2022-10-06,13.112805366516113,13.638116551801618,13.085840298412162,13.20268765696208,644157000
2022-10-07,12.06018352508545,12.65340538919283,12.006254351296162,12.488621538051891,672478000
2022-10-10,11.654716491699219,12.108121431783047,11.3930595354897,12.02123547777354,698699000
2022-10-11,11.570825576782227,11.83048431565809,11.268221984145713,11.54585774929641,667482000
2022-10-12,11.484939575195312,11.719631475815296,11.330142830208745,11.563836589027906,492590000
2022-10-13,11.944337844848633,12.062183348670452,10.798839583929336,10.956632667736919,850103000
2022-10-14,11.212296485900879,12.095138555665246,11.18932684468692,12.041209377307327,713432000
2022-10-17,11.872430801391602,11.932352643403792,11.501917332402892,11.502915474188297,580774000
2022-10-18,11.951326370239258,12.475638376699207,11.602783491739201,12.327832454158484,659362000
2022-10-19,12.035216331481934,12.33382546739314,11.81850053084603,11.86344167010799,523131000
2022-10-20,12.178030967712402,12.752277756580911,12.089146821227374,12.09713671776913,652398000
2022-10-21,12.449673652648926,12.481632285200682,11.871432413251382,12.0821555690685,609494000
2022-10-24,12.582499504089355,12.693354192196825,12.048200327410264,12.49161907984014,517457000
2022-10-25,13.243633270263672,13.282582706939756,12.647414970734918,12.677376368924335,505482000
2022-10-26,12.879112243652344,13.370467582837385,12.691358709095725,12.852148126630082,532953000
2022-10-27,13.158744812011719,13.819878535178242,13.10481562757985,13.612150741855237,583113000
2022-10-28,13.81588077545166,13.83186056641061,13.043893435960307,13.086837338365129,521040000
2022-10-31,13.479325294494629,13.819879308054368,13.279587386831182,13.759957459542598,486341000
2022-11-01,13.525261878967285,13.906761512770693,13.501293146045306,13.792910507603896,432817000
2022-11-02,13.20168685913086,14.191389115723172,13.193697915853496,13.83186095275916,672628000
2022-11-03,13.403421401977539,13.76295050231108,12.939031234755454,13.025917180022661,500065000
2022-11-04,14.137459754943848,14.21036409974022,13.679060329272222,13.967682330980322,612576000
2022-11-07,14.282270431518555,14.393125122055553,13.935725708295829,14.209366081203711,410061000
2022-11-08,14.582877159118652,14.871498236897642,14.197382040182664,14.781615950345596,595292000
2022-11-09,13.757959365844727,14.192390121308478,13.740981430455777,14.143453551229962,454414000
2022-11-10,15.729373931884766,15.75234357507586,14.527949302036653,14.78061823441489,700819000
2022-11-11,16.305618286132812,16.367537366980358,15.461725560041561,15.786299758724766,655487000
2022-11-14,16.27366065979004,16.51834065367654,15.901148984019148,16.1967618318074,527852000
2022-11-15,16.644174575805664,16.975738615290787,16.36054610593409,16.70010099439711,545876000
2022-11-16,15.88916301727295,16.34057071172928,15.852211772174623,16.140833788396282,649547000
2022-11-17,15.656469345092773,16.244698687867267,15.514655111106975,15.694419686718572,710894000
2022-11-18,15.38882064819336,15.981044462160867,15.10019861437429,15.945090404179322,492072000
2022-11-21,15.296940803527832,15.456731110524126,15.060250720781186,15.127163364237928,404739000
2022-11-22,16.016996383666992,16.03697064838447,15.10219563199428,15.307926177427646,472866000
2022-11-23,16.49736976623535,16.505360617123653,16.02698770961895,16.076921479627504,427241000
2022-11-25,16.248693466186523,16.46540834086165,16.15082223246227,16.29663094123332,167934000
2022-11-28,15.80627155303955,16.335578114870664,15.704405855375358,16.00501033484104,303741000
2022-11-29,15.618517875671387,15.911134360808981,15.499674245542238,15.806271381799128,298384000
2022-11-30,16.90515899658203,16.912151586236597,15.580556739527186,15.680450741353981,565298000
2022-12-01,17.11693572998047,17.24679783970152,16.61746285278934,16.981079427481237,470977000
2022-12-02,16.85820770263672,16.915148722341915,16.42766233403227,16.64143742283547,371389000
2022-12-05,16.592491149902344,16.977085530136808,16.454636135070988,16.66141865731802,352255000
2022-12-06,15.970149040222168,16.55553084429332,15.802325903042705,16.51257690097359,352694000
2022-12-07,16.103010177612305,16.16894059762961,15.650486623430005,15.7553764476407,372388000
2022-12-08,17.15089988708496,17.160889573039334,15.942174561334516,16.25584460322099,515456000
2022-12-09,16.983076095581055,17.564463251970096,16.95710443596456,17.14190886566031,465338000
2022-12-12,17.51651954650879,17.519516643906666,16.779298368138964,17.019045201245973,457328000
2022-12-13,18.05295181274414,18.770195420423224,17.692332261799088,18.51146764054295,656589000
2022-12-14,17.65536880493164,18.232760529632582,17.401636847702704,17.9680385827717,496888000
2022-12-15,16.934127807617188,17.30173986952119,16.68239457922902,17.127923524585228,478542000
2022-12-16,16.55353355407715,17.023039400348072,16.39270394689365,16.846225910038616,478232000
2022-12-19,16.236865997314453,16.591491326415667,16.127981643599433,16.554531578863497,354039000
2022-12-20,16.068044662475586,16.292807881891594,15.835291407365762,16.047066889019305,403260000
2022-12-21,16.483604431152344,16.609472961104036,16.0850248812042,16.097013267551,325025000
2022-12-22,15.322831153869629,16.120989680017022,14.866313091281313,16.077035434762546,565045000
2022-12-23,15.189971923828125,15.322831151410716,14.867312438743172,15.17998223602925,349326000
2022-12-27,14.106114387512207,15.084082448789612,14.04118237491811,15.05810983428577,464902000
2022-12-28,14.021203994750977,14.24696558584254,13.869363801000764,13.912318692934731,351066000
2022-12-29,14.587606430053711,14.667522024551847,14.212003326446284,14.386819046661842,354923000
2022-12-30,14.598594665527344,14.613578243254633,14.217995786415349,14.318889147477543,310490000
2023-01-03,14.299909591674805,14.980192432307444,14.081140585137454,14.835344825073602,401277000
2023-01-04,14.733452796936035,14.837343262850888,14.225988854764774,14.551645434254098,431324000
2023-01-05,14.249964714050293,14.548649347967919,14.133087455443137,14.475726337328036,389168000
2023-01-06,14.843337059020996,14.994177909991919,14.019206897315305,14.458742666001996,405044000
2023-01-09,15.611527442932129,16.03907580315993,15.125040304206118,15.267890176019389,504231000
2023-01-10,15.892230987548828,15.945174618132851,15.455691347514714,15.490654302177573,384101000
2023-01-11,15.984129905700684,16.011101866917304,15.546591955018148,15.823300346058495,353285000
2023-01-12,16.493595123291016,16.619461755576417,15.47566921706697,16.083029067309738,551409000
2023-01-13,16.88118553161621,16.904162001817628,16.147960048723682,16.260839889557317,447287000
2023-01-17,17.683340072631836,17.709313641691512,16.881187014032182,16.881187014032182,511102000
2023-01-18,17.358686447143555,17.854162075882435,17.263785352274855,17.648379813010923,439624000
2023-01-19,16.747325897216797,17.178871599912767,16.71336324869982,17.01804012030735,452932000
2023-01-20,17.82019805908203,17.837180338916934,16.80726689515637,16.99306976542005,564967000
2023-01-23,19.172771453857422,19.224716691811057,17.799220697894288,18.04495979923427,655163000
2023-01-24,19.244691848754883,19.474450850170054,18.800161235154988,18.80715382585874,496204000
2023-01-25,19.302629470825195,19.349580807071824,18.560412717739826,18.893061849004603,449537000
2023-01-26,19.7811222076416,20.1447387517024,19.25767450877086,19.680228862617987,489535000
2023-01-27,20.343528747558594,20.60625195178664,19.38454179975137,19.441480911459067,542142000
2023-01-30,19.141799926757812,20.11876764644554,19.129811540746857,19.928969317759073,488611000
2023-01-31,19.516407012939453,19.66624851924581,18.930025867048208,19.14979328260832,498017000
2023-02-01,20.920923233032227,21.169659387182808,19.590326660737446,19.670242250628736,660477000
2023-02-02,21.686111450195312,21.925858185295397,20.67817638476242,20.977859327303104,564276000
2023-02-03,21.077756881713867,21.72207738368297,20.76708391302964,20.9778619200745,429366000
2023-02-06,21.0667724609375,21.547264471015012,20.764090426847382,20.784069803716758,452197000
2023-02-07,22.149625778198242,22.235535559887833,21.12770349826597,21.359459276744385,664150000
2023-02-08,22.18158721923828,22.85387795087758,21.98479443083381,22.363394527846065,559651000
2023-02-09,22.31344985961914,22.995730332583978,22.096679589074082,22.582167257316705,523876000
2023-02-10,21.242584228515625,22.054726981350132,20.789064216864638,21.6671373847091,550737000
2023-02-13,21.765029907226562,22.024756028474826,20.939900511928794,21.515293472026823,474919000
2023-02-14,22.94678497314453,23.024701862590533,21.343475492983863,21.55525189893666,675474000
2023-02-15,22.74000358581543,22.830907263123883,22.082698167631655,22.52523007264076,420575000
2023-02-16,21.97880744934082,22.526228206382104,21.903885748285937,22.109667968901128,412026000
2023-02-17,21.365453720092773,21.717081932888007,20.9528889890741,21.60819758522636,465888000
2023-02-21,20.633224487304688,21.471338740374534,20.596262840309503,20.97786007402784,410015000
2023-02-22,20.73212242126465,21.081753858938534,20.399473261638228,20.685172986353002,513184000
2023-02-23,23.639053344726562,23.86281813728652,23.00072702935598,23.415290457504543,1117995000
2023-02-24,23.26145362854004,23.449257089535415,22.922812171124363,23.200519010604086,589716000
2023-02-27,23.476224899291992,23.854825071141974,23.429275467548678,23.6450473658971,452994000
2023-02-28,23.191526412963867,23.79988559289662,23.1815367258424,23.347362102450354,455963000
2023-03-01,22.674076080322266,23.231488507829404,22.48427580835061,23.1675548821103,460026000
2023-03-02,23.2894229888916,23.355353400499368,22.40835276964801,22.464295399339527,389415000
2023-03-03,23.86481475830078,23.874804445027564,23.105615715106577,23.29541595223961,412393000
2023-03-06,23.529170989990234,24.222437736222577,23.462240277861365,23.865815628810815,437429000
2023-03-07,23.26740074157715,24.103660267777396,23.220441431129053,23.5791250368648,515154000
2023-03-08,24.15961456298828,24.178598765957478,23.40328406914848,23.46622807879238,513573000
2023-03-09,23.415271759033203,24.432370990770355,23.36231723479036,24.153616530475606,501257000
2023-03-10,22.944686889648438,23.60610198543216,22.705897972493613,23.388294401646913,474866000
2023-03-13,22.94568634033203,23.2773934204727,22.27727934666776,22.731876826184696,421890000
2023-03-14,24.04171371459961,24.197575854977504,23.439246485119973,23.475215844075734,474910000
2023-03-15,24.206571578979492,24.264518937841256,23.33933927282555,23.739983668370748,524486000
2023-03-16,25.51841163635254,25.565369047622582,23.872866995148154,24.005750694887265,583253000
2023-03-17,25.702247619628906,26.375651279421106,25.645296921004547,25.95902028263856,848547000
2023-03-20,25.87708854675293,26.000979405508424,25.107769229375986,25.592340809458843,432747000
2023-03-21,26.17582893371582,26.36865903671038,25.358553488198883,26.156846636843376,547408000
2023-03-22,26.44458770751953,27.56459639821907,26.213791142891207,26.401624569988297,797295000
2023-03-23,27.166954040527344,27.474682229522468,26.66639764103161,27.091021036528733,564889000
2023-03-24,26.755313873291016,27.142971183393072,26.331689105706722,27.007091792651533,454920000
2023-03-27,26.507535934448242,26.97612101034624,26.341682380127203,26.81326506197413,361026000
2023-03-28,26.386642456054688,26.4895520016458,25.8271382618564,26.42361038825946,356104000
2023-03-29,26.960134506225586,27.054051235079495,26.573477639400732,26.80127663568218,393694000
2023-03-30,27.358779907226562,27.474678436555607,27.078028306822056,27.204916786801245,364516000
2023-03-31,27.752431869506836,27.809380660660256,27.08102536446216,27.115994254760153,433933000
2023-04-03,27.940263748168945,27.975232636511667,27.311820418959282,27.484667727431294,398716000
2023-04-04,27.4287166595459,27.97523371673916,27.282845889494656,27.941263393705515,368592000
2023-04-05,26.857227325439453,26.97412252588098,26.371657076286322,26.8052732678004,515015000
2023-04-06,27.013086318969727,27.056047553520614,26.403625256641565,26.560485977879456,397654000
2023-04-10,27.55460548400879,27.59656814998943,26.645410576438564,26.79927368503425,395279000
2023-04-11,27.144968032836914,27.76541901115848,27.1020048950003,27.699477407319026,314378000
2023-04-12,26.471567153930664,27.443706150535657,26.42460783917617,27.345793254176353,446259000
2023-04-13,26.439592361450195,26.863217112653786,26.305712014928602,26.71035256577281,353615000
2023-04-14,26.734329223632812,26.859218648304658,26.196805033128154,26.480554202360153,395660000
2023-04-17,26.978113174438477,26.98210934613141,26.40961630298612,26.541499497159265,321471000
2023-04-18,27.64253044128418,28.08513943393583,27.332805146499545,27.508650082334086,604812000
2023-04-19,27.90629768371582,27.975236904297546,27.20791647127858,27.336802094498506,358660000
2023-04-20,27.080026626586914,28.00520817494305,26.976118523026464,27.64652455149464,427713000
2023-04-21,27.095014572143555,27.158959050915872,26.6983663319222,26.928162455219432,345103000
2023-04-24,27.018083572387695,27.341796428628392,26.64741139924113,26.989109891102213,339282000
2023-04-25,26.217790603637695,27.2229013742331,26.201805913337573,27.054050219721624,378527000
2023-04-26,26.932157516479492,27.305827272348722,26.68138006807285,26.978118263771744,406337000
2023-04-27,27.201919555664062,27.47068264242289,26.601451283130864,27.338799421481617,377161000
2023-04-28,27.724456787109375,27.733447698531908,27.047055069952613,27.200920093090993,292216000
2023-05-01,28.884428024291992,29.032297830068675,27.755428384065603,27.81537477855387,570329000
2023-05-02,28.185047149658203,28.81049480525915,28.05816057967745,28.65463265110566,402730000
2023-05-03,27.77741050720215,28.341911325325526,27.44770245263645,27.815377004737694,383387000
2023-05-04,27.537622451782227,27.834358742105735,27.21590674873428,27.626542529378735,321850000
2023-05-05,28.654632568359375,28.72956508673925,27.7064725625765,27.801387848122303,361494000
2023-05-08,29.12521743774414,29.19415665691401,28.324927166645555,28.49677402553214,344979000
2023-05-09,28.545730590820312,28.947375483780448,28.424839220758987,28.87344152488721,314869000
2023-05-10,28.859453201293945,29.087252189450044,28.435828416964906,28.97934600141485,369350000
2023-05-11,28.55272102355957,28.92439362497088,28.221015861335896,28.87044053584294,322149000
2023-05-12,28.3149356842041,28.754547072904792,28.02119507868358,28.503767705541893,274222000
2023-05-15,28.927391052246094,28.943377647743457,28.127100823911366,28.482784946357548,293926000
2023-05-16,29.18716049194336,29.84358087051638,28.806498873165175,28.815489784527685,449405000
2023-05-17,30.151308059692383,30.17228939441913,29.403970448812785,29.557833570142268,432535000
2023-05-18,31.649980545043945,31.799847490043984,30.293181883981152,30.383102432113493,748725000
2023-05-19,31.236345291137695,31.55206575731735,30.888653542259405,31.508104052568303,473908000
2023-05-22,31.14842987060547,31.49212551447805,30.652868222178014,30.873671544340333,372000000
2023-05-23,30.660860061645508,31.26032981848292,30.603911263708845,30.972584411427434,356253000
2023-05-24,30.510990142822266,30.579929358273947,29.77963722467679,30.183279227752074,721419000
2023-05-25,37.94640350341797,39.44507664562874,36.60259203294565,38.48892244912427,1543911000
2023-05-26,38.91155242919922,39.13535333136667,37.51678724611189,37.856486677468894,714397000
2023-05-30,40.07551956176758,41.900903139211444,39.913664110250345,40.55909259441889,923401000
2023-05-31,37.800533294677734,40.25935493570893,37.78854287268503,39.453069566174214,1002580000
2023-06-01,39.734825134277344,40.01457626339759,38.306089619716126,38.45495609590561,635873000
2023-06-02,39.29220962524414,40.46417228382388,39.023446585861166,40.061528913678025,482731000
2023-06-05,39.1363525390625,39.53000121935848,38.67276227118168,38.87458325572637,396094000
2023-06-06,38.61981201171875,39.125365001144544,38.11425902229296,38.79565884971586,388729000
2023-06-07,37.44572448730469,39.46814549212033,37.32681796379226,38.88460205575025,511998000
2023-06-08,38.47991943359375,38.833643027365426,37.47570715034152,37.694534053593046,417772000
2023-06-09,38.73971176147461,39.67997469301632,38.536871237623615,39.006501462599836,427717000
2023-06-12,39.4511604309082,39.499123275212575,38.58783685686491,39.16938300880245,388701000
2023-06-13,40.98995590209961,41.06889657145173,39.70895962649225,40.15461038931082,613208000
2023-06-14,42.96342086791992,42.96641687824926,40.52032691306219,40.7921176516414,740465000
2023-06-15,42.61968994140625,43.255194841743766,42.11408458461737,42.5687310811785,568622000
2023-06-16,42.658653259277344,43.6868488037051,42.62767543128522,43.416060581927226,655709000
2023-06-20,43.773780822753906,43.95564168389906,42.64066770306491,42.96441594228362,451153000
2023-06-21,43.011375427246094,43.58093370313804,42.04713285457767,43.467020523272616,551603000
2023-06-22,42.99139404296875,43.392077979853475,42.201011539171446,42.21999389255843,417737000
2023-06-23,42.176029205322266,42.77555900672088,41.98218049927132,42.43083108618956,358140000
2023-06-26,40.60026931762695,42.73060434940416,40.06868327693802,42.42783956776684,594322000
2023-06-27,41.84328842163086,41.907237605323324,40.416406298926006,40.76713004512084,462175000
2023-06-28,41.08488845825195,41.81232053515092,40.48635724932419,40.62824464055819,582639000
2023-06-29,40.79011154174805,41.56750370507978,40.56828482936424,41.52553669526217,380514000
2023-06-30,42.26895523071289,42.51676261089797,41.468582218513255,41.647443251980995,501148000
2023-07-03,42.37986373901367,42.864485450578925,42.169030043008505,42.48378258219759,198209000
2023-07-05,42.2839469909668,43.143272032107916,42.0521259526018,42.102086134617814,323618000
2023-07-06,42.07011413574219,42.14605498586675,41.31370545626282,41.81131756799603,303582000
2023-07-07,42.46979904174805,43.18024602401447,42.14705329030634,42.288940665727566,355881000
2023-07-10,42.147056579589844,42.77756426984942,41.616469261927726,42.623685218893456,353908000
2023-07-11,42.37187194824219,42.72459682462769,42.03413855568288,42.447812790415895,298244000
2023-07-12,43.867706298828125,43.90068146612332,42.74358509464824,42.99938563817074,481277000
2023-07-13,45.94108581542969,46.118944360019775,44.45724522752528,44.48322589317595,478204000
2023-07-14,45.43348693847656,48.05044077711324,45.024806002911156,46.54661523204283,772075000
2023-07-17,46.424713134765625,46.45968564777863,45.22665203775024,46.25285039179776,510488000
2023-07-18,47.45689392089844,47.85858027791971,45.698270630412644,46.66451419857792,569164000
2023-07-19,47.04022216796875,47.78064441217516,46.70548479149979,47.426920872593946,427502000
2023-07-20,45.48444747924805,47.05022493000669,45.02680501298147,46.47067610405814,537865000
2023-07-21,44.274391174316406,45.83017811976025,44.06555477681696,45.75223611318822,963769000
2023-07-24,44.5771598815918,45.073773397339444,44.00560798628227,44.69606643044392,382516000
2023-07-25,45.6433219909668,46.14692613209552,44.88791196755602,44.90589946333249,348081000
2023-07-26,45.4164924621582,46.01702469777884,44.59513601307883,45.9850482020561,364237000
2023-07-27,45.86415100097656,47.357982253239214,45.71426663486367,46.4826670082,455976000
2023-07-28,46.71347427368164,46.99025828078237,46.34476309139088,46.63153760834662,331194000
2023-07-31,46.6925048828125,47.09319267881654,46.469679472055226,46.717486882574775,251055000
2023-08-01,46.470672607421875,46.86336718401233,45.991048000510794,46.42370843555568,237858000
2023-08-02,44.23442459106445,45.80419670368741,43.353113509905164,45.79520486142881,530142000
2023-08-03,44.48023223876953,45.08276192345427,43.76579051634056,43.76579051634056,324176000
2023-08-04,44.64509582519531,45.606342288223864,44.35832128281738,44.949857860967036,362666000
2023-08-07,45.381526947021484,45.504431975857,44.528193870776704,45.07576619174701,322154000
2023-08-08,44.62911605834961,45.2066637195198,44.0215892371064,44.81796761407976,353843000
2023-08-09,42.52075958251953,44.277385732589195,42.101085685540646,44.23941340389369,586449000
2023-08-10,42.354896545410156,43.53997113311342,41.80232702153618,42.12707396720268,492705000
2023-08-11,40.82308578491211,41.9851793236234,40.607254909066846,41.718385785784754,533085000
2023-08-14,43.71881866455078,43.76578283263548,40.27951001276461,40.45437254104037,690286000
2023-08-15,43.90568161010742,45.2326473732039,43.67586169687328,44.52520013627042,676512000
2023-08-16,43.45203399658203,44.640104468597144,43.37209465339346,44.4852267558164,527451000
2023-08-17,43.31014633178711,44.027584017095954,42.96741192711898,43.93565682241001,452395000
2023-08-18,43.265174865722656,43.543956241722725,41.627455303744846,42.60169211486707,583768000
2023-08-21,46.93031311035156,47.028236135596124,44.187458298338946,44.45924519865085,692573000
2023-08-22,45.632328033447266,48.14936145105243,45.29759061646536,48.09740011660735,755293000
2023-08-23,47.07920455932617,47.16313859123231,45.17269372042857,45.83018078207806,779046000
2023-08-24,47.126163482666016,50.22674065271713,47.122168802250776,50.176780465500904,1156044000
2023-08-25,45.982051849365234,47.767654577471944,44.98882507843675,46.975274808576536,925341000
2023-08-28,46.79841995239258,46.943307161709576,44.85294200358458,46.445695012544455,685192000
2023-08-29,48.745887756347656,49.04265660856325,46.35475573928801,46.629542419435225,701397000
2023-08-30,49.22551345825195,49.8879937040885,48.38716820828765,49.005684108950824,735206000
2023-08-31,49.316444396972656,49.705140456912204,48.91975516585523,49.34142639215617,528570000
2023-09-01,48.47111129760742,49.761103338104185,48.10439736069892,49.72313481683707,463830000
2023-09-05,48.51008605957031,48.81285082996846,47.82262363775037,48.185339110764936,382653000
2023-09-06,47.028114318847656,48.515073458793,46.547451450862816,48.40715103407181,468670000
2023-09-07,46.20868682861328,46.31161549020898,45.120447146044796,45.49318758272593,433330000
2023-09-08,45.54015350341797,46.57343135473317,45.239365149462806,45.909897697113266,473069000
2023-09-11,45.14643096923828,46.13073944810292,44.2810350025815,46.11575054004364,473966000
2023-09-12,44.838645935058594,45.64108624011381,44.49988211053749,44.70673820080512,349256000
2023-09-13,45.45321273803711,45.8979014381754,44.47189676668764,44.568829098773264,398355000
2023-09-14,45.549156188964844,45.95487076893904,45.0994698183301,45.91789786927569,370097000
2023-09-15,43.86932373046875,45.567133950218214,43.77738515441512,45.309314822834715,506831000
2023-09-18,43.93526840209961,44.211076460461435,41.97064298637889,42.71812124981073,500271000
2023-09-19,43.48958969116211,43.93527718281478,42.971950102234956,43.80237069955783,373064000
2023-09-20,42.2094841003418,43.872322851544475,42.19349643912847,43.5695331686225,367108000
2023-09-21,40.98833465576172,42.07057801307491,40.951361762571175,41.55394101252563,450736000
2023-09-22,41.58092498779297,42.08557317870962,41.202188203522006,41.54294952811981,479236000
2023-09-25,42.19249725341797,42.50627702068914,41.14822547100166,41.561937649909076,419091000
2023-09-26,41.881717681884766,42.79008299471649,41.62589602088143,41.97165495479975,402282000
2023-09-27,42.438323974609375,42.84204482057062,41.59991333679484,42.30042372625329,444935000
2023-09-28,43.05888748168945,43.41563643301945,42.085569148140415,42.430325448929366,424663000
2023-09-29,43.468597412109375,44.11314705405732,43.27673026651506,43.79636727580715,397830000
2023-10-02,44.750709533691406,45.143432663496135,43.830351660184725,43.99923228856128,433298000
2023-10-03,43.48658752441406,45.098463094837925,43.2157769974795,44.77668570728605,470850000
2023-10-04,44.010231018066406,44.112160944881325,43.26175375973955,43.71144012859111,361821000
2023-10-05,44.656776428222656,44.86863010408986,43.85733614690028,44.019221707908876,393483000
2023-10-06,45.73002243041992,45.75700398969615,43.99523549081201,44.16211860779347,434436000
2023-10-09,45.241363525390625,45.573132266606365,44.33699712951298,44.810664938003,409675000
2023-10-10,45.765995025634766,46.22667139823051,45.05649211437215,45.27833709467453,368582000
2023-10-11,46.77329635620117,46.82626072787499,46.01782405573412,46.16372195389678,378137000
2023-10-12,46.912193298339844,47.575730741552675,46.297625211200135,46.74431143305413,481325000
2023-10-13,45.429229736328125,47.08307579073531,45.24835646569822,46.92718276252737,474115000
2023-10-16,46.06279373168945,46.19270015345539,44.88061784699003,45.03151331618372,375099000
2023-10-17,43.90729904174805,44.72273077097073,42.45031760329598,43.96925599511655,812333000
2023-10-18,42.16651153564453,43.18879926057118,41.79577241593963,42.5612359572998,627294000
2023-10-19,42.07158279418945,43.26674621056965,41.85273405618411,42.78108575212414,501233000
2023-10-20,41.35808181762695,42.4403252529677,41.049295810508625,41.860728698935155,477266000
2023-10-23,42.944969177246094,43.217781037891605,40.91638888400306,41.20019083203981,478530000
2023-10-24,43.632484436035156,43.66646107168209,42.6611674055464,43.04689542430625,401463000
2023-10-25,41.74980545043945,43.61950024898592,41.525962950621626,43.36767362465919,398379000
2023-10-26,40.297821044921875,42.22647269652664,39.852133556535904,41.8237544285133,541001000
2023-10-27,40.471702575683594,41.177210573030834,39.987040836148445,41.1012634608965,416784000
2023-10-30,41.132240295410156,41.73681712722262,40.45271510334961,41.05829449956598,388028000
2023-10-31,40.75151062011719,40.8504442966851,39.202594184094295,40.421743134321325,517969000
2023-11-01,42.295433044433594,42.35139367956083,40.84044890706074,40.855437818322336,437593000
2023-11-02,43.4755973815918,43.853331578454224,42.864025551225126,43.29772036984495,409172000
2023-11-03,44.973548889160156,45.27733347769254,43.6924433329055,43.98923665598296,424610000
2023-11-06,45.71902847290039,45.90290181424292,44.867622664486824,45.25335451197863,400733000
2023-11-07,45.92289352416992,46.18570644456995,45.12644949582393,45.68705835405159,343165000
2023-11-08,46.54145431518555,46.834248828049994,45.93587499644732,46.06778272127609,346719000
2023-11-09,46.91719055175781,48.19629482563236,46.71732955595706,47.43382754729244,540496000
2023-11-10,48.30121994018555,48.43812523395567,47.249956995666594,47.46680439879944,421245000
2023-11-13,48.586021423339844,49.081676995363466,48.06538560948801,48.28623183718149,384136000
2023-11-14,49.62130355834961,49.79918059248535,49.005736641538505,49.64528886328257,416954000
2023-11-15,48.85383605957031,49.92508551038347,48.166317129461184,49.9001052683663,475497000
2023-11-16,49.44542694091797,49.490397480832705,48.296232754650504,48.64498792594149,339756000
2023-11-17,49.2635612487793,49.68226725875312,48.97276417249566,49.48940129370809,325205000
2023-11-20,50.373779296875,50.512682115669016,49.14663666812377,49.27754565599921,414120000
2023-11-21,49.90909957885742,50.48169721701578,49.187603987551,50.090971605091276,565747000
2023-11-22,48.68195724487305,50.29982538193606,47.6566732297451,49.81716500278888,899420000
2023-11-24,47.74261474609375,48.886815068886136,47.711634365879085,48.43613001762004,294645000
2023-11-27,48.208290100097656,48.49608705256933,47.6187022270162,47.766597618423056,395662000
2023-11-28,47.7875862121582,48.28923817471284,47.439829789625705,48.20229716306376,401491000
2023-11-29,48.10635757446289,48.72792454719917,47.82655446752382,48.34519277962711,382005000
2023-11-30,46.73732376098633,48.076387698516726,46.389567324354005,47.990445435742124,526247000
2023-12-01,46.73232650756836,47.16702396235708,46.1547312180282,46.49249632095064,369317000
2023-12-04,45.47820281982422,46.04480802783984,44.9785521441802,46.04480802783984,437543000
2023-12-05,46.53755569458008,46.571531508809755,45.243344800588865,45.43822537417424,371718000
2023-12-06,45.47520446777344,47.35805637744802,45.3842604483653,47.18616055304672,380590000
2023-12-07,46.567535400390625,46.60051618631754,45.57614082890342,45.67208285394523,350823000
2023-12-08,47.47697830200195,47.71183534651791,46.52156105756746,46.566535548739374,359224000
2023-12-11,46.59851837158203,47.50196552269277,45.80200812005124,47.46199285274284,509728000
2023-12-12,47.627891540527344,47.6368849146668,46.017875514105,46.017875514105,372387000
2023-12-13,48.058631896972656,48.564323380084836,47.578925510538774,47.599912593463365,447792000
2023-12-14,48.32046127319336,48.6402654789673,47.39303060139569,48.36043775200682,391232000
2023-12-15,48.860130310058594,49.373816223552424,48.09060027989247,48.164556381448534,479948000
2023-12-18,50.046409606933594,50.402191134156865,49.11997773498407,49.36982501987744,412587000
2023-12-19,49.57368850708008,49.669630515204666,48.865122122671124,49.39379819493803,464444000
2023-12-20,48.081607818603516,49.9684548790202,48.0686152726536,49.624663268494515,397894000
2023-12-21,48.96007537841797,49.065010780060334,48.38942122420045,48.781183869365606,300425000
2023-12-22,48.8001708984375,49.352830653569725,48.43738988482299,49.16494577989552,252507000
2023-12-26,49.2488899230957,49.569692938536456,48.93008458769596,48.93807912022649,244200000
2023-12-27,49.386810302734375,49.64965012045702,49.05501239405432,49.48075464580007,233648000
2023-12-28,49.49174880981445,49.85352719386826,49.38181539341571,49.6126770927999,246587000
2023-12-29,49.49174880981445,49.96646094313931,48.72121986722186,49.7825714182401,389293000
2024-01-02,48.138572692871094,49.26488309320295,47.565924699352884,49.21391556134482,411254000
2024-01-03,47.53993606567383,48.15455817196312,47.291087653176916,47.4559877548122,320896000
2024-01-04,47.96868133544922,48.47037358886087,47.4789789763883,47.737819636783634,306535000
2024-01-05,49.06700897216797,49.51673484987403,48.27649179251623,48.43239854255895,415039000
2024-01-08,52.2210807800293,52.24307051371221,49.44877695414858,49.48175774230581,642510000
2024-01-09,53.107540130615234,54.29181767502081,51.65842506490768,52.36899311649789,773100000
2024-01-10,54.31679916381836,54.56664645309511,53.45632503855136,53.58325017590931,533796000
2024-01-11,54.78850173950195,55.312183643545765,53.52727561107459,54.965395542446196,596759000
2024-01-12,54.67657470703125,54.93641799826661,54.29680960809761,54.58662953889082,352994000
2024-01-16,56.347557067871094,56.800279452629056,54.86646395445467,54.984391900558016,449580000
2024-01-17,56.01875686645508,56.43650076516492,54.70655929384397,56.3125759716749,474394000
2024-01-18,57.07210922241211,57.564808057146664,56.07272016716743,57.22501562586881,491650000
2024-01-19,59.454654693603516,59.463648066531206,57.19003646845247,57.953569636409725,543501000
2024-01-22,59.6175651550293,60.29415362361085,59.033922203847766,60.012324362995706,452955000
2024-01-23,59.836429595947266,59.873405745227366,58.54921431651321,59.5336132708294,294654000
2024-01-24,61.32451248168945,62.810603561548206,59.901382639629475,60.26716017281773,560271000
2024-01-25,61.57936477661133,62.68069286197914,60.81283115751821,62.311914954127865,482777000
2024-01-26,60.99371337890625,61.74525668401416,60.535996808090815,60.92275760795634,390309000
2024-01-29,62.42683792114258,62.45082152019551,60.86979110422985,61.19458949954275,348733000
2024-01-30,62.735652923583984,63.45421549320403,62.22196696017239,62.861579220191196,410735000
2024-01-31,61.489410400390625,62.23095765369269,60.66291599295292,61.40246175375336,453795000
2024-02-01,62.98849868774414,63.1523999678792,61.61234096321601,62.06206301871128,369146000
2024-02-02,66.11958312988281,66.55930912654547,63.65108714697043,63.93491403332179,476578000
2024-02-05,69.28964233398438,69.45454244217241,67.16394292298222,68.18331639891433,680078000
2024-02-06,68.18132019042969,69.71138308978904,66.25949848302591,69.58745829595591,683111000
2024-02-07,70.05616760253906,70.17709586585252,67.55869397580136,68.27725642617484,495575000
2024-02-08,69.59844970703125,70.75074512715133,69.412566337875,70.03118381151026,414422000
2024-02-09,72.08893585205078,72.14089841148939,70.16910418058404,70.48990722179018,436637000
2024-02-12,72.20386505126953,74.56542046599529,71.2064736279646,72.55564739281085,613710000
2024-02-13,72.08393859863281,73.40512964528038,69.57747501499297,70.3569973280816,602580000
2024-02-14,73.8548583984375,74.19065168292555,71.89405893388704,73.15728673605686,504917000
2024-02-15,72.61360931396484,73.92980608164119,72.35577132172895,73.82387565740021,420122000
2024-02-16,72.56864166259766,74.35655027525982,72.45671056832468,74.0547328068878,495327000
2024-02-20,69.4095687866211,71.91203666406658,67.69261615478561,71.90303947909813,704833000
2024-02-21,67.43079376220703,68.8459293516135,66.20754225691248,67.96446422295412,673755000
2024-02-22,78.4900131225586,78.52698545171262,74.17465074702281,74.97915917474572,865100000
2024-02-23,78.76885986328125,82.34367088132632,77.52261988480991,80.74065432651751,829388000
2024-02-26,79.04368591308594,80.596737435313,78.4570388969918,79.65130857177527,503973000
2024-02-27,78.65292358398438,79.43145470230726,77.11486980989693,79.33250852556469,391705000
2024-02-28,77.61555480957031,78.88477556464643,77.07788148076835,77.57258181183745,393110000
2024-02-29,79.06366729736328,79.94112925032395,78.3021317921465,79.0456805510973,507289000
2024-03-01,82.22872924804688,82.24972013852617,79.38646508056598,79.95112232187887,479135000
2024-03-04,85.18492889404297,87.64142750402274,83.66785848531528,84.07860289478097,615616000
2024-03-05,85.91551208496094,86.04844030428545,83.36995155382468,85.22190326590307,520639000
2024-03-06,88.64997100830078,89.67339555623481,86.98091470216241,87.97235961581464,582520000
2024-03-07,92.6167221069336,92.71466639598263,89.55145092677502,90.10713703099752,608119000
2024-03-08,87.4786376953125,97.34507194141518,86.45721088913098,95.08434657912662,1142269000
2024-03-11,85.72563171386719,88.7469219574668,84.11853680206842,86.38026112101332,678364000
2024-03-12,91.86116027832031,91.90813084085208,86.10141029804566,87.9993412781643,668075000
2024-03-13,90.83673858642578,91.45238847114443,88.38511917925783,91.0036442134583,635713000
2024-03-14,87.89439392089844,90.5948732884495,86.55115025815236,89.52647603225017,602318000
2024-03-15,87.78744506835938,89.4954805763271,86.20834221458325,86.88095906708162,642086000
2024-03-18,88.40512084960938,92.35289034072188,87.03589066625348,90.33702946254044,668976000
2024-03-19,89.34758758544922,90.49293740706634,84.96206166270107,86.65110342037197,672171000
2024-03-20,90.32102966308594,90.35901024319512,88.17323967680368,89.74634940187569,479063000
2024-03-21,91.38343811035156,92.59575917262121,90.35402013895285,92.24795583398378,480372000
2024-03-22,94.23580932617188,94.72453187599703,90.78275659770236,91.0895826139038,586719000
2024-03-25,94.94841003417969,96.71141493346599,93.45725487677139,93.88801151365493,552136000
2024-03-26,92.5087890625,96.3206408094852,92.44982423178193,95.79693429152606,513648000
2024-03-27,90.19908905029297,93.18740022563185,89.07272590055334,93.05947407876293,586067000
2024-03-28,90.30503845214844,91.24850624285476,89.14269241707345,89.9492364441801,435212000
2024-04-01,90.3120346069336,92.1729839586744,89.15369169415271,90.24807533872301,452441000
2024-04-02,89.40155029296875,90.04318648075638,87.57058285516493,88.39811114522563,433064000
2024-04-03,88.91382598876953,90.32303448482294,88.35014869042175,88.43410095294554,370067000
2024-04-04,85.8565444946289,90.58288102989088,85.83155707073556,90.35500517909665,434965000
2024-04-05,87.9583740234375,88.43110686367916,85.87754736667624,86.81701209960936,399678000
2024-04-08,87.08384704589844,88.77988827828314,86.68307229452097,88.64995673788222,283220000
2024-04-09,85.30584716796875,87.58556628736338,82.97516956737525,87.39267436773328,501700000
2024-04-10,86.98990631103516,87.35070274664696,83.66178279831279,83.87866326448999,431929000
2024-04-11,90.56488800048828,90.687819723934,86.87697442257391,87.37069146521046,431637000
2024-04-12,88.13627624511719,90.12416085218041,87.48064787808988,89.64842367800412,426805000
2024-04-15,85.95249938964844,90.56189797510771,85.88054139689574,89.04775296579596,443077000
2024-04-16,87.36569213867188,88.06829089560239,86.01545628049773,86.38424380509475,370453000
2024-04-17,83.98759460449219,88.7249183584023,83.90263584788114,88.2901585822677,495400000
2024-04-18,84.62324523925781,86.14139337931326,82.35552770602675,84.9220802095837,447260000
2024-04-19,76.15702819824219,84.27644766930946,75.56336900757456,83.10311370735981,875198000
2024-04-22,79.47315216064453,80.02783946358336,76.35691439393003,78.05994814693265,596341000
2024-04-23,82.37650299072266,82.72230848851257,80.21872426508081,80.7234366574032,438559000
2024-04-24,79.63206481933594,84.03457921776213,79.13834013698539,83.90264988256477,512208000
2024-04-25,82.58539581298828,83.27600032547527,78.17887846781115,78.82351130528671,424641000
2024-04-26,87.68551635742188,88.28118087279601,83.33996914129987,83.77072580488384,551011000
2024-04-29,87.70751190185547,87.94237235498613,85.21791179771557,87.54560070216142,388971000
2024-04-30,86.35327911376953,88.76891600613489,86.25133925368692,87.19080401105087,363709000
2024-05-01,82.99415588378906,85.95148630832341,81.20916027802339,85.02901046138126,559863000
2024-05-02,85.76859283447266,86.18835408667036,83.15306466582874,84.4013606664833,377898000
2024-05-03,88.7389144897461,89.23063371341577,86.9909005732954,87.73947860212795,398341000
2024-05-06,92.08802795410156,92.16798466023728,89.00476895897276,89.3395790876885,376203000
2024-05-07,90.50292205810547,91.72922732116892,88.96079315014337,91.04661392300342,437342000
2024-05-08,90.36101531982422,91.14257199813075,89.36957035953105,89.43253836914545,325721000
2024-05-09,88.69695281982422,91.02063858717587,88.18124497678554,90.47794554376881,378013000
2024-05-10,89.82730865478516,91.34945233112951,89.17667483195356,90.25406978590553,335325000
2024-05-13,90.34801483154297,90.94667600491073,88.47906681215352,90.42696502755186,289680000
2024-05-14,91.30447387695312,91.59930565354625,88.88383529778994,89.54846112262796,296507000
2024-05-15,94.57662200927734,94.80849340867992,91.54733338803841,92.41984207783547,417735000
2024-05-16,94.30577850341797,95.76495408373688,94.04991856770557,94.85647021604154,323952000
2024-05-17,92.42682647705078,94.68655257434129,91.75420961084316,94.31576729412592,359691000
2024-05-20,94.72655487060547,95.1463162138061,93.38731412084368,93.6971368800976,318764000
2024-05-21,95.33219909667969,95.3461911389766,93.12744211033531,93.54620449229954,328946000
2024-05-22,94.89645385742188,95.96585017054332,93.19641666447399,95.40516951213256,548648000
2024-05-23,103.74047088623047,106.26004537919088,101.46274907027386,101.97046583987779,835065000
2024-05-24,106.4089584350586,106.4149517573109,102.9419130131948,104.3900933466901,429494000
2024-05-28,113.83676147460938,114.87417806167193,109.82102986026253,110.18182631936331,652728000
2024-05-29,114.7602310180664,115.42685462015827,110.83844833840384,112.98623828974068,557442000
2024-05-30,110.43766784667969,115.75366768594493,109.60114200461162,114.58532839037406,484553000
2024-05-31,109.57115936279297,112.65341931534381,106.879677688503,112.45652422078095,613263000
2024-06-03,114.93514251708984,114.93514251708984,111.93983111247248,113.55692243893306,438392000
2024-06-04,116.37133026123047,116.53424034822847,113.98068096958718,115.65074383289046,403324000
2024-06-05,122.37095642089844,122.3799464045841,117.40176009510016,118.304250755888,528402000
2024-06-06,120.92975616455078,125.51616477932996,118.25326519915947,123.97803133753258,664696000
2024-06-07,120.81982421875,121.62337164710611,117.95544321860926,119.70245088550641,412386000
2024-06-10,121.7213134765625,123.03057221935303,116.94401053331076,120.30211616184846,313434100
2024-06-11,120.85173034667969,122.81078479761143,118.68277039590036,121.71130884876212,222551200
2024-06-12,125.1396713256836,126.81886214949532,122.51094129451408,123.00070306062463,299595000
2024-06-13,129.5475311279297,129.7374419918796,127.09871503024357,129.32763594350715,260704500
2024-06-14,131.8164520263672,132.7759808624214,128.2581700274141,129.89737910282292,309320400
2024-06-17,130.91688537597656,133.66556033801308,129.5175660413327,132.92592665460285,288504400
2024-06-18,135.5146484375,136.26428691629846,130.62700616579136,131.07678620278367,294335100
2024-06-20,130.71697998046875,140.69216665961412,129.45759262565218,139.73263779444994,517768400
2024-06-21,126.50899505615234,130.56704338903992,124.24009251378381,127.05873301556977,649445800
2024-06-24,118.05307006835938,124.40000776140424,117.98310411428992,123.18059459700767,476060900
2024-06-25,126.02924346923828,126.43904958277636,119.26250875597422,121.14160018633311,414192600
2024-06-26,126.3390884399414,128.0582531537486,122.54091663746888,126.06921428451571,362975900
2024-06-27,123.93025207519531,126.34909177016176,122.86076797014964,124.04019968068097,252571700
2024-06-28,123.48046875,127.648457456266,122.69084852465333,124.5199685039101,315516700
2024-07-01,124.24010467529297,124.7798377464592,118.77273936918628,123.41050281013469,284885500
2024-07-02,122.61088562011719,123.35053451744282,120.97167651778796,121.07162680437523,218374000
2024-07-03,128.21817016601562,128.21817016601562,121.30150730962696,121.60136576540062,215749000
2024-07-05,125.76935577392578,128.78790450042015,125.61942654400949,127.3186041478144,214176700
2024-07-08,128.13818359375,130.70695175433724,126.97874686873942,127.42852684489468,237677300
2024-07-09,131.3166961669922,133.7555228326683,128.58800070420872,130.28719371816868,285366600
2024-07-10,134.84500122070312,135.03491211498738,132.35619546389498,133.965420342518,248978600
2024-07-11,127.33860778808594,136.0843835595481,126.98877797734232,135.6845824191085,374782700
2024-07-12,129.17774963378906,131.856451337425,127.15871841221467,128.19821072594715,252680500
2024-07-15,128.3781280517578,131.32670387529456,127.11873290604161,130.49710188740187,208326200
2024-07-16,126.29911041259766,128.97781165688778,124.51996937686796,128.37810993499286,214769500
2024-07-17,117.9331283569336,121.79126850169425,116.66374383425097,121.29150949460832,390086200
2024-07-18,121.0316390991211,122.34101295266511,116.50382347473696,121.79127496540796,320979500
2024-07-19,117.8731689453125,121.54139851435873,117.31344125378135,120.29200089882109,217223800
2024-07-22,123.48046875,124.01021213043963,119.8022417845173,120.29200352530061,258068900
2024-07-23,122.53091430664062,124.62990831594026,122.04115259647224,122.72082517670732,173911000
2024-07-24,114.1949462890625,119.8921965766103,113.38533904444206,119.11257365575831,327776900
2024-07-25,112.22588348388672,116.57378540069556,106.24876991914482,112.98551932388845,460067000
2024-07-26,113.00550842285156,116.14399449340688,111.52622597755057,116.13400480341201,293399100
2024-07-29,111.5362319946289,116.22397478096362,111.24637842799686,113.63522630987761,248152100
2024-07-30,103.68001556396484,111.93602955521253,102.49058658822665,111.46625482947668,486833300
2024-07-31,116.9636001586914,118.28296369436077,110.82655987338046,112.84559062727486,473174200
2024-08-01,109.15736389160156,120.10209097077005,106.75851907796755,117.47335365334001,523462300
2024-08-02,107.21830749511719,108.6676133731782,101.32115657119698,103.71000431512978,482027500
2024-08-05,100.4015884399414,103.36016867781126,90.6462974352404,92.0156323292122,552842400
2024-08-06,104.19976043701172,107.65809209854007,100.50154657010994,103.78995436151921,409012100
2024-08-07,98.8623275756836,108.74755983917498,98.64243239882663,107.75803154331864,411440400
2024-08-08,104.91941833496094,105.44916171874115,97.47300376138202,101.95084829679239,391910000
2024-08-09,104.69951629638672,106.54862317361375,103.38015276837264,105.58908675557784,290844200
2024-08-12,108.96746826171875,111.01648357411331,106.20880358471621,106.26877223508454,325559900
2024-08-13,116.08402252197266,116.1739831093698,111.52622277964618,112.38580888904526,312646700
2024-08-14,118.02310943603516,118.54285553833287,114.01503936808065,118.47288957022128,339246400
2024-08-15,122.80079650878906,123.180610648127,117.41339446628129,118.70277375276062,318086700
2024-08-16,124.51995086669922,124.93974658505293,121.12158823444238,121.88122402888025,302589900
2024-08-19,129.93734741210938,129.93734741210938,123.36051676677039,124.22010290586175,318333600
2024-08-20,127.18867492675781,129.81741234204915,125.82932973595075,128.3381146113763,300087400
2024-08-21,128.43804931640625,129.2876456264653,126.59894005268639,127.2586178970324,257883600
2024-08-22,123.68035888671875,130.68698241163722,123.04066795762931,129.9573385201996,376189100
2024-08-23,129.30763244628906,129.53753255606168,125.15963905002394,125.79932992863567,323230300
2024-08-26,126.39905548095703,131.19673768949764,124.31006635411407,129.50756494551362,331964700
2024-08-27,128.23817443847656,129.1377346219971,123.82029866993177,124.98974063480068,303134600
2024-08-28,125.54946899414062,128.26815944285755,122.580899020736,128.05825393148814,448101100
2024-08-29,117.53331756591797,124.37002462838785,116.65374447412273,121.30150468369611,453023300
2024-08-30,119.31246948242188,121.69131963851615,117.16350420185492,119.47238840117339,333751600
2024-09-03,107.94794464111328,116.15398655476369,107.23828777198462,115.95408600386334,477155100
2024-09-04,106.1588134765625,113.21540862229497,104.06982436712501,105.3592035946603,372470300
2024-09-05,107.15833282470703,109.5971593888533,104.70951657024186,104.93940145906154,306850700
2024-09-06,102.78044128417969,108.09787692095124,100.90134249947533,107.98792932713482,413638100
2024-09-09,106.41868591308594,106.49864918568733,103.64002700878578,104.8294482794324,273912000
2024-09-10,108.04788970947266,109.34726610485653,104.89940661736314,107.7580285866342,268283700
2024-09-11,116.8536605834961,117.13352442144715,107.36822866067497,109.33728046789619,441422400
2024-09-12,119.0927734375,120.7421209186122,115.33426173002456,116.79368208487448,366052700
2024-09-13,119.05278015136719,119.91243980632909,117.55337484057826,119.03279143615939,238358300
2024-09-16,116.73370361328125,118.13315013570288,114.31466480568342,116.74370178435876,248772300
2024-09-17,115.54417419433594,118.75290839853001,114.78448096424103,118.12315326201993,231925900
2024-09-18,113.3250503540039,117.65332766764698,113.17510830529987,115.84404779202798,310318900
2024-09-19,117.82327270507812,119.6125639674696,117.2035157611041,117.30347459042382,293506400
2024-09-20,115.95401763916016,118.57298181753792,115.3442588328446,117.01359501507952,382462400
2024-09-23,116.21391296386719,116.94361929782039,114.81446644323901,116.50379891378353,206228500
2024-09-24,120.82209014892578,121.75172180406905,115.33426088161053,116.47380837806097,354966800
2024-09-25,123.4610366821289,124.89047006468225,121.5617884105282,121.97162190060216,284692900
2024-09-26,123.99082946777344,127.61938773200264,121.75171957511898,126.74973749484685,302582900
2024-09-27,121.35187530517578,123.98082995705606,119.21272426875333,123.92085618310571,271009200
2024-09-30,121.3918685913086,121.451842369324,118.10317169758383,118.26310431441512,226553700
2024-10-01,116.95362091064453,122.3914669216292,115.74410147280143,121.72172671524483,302094500
2024-10-02,118.8028793334961,119.33266799005563,115.09435111120959,116.39383876517695,221845900
2024-10-03,122.80130004882812,124.31070361178112,120.29229289145833,120.87206480654892,277118000
2024-10-04,124.87047576904297,124.99043094258552,121.78170440742984,124.89047211115172,243678100
2024-10-07,127.66936492919922,130.58820542607234,124.90045886173723,124.94044391837012,346250200
2024-10-08,132.83731079101562,133.42707320550807,129.36868536610157,130.20834865989482,285722500
2024-10-09,132.59739685058594,134.46666574879316,131.3279114002274,134.05682465722603,246191600
2024-10-10,134.7565460205078,134.94647312682827,130.94805910825556,131.85770195813822,242311300
2024-10-11,134.74656677246094,135.72617401836632,133.60701929174726,133.9568713960576,170209500
2024-10-14,138.01527404785156,139.54466630986312,136.24597143489578,136.4159022137037,232347700
2024-10-15,131.54783630371094,138.5150744275185,128.68896947491228,137.8153397242487,377831000
2024-10-16,135.66619873046875,136.56583584893667,131.527840530584,133.92688301499192,264879700
2024-10-17,136.87571716308594,140.83415423256426,136.81574338597488,139.28476556198524,306435900
2024-10-18,137.94529724121094,138.8449343829922,137.22558142668973,138.61502982502418,176090200
2024-10-21,143.6530303955078,143.6530303955078,137.94528751258602,138.07524085271365,264554500
2024-10-22,143.53309631347656,144.36276924192205,141.72381599778205,142.85337309657714,226311600
2024-10-23,139.50466918945312,142.37352650102258,137.40551088320953,141.97369118156848,285930000
2024-10-24,140.35433959960938,141.293969386979,138.40511570705533,140.76418072009866,172354900
2024-10-25,141.48388671875,144.0728716327459,140.74418981710016,140.8741279131319,205122100
2024-10-28,140.4643096923828,143.08326638426843,139.99449475491215,142.9433224828564,173586700
2024-10-29,141.19400024414062,142.20359433012132,138.8449258203989,140.23437413304583,157593600
2024-10-30,139.28475952148438,140.27437255912164,136.75576367804047,139.48467718743143,179418100
2024-10-31,132.70738220214844,137.55546626582213,132.05764589588958,137.54547571977304,270039600
2024-11-01,135.34632873535156,137.25557537634637,134.5166711244238,134.64660922766117,207127800
2024-11-04,135.99606323242188,138.90491316378314,135.5162578090522,137.15560698724303,187528200
2024-11-05,139.8545379638672,140.31434706066804,137.27555894461494,137.39550649112996,160537400
2024-11-06,145.55227661132812,146.4319326348536,141.90372967757455,142.90333324876622,242043900
2024-11-07,148.8209991455078,148.8709671267726,146.1120664908763,146.33198051831096,207323300
2024-11-08,147.57147216796875,149.7106230852884,146.20200497714438,148.7110195677981,175665800
2024-11-11,145.202392578125,148.79098057849544,143.51307554919703,148.62103456850656,182325600
2024-11-12,148.231201171875,149.5906625866308,145.95210633724608,146.72180532829077,198634700
2024-11-13,146.21200561523438,149.2707898303925,145.8421419549503,149.01089841600094,191903300
2024-11-14,146.70181274414062,148.94093020600926,145.49230097997514,147.5814687564354,194463300
2024-11-15,141.9237060546875,145.18242335032573,140.02446543358045,144.81255966940228,250132900
2024-11-18,140.09442138671875,141.49387540802257,137.09561095173166,139.44468522690033,221205300
2024-11-19,146.95172119140625,147.07168399645053,140.9341184421503,141.26398946372595,227834900
2024-11-20,145.83216857910156,147.5015047606034,142.67341754276418,147.3515703217148,309871700
2024-11-21,146.6118621826172,152.8293979645091,140.64422730754492,149.290807835149,400946600
2024-11-22,141.8937225341797,147.1016638018941,141.04406865837018,145.87214043901812,236406200
2024-11-25,135.96609497070312,141.99370385870768,135.766177287977,141.933730079164,344941900
2024-11-26,136.86572265625,139.2447840977321,135.61621816013385,137.64541224160723,190287700
2024-11-27,135.2863311767578,137.1655905980091,131.74774157257602,134.95646019838466,226370900
2024-11-29,138.19520568847656,139.29477581313424,135.99608069190262,136.7257870913165,141863200
2024-12-02,138.5750274658203,140.39429776497158,137.7653511333102,138.7749450999513,171682800
2024-12-03,140.20440673828125,140.48429454860658,137.8953246767264,138.2051993772479,164414000
2024-12-04,145.0824737548828,145.73221002899123,140.23438993110327,141.94371889092554,231224300
2024-12-05,145.0124969482422,146.49200804389403,143.9028598130552,145.06248362625453,172621200
2024-12-06,142.39334106445312,145.6522676421263,141.2637063556289,144.55263713920382,188505600
2024-12-09,138.7645263671875,139.90415231737651,137.08508402113657,138.92447761551347,189308600
2024-12-10,135.0257568359375,141.77354545828368,133.74616214517607,138.96445323342698,210020900
2024-12-11,139.2643585205078,140.12407738797447,135.16571086465208,137.31500040642362,184905200
2024-12-12,137.29501342773438,138.39465924672223,135.75552453494274,137.03510407678786,159211400
2024-12-13,134.20602416992188,139.55427778956917,132.4965775973186,138.89449032268433,231514900
2024-12-16,131.95675659179688,134.35596424649526,130.37727237183418,134.13603509853905,237951100
2024-12-17,130.3472900390625,131.54689392732612,126.81844751374322,129.04771280436398,259410300
2024-12-18,128.86778259277344,136.6552244722092,128.23798405143236,133.8161583001621,277444500
2024-12-19,130.63717651367188,133.98608501684748,129.50755712091288,131.7168244915274,209719200
2024-12-20,134.65586853027344,135.2356803497186,128.1779956829599,129.76747112979962,306528600
2024-12-23,139.62425231933594,139.74420813475027,135.07573952144836,136.23536324975828,176053500
2024-12-24,140.17408752441406,141.8535301026856,138.60459428405517,139.95415834100334,105157000
2024-12-26,139.88417053222656,140.8038826879709,137.68489400548984,139.65425012018665,116205600
2024-12-27,136.96511840820312,138.97446981750295,134.66588395063462,138.50462254046806,170582600
2024-12-30,137.4449462890625,140.22403398735426,133.97608228188028,134.78581438230358,167734700
2024-12-31,134.2460174560547,138.02479365615312,133.7861766339878,137.98479821279548,155659200
2025-01-02,138.26467895507812,138.83449951090427,134.58589206435911,135.9554382894446,198247200
2025-01-03,144.4226837158203,144.85253555834646,139.68423069189672,139.96413776465596,229322500
2025-01-06,149.38104248046875,152.11015917129038,147.77158452702758,148.5413213081193,265377400
2025-01-07,140.09408569335938,153.07983530547875,139.9641234037018,152.97986196669754,351782200
2025-01-08,140.06410217285156,143.90284057175748,137.51493447299714,142.5332942493383,227349900
2025-01-10,135.86549377441406,139.87417502688794,134.17604480086774,137.40498271998055,207602500
2025-01-13,133.1863555908203,133.4462801889749,129.4675728747113,129.94742663109315,204808900
2025-01-14,131.71682739257812,136.33532416409136,130.00739616366573,136.00543044799826,195590500
2025-01-15,136.1953887939453,136.4053114797544,131.24699764678536,133.60622538989423,185217300
2025-01-16,133.52626037597656,138.70455649670012,133.44628474718112,138.59459191383036,209235600
2025-01-17,137.66490173339844,138.45463626831489,135.41563868932835,136.6452315490251,201188800
2025-01-21,140.78387451171875,141.78354697270905,137.0450940162502,139.1144233323199,197749000
2025-01-22,147.0218505859375,147.7416007949869,143.62295473278476,144.61263605764083,237651400
2025-01-23,147.17178344726562,147.18177468068177,143.67292977388993,145.0024960002277,155915500
2025-01-24,142.57327270507812,148.92119854206575,141.83352489203162,148.32138900097752,234657600
2025-01-27,118.3812026977539,128.35792888769186,116.6617649651342,124.75911743279188,818830900
2025-01-28,128.94775390625,128.95774513931468,116.21192149182427,121.77009783396647,579666400
2025-01-29,123.65948486328125,126.84844257022412,120.0106863497111,126.458570906435,467120600
2025-01-30,124.60917663574219,124.9590604797062,118.06131881584726,123.05968123503551,392925500
2025-01-31,120.03067016601562,127.80812056780856,119.15096116009843,123.73945402173636,388161100
2025-02-03,116.62179565429688,118.53116613291392,112.9729895620065,114.71241754878405,371235700
2025-02-04,118.61112976074219,121.16028976109213,116.66176403787988,116.92168099297385,256550000
2025-02-05,124.78911590576172,124.95905839472358,120.72044926950534,121.72012173666313,262230800
2025-02-06,128.63784790039062,128.72783001681898,125.16899078801299,127.37826606210074,251483600
2025-02-07,129.79745483398438,130.32727996151158,124.95904429961287,129.17766285547097,228186300
2025-02-10,133.52626037597656,134.955784699492,129.91744211571256,130.04738916543755,216989100
2025-02-11,132.7565155029297,134.43595803743202,130.9770996135579,132.5365863252507,178902400
2025-02-12,131.09706115722656,132.19670709360815,129.03773808890557,129.97743275203294,160278600
2025-02-13,135.2456817626953,136.45529216313562,131.127036067263,131.51690772043457,197430000
2025-02-14,138.80453491210938,139.20439781688884,135.4556258828613,136.4353006772254,195479600
2025-02-18,139.35435485839844,143.3930407195906,137.88483491061234,141.2237529999524,219176600
2025-02-19,139.18438720703125,141.3136943495984,137.17505112782226,139.46429426521587,167536000
2025-02-20,140.06410217285156,140.61392504988532,136.74518244514988,139.98412654948388,143903600
2025-02-21,134.38595581054688,141.41366694156105,133.98609294492073,139.99411868487,228217600
2025-02-24,130.23733520507812,138.544611438826,130.03740375103862,136.51527743543022,251381100
2025-02-25,126.5885238647461,130.1573543264651,124.39924631174091,129.93742515974864,271428700
2025-02-26,131.23699951171875,133.68619399137987,128.44792005609298,129.9474287481865,322553800
2025-02-27,120.11064910888672,134.96577503505506,119.97069557287365,134.9557838016939,443175800
2025-02-28,124.87908172607422,125.04902421361967,116.36187573271177,117.98134023479652,389091100
2025-03-03,114.02263641357422,123.65947815441595,112.2432206852501,123.46954557652553,411381400
2025-03-04,115.9520034790039,119.27091565466138,110.07393231302608,110.61375634258967,398163300
2025-03-05,117.26158142089844,118.2412561507128,114.47249437052442,117.54148848655969,284337900
2025-03-06,110.53378295898438,115.31221606989396,110.18389912538346,113.49281250827367,321181900
2025-03-07,112.65309143066406,113.44283358559466,107.52476685365718,111.21356065439609,341755500
2025-03-10,106.94496154785156,111.81336147496829,105.42545516002185,109.86400325750407,366487400
2025-03-11,108.72438049316406,112.20323643435479,104.73568182740638,106.95495594173273,354865700
2025-03-12,115.71273803710938,116.7325020716217,112.85341103244578,114.09312447156262,323857500
2025-03-13,115.55277252197266,117.73225924433854,113.76319330991835,117.0024278677365,299033100
2025-03-14,121.6413345336914,121.85128414551467,118.12216714928688,118.5820578648422,277593500
2025-03-17,119.50183868408203,122.86104771124882,118.00219206936818,122.711081524258,255501500
2025-03-18,115.40280151367188,118.99195194008684,114.51301183473794,117.97219563901088,299686900
2025-03-19,117.4923095703125,120.4216195833343,115.65274672556286,117.24236846895431,273426200
2025-03-20,118.50206756591797,120.17167220516042,116.44255543913019,116.52253841801043,248829700
2025-03-21,117.6722640991211,117.9621966837067,115.39280254041711,116.91244866461768,266498500
2025-03-24,121.38140106201172,122.19120779583362,119.31188140429414,119.8517551027078,228452500
2025-03-25,120.66156768798828,121.26142480153007,118.89198043130345,120.5216012824151,167447200
2025-03-26,113.73320007324219,118.81199741904777,112.68344440410922,118.70203035263671,293463300
2025-03-27,111.40375518798828,114.42304053099558,110.6339399022949,111.32377219977147,236902100
2025-03-28,109.6441650390625,112.84341584506377,109.04430789656145,111.46373602695421,229872500
2025-03-31,108.35446166992188,110.9338556226425,103.6255803841977,105.10522740758995,299212700
2025-04-01,110.12405395507812,110.17403760023085,106.4449205320371,108.49443304563391,222614000
2025-04-02,110.39398193359375,111.95361956622256,106.76483994973236,107.26472214391917,220601200
2025-04-03,101.7760238647461,105.60511590388697,101.57606639857329,103.48562015563714,338769400
2025-04-04,94.28778076171875,100.10640942744341,92.08830207120735,98.88670323249266,532273800
2025-04-07,97.61699676513672,101.72602911656392,86.59959627985899,87.43939472630683,611041300
2025-04-08,96.27731323242188,105.82505852328022,94.43774279946976,103.78553826456235,476243400
2025-04-09,114.30306243896484,115.07287764897656,97.5070179445592,98.86669810018236,612918300
2025-04-10,107.5446548461914,110.83388059600858,99.12664053501021,109.34423379452805,437812400
2025-04-11,110.90386199951172,111.52371865557488,107.45467796999777,108.47443427245335,313417300
2025-04-14,110.68391418457031,114.2630725146749,109.04430120283689,114.08311462021162,264705000
2025-04-15,112.1735610961914,113.5932323217664,110.47396469045397,110.94385517244878,228966900
2025-04-16,104.46538543701172,106.76484672728219,100.4263361362673,104.52537649088836,397016900
2025-04-17,101.4660873413086,104.44538862475022,100.02643178468185,104.42538906519317,292517500
2025-04-21,96.88717651367188,99.41657935183265,95.01761424618036,98.74673137333838,288501100
2025-04-22,98.86669921875,99.78648062043173,97.2570779520085,98.75672452641882,241004800
2025-04-23,102.68579864501953,104.77531016741209,101.99595878138034,104.4953697335839,247526000
2025-04-24,106.40492248535156,106.51489717654988,103.08570507328525,103.45562063709751,220815000
2025-04-25,110.98385620117188,111.8936379045766,105.70510100806126,106.82483233532861,251064700
2025-04-28,108.70439147949219,110.34400455936343,105.9950231207954,109.66416443154382,207708500
2025-04-29,108.99431610107422,110.17403844763395,107.41469407982767,107.64463563001284,170444300
2025-04-30,108.89433288574219,108.89433288574219,104.05547701680861,104.44538450923935,235044600
2025-05-01,111.58370208740234,114.91291927434723,111.27377757314032,113.05335693358144,236121500
2025-05-02,114.47303009033203,115.37281962529518,113.34329900218786,114.15310576985596,190194800
2025-05-05,113.7931900024414,114.64298826396649,112.63346720059009,112.88340831442672,133163200
2025-05-06,113.51325988769531,114.7129742117387,110.7938992837595,111.4537475013017,158525600
2025-05-07,117.03242492675781,117.65228163619798,112.25355204144066,113.02337494499027,206758800
2025-05-08,117.34235382080078,118.65204278244111,115.82270761670769,118.22214377270919,198428100
2025-05-09,116.62252044677734,118.20215005190205,115.18285724943865,117.32235248570746,132972200
2025-05-12,122.97102355957031,122.97102355957031,120.25166311897564,121.94126742822685,225023300
2025-05-13,129.89938354492188,131.18908818741485,124.44067836400953,124.95056035306071,330430100
2025-05-14,135.30810546875,135.40808800730593,131.6489642323906,133.16861033831793,281180800
2025-05-15,134.79823303222656,136.2678878895653,132.6287461607251,134.258351724734,226632600
2025-05-16,135.36810302734375,136.31789147723805,133.42857277146337,136.18791721457987,226542500
2025-05-19,135.53805541992188,135.83797251007488,132.35879696756518,132.35879696756518,193154600
2025-05-20,134.3483428955078,134.54829272140586,132.58874781513978,134.2583525069389,161514200
2025-05-21,131.76895141601562,137.36762292180558,130.55922977564506,133.02864907239967,270608700
2025-05-22,132.7987060546875,134.21836966107523,131.51900885300861,132.19884131725317,187344000
2025-05-23,131.25906372070312,132.64873565144939,129.12957588399638,129.96937433382988,198821300
2025-05-27,135.4680633544922,135.6280293045703,133.27857708527512,134.1183754403962,192953600
2025-05-28,134.7782440185547,137.2176717346689,134.75824445795843,135.9979578766118,304021100
2025-05-29,139.15721130371094,143.45620133736625,137.87751407348716,142.21648797143945,369241900
2025-05-30,135.09817504882812,139.58710766728817,132.88868890141003,138.6873257641086,333170900
2025-06-02,137.34764099121094,138.08745689917103,135.36809645457458,135.45808684638126,197663100
2025-06-03,141.1867218017578,141.9665367692297,137.91748812723765,138.74729436292043,225578800
2025-06-04,141.88656616210938,142.3564566649135,139.5071219355859,142.15650682982962,167120800
2025-06-05,139.95701599121094,143.96606551828813,138.79728569106723,142.13649493837005,231397900
2025-06-06,141.6865997314453,143.23623746842864,141.47664251332282,142.47640682683559,153986200
2025-06-09,142.59640502929688,144.96584183837217,141.9065651342004,143.15627066728982,185114500
2025-06-10,143.92608642578125,144.25599524562207,141.4966510569608,142.65638139553192,155881900
2025-06-11,142.80625915527344,144.96590375929992,141.84641202362192,144.5859620448177,167694000
2025-06-12,144.9759063720703,144.9759063720703,141.82643588786814,141.94641106631286,162365000
2025-06-13,141.94639587402344,143.556128789635,140.8265869783813,142.4563055840922,180820600
2025-06-16,144.66595458984375,146.1556971839991,143.1761967394354,143.32618096280035,183133700
2025-06-17,144.09603881835938,145.1958620737219,143.75609899624828,144.46598768948277,139108000
2025-06-18,145.455810546875,145.62578045463974,143.0962022725339,143.9860537050978,161494100
2025-06-20,143.8260955810547,146.17569581398777,142.6262828381709,145.42582047781178,242956200
2025-06-23,144.1460418701172,144.7559411184857,142.00639807778802,142.47632119978937,154308900
2025-06-24,147.8754119873047,147.9354148301798,145.4758169849003,145.53580457152245,187566100
2025-06-25,154.28436279296875,154.4243389252029,149.23519867353343,149.24520677628502,269146500
2025-06-26,154.99423217773438,156.69394650127538,153.97439748110884,155.95406403411533,198145700
2025-06-27,157.72377014160156,158.68361723049148,155.2341786737402,156.01404775885302,263234500
2025-06-30,157.96376037597656,158.6336472456001,155.93409881773164,158.37368067249696,194580300
2025-07-01,153.2745361328125,157.17388214393176,151.46483925954294,156.26402965591922,213143600
2025-07-02,157.22386169433594,157.57380961936815,152.94457434216997,152.9545671877056,171224100
2025-07-03,159.3135223388672,160.95324924613055,157.74379112425564,158.34368228178877,143716100
2025-07-07,158.21371459960938,159.28352889047815,157.31385497697042,158.17371270193448,140139000
2025-07-08,159.97340393066406,160.19336858156893,158.36367094336165,159.30351713245472,138133000
2025-07-09,162.85293579101562,164.39267314506114,161.13322041798892,161.1932080055649,183656400
2025-07-10,164.07273864746094,164.4726660794993,161.5831469026993,164.29270331195812,167704100
2025-07-11,164.89259338378906,167.862101078866,163.44283738179527,163.6927958392512,193633300
2025-07-14,164.04273986816406,165.4625020418882,161.99307751467913,165.3425116109199,136975800
2025-07-15,170.671630859375,172.37134531045626,169.17188012202328,171.1615549258278,230627400
2025-07-16,171.34152221679688,171.72146396229547,168.87193138356372,171.03157616389174,158831500
2025-07-17,172.97125244140625,174.13106334471073,170.80161486292053,171.99141956059896,160841100
2025-07-18,172.38134765625,174.22103817113316,171.23152964225835,173.61113894806013,146456400
2025-07-21,171.35153198242188,173.35119970444802,170.97159023323564,172.72129949000853,123126100
2025-07-22,167.00225830078125,171.36153479867312,164.55266825003173,171.31154005146294,193114300
2025-07-23,170.75161743164062,171.23153339032083,167.94208685699226,169.5018251648929,154082200
2025-07-24,173.7111358642578,173.80111724784433,171.27153886755505,172.41134882841166,128984600
2025-07-25,173.47117614746094,174.69097468726906,172.9312725713388,173.58115848322245,122316800
2025-07-28,176.7206268310547,176.97058528484683,173.94109004538618,173.99108478739527,140023500
2025-07-29,175.4808349609375,179.35020236643535,174.99092613442062,177.93044011853775,154077500
2025-07-30,179.24021911621094,179.86011122312902,176.01074478620916,176.48066791766442,174312200
2025-07-31,177.84043884277344,183.26954448460754,175.9007587673991,182.86960179799485,221685400
2025-08-01,173.69113159179688,176.51065501732398,170.86160006411595,174.06106522140865,204529000
2025-08-04,179.9700927734375,180.17005649193501,174.49100755408614,175.1309006070304,148174600
2025-08-05,178.23037719726562,180.23004490386853,175.87076869322405,179.59015184800575,156407600
2025-08-06,179.3901824951172,179.87009845787975,176.22071111043454,176.30069964693718,137192300
2025-08-07,180.73997497558594,183.84945895635624,178.7703010091291,181.53984513179375,151878400
2025-08-08,182.6696319580078,183.26953833968557,180.3700111699138,181.51982919208731,123396700
2025-08-11,182.0297393798828,183.80944232526838,180.2200426409657,182.01974653412333,138323200
2025-08-12,183.1295623779297,184.44933506001817,179.4301803710301,182.9295986692803,145485700
2025-08-13,181.55982971191406,183.93943921657484,179.3202115957667,182.58965738273272,179871700
2025-08-14,181.98974609375,182.98957985829236,179.43017409752198,179.72011917648817,129554000
2025-08-15,180.42001342773438,181.86976944489334,178.01041021115256,181.84978375259033,156602200
2025-08-18,181.979736328125,182.90958965389834,180.55997422620712,180.56998232776263,132008000
2025-08-19,175.61080932617188,182.46966985536903,175.46084035755914,182.39967416584764,185229200
2025-08-20,175.370849609375,175.9707560164781,168.77195541250927,175.1408920976954,215142700
2025-08-21,174.95091247558594,176.87059152353538,173.78110877087863,174.8209444570093,140040900
2025-08-22,177.96043395996094,178.56032512128596,171.17155351749952,172.58132291943235,172789400
2025-08-25,179.78012084960938,181.87977802218637,176.54066896263805,178.3203719824875,163012800
2025-08-26,181.7397918701172,182.35968393651802,178.7802771456414,180.03006938032237,168688200
2025-08-27,181.56982421875,182.45967569067753,179.07023971825097,181.94975068857377,235518900
2025-08-28,180.1400604248047,184.43934897141472,176.3806906932069,180.7899615720414,281787800
2025-08-29,174.1510467529297,178.12038822306508,173.12121914292007,178.08040158317536,243257900
2025-09-02,170.75161743164062,172.351357635579,167.19221149694363,169.9717482776903,231164900
2025-09-03,170.59165954589844,172.38137081666613,168.851958278929,171.03158891427162,164424900
2025-09-04,171.63148498535156,171.83144870716828,169.381858788342,170.54166973363456,141670100
2025-09-05,166.9922637939453,169.0019244592772,164.04275681292185,168.00209055003162,224441400
2025-09-08,168.2820281982422,170.93159698121408,167.32219627229085,167.5221599855096,163769100
2025-09-09,170.7316131591797,170.95157781434446,166.71229229208453,169.0618925540675,157548400
2025-09-10,177.300537109375,179.26020289704138,175.44084555219968,176.61064931709572,226852000
2025-09-11,177.1505584716797,180.26021784214308,176.4606317396978,179.66027757334626,151159300
2025-09-12,177.80047607421875,178.5803891806412,176.43061617633268,177.75047851465564,124911000
2025-09-15,177.73049926757812,178.83038469078608,174.49084923140515,175.650725630949,147061600
2025-09-16,174.86080932617188,177.4805168617991,174.36086420825131,176.98057174387853,140737800
2025-09-17,170.27130126953125,173.18098551277336,168.39151800406466,172.62104942275718,211843800
2025-09-18,176.2206573486328,177.08056354559588,172.94101865721873,173.96089569350613,191763300
2025-09-19,176.6505889892578,178.06043774665943,175.16074718989944,175.7506939671915,237182100
2025-09-22,183.58984375,184.52974299714734,174.69082690233378,175.28075846993005,269637000
2025-09-23,178.410400390625,182.3999677661597,176.19065819152993,181.95002022927713,192559600
2025-09-24,176.9505615234375,179.76025041106172,175.38072666046574,179.75025700209653,143564100
2025-09-25,177.67050170898438,180.2402117285651,173.11100459099512,174.4608472798892,191586700
2025-09-26,178.17044067382812,179.750269051669,174.91078879333958,178.15043859744398,148573700
2025-09-29,181.83004760742188,183.97980553666213,180.30021674934378,180.41019002973698,193063500
2025-09-30,186.55950927734375,187.32942897828707,181.4600633204032,182.06000352373024,236981000
2025-10-01,187.21945190429688,188.11934700723293,183.87980694521147,185.21967144700423,173844900
2025-10-02,188.8692626953125,191.0290292282152,188.03935198339767,189.57919146332628,136805800
2025-10-03,187.5994110107422,190.33911589327732,185.35966652947783,189.16924608680657,137596900
2025-10-06,185.51962280273438,187.20943969833962,183.3098739831843,185.4796339074747,157678100
2025-10-07,185.01968383789062,189.03924688644503,183.97980469837793,186.20955566811082,140088000
2025-10-08,189.0892333984375,189.57918508139647,186.51950830089396,186.5495190429729,130168900
2025-10-09,192.54885864257812,195.27855455286462,191.039014711271,192.20888438710807,182997200
2025-10-10,183.139892578125,195.59851591827854,182.03001384654092,193.4887469873255,268774400
2025-10-13,188.29933166503906,190.08912842775598,185.93959015922437,187.9493639887039,153482800
2025-10-14,180.01022338867188,184.77970370013514,179.6802578066599,184.74970821605342,205641400
2025-10-15,179.8102569580078,184.84969686580231,177.2705272995106,184.77971248532194,214450500
2025-10-16,181.7900390625,183.2598789113643,179.75026972003684,182.20999112544493,179723300
2025-10-17,183.19989013671875,184.07979842608083,179.7302697995737,180.1602152773484,173135200
2025-10-20,182.6199493408203,185.1796658652692,181.7100455780644,183.10990104163824,128544700
2025-10-21,181.14010620117188,182.76991679751694,179.7802549646251,182.76991679751694,124240200
2025-10-22,180.2602081298828,183.4198648953589,176.74059027394597,181.12011433169937,162249600
2025-10-23,182.13999938964844,183.0098989665471,179.7702492811968,180.4001849787377,111363700
2025-10-24,186.23953247070312,187.44940625639555,183.47984116964938,183.81980015643103,131296700
2025-10-27,191.46897888183594,191.97891738858848,188.4093020699799,189.9691435897376,153452700
2025-10-28,201.0079345703125,203.12769700573313,191.8889404255143,193.0288146936141,297986200
2025-10-29,207.01727294921875,212.1667169482571,204.7575264516481,207.95717223581016,308829600
2025-10-30,202.8677215576172,206.13736677538768,201.38788833732997,205.12746791137428,178864400
2025-10-31,202.4677734375,207.94716749796044,202.04782138155986,206.42733011185774,179802200
2025-11-03,206.85728454589844,211.31678618801203,205.53742218982754,208.05714970598171,180267300
2025-11-04,198.66818237304688,203.9476013046771,197.90825607143535,202.9777066091775,188919300
2025-11-05,195.18858337402344,202.89772869539195,194.6286320152979,198.7481902403631,171350300
2025-11-06,188.05935668945312,197.59830279082226,186.35954634625867,196.39843756369172,223029800
2025-11-07,188.1293487548828,188.29934352754728,178.8903723972709,184.87970536775757,264942300
2025-11-10,199.0281524658203,199.91805415635875,193.76872011438098,195.08858253564551,198897100
2025-11-11,193.1387939453125,195.3985402959953,191.2789975702345,195.13857433756354,176483300
2025-11-12,193.7787322998047,195.86849924763862,191.1090271797132,195.69851973704638,154935300
2025-11-13,186.8394775390625,191.4189763426968,183.82981362374773,191.02901978717685,207423100
2025-11-14,190.14910888671875,190.98901295495202,180.56016596493993,182.8399142970662,186591900
2025-11-17,186.5795135498047,188.9792438771453,184.29976516169708,185.9495778546046,173628900
2025-11-18,181.340087890625,184.7797126313021,179.6302689297591,183.3598703733926,213598900
2025-11-19,186.49952697753906,187.8393762025218,182.8099296469334,184.76970592228736,247246400
2025-11-20,180.6201629638672,195.97847686300787,179.83025642841662,195.92847930218133,343504800
2025-11-21,178.86036682128906,184.5397359279593,172.91100782704066,181.22010834266524,346926200
2025-11-24,182.52996826171875,183.4798609481747,176.4606271183833,179.47030653663683,256618300
2025-11-25,177.80047607421875,178.14043506786686,169.53138015579162,174.89079203873564,320600300
2025-11-26,180.24020385742188,182.8899220695924,178.22043661727494,181.6100638206842,183852000
2025-11-28,176.98056030273438,179.2703020816569,176.48061521713345,178.99033405428943,121332800
2025-12-01,179.90025329589844,180.2802164760195,173.66093259662904,174.7408159055669,188131000
2025-12-02,181.44007873535156,185.63961443898967,179.98023235974816,181.7400335835938,182632200
2025-12-03,179.57028198242188,182.4299686383783,179.09033894604931,181.06012391136443,165138000
2025-12-04,183.37008666992188,184.51002440204854,179.95027347354184,181.61017209543593,167364900
2025-12-05,182.40013122558594,184.6500094505641,180.9002124089338,183.88004685245298,143971100
2025-12-08,185.5399627685547,187.98982714518382,182.39012406320575,182.6301165694494,204378100
2025-12-09,184.95999145507812,185.70995086836587,183.31008684903045,185.54995586495326,144719700
2025-12-10,183.77005004882812,185.46995496958337,182.03013874897007,184.9599880707457,162785400
2025-12-11,180.92019653320312,181.31019006496976,176.61043233199788,180.27023782951787,182136600
2025-12-12,175.01052856445312,182.81010931847595,174.61054106596097,181.10019518559332,204274900
2025-12-15,176.28045654296875,178.4103461991077,175.02053019793698,177.93037643785232,164775600
2025-12-16,177.71038818359375,178.48035080582065,174.8905333961456,176.25046044282257,148588100
2025-12-17,170.93075561523438,176.12047730871902,170.30078481189744,176.0904801521757,222775500
2025-12-18,174.1305694580078,176.14045512074784,171.8107030234881,174.52054772862792,176096000
2025-12-19,180.98020935058594,181.4401759084778,176.3304518785618,176.6604358481607,324925900
2025-12-22,183.6800537109375,184.15002947616998,182.34012994783166,183.91003698180788,129064400
2025-12-23,189.19976806640625,189.31975669034466,182.89009670029142,182.96010023623109,174873600
2025-12-24,188.59979248046875,188.899779295176,186.57989753660073,187.92983057380172,65528500
2025-12-26,190.51968383789062,192.67957056140054,187.98982202804387,189.9097162518428,139740300
2025-12-29,188.20980834960938,188.749772392931,185.8999358866866,187.6998414610299,120006100
2025-12-30,187.52984619140625,188.9797799436452,186.91987858592935,188.22982052336855,97687300
2025-12-31,186.4899139404297,190.54969193131708,186.47991997410415,189.55975523635485,120100500
2026-01-02,188.83978271484375,192.91954841717475,188.24980305842183,189.82971935613102,148240500
2026-01-05,188.1098175048828,193.61952916959007,186.13992286460274,191.74961996436147,183529700
2026-01-06,187.22987365722656,192.15959956375178,186.80989821500853,190.50969495089785,176862600
2026-01-07,189.09976196289062,191.35963411085106,186.54989697142676,188.55979791265688,153543200
2026-01-08,185.0299835205078,189.53974931649188,183.70006889406122,189.09977067708235,172457000
2026-01-09,184.84999084472656,186.32990643372668,183.66005283935564,185.06998015284367,131327500
2026-01-12,184.92999267578125,187.10986736077922,183.010098425574,183.2100845491025,137968500
2026-01-13,185.79994201660156,188.0998205983224,183.3900687774691,184.9899882929175,160128900
2026-01-14,183.1300811767578,184.45001701406107,180.79021156477043,184.3100252062831,159586100
2026-01-15,187.03988647460938,189.6897370464893,186.31992419508657,186.48991316970114,206188600
2026-01-16,186.21990966796875,190.4296883714215,186.06992389502736,189.06976141755646,187967200
2026-01-20,178.06036376953125,182.37012791600927,177.60038196777572,181.89014292514364,223345300
2026-01-21,183.31008911132812,185.3699752173061,178.3903418724365,179.04031586008543,200381000
2026-01-22,184.82998657226562,186.15991637882954,183.92003219020145,184.7399951080077,139636600
2026-01-23,187.6598358154297,189.58973923983262,186.80989099781206,187.48984685190618,142748100
2026-01-26,186.4599151611328,189.1097657209082,185.97994539629804,187.1498802806874,124799600
2026-01-27,188.50979614257812,189.9897117301412,185.6899415183402,187.22986667366473,143711600
2026-01-28,191.5096435546875,192.33960048487265,189.82972650403363,191.25965707901594,148552700
2026-01-29,192.49957275390625,193.46952146246272,186.04992498376654,191.32963792417547,171764400
2026-01-30,191.11965942382812,194.47947816452233,189.45974561417185,191.19965692455457,179489500
2026-02-02,185.59996032714844,190.2897090701948,184.87000408758857,187.1898706566695,165794100
2026-02-03,180.33023071289062,186.25991753048794,176.22045266395375,186.22992037566058,204019600
2026-02-04,174.18057250976562,179.57028010697434,171.90069716024271,179.45029148582987,207014100
2026-02-05,171.87069702148438,176.81043194569037,171.020736948564,174.92051964769362,206312900
2026-02-06,185.39996337890625,186.98987361565233,174.59055120100808,176.6804343618602,231346200
2026-02-09,190.0297088623047,193.64952333361757,183.9400420976916,184.25002288009932,196387400
2026-02-10,188.52978515625,192.46957427391544,188.10980972728564,191.36964298604585,136764800
2026-02-11,190.0397186279297,193.24953637655122,188.75978911487715,192.43958265041238,144192700
2026-02-12,186.9298858642578,193.5995230748733,186.49990120030046,193.01955263160718,189932500
2026-02-13,182.80010986328125,187.4898586352177,181.58017462912434,187.4698554447334,161888000
2026-02-17,184.95999145507812,187.13986615921206,179.17029624003743,181.74016448672575,162276900
2026-02-18,187.96981811523438,190.3596881055438,186.7498829478333,188.73978069812654,164749100
2026-02-19,187.88983154296875,188.41980165789556,185.64996245587088,187.04988063530703,126554500
2026-02-20,189.8097381591797,190.31970507557438,185.92994318264132,186.5599139825128,178422300
2026-02-23,191.53964233398438,193.93950641757905,189.56974766836524,191.3896412925324,171584800
2026-02-24,192.83956909179688,193.75951747058733,187.38985183856119,191.47964208446245,175123600
2026-02-25,195.54940795898438,197.61930319203404,193.77949953248776,194.43946745531196,250637100
2026-02-26,184.87998962402344,194.27947461393586,184.31002841741252,194.25948668244985,360807900
2026-02-27,177.180419921875,182.5801217841234,176.3704661683341,181.2401979138715,311636500
2026-03-02,182.47012329101562,183.45008125730604,174.63055110847353,175.00052620838028,209095300
2026-03-03,180.04025268554688,180.8901975001603,176.91041730394699,178.4803396065267,178099400
2026-03-04,183.03009033203125,184.69000418349444,180.0502558302461,180.4302401537762,177731200
2026-03-05,183.330078125,184.05004039552568,177.87038204113773,181.1601973472636,198779700
2026-03-06,177.8103790283203,182.7500987288974,176.81043317462274,179.83025866705609,189021900
2026-03-09,182.64010620117188,182.90010189125664,175.55049367782217,176.82042919903367,177213600
2026-03-10,184.760009765625,186.42991760168223,182.00014929336922,182.39012758732315,179118500
2026-03-11,186.02999877929688,187.6199951171875,184.4499969482422,185.91000366210938,145280400
2026-03-12,183.13999938964844,184.94000244140625,181.75,184.0500030517578,155762700
2026-03-13,180.25,186.08999633789062,179.94000244140625,184.9199981689453,160988400
2026-03-16,183.22000122070312,188.8800048828125,181.41000366210938,182.97000122070312,217307400
2026-03-17,181.92999267578125,185.39999389648438,181.67999267578125,185.05999755859375,182497800
2026-03-18,180.39999389648438,183.3800048828125,180.3300018310547,182.47999572753906,156683100
2026-03-19,178.55999755859375,179.97999572753906,175.7899932861328,178.00999450683594,170968500
2026-03-20,172.6999969482422,178.25999450683594,171.72000122070312,178.0,241323500
2026-03-23,175.63999938964844,178.3699951171875,174.75999450683594,177.25999450683594,182836300
2026-03-24,175.1999969482422,176.22000122070312,173.97999572753906,174.8300018310547,147667800
2026-03-25,178.67999267578125,181.22000122070312,176.85000610351562,177.10000610351562,162602100
2026-03-26,171.24000549316406,176.50999450683594,171.13999938964844,176.07000732421875,186152200
2026-03-27,167.52000427246094,170.97000122070312,167.00999450683594,170.0,196212700
2026-03-30,165.1699981689453,169.4499969482422,164.27000427246094,168.77999877929688,185627000
2026-03-31,174.39999389648438,174.6199951171875,166.9600067138672,166.97000122070312,225370300
