Date,Close,High,Low,Open,Volume
2016-04-04,102.42897033691406,102.89481065009535,102.18673138377524,102.82027449402817,17163000
2016-04-05,101.44137573242188,102.01902023240083,101.31094102406509,101.63702779495705,20107900
2016-04-06,103.10908508300781,103.14635315810267,101.54386146981672,101.54386146981672,25056000
2016-04-07,101.6277084350586,102.69914240838129,101.18981747227957,102.51280204754025,28567200
2016-04-08,101.55319213867188,102.5035032861409,101.19915604611661,102.26127143194172,22898000
2016-04-11,101.1805191040039,102.50350394635508,101.17120030704105,101.99108384394776,25772100
2016-04-12,102.0283203125,102.22397233914552,100.64011142967293,101.25502389183642,28564100
2016-04-13,103.33271789550781,103.49110192088298,102.68053708982626,102.81097182933053,25356700
2016-04-14,103.34198760986328,103.7239799833681,102.48484335323037,103.35130640408852,17199700
2016-04-15,103.08114624023438,103.47245040611033,102.82027679631707,103.25816783781794,21353300
2016-04-18,103.63081359863281,103.668074559303,102.71776368275246,102.78298102616125,17126100
2016-04-19,102.99729919433594,103.82649440815678,102.37306775364353,103.82649440815678,42481400
2016-04-20,103.08114624023438,103.55630536060332,102.64325519873353,102.99729839390064,18078300
2016-04-21,103.0904541015625,103.46312774255229,102.6246138273649,103.02523674750118,20216000
2016-04-22,101.53453826904297,102.22397980972482,100.73329251575419,101.74882079134247,39074000
2016-04-25,101.53453826904297,101.54384995564193,101.04074166114727,101.22708201549217,14351900
2016-04-26,101.04074096679688,101.91652285580527,100.73329182351657,101.74882009212617,19118300
2016-04-27,100.23019409179688,100.46311422654739,99.40099898073774,100.00658564456234,33059800
2016-04-28,99.01899719238281,100.92894496014591,98.82334515065686,100.34198172681032,29818200
2016-04-29,98.49726867675781,99.22397836692856,97.71465332015653,99.01900750905303,67502800
2016-05-02,99.42894744873047,99.56870095007272,98.3388829329459,98.74881753321594,24813800
2016-05-03,98.50659942626953,99.16809184267528,98.24572287030615,98.72088199775455,38569400
2016-05-04,97.87305450439453,98.27367746567745,97.63081554664784,97.91031547497782,27474500
2016-05-05,97.84510040283203,98.44138256850006,97.64944831597694,98.22709288775818,20788100
2016-05-06,98.36683654785156,98.38546703171124,97.26745318800491,97.36061982362065,30758500
2016-05-09,98.64634704589844,99.1028756933007,98.32957902916324,98.37615879789283,19289600
2016-05-10,99.9972915649414,100.0438713351984,98.82337188880635,99.00039349699804,21178900
2016-05-11,99.09356689453125,100.14636360174858,99.0656176088416,99.84822604079216,20966300
2016-05-12,98.65565490722656,99.44758196944125,97.95689448030325,99.32646605437832,29196300
2016-05-13,98.29228210449219,99.17737564036923,98.09663007366117,98.57178906748354,21059300
2016-05-16,99.52210998535156,99.885464808996,98.34819057379981,98.4413643096332,18311900
2016-05-17,98.273681640625,99.7271012325321,98.01280507834467,99.43828249520685,29932700
2016-05-18,98.62769317626953,99.1587507493619,97.86371549027423,98.05004873733347,27524400
2016-05-19,98.11527252197266,98.48794614870005,97.39788165475295,98.2457072251035,27334600
2016-05-20,99.19602966308594,99.59665258539562,98.45068237706285,98.50658804381762,29549600
2016-05-23,99.06559753417969,99.6618725352633,98.97243089804013,99.30782936651079,15729800
2016-05-24,101.05006408691406,101.17117999047198,99.58732601649547,99.61527529361207,29931300
2016-05-25,101.77677154541016,102.08422780342569,101.2550327619834,101.43205432414226,37951700
2016-05-26,102.0749282836914,102.20536300417854,101.63703724713072,101.87927620296072,21885900
2016-05-27,102.60599517822266,102.61531397571135,102.12152433120728,102.14015481802488,19870000
2016-05-31,102.8016357421875,102.96002684908471,102.27989687191622,102.74573717984673,24366100
2016-06-01,102.81094360351562,103.04386373270717,102.4010090096861,102.48485684427911,19571500
2016-06-02,103.02523803710938,103.03454972483577,102.04697060578563,102.60597752018839,15696600
2016-06-03,102.54075622558594,102.87616178297266,101.86994511081248,102.82958202165457,20269900
2016-06-06,102.91344451904297,103.18363276255157,102.5500896314664,102.72711123090704,12502400
2016-06-07,102.65257263183594,103.0718260742537,102.6059857568299,102.96934063576774,12184300
2016-06-08,102.82958984375,103.04387240006162,102.44759738782929,102.82958984375,14568700
2016-06-09,102.6618881225586,102.77368524591839,102.21467830464275,102.41033037868127,17571600
2016-06-10,101.49727630615234,101.92584848469998,101.14323316567003,101.73019643198202,32965000
2016-06-13,100.64945220947266,101.48796615551522,100.51901749655035,100.91964043142852,25154700
2016-06-14,100.64945220947266,101.01280706806465,99.91342369617745,100.3792639875168,24588500
2016-06-15,100.3606185913086,101.03142964846977,100.1929158270183,100.89167616020157,24605700
2016-06-16,100.65872192382812,100.7518885150357,99.22393367313468,99.86679523633087,32079900
2016-06-17,99.47891235351562,100.59056744736363,99.24537184654525,100.45044171776327,29208800
2016-06-20,100.10481262207031,101.11370225901925,100.03007794463969,100.63728472635404,20562800
2016-06-21,100.42242431640625,100.62794111580696,100.04875805632233,100.23559474990985,22804100
2016-06-22,100.1795425415039,101.06700082102458,100.09547137272465,100.47847413120456,22724200
2016-06-23,101.60880279541016,101.62749002753556,100.53452214219608,100.95489221283717,18714200
2016-06-24,97.42375183105469,99.48824891095131,97.20889144396583,97.99359119780105,68012700
2016-06-27,95.49003601074219,96.77917694059886,95.050978752338,96.77917694059886,48222600
2016-06-28,97.58257293701172,97.62928389324372,96.49894859792376,96.54565242706448,28260600
2016-06-29,99.31076049804688,99.51627727953758,98.30187094895967,98.34857477296816,31356700
2016-06-30,100.45976257324219,100.52515361529512,99.14259099134705,99.47888981535904,36300800
2016-07-01,100.96427154541016,101.33793792210533,100.37574468580995,100.4131120361888,19902800
2016-07-05,100.34768676757812,100.57189079346767,99.80587106231475,100.43176505905943,21167900
2016-07-06,101.16976928710938,101.21647312093556,99.5536655423731,99.87128439701432,24579300
2016-07-07,101.46868896484375,101.69288587126321,100.99226430249762,101.26317216433792,19161700
2016-07-08,103.03807067871094,103.09411811762199,101.8423373409153,102.01048678473887,29457900
2016-07-11,103.62659454345703,104.00959727066954,103.37437393061862,103.38371041943769,20218500
2016-07-12,104.14971160888672,104.42996303880011,104.00958589393002,104.26181360627005,21906100
2016-07-13,103.89749908447266,104.4579948606953,103.88815546885998,104.3926038055875,21107800
2016-07-14,104.60749053955078,104.80366375426544,104.3459191261723,104.58880330362048,20871000
2016-07-15,104.43933868408203,104.9064197924597,104.20579812989321,104.85036521303175,17999300
2016-07-18,105.13058471679688,105.3174142524218,104.48601070283802,104.50469793265447,20713900
2016-07-19,104.7475814819336,105.07454388044609,104.56075193457535,104.76626871292365,18936700
2016-07-20,105.97132873535156,106.16750188006098,105.18662902942417,105.31741112589711,24997900
2016-07-21,105.72847747802734,106.25160602637408,105.43888947834853,106.0460892032116,18885400
2016-07-22,106.16751861572266,106.28895711670765,105.47624069295503,105.80319598567682,20003400
2016-07-25,106.17684936523438,106.20487308305876,105.8218632672189,106.08342746969979,12968100
2016-07-26,106.2983169555664,106.68131974918094,105.7658447898444,106.13951109302116,21223800
2016-07-27,107.03630065917969,107.31654502740548,106.5878996920902,107.19510651388346,27646100
2016-07-28,107.4099349975586,107.53137347496182,106.86811940220974,107.20441824573045,16939700
2016-07-29,107.64350128173828,107.93308925035491,107.30720235756166,107.65283777117735,22385300
2016-08-01,108.21331787109375,108.48422569435827,107.58743106928785,107.71821317333415,13990100
2016-08-02,107.39124298095703,108.1479117815979,106.69996522324699,108.05449702413803,21278400
2016-08-03,107.7462387084961,107.75558232382555,107.2417975141492,107.30718856727493,15011300
2016-08-04,108.05451965332031,108.15727804617298,107.45665652786342,107.70888426562561,12835300
2016-08-05,109.09144592285156,109.3343300578139,108.48423914899124,108.60568478001792,23196600
2016-08-08,108.97001647949219,109.17553329331075,108.62437391742539,109.1475024419878,12358200
2016-08-09,109.22222900390625,109.56787154027425,108.98868848322029,109.05407954392871,13276500
2016-08-10,108.94198608398438,109.31564522030914,108.65239098811415,109.28762149779391,14688400
2016-08-11,109.4090805053711,109.64262105766707,109.0914616481607,109.31565858277907,12969800
2016-08-12,109.4837875366211,109.49313115254671,109.10078480875896,109.22222330742926,19379000
2016-08-15,109.95087432861328,110.20310208221804,109.58655168637628,109.62391902495072,11777800
2016-08-16,109.34366607666016,109.75469251447066,109.3249788452971,109.74535602587966,14161400
2016-08-17,109.53983306884766,109.57720040237692,108.76447693406828,109.37168363151105,15980300
2016-08-18,109.56785583496094,109.72666165576251,109.25023706626773,109.43707373229023,10036300
2016-08-19,109.53983306884766,109.78271004615266,109.07275209036709,109.37168363151105,18743000
2016-08-22,109.6239242553711,109.81076095715775,109.17553042526595,109.38104010659414,14500600
2016-08-23,109.82008361816406,110.24046079893076,109.773379793917,110.05362412067093,11997900
2016-08-24,109.11011505126953,109.89480764266678,108.74579247282226,109.74534544162962,17728700
2016-08-25,108.93264770507812,109.26894664561307,108.69910717010062,108.8298892995207,24266300
2016-08-26,109.09144592285156,109.80141109507707,108.43753532151953,108.97000741891591,23896000
2016-08-29,109.24092102050781,109.53050899817062,109.10079527654177,109.11947538309458,11184900
2016-08-30,108.88594818115234,109.38105302696005,108.5122889876243,109.06344128704275,19843300
2016-08-31,108.77384948730469,108.88594439062396,108.31610487511095,108.71779490855303,16169800
2016-09-01,109.0540542602539,109.18483635134953,108.27870532792679,108.81117730655598,20944700
2016-09-02,109.4090805053711,109.82010703098942,108.99804685266072,109.59591009637106,18088200
2016-09-06,110.09100341796875,110.09100341796875,109.35301449461193,109.59589863919436,18525200
2016-09-07,110.1563949584961,110.34323165786657,109.73602485732238,110.19376229837019,17546900
2016-09-08,109.51182556152344,109.85746097542584,109.22223046557541,109.82943725290306,20125300
2016-09-09,106.75601959228516,108.8392037418005,106.7373394904145,108.59631965494414,50813300
2016-09-12,108.67106628417969,108.82052849687364,106.14882462849684,106.15816824400595,39646000
2016-09-13,107.69953918457031,108.44686451767895,107.17641073868522,108.12925285470315,45863900
2016-09-14,108.21331787109375,108.80184446639225,107.78360422535731,107.81163507087307,28221800
2016-09-15,109.89482116699219,110.06297061828364,108.2320138859382,108.24135750186848,38521400
2016-09-16,109.84236145019531,109.95474430433624,109.29918837259966,109.77680657151625,27596500
2016-09-19,109.3647689819336,110.46047527405143,109.14937739200322,110.12333377725402,16222900
2016-09-20,109.57078552246094,110.02030983761163,109.38348789236699,109.75808315255487,18078600
2016-09-21,110.64777374267578,110.80697745567792,109.3928566553156,110.0390456780207,31546800
2016-09-22,111.528076171875,111.64982606623128,111.18157482934554,111.29395055343213,22614400
2016-09-23,110.81634521484375,111.44380019020294,110.65714150078794,111.44380019020294,22213400
2016-09-26,109.8891830444336,110.31998041582823,109.72997935867024,110.18887065755888,16403900
2016-09-27,110.97554016113281,111.03172802166691,109.71126328448898,109.8142791254326,20238400
2016-09-28,111.16284942626953,111.2284043187353,110.5915823012332,111.11602858590679,14794300
2016-09-29,110.3574447631836,111.18157148810174,109.87983366027508,110.9755398068722,27207500
2016-09-30,111.18157958984375,111.50935404070884,110.53539056889032,110.64777344273571,25543200
2016-10-03,111.02239227294922,111.16286195481642,110.59159476539575,111.04111918221544,19216400
2016-10-04,110.85380554199219,111.59364338803289,110.43237512225024,111.35015073295625,21239700
2016-10-05,111.24715423583984,111.60302268212638,111.13477134203696,111.18159933402526,14481300
2016-10-06,111.19093322753906,111.4250588278165,110.64776012010829,111.1066442960671,11987100
2016-10-07,110.94744110107422,111.45315325733885,110.40426799120334,111.29394241827579,19984200
2016-10-10,111.64984893798828,111.89334163163409,111.47191114513768,111.51873913639784,19687300
2016-10-11,110.05776977539062,111.57490638542937,109.57079162306479,111.55617947935595,27774400
2016-10-12,109.96412658691406,110.33872903209055,109.62698510074995,110.16079126301857,14267800
2016-10-13,109.57078552246094,109.8704660175792,108.57809522205916,109.2149171673038,22821000
2016-10-14,109.70191192626953,110.55413270579369,109.63635703130211,110.113975348892,21313300
2016-10-17,109.40220642089844,109.85173070163083,109.26172963661044,109.6082380851947,14182700
2016-10-18,110.37621307373047,110.8912924366835,110.32002519593519,110.7039876024511,19276700
2016-10-19,110.36683654785156,110.52604028453673,110.17017184754373,110.29191462060624,13702900
2016-10-20,110.23572540283203,110.4792180909348,109.598903318912,110.25445945688895,18132200
2016-10-21,110.64777374267578,110.71332863302649,109.95476388111855,110.31999929092217,15707800
2016-10-24,111.97760009765625,112.05252201007397,111.34077813199931,111.35951218257715,19143000
2016-10-25,111.62175750732422,112.06191491323804,111.45318673793061,112.04318085833404,20341800
2016-10-26,110.8631820678711,111.47191022448393,110.5354075666021,110.90064303158016,20463700
2016-10-27,110.3574447631836,111.43442400464468,110.1982410622141,111.34077518907124,19099800
2016-10-28,109.66443634033203,110.61030582295822,109.32729488404837,110.03903875230796,35369300
2016-10-31,109.5614242553711,110.06713645713789,109.50523639237933,110.06713645713789,18749400
2016-11-01,108.73729705810547,109.767448295856,107.79142760896843,109.74872139114626,23498700
2016-11-02,107.86637115478516,108.91525665258948,107.59478453986401,108.66239694613452,26960100
2016-11-03,106.80811309814453,108.04429611367956,106.68636320024714,107.68842059052973,36205200
2016-11-04,106.43351745605469,107.26700416350937,106.24621265694,106.54589319057598,26997500
2016-11-07,108.96208190917969,109.07446479937205,107.97875841355233,108.15668905850497,26591200
2016-11-08,109.67381286621094,110.1701580684736,108.59683351783963,108.84969320443022,20777900
2016-11-09,110.17953491210938,110.35746555173253,108.2597016789462,108.3908114744361,70234400
2016-11-10,108.40018463134766,110.86318409441846,106.948602627117,110.7133473817915,72825400
2016-11-11,108.44699096679688,108.68111658879346,107.54794229077666,107.9319117404256,41115200
2016-11-14,107.35128784179688,108.57811107637376,106.78938772452115,108.47509522129599,35906000
2016-11-15,108.84031677246094,109.21491918451437,108.0068301567391,108.16603385975411,31796600
2016-11-16,109.48649597167969,109.56141073143912,108.3252278835822,108.3252278835822,16538100
2016-11-17,110.28255462646484,110.30128153578305,109.2055751444881,109.43033378104772,20598600
2016-11-18,109.87049102783203,110.60096195440362,109.76747516434648,110.41366428167437,16428700
2016-11-21,111.01299285888672,111.11600869216761,110.10458440810761,110.14204536065941,20268500
2016-11-22,111.35015106201172,111.62173765021764,111.07856447380581,111.45316691081214,18850600
2016-11-23,110.90065002441406,111.1066817653311,110.41367175538635,110.98493898431136,22926000
2016-11-25,111.25650787353516,111.30332871494018,110.90063232512973,111.03174211297987,7162800
2016-11-28,111.003662109375,111.51874144410215,110.89128635994251,111.11604500375596,13479000
2016-11-29,111.38762664794922,111.92143286867636,110.78826552800814,111.10667299706202,18553000
2016-11-30,110.03905487060547,111.56555152769309,110.00159390942599,111.52809056651363,30405300
2016-12-01,108.13794708251953,110.01095212173887,107.96937634319191,110.00158509595755,39796600
2016-12-02,108.35334777832031,108.78414526114402,107.9038305322532,108.20351107794721,32876800
2016-12-05,109.19617462158203,109.62696485323879,108.41887594176947,108.91522819829947,21419700
2016-12-06,109.45841217041016,109.64571696172925,108.99952793533598,109.50524015447674,27293300
2016-12-07,110.84444427490234,110.98492108878114,108.9058842492281,109.23365871831358,26622400
2016-12-08,111.04109954833984,111.3220531522935,110.67586415016825,110.89126286585899,18578400
2016-12-09,111.91204833984375,111.9495092971001,111.44379709155989,111.45316411711073,21863100
2016-12-12,111.40633392333984,111.64045954283533,110.94744970971381,111.4157009487048,23259300
2016-12-13,112.81108093261719,113.41980893610014,111.74346874279324,111.74346874279324,54477900
2016-12-14,112.57695007324219,113.31678780972399,112.24917566972394,112.95155245366851,28746000
2016-12-15,112.7549057006836,113.41982163758314,112.45522517778596,112.72681176805996,22762300
2016-12-16,112.3369140625,113.25740364689268,112.11149082051479,113.03197323883182,26283900
2016-12-19,112.79715728759766,113.49222364242755,112.28995677558505,112.4496312762585,21138700
2016-12-20,113.2292709350586,113.43590480750704,113.02262989653168,113.15412743630728,11461800
2016-12-21,113.14469909667969,113.35134007382183,112.89109882132654,113.27619659739263,7079300
2016-12-22,112.82537078857422,113.18229161803818,112.38391174108497,113.15411460072228,16645000
2016-12-23,112.90046691894531,112.94743337513631,112.53415149209573,112.63747196285588,9007500
2016-12-27,113.48284912109375,114.14033669155594,113.09775130584505,113.14471060883402,16110600
2016-12-28,112.59990692138672,113.83035791916407,112.52477061952192,113.727037442265,17975200
2016-12-29,112.44026184082031,112.83475440159255,112.08334102384697,112.57175936107772,13267500
2016-12-30,111.28491973876953,112.66564318737086,110.96556361842741,112.65625562947457,41749000
2017-01-03,112.28057861328125,112.70324815766705,111.67005036444199,112.0269711537883,22307600
2017-01-04,112.8910903930664,113.09773135478109,112.3932774395224,112.40266499881794,19749100
2017-01-05,113.52979278564453,113.60492908854982,112.80654943733556,112.80654943733556,20644300
2017-01-06,114.52542114257812,114.82598785891959,113.36072601251443,113.65189800351142,24074300
2017-01-09,114.90113830566406,115.10777927933408,114.54421038166086,114.61935385682746,18909200
2017-01-10,115.15475463867188,115.50228788523452,114.68511860248962,114.94811363617933,16176600
2017-01-11,115.4647216796875,115.4647216796875,114.6099806131284,115.20172663338548,20686000
2017-01-12,115.28623962402344,115.36138310150312,114.21547015120561,115.05142163145679,19622500
2017-01-13,115.68074798583984,115.87799425448064,115.34260947786218,115.34260947786218,16930800
2017-01-17,115.33319854736328,115.5586217989855,114.99506008689195,115.38015784316009,14538500
2017-01-18,115.5679931640625,115.68070835012774,115.21107249063435,115.50224443037641,12499700
2017-01-19,115.51165771484375,116.14096814782658,115.26744502216545,115.73708095712142,12710700
2017-01-20,115.76528930664062,116.3100688585305,115.4553277857987,116.01888962709828,22091000
2017-01-23,115.85919952392578,116.02826877021445,115.12656851203376,115.69013027763711,17434200
2017-01-24,116.63880920410156,116.81727319554169,115.88738866063753,116.08463494092942,17640900
2017-01-25,117.81288146972656,117.84105848177265,117.26810201658125,117.37142250480109,15036200
2017-01-26,117.93498992919922,118.17920265549846,117.72834894279806,117.9725616690973,16052200
2017-01-27,118.1604232788086,118.27313133520214,117.77531830992578,118.18860029290698,15053000
2017-01-30,117.23992156982422,117.76591155547831,116.59182164744607,117.76591155547831,25006700
2017-01-31,117.00511169433594,117.03328870750865,116.3288347138847,116.8266477228067,19091100
2017-02-01,117.81288146972656,118.04769945821234,117.27749674262205,117.83166375573185,22861900
2017-02-02,117.7095718383789,118.06649263401019,117.27750755964304,117.60625134062936,15101400
2017-02-03,118.0477066040039,118.1698093856203,117.7189628334392,117.83167088844611,16957200
2017-02-06,118.18861389160156,118.20739618113595,117.737760115922,117.85047535136131,11630100
2017-02-07,118.62065124511719,118.86486395001224,118.32008451835252,118.43279256209175,17541100
2017-02-08,118.81790161132812,118.98697084888057,118.23555042285274,118.46098085030685,12569100
2017-02-09,119.24995422363281,119.51294919728282,118.87424404724328,118.93999279065578,17542700
2017-02-10,119.64448547363281,119.81355474951769,119.30634692186305,119.51298794417545,13915700
2017-02-13,120.32074737548828,120.4710200011067,119.96381943381911,120.0107787335653,19120200
2017-02-14,120.72463989257812,120.7340274538489,119.98261408578097,120.36771191412436,16333500
2017-02-15,121.43846130371094,121.49482965841679,120.57433284953355,120.6400887639476,17891400
2017-02-16,121.40089416503906,121.75782207653243,121.09093271539776,121.51360220776247,15098300
2017-02-17,121.92691802978516,121.93631992405994,121.2036744462657,121.22246390265937,15563700
2017-02-21,122.52803802490234,122.60318150996827,122.09598090096614,122.16172249280238,18479600
2017-02-22,122.57500457763672,122.6595356238353,122.20868904528858,122.4153300463213,12110900
2017-02-23,122.11473846435547,122.76283838922441,121.62632737988658,122.76283838922441,17489000
2017-02-24,122.34954833984375,122.34954833984375,121.52299884204406,121.56056341060942,18624500
2017-02-27,122.49986267089844,122.50925023210114,121.91751856893248,122.12415957262773,12008700
2017-02-28,122.1241455078125,122.52802557533165,121.78600702544983,122.47167155029669,16598600
2017-03-01,123.4579086303711,123.68332472803785,122.66892362423206,122.90374161407007,25813800
2017-03-02,122.8380355834961,123.4485568721539,122.68774856924975,123.42978174449199,19951400
2017-03-03,123.06343841552734,123.10100299455762,122.42472591477028,122.7534768929452,13722700
2017-03-06,122.79100799560547,122.99764895432395,122.30259694059035,122.65951050661657,12026200
2017-03-07,122.58440399169922,123.11979600036717,122.36837540869644,122.54683941158575,15500900
2017-03-08,122.8004379272461,123.18552859083383,122.53744288921584,122.65953851477332,15776000
2017-03-09,122.89433288574219,123.06340928173985,122.23684541719992,122.77223728368199,20855300
2017-03-10,123.41092681884766,123.60818021192874,122.87554932131485,123.45789327740515,21922600
2017-03-13,123.61763763427734,123.64581465890612,123.29828846704514,123.3640300804593,10731600
2017-03-14,123.31706237792969,123.3828183228537,122.81924917152378,123.33585183821639,14019700
2017-03-15,124.07785034179688,124.36902240011894,123.17614281820302,123.57063538097694,22709100
2017-03-16,123.9932861328125,124.3126494912694,123.7115160108692,124.3126494912694,18457300
2017-03-17,123.94998931884766,124.27940962913168,123.88409663961396,124.14763863262577,21234500
2017-03-20,124.06292724609375,124.3452977602673,123.73350694785871,123.91232772360638,10105200
2017-03-21,122.18051147460938,124.64651832692795,122.10521169168815,124.53357583352864,35841900
2017-03-22,123.00877380371094,123.13113772539216,122.0581267727339,122.21814776045365,29177900
2017-03-23,122.69818878173828,123.18763019084376,122.49111796873076,122.84878834791921,20311700
2017-03-24,122.95230102539062,123.57349898761302,122.48168823954677,123.0934791163588,22967600
2017-03-27,123.14994049072266,123.3664326954868,121.79457347811812,122.07694399940429,18472400
2017-03-28,123.90294647216797,124.27002390853863,122.87701393999917,123.14996306469985,23721900
2017-03-29,124.47711181640625,124.52417597871113,123.8558993427002,123.98767037997428,13710000
2017-03-30,124.68413543701172,124.81590642439883,124.31705808915042,124.43000054635067,16092400
2017-03-31,124.5994644165039,124.93830624748229,124.36415798837905,124.50533610046811,19841400
2017-04-03,124.52415466308594,125.0041745677092,123.82764252131187,124.70298983205248,23700300
2017-04-04,124.7217788696289,124.74060739992662,124.11939515774738,124.16645930251136,13400000
2017-04-05,124.21355438232422,125.63479999160631,123.97824796186244,124.90064510872267,32011200
2017-04-06,124.27941131591797,124.60884599263473,123.95939808605473,124.33589691115412,18832200
2017-04-07,124.21355438232422,124.59003891027741,123.77117716289894,124.2417900038225,16743100
2017-04-10,124.26065826416016,124.77833542706705,123.921816335891,124.3359580662165,15619300
2017-04-11,123.72406005859375,124.33586510715037,122.82989891588883,124.14760856177418,33778400
2017-04-12,123.22525024414062,123.80880550333782,123.09347923845215,123.70527011587097,15955200
2017-04-13,122.7358169555664,123.78057798401265,122.71700278349596,123.05584458628834,23683000
2017-04-17,123.7523422241211,123.77117075813368,123.03701591324021,123.08408006728999,13325500
2017-04-18,123.56411743164062,123.9217878186078,123.25351120537421,123.3382180774563,12841100
2017-04-19,123.76175689697266,124.51472587269524,123.59232882406125,124.10059868083286,17764800
2017-04-20,124.79707336425781,125.07003677519755,124.07234014091568,124.26058235007001,21977900
2017-04-21,124.76881408691406,124.95705626036575,124.44880095585049,124.91000648847076,22454900
2017-04-24,126.2748031616211,126.39715269753756,125.9359614430065,126.15243926374475,22469900
2017-04-25,127.18780517578125,127.41369010193253,126.57599998954531,126.68895681458218,19384400
2017-04-26,127.00899505615234,127.54548622341493,126.93369527861365,127.23488002680435,25398500
2017-04-27,127.7713851928711,127.7713851928711,127.24430111356244,127.31960089088712,16136500
2017-04-28,127.9972915649414,128.32671195164605,127.79022075640029,128.279647792984,22771900
2017-05-01,129.1361541748047,129.30558225722754,128.36435662277273,128.42082786292588,24815500
2017-05-02,129.35267639160156,129.40916201308144,128.96678466428324,129.29620513209002,18345100
2017-05-03,128.93853759765625,129.10795136116386,128.59027425827884,129.06088719508938,23827600
2017-05-04,128.98558044433594,129.35265794076946,128.53379607071767,128.9197021049588,14630100
2017-05-05,129.45616149902344,129.45616149902344,128.83496352390088,129.31498340512348,19330700
2017-05-08,129.73849487304688,129.73849487304688,129.25847512937088,129.522017070443,13279900
2017-05-09,130.1903533935547,130.48213107984313,129.8232615614257,129.93621841822127,28426100
2017-05-10,130.2655792236328,130.31264336227036,129.80438800607737,130.2655792236328,20499400
2017-05-11,130.16207885742188,130.19973592323947,129.3055744965659,129.90795829198456,27232100
2017-05-12,130.45387268066406,130.48210829944207,130.10560944579726,130.21856628287208,19738600
2017-05-15,130.86798095703125,130.94328071687406,130.38796114523907,130.51032505022872,20481300
2017-05-16,131.41390991210938,131.4327384449197,130.82094756722825,131.20683913708342,21786000
2017-05-17,128.0725860595703,130.61389254080234,128.05375752448978,130.36916467064802,55642200
2017-05-18,129.192626953125,129.62559706939305,127.88432388013472,128.025516344162,41319900
2017-05-19,129.73849487304688,130.28440728297025,129.56908120891134,129.6537880409791,36730100
2017-05-22,130.8302764892578,130.89616913374567,129.98317972439668,130.03022948536926,19509700
2017-05-23,130.96217346191406,131.225715569606,130.62333155745762,131.21630848074832,19687500
2017-05-24,131.5644989013672,131.6303915799385,130.99035077337106,131.35742814294488,15891900
2017-05-25,132.6845703125,133.02341209361023,131.78098744221853,132.06335798680416,23928600
2017-05-26,132.91986083984375,132.9763320696276,132.5339549537063,132.71279008932908,13851600
2017-05-30,133.0327911376953,133.1927977281089,132.7692491814895,132.85395601842148,20306400
2017-05-31,132.98580932617188,133.50348647561978,132.30813984922088,133.50348647561978,33229400
2017-06-01,133.50343322753906,133.55990446459728,132.69397865179158,133.25871974629916,20120700
2017-06-02,135.0282440185547,135.05647964034185,133.75758359027503,133.97406147796474,37222900
2017-06-05,134.99998474121094,135.23529114788136,134.81174248826727,135.0188132750943,15727500
2017-06-06,134.46353149414062,135.28239342428128,134.26586773757182,134.8400161061216,22393000
2017-06-07,134.9905548095703,135.10349726982957,134.21875739453057,134.83995528791738,18842400
2017-06-08,135.1317596435547,135.34823749956445,134.39759049863576,135.29176626425428,25417400
2017-06-09,131.7527618408203,135.44236464788693,129.9926744794958,135.29177945969346,109783700
2017-06-12,131.04681396484375,131.28212032479885,129.39026236106562,130.642093919462,104454000
2017-06-13,132.11044311523438,132.2986853875276,131.09391761049326,131.78100836724767,51193000
2017-06-14,131.5363006591797,132.6469401681399,130.4727109488973,132.6469401681399,60093800
2017-06-15,130.95272827148438,131.0939063731113,129.4091187918547,130.20915197101314,55145200
2017-06-16,130.38455200195312,130.97914417013013,129.9032243998174,130.88475943194393,48087400
2017-06-19,132.5647430419922,132.68742594305382,131.45106340966464,131.6492656361362,39626500
2017-06-20,131.52655029296875,132.60247011501139,131.47935792160666,132.43259485941562,40935100
2017-06-21,132.8289794921875,132.89503728855462,131.74361259905447,131.82855022342187,35743400
2017-06-22,132.79124450683594,133.28201931839732,132.45147954515375,133.03663911316258,24099100
2017-06-23,133.30091857910156,133.47079388415676,132.2721764278114,132.64025398985837,21654300
2017-06-26,132.677978515625,134.29185109055507,132.38540596701722,134.06535074380852,34411100
2017-06-27,130.27130126953125,132.33820317743906,130.26186855618937,132.17776064409273,65957800
2017-06-28,132.1494598388672,132.2627100133835,129.99762011651532,130.75264048141113,57427200
2017-06-29,129.8560333251953,131.60205019142137,128.59135846699238,131.60205019142137,88769400
2017-06-30,129.90328979492188,130.87539260303538,129.478587061461,130.22417502455042,68898300
2017-07-03,128.53472900390625,130.64880883785486,128.44979138223985,130.49781342192193,32797000
2017-07-05,129.7994384765625,130.14863617071123,128.50645077566142,128.94058611415562,42116600
2017-07-06,128.62911987304688,129.35584213252486,128.16667203608998,128.80844225925102,48430500
2017-07-07,130.01646423339844,130.36567621606702,129.0538091056215,129.06324181825494,36970400
2017-07-10,130.86590576171875,131.17735814440607,129.77110606519793,130.10143827743642,24853500
2017-07-11,131.23397827148438,131.3944208138787,130.18637098789455,130.6771457300412,31517700
2017-07-12,132.79124450683594,132.94225435671513,132.0928491530556,132.3571091897982,36045800
2017-07-13,133.0838165283203,133.4047160582315,132.69687359114025,132.95168651050696,31073600
2017-07-14,134.13137817382812,134.30126779651093,133.2536607267423,133.6783631818189,34544800
2017-07-17,134.19747924804688,134.66937416662017,133.9426519597121,134.2729841631494,25343200
2017-07-18,135.09408569335938,135.12239823826863,133.6784008435333,134.10310341826292,25748500
2017-07-19,135.8868408203125,136.0850429994018,135.4338257837934,135.49045086322224,33752300
2017-07-20,136.066162109375,136.320989365902,135.45270455223815,136.2360517474224,36139400
2017-07-21,136.0095672607422,136.0095672607422,135.29229209900805,135.56598484197104,39697100
2017-07-24,136.63246154785156,136.72683189284047,135.8302344094489,135.99067695691136,26712700
2017-07-25,136.2832794189453,136.60417898538986,135.91520187019708,136.17946193590896,28120900
2017-07-26,136.72683715820312,136.80234207775618,136.4059520509209,136.62301969395406,18610600
2017-07-27,135.8679962158203,137.75557595851745,134.30130157311996,137.62344595257227,80665900
2017-07-28,135.75466918945312,135.98118383876945,134.83919228329006,135.0562742226247,38013200
2017-07-31,135.1790008544922,136.31154566584854,134.88642833834305,136.14167042463498,33848600
2017-08-01,135.4904327392578,135.67918777913445,135.0751630108773,135.6414425315937,20149400
2017-08-02,135.85850524902344,136.39647221457466,134.59383068588022,136.36815967965995,41769700
2017-08-03,135.3300323486328,136.06618731399618,135.084652160542,135.99068239433186,27112800
2017-08-04,135.575439453125,135.87745919174358,135.0186067612775,135.63207895493633,29472900
2017-08-07,136.4342803955078,136.4342803955078,135.63206753440124,135.82082265459735,17933900
2017-08-08,136.19830322265625,137.2931028428088,135.81134594984707,136.16999068084968,30810400
2017-08-09,136.0189971923828,136.08506939859274,134.7637548842146,135.07520728258035,36169500
2017-08-10,133.10264587402344,135.33942261327473,132.97051590632685,135.24505229411227,63331700
2017-08-11,134.1125030517578,134.40507551296275,132.97994405200387,133.28196362556116,45862500
2017-08-14,135.8396759033203,136.04731083724243,135.1412805811198,135.17902584133688,34161000
2017-08-15,135.9340057373047,136.18883294436483,135.56592839425582,136.17938583230878,25509200
2017-08-16,136.16995239257812,136.811736762279,135.71693744996216,136.27376981704066,31913000
2017-08-17,133.38580322265625,135.84909497467595,133.38580322265625,135.64146008361772,70191000
2017-08-18,133.29147338867188,134.2069509487347,132.74407339597803,133.4613630972775,60751900
2017-08-21,133.12158203125,133.57459719775653,132.30047494065954,133.2820246026983,37111500
2017-08-22,135.1506805419922,135.29225763595022,133.79162108608642,133.8388134507391,36294200
2017-08-23,134.66937255859375,134.97137781430771,134.3768000167462,134.47117035867998,25702300
2017-08-24,134.27294921875,135.12235409068916,133.5179146653117,134.97134429978422,38160800
2017-08-25,133.9898681640625,135.13184600551875,133.81054575893484,134.79209542876225,26380400
2017-08-28,134.40505981445312,134.71651206289926,133.97091032844466,134.3956127032042,15362100
2017-08-29,134.9336395263672,135.16015428066837,133.13099740958313,133.25369470163258,24498300
2017-08-30,136.51918029785156,136.74569502012102,134.96193298537878,135.0468706058216,33642700
2017-08-31,137.98208618164062,137.9915332977279,136.8306613041397,136.90616622737977,38480700
2017-09-01,137.7932891845703,138.35012162295934,137.42521179635364,138.16136657278696,22293600
2017-09-05,136.55690002441406,137.68001179217927,135.52817296360288,137.38743936213982,44794300
2017-09-06,136.9722137451172,137.283666096931,135.98123160772576,136.9061415487829,30722700
2017-09-07,137.2930908203125,137.6422884060747,136.7928834240792,137.22701862782336,22721100
2017-09-08,136.10394287109375,137.1798627419641,135.96236575058236,137.11379053884068,27890100
2017-09-11,137.670654296875,137.90660181676466,137.1327014400953,137.17044670679638,27126300
2017-09-12,138.00091552734375,138.18023785430034,137.34969840359037,138.05754059878555,30256700
2017-09-13,138.18968200683594,138.20856183257507,137.53846482916703,137.76497953477414,28450900
2017-09-14,137.3780059814453,138.06696832760036,137.29306837734794,137.65171301831793,35296400
2017-09-15,137.8499298095703,138.35013722944188,137.12320766328773,137.34972238969874,46422400
2017-09-18,137.66929626464844,138.44489041252461,137.25311745878759,138.00980488466075,24858200
2017-09-19,137.90579223632812,138.10441389181003,137.44231765251104,137.91524559952683,20871200
2017-09-20,137.48008728027344,138.00976399165506,136.42071942490225,137.8584236648009,34236200
2017-09-21,136.6383056640625,137.39497859430602,136.15591007352958,137.38552523409186,28841800
2017-09-22,136.5059051513672,136.70452677134185,136.06135180603513,136.2032243917313,21702400
2017-09-25,135.06820678710938,136.04243707520058,134.40611063490374,135.966766881718,54947700
2017-09-26,135.41812133789062,136.0140148823153,134.94519361885102,135.7586298729035,29628800
2017-09-27,136.6383056640625,137.149061335238,135.7964947614472,136.13698892049018,33249400
2017-09-28,136.5910186767578,136.7328912520403,135.9951249953475,136.3072590935809,24149400
2017-09-29,137.57467651367188,137.67872119365083,136.5058696367343,136.86528490452685,43102400
2017-10-02,137.69761657714844,138.25566774142212,137.08280197137347,137.78274009049056,27351300
2017-10-03,137.9908447265625,138.1516384138123,137.57466603833566,137.87734669617632,19715200
2017-10-04,138.123291015625,138.41650394007686,137.5936141930525,137.72603339869562,26381100
2017-10-05,139.47584533691406,139.55150106914252,138.48269426826917,138.62456680695777,31562400
2017-10-06,139.66505432128906,139.66505432128906,139.0029582263662,139.0029582263662,23561100
2017-10-09,139.5042724609375,139.99610706896684,139.32455755574406,139.8447811148267,13704800
2017-10-10,139.60829162597656,140.11904729704088,138.99347682952373,139.97717473080385,19223100
2017-10-11,140.02444458007812,140.05283352362844,139.36234860378397,139.5420634614802,12439100
2017-10-12,139.7690887451172,140.31768673559665,139.62720174281776,139.81638441255032,14513500
2017-10-13,140.30819702148438,140.46899071954635,139.77852026725452,140.3365715309889,18409900
2017-10-16,140.79058837890625,140.82841624625567,140.35548852504013,140.65816919427024,21809400
2017-10-17,140.97030639648438,140.98922754882662,140.52576756101976,140.74331029881913,13138200
2017-10-18,140.800048828125,141.13110402269092,140.59195946570233,141.11218287175902,17218200
2017-10-19,140.2798309326172,140.29875208429235,139.2961475346579,139.97716466886433,27680300
2017-10-20,140.65823364257812,140.97035338089512,140.48797207997174,140.84740193121777,30173300
2017-10-23,139.74070739746094,140.96085473494372,139.54207137700016,140.95140137496392,29297100
2017-10-24,139.97715759277344,140.27037048217127,139.45693419257927,140.01498546160155,20289500
2017-10-25,139.447509765625,140.15690159578142,138.40707707429718,139.70289486561316,36179100
2017-10-26,139.00291442871094,139.712305971027,138.96507213086034,139.36232966264438,28230200
2017-10-27,143.05120849609375,143.31604691384732,141.12165495804774,141.33919770850002,60165100
2017-10-30,143.37281799316406,143.9497905847143,142.81476655796678,142.94718578721043,31733400
2017-10-31,143.91189575195312,144.11998509805372,143.4200613271774,143.8362400193786,26319300
2017-11-01,143.8646240234375,144.55509448147055,143.29710496341,144.48887767033668,29481600
2017-11-02,143.59033203125,143.76059353911435,142.60664858702594,143.70383008141914,31017400
2017-11-03,144.9713134765625,144.99022019990258,143.6187322618583,144.11058128835194,26199200
2017-11-06,145.46310424804688,145.5198676988062,144.8104761067079,144.85775733342734,28693900
2017-11-07,145.54830932617188,145.73747761810955,145.03753906206302,145.3496732384372,21333100
2017-11-08,146.13470458984375,146.17253246721978,145.30234696144618,145.47260849116955,17373500
2017-11-09,145.3685760498047,145.4442462435522,143.87412219667218,144.9334760439099,40594500
2017-11-10,145.35910034179688,145.47261284254535,144.77267441294606,145.02805949886394,20150800
2017-11-13,145.53880310058594,145.72798577518512,144.81050464730362,144.81050464730362,12522400
2017-11-14,145.0091094970703,145.18882435761006,144.30918563931775,145.02803064886663,25173800
2017-11-15,144.32806396484375,144.71586812101992,143.56192344283198,144.38481297645836,24808000
2017-11-16,146.17251586914062,146.50357109719224,145.02803869266336,145.05641320562654,34790600
2017-11-17,145.6144561767578,146.31439446575385,145.47258362008768,146.2103497799924,28725800
2017-11-20,145.50094604492188,145.85090794404417,145.2928566906846,145.71848875794853,21143900
2017-11-21,147.08050537109375,147.14672217254565,146.1251966734252,146.19139904227,20147800
2017-11-22,147.26026916503906,147.40214174017578,146.9292139129042,147.21297349578953,17299000
2017-11-24,147.79937744140625,147.84667310363446,147.32644968434383,147.4115876493985,8280600
2017-11-27,147.733154296875,148.08311616947987,147.39264578234324,147.75207544562892,22653400
2017-11-28,148.1114959716797,148.2060872862234,147.26968522963028,148.06420031440783,25227300
2017-11-29,145.5293731689453,147.97913621371245,144.8294346850344,147.94130833226967,71986300
2017-11-30,146.7494354248047,147.03319488470225,145.80358018021656,146.1440886455725,56595500
2017-12-01,146.12521362304688,146.83460521033717,144.015945578692,145.850907460367,59015800
2017-12-04,144.4416046142578,147.20350103525283,144.2997176249191,147.042707326757,51319100
2017-12-05,144.5362091064453,146.1820032418054,143.86465963288674,144.41324324539397,40604200
2017-12-06,145.1888427734375,145.4158533259571,143.8268083235437,143.99706984608636,28647800
2017-12-07,145.68067932128906,146.09685808241736,145.02803666702974,145.17937702246016,32666200
2017-12-08,146.32386779785156,147.10892972800696,146.09687167619546,146.74949995856878,28081700
2017-12-11,147.4588623046875,147.50615796480704,146.38058764396357,146.39005543555294,20821500
2017-12-12,147.26026916503906,147.69535468386624,146.9481350671264,147.39268837937064,20310300
2017-12-13,147.54400634765625,148.01693410312748,147.32644918866046,147.85614039818043,24418500
2017-12-14,147.43997192382812,148.17773811909228,147.27917820769215,147.79938722882173,24594700
2017-12-15,149.11410522460938,149.27491335105577,147.77099222378112,148.01692387650473,49816200
2017-12-18,150.36439514160156,150.48761819785955,149.82413724647049,150.09900276104594,26844500
2017-12-19,149.4733428955078,150.23161260246346,149.05629383354264,150.079955768514,31415000
2017-12-20,149.312255859375,150.0231312022449,148.72460353736386,149.9946973455538,38972600
2017-12-21,149.3311767578125,149.99465734164684,149.16055920037394,149.5207405727949,18638700
2017-12-22,149.1605682373047,149.21743593896556,148.7624798628858,149.10370053564384,23330400
2017-12-26,148.35488891601562,148.5444527048612,147.81461693187623,148.3264550708283,21918700
2017-12-27,148.3739013671875,148.77200430300175,148.23173207782273,148.36442823549532,22388200
2017-12-28,148.55397033691406,148.87624478356923,148.37387962158172,148.84779646706917,25393800
2017-12-29,147.63455200195312,148.71508169576907,147.5776843016669,148.68664784562597,33186000
2018-01-02,150.22215270996094,150.2600596903924,148.02317181231658,148.39282633839383,32573300
2018-01-03,151.6818084716797,151.81450459596132,150.3358865074538,150.3643203581718,29383600
2018-01-04,151.94720458984375,152.4021606757109,151.72920690785642,152.20312371561604,24776100
2018-01-05,153.47323608398438,153.5774983729714,152.38323307777054,152.6675860898074,26992300
2018-01-08,154.07032775878906,154.14615616912735,153.41632037456296,153.47318806661906,23159100
2018-01-09,154.079833984375,154.53479008134326,153.61540475762595,154.37366009830853,24782400
2018-01-10,153.71966552734375,153.74811384467054,152.7149640997603,153.3974055341179,34004000
2018-01-11,154.77169799804688,154.78118558752598,153.74805072952296,153.985009061879,20473500
2018-01-12,155.90914916992188,156.07027914132195,154.44000424354283,154.63904119412246,37762700
2018-01-16,155.4636993408203,157.73849460861618,154.99925558591062,156.9423177111672,41231800
2018-01-17,157.14132690429688,157.37828530538852,155.44471111610974,156.20298089216155,33849900
2018-01-18,157.1697540283203,157.52992091472206,156.52521974359584,156.89487422094967,26432200
2018-01-19,157.6626434326172,157.91856256374317,156.90437363178057,157.63420958058026,38937600
2018-01-22,159.34974670410156,159.34974670410156,157.42564605762516,157.60573671781188,26081400
2018-01-23,160.66725158691406,160.80943528977346,159.76681265330373,159.84264106893713,37989700
2018-01-24,159.62466430664062,161.35920157646174,158.70526453308307,161.0084933004039,54287400
2018-01-25,159.56781005859375,160.78103604424942,159.05597175861098,160.72416833598345,28925000
2018-01-26,162.01319885253906,162.0321595751213,160.14597986780723,160.45875224504908,32038200
2018-01-29,161.2265167236328,161.99425969976912,160.88529601615065,161.67199971570105,37277800
2018-01-30,159.8995361328125,160.5819775275258,159.0654523436693,159.75736686841137,44987700
2018-01-31,160.56300354003906,161.12223634700266,159.55830225382223,160.79996193632766,42449200
2018-02-01,159.19808959960938,160.8757441502483,158.6862515114776,159.33078568490492,38037900
2018-02-02,156.02288818359375,158.9516905122908,155.89019205920337,158.57256286054488,68478100
2018-02-05,149.87144470214844,157.10341972228463,149.75770929786407,154.5632326079805,105372200
2018-02-06,153.8428955078125,154.03245936754453,147.009022186883,147.68197605835104,118537900
2018-02-07,151.8524932861328,155.01825541222195,151.84300568983005,153.35005829644862,91028300
2018-02-08,145.44503784179688,152.4116193805625,145.44503784179688,152.24100184145476,94184800
2018-02-09,147.95684814453125,149.03737799708756,142.29827973007207,147.50187754981673,113836600
2018-02-12,150.58229064941406,151.60595247747554,148.29802310132982,149.4733272847117,63050600
2018-02-13,151.35955810546875,151.66285735326272,149.4923246551952,149.719809938136,31785600
2018-02-14,154.19354248046875,154.43050084877248,149.75768876796246,150.4685638728737,52107400
2018-02-15,157.05601501464844,157.05601501464844,153.96608287437675,155.5773970031958,51633900
2018-02-16,156.35464477539062,158.0607337697845,156.08923804845594,156.54420861223508,62256300
2018-02-20,156.6674346923828,157.9849230307314,155.73856166389126,155.8049169687526,36785600
2018-02-21,156.2219696044922,158.97068176453118,156.12718044195472,157.4351956784345,41161800
2018-02-22,156.2029571533203,157.7384427309459,155.80486883552075,156.9043446577711,37074400
2018-02-23,159.39710998535156,159.39710998535156,156.81900248426717,157.4635365909318,50096900
2018-02-26,161.51080322265625,161.51080322265625,160.01323919972177,160.14593529527758,39266700
2018-02-27,159.5109100341797,161.82362633010698,159.435096073507,161.55823407937365,42209900
2018-02-28,158.4872589111328,160.94214440661983,158.38299663906076,160.42083304625956,42936300
2018-03-01,155.89968872070312,159.30242282189553,154.49689884214843,158.57258679618744,76809900
2018-03-02,157.33091735839844,157.60578276128518,153.5111487945248,154.02297261682202,57445100
2018-03-05,159.07492065429688,159.48248217509507,156.0039344711269,156.59160115936658,38540200
2018-03-06,159.7478485107422,160.28812053700673,158.74314733501285,159.8521107721551,29480900
2018-03-07,160.1175079345703,160.2502185102771,158.25028922526062,158.52515457958796,34609400
2018-03-08,160.99903869628906,161.11277411631744,160.13650652695395,160.7810409869697,25828400
2018-03-09,164.1268310546875,164.1268310546875,161.9089044232757,162.14586276755787,38310500
2018-03-12,164.99888610839844,165.37801378921114,164.24061628397905,164.61027083474934,37635000
2018-03-13,162.75253295898438,166.06995094910576,162.3354838118934,165.3780219265254,55638900
2018-03-14,162.72402954101562,163.72874508370208,162.01315449813137,163.60552211484276,40536400
2018-03-15,162.58189392089844,163.52972750731436,161.9847541333627,162.8378130388127,28810400
2018-03-16,162.0985107421875,163.21694747854787,162.02268231658442,162.85678053542495,31176700
2018-03-19,158.63998413085938,160.65264708396413,157.2538953609083,160.53872713907427,71395100
2018-03-20,159.16209411621094,159.5323483471703,158.1747543290714,158.70639994416626,34075700
2018-03-21,158.4690704345703,160.21591031275807,157.7760333770978,158.74439624954746,43863500
2018-03-22,154.55763244628906,157.37726603615164,154.358258122673,156.27599198035415,66607300
2018-03-23,150.48484802246094,155.03234491785557,150.40889657583298,154.37727636616455,80110400
2018-03-26,156.07667541503906,156.26656131208793,151.10197781557636,153.5323666406971,57481500
2018-03-27,151.02598571777344,157.23486754614297,149.69685722735747,157.23486754614297,78889100
2018-03-28,149.28863525390625,151.69054345711947,148.13988961981215,150.16205510177866,89369700
2018-03-29,152.0227813720703,153.52278927568386,148.69998290471477,150.09555941990422,68692600
2018-04-02,147.63673400878906,151.65258526531605,146.08926855280865,150.94055674999305,85549400
2018-04-03,149.298095703125,149.92468411309557,146.6208767029153,148.9278415492794,64090000
2018-04-04,151.652587890625,152.11777059081768,146.2411594914853,146.41205387097497,65768700
2018-04-05,152.51649475097656,153.3994175997795,151.40573205958435,153.16207477291135,43054900
2018-04-06,148.7000274658203,152.33612118808048,147.98799900944118,150.8361128349577,59870900
2018-04-09,149.7443389892578,152.73486743371004,149.48801915484603,149.98168182677352,41810400
2018-04-10,153.0481414794922,153.54180408614096,151.0164876384607,152.09877025496803,48296800
2018-04-11,152.16522216796875,153.79814187018226,151.99434229707123,152.0892707299291,41622100
2018-04-12,153.99754333496094,154.52918900864083,153.00070045368207,153.08614040418246,30467900
2018-04-13,153.20005798339844,154.9943693476174,152.53550090151325,154.76652948311843,44604900
2018-04-16,154.36778259277344,154.92790819547514,153.30447686257358,154.2728396661685,28180800
2018-04-17,157.6905517578125,158.0323259468159,155.61142664856303,155.9247208623373,35536100
2018-04-18,158.0133514404297,158.54499701681692,156.94055730405546,157.69056869565964,29573900
2018-04-19,156.56077575683594,157.5860981795749,156.01962733111876,157.21584406744014,34705700
2018-04-20,154.0829620361328,156.27600738075213,153.54181345174302,156.16208746246215,49197100
2018-04-23,153.69369506835938,155.44053450963952,152.86774680252395,154.8329375524006,33040600
2018-04-24,150.4373321533203,154.66203012517383,149.421498249371,154.42468737971856,70256800
2018-04-25,150.6177978515625,151.24438658137828,148.54817472650302,150.70325230472713,52089300
2018-04-26,153.78866577148438,154.3013199117636,152.0702915090282,152.56396865295923,43005500
2018-04-27,153.88357543945312,156.08612359271658,153.010155667514,156.0481406321403,51043400
2018-04-30,152.79188537597656,155.20328314622233,152.41212800009276,154.24442293385826,35615300
2018-05-01,154.5386505126953,154.55764199379732,152.03231099868805,152.3930767083481,36513500
2018-05-02,153.62722778320312,155.28862709387025,153.44684496881604,154.8044385949886,38646800
2018-05-03,153.6082763671875,154.17789044479082,151.1588967206017,152.84877644412694,60337100
2018-05-04,156.52284240722656,156.88360813869977,152.82978861052226,152.94372301776755,41543200
2018-05-07,157.8234405517578,158.33609451877078,157.13038929035355,157.25381215618617,32500200
2018-05-08,157.662109375,158.0038691592375,156.51336365059132,157.49121499662385,26040200
2018-05-09,159.3804168701172,159.49433676077405,157.38673186610646,157.94685731017285,29122700
2018-05-10,161.0323486328125,161.1462830347706,159.76968311750747,159.89310601702218,27067600
2018-05-11,160.88046264648438,161.260205362008,160.17792268788403,160.8424796831784,24688800
2018-05-14,161.15576171875,162.17159585942224,160.88993894079474,161.25070463355758,21821700
2018-05-15,159.3709716796875,159.9690802950281,158.52603171633322,159.88364034605314,49361600
2018-05-16,160.42478942871094,160.79504372829416,159.50389792964972,159.57984938677694,22941200
2018-05-17,159.80770874023438,161.0229031196358,159.02921714510487,159.86466871329074,27480200
2018-05-18,158.98175048828125,159.74123606451644,158.74440762414307,159.19059888136476,26217900
2018-05-21,159.87411499023438,160.91842917466076,159.19056652156544,160.21588922456885,22954600
2018-05-22,159.66525268554688,160.87095825044787,159.38045289453206,160.60513545466347,19477700
2018-05-23,161.0133514404297,161.03232843316243,158.43106077588712,158.45003776861986,26557800
2018-05-24,160.9658660888672,161.2506803040622,159.3424352026325,160.9658660888672,27696500
2018-05-25,161.12728881835938,161.70640585710885,160.64311469858742,160.94690596405545,27460500
2018-05-29,160.415283203125,161.3171831166802,159.45642332458323,160.39629171937693,41220500
2018-05-30,161.56399536132812,161.84880963884973,160.6526070567661,160.99438129254085,22665800
2018-05-31,161.45957946777344,162.53235915637518,161.0418537895543,161.56399640107222,35670900
2018-06-01,163.99436950683594,164.08929792536048,162.21903569401135,162.26650714640033,45543300
2018-06-04,165.47540283203125,165.5133713060274,164.30768031377193,164.41209723882514,20459600
2018-06-05,165.9880828857422,166.26340868876403,165.25707737842407,165.86467446124766,24779300
2018-06-06,166.9564208984375,166.98490087572253,165.32350126490581,166.15895256194668,25036600
2018-06-07,165.59884643554688,167.0229035362946,164.76340945376361,166.98493505422815,39600300
2018-06-08,165.60830688476562,166.02603251149466,164.41208995617714,164.82032708639116,31780300
2018-06-11,166.05453491210938,166.46275761119756,165.45642636704363,165.48490634668903,22319700
2018-06-12,166.9279327392578,167.08932409804746,166.10198446596542,166.28235281784495,22511800
2018-06-13,166.91844177246094,168.17160415179833,166.5481731188738,167.1842645343281,37858600
2018-06-14,168.60830688476562,168.88361811957665,167.56399291909733,167.6874157931089,35916000
2018-06-15,168.0197296142578,168.35201536573092,167.19378121396173,167.97225815172501,49615700
2018-06-18,167.9226837158203,168.06538840499113,166.4384968793943,166.96177160179127,31633200
2018-06-19,167.4469451904297,167.48499492674256,165.2682384843528,165.80102189628815,38236000
2018-06-20,168.63624572753906,169.33076611619538,168.06539790406666,168.21762592596107,33038000
2018-06-21,167.17108154296875,169.23562497810494,166.8475933853099,169.06436483378408,43469400
2018-06-22,166.80003356933594,167.79899542079593,166.20064484465013,167.73240473875433,30073200
2018-06-25,163.04196166992188,165.53464792461108,161.55777500130765,165.28727380166822,77799700
2018-06-26,163.7080078125,164.6498879898977,163.04201374625003,163.64140259896885,39008100
2018-06-27,161.48170471191406,165.14461382872673,161.36754094258453,164.40252029355534,52843500
2018-06-28,162.87074279785156,163.42255848627252,160.94890395435277,161.28190093577922,46407700
2018-06-29,163.30838012695312,164.51666645299272,163.07052928813306,163.65088591554454,36408500
2018-07-02,164.4025115966797,164.45008467047194,161.42461428790406,161.77662890289173,31770000
2018-07-03,162.4997100830078,165.0209233863235,162.33797324065023,165.0209233863235,25512700
2018-07-05,164.51666259765625,164.6498584835836,162.71851087900555,163.55575045755623,31626200
2018-07-06,167.07594299316406,167.1996300742763,164.5927796672053,164.89723570770835,37005600
2018-07-09,168.57913208007812,168.6171818197497,167.27571436673514,167.94169369044104,27362100
2018-07-10,168.70281982421875,169.08337529152146,168.12246330036274,168.8930975578701,23902500
2018-07-11,167.8466033935547,168.46502437768189,167.25673787025468,167.3804104532679,30280600
2018-07-12,170.7388458251953,170.7388458251953,168.47450128297294,168.58866503560176,27930100
2018-07-13,170.88156127929688,171.15746187128224,170.25363156576174,170.729333254695,28049800
2018-07-16,170.47247314453125,171.20505790858908,170.18706370669804,170.9196339534905,21405300
2018-07-17,171.50949096679688,171.87101437859212,168.66478964119295,168.66478964119295,31034100
2018-07-18,171.18600463867188,171.67122965761226,170.66274438907018,171.52851043905065,23220800
2018-07-19,170.32974243164062,171.13844109479385,170.12995585564676,170.56759327171355,31094100
2018-07-20,170.29164123535156,171.41428989302847,170.10134900697483,170.8434567596747,35897300
2018-07-23,170.83395385742188,170.9100678544186,169.10240760684326,169.7874190625532,22184700
2018-07-24,171.5380096435547,173.2029653384808,170.83396600920034,172.59406783645542,36900300
2018-07-25,173.93556213378906,174.04020256253918,171.52849837549678,171.61413570751634,35026600
2018-07-26,171.30020141601562,172.1279178074579,171.07185935201613,171.57610204074132,40873500
2018-07-27,168.9882049560547,172.49888453041956,168.0177842982814,172.38472081003647,59456100
2018-07-30,166.6002197265625,169.09289153676497,165.80104449970906,168.997759924384,60193000
2018-07-31,167.87518310546875,168.52214518256443,166.32440491716866,167.25677649579475,47285100
2018-08-01,168.51254272460938,169.0167852968902,167.54212184055677,168.26518310034805,37101900
2018-08-02,170.805419921875,171.00522098683572,167.2471666320985,167.32328063221394,47178200
2018-08-03,171.32870483398438,171.33821364059392,170.37730155159926,171.12890375708824,28934400
2018-08-06,172.3372039794922,172.38477705092544,171.00524508294015,171.21455498343593,24808800
2018-08-07,172.96514892578125,173.28862261241662,172.4513829366409,172.8224296989025,29895700
2018-08-08,173.17449951171875,173.4884644638638,172.26114560390877,172.72733862690015,22680700
2018-08-09,173.06976318359375,173.75477466317378,172.81288024943598,173.06976318359375,18852900
2018-08-10,171.74734497070312,172.4133244439073,171.10038311297356,171.89955848081857,33818500
2018-08-13,171.55703735351562,173.16489661726288,171.48092335306575,172.06127990389257,26089200
2018-08-14,172.63211059570312,172.83191165860697,171.29062857734274,172.21349085800819,20913000
2018-08-15,170.52003479003906,171.80443524323215,169.46397638906777,171.26212831317946,58528000
2018-08-16,171.0813751220703,172.1945154150332,170.74837810810286,171.8329774589845,27711800
2018-08-17,171.11941528320312,171.54754390769506,169.60668736860853,170.6342047777474,36092600
2018-08-20,170.96717834472656,171.56656709813248,170.3011989060883,171.49996189563717,24939000
2018-08-21,171.59512329101562,172.6226407379396,171.37630456685332,171.48095952488995,26258700
2018-08-22,172.26107788085938,172.46087895995345,171.01474188998637,171.23356058250872,18042400
2018-08-23,172.01373291015625,173.20298712756986,171.7283089945243,171.95665103048253,25776200
2018-08-24,173.612060546875,173.7547797443634,172.54649355515014,172.5845432974568,23136100
2018-08-27,175.3816680908203,175.3816680908203,174.21144618170746,174.48734673105915,29343600
2018-08-28,175.63853454589844,176.02861331808444,175.2674879013766,175.8478443984246,20277000
2018-08-29,177.6650848388672,177.76021647316557,175.87644171378923,175.94303240607167,29175600
2018-08-30,177.35108947753906,178.4071477024153,176.76120957030975,177.3225485404285,29315500
2018-08-31,177.5794219970703,178.08366458996795,176.9419835214688,177.13226128000827,28653200
2018-09-04,176.81834411621094,177.3416044209897,175.86694062786387,177.03716285369651,29063500
2018-09-05,174.5349578857422,176.5329109134564,173.93558359123944,176.50436997168313,42623300
2018-09-06,172.974609375,174.8203338620742,171.8043875315317,174.6110240016476,46091400
2018-09-07,172.30862426757812,173.7928108518429,171.6711859021444,171.7282677681146,46629500
2018-09-10,172.88902282714844,173.39326545556958,171.94712825771816,173.29811931096566,26132000
2018-09-11,174.22097778320312,174.5064016932559,171.74733776969308,172.194498508081,30116500
2018-09-12,173.70724487304688,174.08780044883565,172.2135344776833,173.96412787119988,36204000
2018-09-13,175.56243896484375,175.89543590622063,174.71569066073315,174.79180466211247,31133200
2018-09-14,175.04873657226562,175.96207580980285,174.35420155935503,175.68617518022288,31224100
2018-09-17,172.5274658203125,174.87743306298827,172.36572900618143,174.7537459921332,33071200
2018-09-18,173.95460510253906,174.80135360105515,172.5845817976895,172.67021914219114,31877300
2018-09-19,173.8213653564453,174.39221309523774,172.68919320210566,173.98310216174224,31843400
2018-09-20,175.7432098388672,175.98106065182392,174.60152884012706,175.0201485936928,33295800
2018-09-21,174.7823028564453,176.4662762086537,174.56346964974185,176.2189165822095,38605400
2018-09-24,175.26837158203125,175.33509663372172,172.79980645041883,173.51464292397816,34945600
2018-09-25,175.5066680908203,175.64010366426112,174.5916709133786,175.19213826555557,25277500
2018-09-26,175.63058471679688,177.2699444232146,175.2874625795609,175.65917701628427,36210600
2018-09-27,177.11741638183594,177.7464759646994,176.25007797607432,176.34539532258765,33113300
2018-09-28,177.07931518554688,177.54634699728183,176.2977680697114,176.6218238361947,28076800
2018-10-01,177.44149780273438,178.7377353688669,176.99353238730265,178.10867569484952,27371300
2018-10-02,177.04115295410156,178.404100744337,176.63132038838347,177.28895767685776,25618600
2018-10-03,177.2317657470703,178.20394730794513,176.9553687425013,177.78457429959192,29128700
2018-10-04,173.82920837402344,176.6313702521072,172.5710889416641,176.5169865033729,80557300
2018-10-05,171.7037353515625,174.39152778948704,170.06437568234335,173.81012680745715,83325600
2018-10-08,170.6553192138672,172.17076924439954,168.6347046297702,171.1032846256679,66864500
2018-10-09,171.20816040039062,172.5329905066673,170.3694140159657,170.77924674437975,49097900
2018-10-10,163.67849731445312,170.24546158774407,163.4592848529792,170.14061831601543,114471100
2018-10-11,161.64837646484375,165.2702033234154,159.94229176713324,163.0017985776529,143084500
2018-10-12,166.1470947265625,166.66177067822161,162.91601934075894,166.0041186808771,102078400
2018-10-15,164.13601684570312,165.88020530829272,163.516483081692,165.56569001026918,64885300
2018-10-16,168.91111755371094,169.32095020750754,165.55614717023394,165.86115108845334,71979700
2018-10-17,168.97779846191406,169.90232142985872,167.2431362470077,169.73076766346145,66987600
2018-10-18,165.06048583984375,168.39638909005936,164.3551898889925,168.33920450413996,82486200
2018-10-19,164.9080047607422,167.81500918427412,164.30753749887268,166.39486222500517,82923700
2018-10-22,165.75628662109375,167.0334576427571,164.49816743434326,165.89924809986746,52909300
2018-10-23,165.14630126953125,165.9659810547627,160.9049408577932,162.63960323751462,77567000
2018-10-24,157.5880584716797,165.23204619530864,157.30212101244885,164.95564919552828,102997400
2018-10-25,163.03990173339844,164.01208341656906,159.32275786154807,160.03759434024124,83481100
2018-10-26,158.8462371826172,161.9915213296501,156.5301588899935,157.45468211443566,130970900
2018-10-29,155.57701110839844,161.89617039468416,152.58422955653762,161.27665124807746,111871900
2018-10-30,158.1409149169922,158.2552841179747,154.4142299888429,155.1195406628064,92584000
2018-10-31,161.85809326171875,163.22104154753694,160.6380919508174,160.71434294171058,73828600
2018-11-01,163.99298095703125,164.16454923673,160.86676460817222,162.0962912253032,52706800
2018-11-02,161.4386749267578,164.46004869675414,160.33305768314818,163.48786701403634,75966800
2018-11-05,161.03842163085938,161.70559965649855,159.24655961052255,161.64841504621378,39573500
2018-11-06,162.25840759277344,163.16386451867774,160.80966778529248,161.04794668912993,34410400
2018-11-07,167.34799194335938,167.34799194335938,163.81192765820543,164.2027084352181,51169600
2018-11-08,166.28050231933594,167.08111568420836,165.48941487188387,166.5664252758008,40296500
2018-11-09,163.4783477783203,165.1272332503168,162.1821103295117,164.72692655127994,50602700
2018-11-12,158.5316925048828,162.63961771461013,158.388716463189,162.33462833709405,62578400
2018-11-13,158.66513061523438,161.53400289297946,158.2171651888792,159.27512392338372,64128100
2018-11-14,157.4546661376953,160.79057014291507,156.54920938781314,160.23776144827218,75270700
2018-11-15,160.20916748046875,160.63806651085312,155.79625297473623,157.16872696328878,73254300
2018-11-16,159.6468048095703,160.4188258372303,158.0074454116371,158.64603088566923,65390700
2018-11-19,154.46188354492188,159.0749587143869,153.96625945146425,158.8843385379454,67280500
2018-11-20,151.69781494140625,153.8137317961386,149.76299229710162,150.94484580787878,102652800
2018-11-21,152.8511505126953,154.3761413538498,151.76459926497466,153.7852143110129,42965800
2018-11-23,151.74551391601562,153.2990821764563,151.63113017498264,151.63113017498264,23503700
2018-11-26,155.2530059814453,155.3292569778343,153.22286501483657,153.8709912124476,42012600
2018-11-27,155.7771759033203,156.16795668917055,153.62312589387295,154.40468746557343,36608100
2018-11-28,160.79055786132812,160.79055786132812,155.80576861499893,156.9018454584951,70141000
2018-11-29,160.26632690429688,161.32428543620196,158.99869639281278,160.11383951400168,44885700
2018-11-30,161.42909240722656,161.52440973019478,159.68489010925563,160.48551780939653,36722800
2018-12-03,164.25039672851562,165.18444585130473,161.56260402348022,164.99382565897469,50771700
2018-12-04,157.95028686523438,163.85007357845384,157.7596666919642,163.39256771054104,70594700
2018-12-06,159.06546020507812,159.08452658902385,154.18551303903064,154.76691413056284,71715500
2018-12-07,153.8137969970703,159.28467112002278,153.31817282318335,158.36968830726644,80432200
2018-12-10,155.42454528808594,156.10124912145577,151.93613920857265,153.52784028407578,73960800
2018-12-11,155.93917846679688,157.99791078938142,154.6238748368039,157.9597780370833,59058300
2018-12-12,157.31170654296875,159.74215382769862,157.22592964363872,158.21716330380096,53780000
2018-12-13,157.35935974121094,158.9987194070988,156.33951927341653,158.34106744837337,46378500
2018-12-14,153.52783203125,156.12983302913455,153.16564352146415,155.55797250900565,56547400
2018-12-17,150.04891967773438,154.09013338081294,148.84799975556953,152.8701470824088,74834100
2018-12-18,150.99253845214844,152.4508038364742,149.67723455907552,151.211750919865,63642100
2018-12-19,147.28489685058594,153.1846825122004,146.15068738822265,150.76376165868552,81856500
2018-12-20,145.14996337890625,148.56211885584344,143.33904961796932,146.92275891623365,99002100
2018-12-21,140.65127563476562,146.86557885617032,139.8411215599329,145.8743450343491,141129400
2018-12-24,137.16336059570312,141.44552972074598,137.1251333237363,139.62943530992285,56163300
2018-12-26,145.7277374267578,145.80419198328076,137.7273266920349,138.67361591022723,98982100
2018-12-27,146.29164123535156,146.41589079472936,140.5852625398976,143.7299767371191,85824300
2018-12-28,146.21514892578125,148.71945024752657,145.02034645014075,147.34303546199013,77856600
2018-12-31,147.4482421875,148.13644987676466,145.96669814741384,147.64897550728446,53015300
2019-01-02,148.0408477783203,148.87242584295743,144.2174788963182,144.32262212397305,58576700
2019-01-03,143.20428466796875,146.4923695676552,142.88885499339239,145.8615248034969,74820200
2019-01-04,149.3312225341797,150.06722511055858,145.03950039885382,145.61299696675098,74709300
2019-01-07,151.109130859375,151.84513363668478,149.21656687414836,149.70404127769203,52059300
2019-01-08,152.4759521484375,153.03989554722472,150.25839123897686,152.49505849128164,49388700
2019-01-09,153.71852111816406,154.38760761717216,152.42812855329777,153.0685409584192,46491700
2019-01-10,154.15823364257812,154.2442559428542,151.69215893969894,152.55242569744468,38943400
2019-01-11,153.59426879882812,153.75676020501137,152.73400216110198,153.25016506073624,30176600
2019-01-14,152.23703002929688,152.8965636487784,151.58704958364908,152.29437824229558,30710200
2019-01-15,155.20968627929688,155.41997276420636,152.84875449553763,152.93477680709236,40874200
2019-01-16,155.18099975585938,156.5478472133815,155.12363696775026,155.46774077142646,33812200
2019-01-17,156.40444946289062,157.1022101208933,154.43541704565456,154.68393074419154,39329000
2019-01-18,157.9529571533203,158.6889598876979,156.58610951733098,157.50371005694677,57183200
2019-01-22,154.78912353515625,156.89197393817287,153.66122189749413,156.815504794518,56711700
2019-01-23,154.98977661132812,156.28972233272125,153.24059856190897,155.58240857732537,38106100
2019-01-24,155.9934844970703,156.22289193504332,154.90382469044548,155.4964423406279,32417800
2019-01-25,157.85736083984375,158.33528202262863,156.71035291815946,157.24562230927899,36515900
2019-01-28,155.90744018554688,155.91699335807385,154.60749405706136,155.8214178778153,33491200
2019-01-29,154.43545532226562,156.03171029482922,153.88106500966921,155.99346843327262,30784200
2019-01-30,158.3639678955078,158.93747919146858,155.69717391478594,156.1846483068539,41346500
2019-01-31,160.73446655273438,161.5278175199503,159.11909051219817,159.3389301873309,37258400
2019-02-01,160.0557861328125,161.15501350075397,159.61610685363243,159.94108972693869,32143700
2019-02-04,162.0439453125,162.0439453125,159.94109515184655,160.0844656640517,26718800
2019-02-05,163.4777069091797,163.66887245160396,162.1968817314415,162.2637831080418,28156400
2019-02-06,162.99021911621094,163.80267625060904,162.25421652446636,163.51593525317136,27970000
2019-02-07,160.80136108398438,161.96748996584506,159.5778839923596,161.5660379124992,42036200
2019-02-08,161.1167755126953,161.14544961485262,159.2146586729463,159.3962564582772,29020700
2019-02-11,160.9638671875,162.0917688938215,160.56241509762248,161.69986997810818,21434100
2019-02-12,163.3438720703125,163.58283261898958,161.85276058016657,162.13951615557795,29722100
2019-02-13,163.45858764648438,164.55781505037749,163.27698985957667,164.0703261394785,26094100
2019-02-14,163.65927124023438,164.24233545372863,162.33065142063163,162.8754737858686,30326800
2019-02-15,164.3475341796875,164.9401517629514,163.58285739112327,164.90192448677166,32521700
2019-02-19,164.67247009277344,165.16951205128098,163.81221806669603,163.84089216189912,19487700
2019-02-20,164.64382934570312,165.4371801719951,163.75490304437318,164.78719985075782,32593000
2019-02-21,164.04161071777344,164.65334905668107,163.171805522212,164.20410211881222,25207400
2019-02-22,165.2555389404297,165.37023532443712,164.3092500173897,164.39528689038818,27735400
2019-02-25,165.85775756835938,166.94741719111676,165.7430465762299,166.51729107936964,32608800
2019-02-26,166.02981567382812,166.5555318909136,165.1791165534523,165.4563190065506,21939700
2019-02-27,165.9246826171875,166.1254159433065,164.1754892338569,165.2651490120795,25162000
2019-02-28,165.5423126220703,166.1349301176924,165.07394469440462,165.40849529773647,25085500
2019-03-01,166.68931579589844,166.93782951002686,165.53274035035176,166.73711082149845,31431200
2019-03-04,166.7179718017578,168.02747076812392,164.8540826855817,167.78851025105024,38063500
2019-03-05,166.84226989746094,167.35841830200192,166.02024496801016,166.84226989746094,22319900
2019-03-06,165.89599609375,167.03345082495576,165.62836140228944,167.0047767212276,27194600
2019-03-07,163.86001586914062,165.53273966323962,163.24827746498417,165.47539146675527,39407400
2019-03-08,163.6114959716797,163.69751826315465,161.86230312005478,162.02479453228307,39303200
2019-03-11,167.01431274414062,167.1290237322708,164.26149697393615,164.29017107471986,30518400
2019-03-12,167.931884765625,168.3620107523458,167.05251186822048,167.45396376149264,33953500
2019-03-13,169.193603515625,170.0729764903845,168.562758819271,168.8017193423576,42426100
2019-03-14,168.90687561035156,169.50904625727503,168.8590805850417,169.3083275699652,23751500
2019-03-15,170.4744873046875,170.9810825784791,169.45172899929904,169.5664254129887,38192000
2019-03-18,170.88046264648438,171.39756498084904,170.05694174602866,170.4016717650924,32935100
2019-03-19,171.4550323486328,172.3647321794945,170.72726079471195,171.57950805269343,36893300
2019-03-20,172.1348876953125,173.18823345009122,170.67937397612084,171.46458340206138,50105000
2019-03-21,174.8257293701172,175.07469539666226,171.59866852589707,171.61782425456664,42428500
2019-03-22,170.9857940673828,174.53842877078407,170.8038511979676,174.06920845553097,70794500
2019-03-25,170.66024780273438,171.25394390648805,169.4249589662621,170.36339975085755,46336500
2019-03-26,171.4550323486328,173.02546599069552,170.58362936251146,171.9817052859336,33248100
2019-03-27,170.3538360595703,172.09664235509828,169.10899111881275,171.71361539048704,37096700
2019-03-28,170.74639892578125,171.3879769427216,169.72179405475464,170.79428093542649,30368200
2019-03-29,172.0391082763672,172.20189538979156,171.01448898350563,172.06783455452825,35205500
2019-04-01,174.3181915283203,174.52886070180634,173.1020731131974,173.8106743226147,30969500
2019-04-02,174.97894287109375,175.15131521737501,174.06924295525704,174.50973707438405,22645200
2019-04-03,175.98439025878906,177.07603297733974,175.43857620528343,175.96523453066308,31633500
2019-04-04,175.9173583984375,176.6738415891732,174.90230941967985,176.03226353841288,28530800
2019-04-05,176.82708740234375,176.9324220019062,176.21423553530985,176.42490473443473,25674700
2019-04-08,177.27716064453125,177.4207921001648,175.8407876420289,176.53981841201502,22697500
2019-04-09,176.65467834472656,177.25795952700295,176.2812220441598,176.67383407108687,25631900
2019-04-10,177.60269165039062,177.660144218615,176.69299189324934,176.8845053245099,24563000
2019-04-11,177.18138122558594,177.89956766451954,176.8558068800391,177.89956766451954,20654100
2019-04-12,177.9474334716797,178.0623386157482,177.21009137031533,177.9665891995375,24989100
2019-04-15,177.97610473632812,178.17720328781752,176.78869837239694,177.9569490143923,21073000
2019-04-16,178.58900451660156,178.98161655876925,178.04317588067985,178.62730135927077,27195700
2019-04-17,179.21141052246094,179.95832308458964,178.68475227312868,179.78596539096174,29651600
2019-04-18,179.44125366210938,179.82428053908322,178.38790783312317,179.50829140192613,28580900
2019-04-22,179.94876098632812,180.01579872247055,178.52195891645664,178.65603438874146,17936000
2019-04-23,182.23736572265625,182.4576054160611,180.1498446905216,180.40838122174335,33665600
2019-04-24,181.66282653808594,182.62040821595747,181.6053593637227,182.39058335311506,24977100
2019-04-25,182.40017700195312,183.10879279344346,181.4138689177999,183.02261393829343,29517500
2019-04-26,182.56297302246094,182.60128447874771,180.5903567583341,182.1129083860973,26359500
2019-04-29,182.91732788085938,183.20460541910805,182.26616448672624,182.56301258535092,21716200
2019-04-30,181.50006103515625,181.7969236882625,180.22649000744318,181.44260846085817,31495300
2019-05-01,180.91592407226562,183.2045586217325,180.79144837300296,182.68745626266391,34797100
2019-05-02,180.13067626953125,181.79687352209294,178.9432698193859,180.8584330290512,44110100
2019-05-03,183.00347900390625,183.13753988655114,181.29898437676118,181.6245587186787,30386200
2019-05-06,181.88304138183594,182.13200732391272,178.8379244642638,179.1156312953637,38371800
2019-05-07,178.340087890625,180.66700527996275,176.6834604085944,179.90093671061612,58818100
2019-05-08,177.88998413085938,179.23059287447356,177.1143451712298,177.75592325649797,37165300
2019-05-09,176.93243408203125,177.54528599090781,174.36610666817538,175.90781430619114,55351700
2019-05-10,177.15257263183594,178.00481955895478,173.35097301238142,176.3003257047171,58526400
2019-05-13,171.00497436523438,173.57128679732043,170.50702769500126,172.64243120218214,67185800
2019-05-14,172.88180541992188,173.92558064851613,171.27307506829837,171.90508253995253,43360600
2019-05-15,175.32366943359375,175.7641635438806,171.7040109612773,171.74232242036683,40944500
2019-05-16,177.0856170654297,178.1772744789252,175.1896089592006,175.40027815006388,39281200
2019-05-17,175.2758026123047,177.70806907145683,175.122600597285,175.33326980592153,44702300
2019-05-20,172.31683349609375,173.49465496082107,171.7327080424173,172.83393582507313,38608300
2019-05-21,174.11712646484375,174.5959174363871,173.24572338986502,173.8011226702402,31613800
2019-05-22,173.34146118164062,174.34692499194378,173.08291000492528,173.14994774433018,24332600
2019-05-23,170.68896484375,171.42630695983203,169.62604840528246,171.34969865841083,45351300
2019-05-24,170.60276794433594,172.2210834383309,170.3920987905888,171.60823170330409,25903300
2019-05-28,169.9612274169922,172.0391785177418,169.94207168655205,171.08159655731112,24763800
2019-05-29,168.56314086914062,169.49199648206158,167.6630115443273,168.90787093797252,42178800
2019-05-30,169.27174377441406,169.75053468826593,168.31416194671036,169.01319258970312,30354800
2019-05-31,166.57135009765625,167.85450619449003,166.4947418007729,167.27996588517303,45446200
2019-06-03,162.90383911132812,166.5713797884392,162.0899032084964,166.12131509623882,75842300
2019-06-04,167.49066162109375,167.54811419998646,164.10081335101603,164.73282094191742,47797800
2019-06-05,168.7355194091797,169.1185463390486,166.9831427125249,169.08982004988547,34412700
2019-06-06,170.0761260986328,170.48787931239525,168.27586740589888,169.02278013766283,29913200
2019-06-07,173.3606414794922,174.0596868704015,170.76560240260844,170.98584217471614,45888300
2019-06-10,175.381103515625,177.00900428982698,174.4809888835103,174.5192857270207,41385300
2019-06-11,175.62057495117188,177.53573940914123,175.02687864489585,177.2101649580573,41260300
2019-06-12,174.60543823242188,175.50556734022956,174.27986397133216,175.1416816298724,27758100
2019-06-13,175.63963317871094,176.0705420202212,174.98848463803535,175.333214633551,23715800
2019-06-14,174.89273071289062,175.34279530554207,174.22242640836868,174.73951412570332,22844100
2019-06-17,175.94607543945312,176.4344368702293,175.08424310030134,175.27575652737798,20379500
2019-06-18,178.50283813476562,179.75726803425997,177.564397391103,178.02404720448294,48177300
2019-06-19,179.17312622070312,179.57530881218102,177.6984567186175,178.74221734494384,31672900
2019-06-20,180.8393096923828,181.7106979336642,179.22099428330188,181.67240109478232,40922000
2019-06-21,180.57122802734375,181.72032339859544,180.1881864958996,180.6286806041753,39980400
2019-06-24,180.57699584960938,181.11442503140066,180.48102007692654,180.93207984961143,19375200
2019-06-25,177.47714233398438,180.55778279801584,177.20842776536523,180.45221531435504,33921100
2019-06-26,178.302490234375,179.78043505629498,178.014592218017,178.65758886096017,22595700
2019-06-27,178.98388671875,179.40615667654427,178.49444543704112,178.94550519706257,19709200
2019-06-28,179.21421813964844,179.6076836477667,178.57122148938365,179.41574675339376,21179200
2019-07-01,181.63265991210938,182.88987812750779,180.7881345990715,182.64995333465154,31025600
2019-07-02,182.3524169921875,182.37161507407205,181.05683201997513,181.5750630800909,18035800
2019-07-03,183.7247772216797,183.7247772216797,182.62111459547296,182.81306610879204,15792100
2019-07-05,183.35049438476562,183.68638024389003,181.75739055191292,182.4675730740368,21415600
2019-07-08,182.06446838378906,182.21800906465583,181.3158898367955,182.16042947885057,17598800
2019-07-09,182.97622680664062,183.20654520962464,181.04722231857636,181.2007776831294,19193500
2019-07-10,184.79965209960938,185.30829143939476,183.7535836192089,184.08948415401622,28374500
2019-07-11,184.6653289794922,185.548250537259,184.07991184790401,185.07800727414374,23736100
2019-07-12,185.73056030273438,185.74015202167354,184.6940835473218,184.86683699514674,20211900
2019-07-15,186.3255615234375,186.36395768533632,185.64418341010722,186.16241444498033,15606100
2019-07-16,185.36582946777344,186.26794874170096,184.79961065331852,186.0952099754642,20190900
2019-07-17,184.45413208007812,185.69215190477942,184.43493400113294,185.36584313808572,16765100
2019-07-18,184.6653289794922,185.02041301798306,183.0050533678137,183.58086413478415,28877000
2019-07-19,183.31210327148438,186.0184615182254,183.1201663975799,185.93209212154508,29387900
2019-07-22,184.77085876464844,185.164338893589,183.72479030425623,183.72479030425623,18954900
2019-07-23,185.98004150390625,185.99923958198787,184.54049316848753,185.77851293749967,23786700
2019-07-24,187.28529357910156,187.29489994319263,185.25073595508582,185.2699340394202,20422900
2019-07-25,185.5098114013672,186.68064530094802,185.15471282930156,186.6518555037324,23434700
2019-07-26,187.4196319580078,187.66916309761683,186.59429014113553,186.6902659092692,20431200
2019-07-29,186.77664184570312,187.31407102081408,185.596216004381,187.24689969584858,20451700
2019-07-30,185.9704132080078,186.69977894937657,185.21225767710084,185.3466149095593,18705000
2019-07-31,183.3984832763672,186.594268033974,181.6902202416711,186.46951712279585,41627500
2019-08-01,182.48678588867188,187.12213449912412,181.60386443580194,183.71519961821673,63251600
2019-08-02,179.79957580566406,181.37348124988068,178.70551976082865,181.1143584739392,55214000
2019-08-05,173.44639587402344,176.1143579179674,171.97805757803428,176.03758024083692,75040000
2019-08-06,175.8743896484375,176.39263517986763,173.77266166292057,175.04904812832072,41897200
2019-08-07,176.82452392578125,177.0740403702566,172.64023609814743,173.96462527816684,49990600
2019-08-08,180.67294311523438,180.73053736073297,177.1316658189752,177.62110707686975,38418100
2019-08-09,178.97422790527344,180.42336776822484,177.57306126548548,179.80916114455474,33608900
2019-08-12,176.92051696777344,178.40803870656734,176.10476695811354,177.87060960818442,24642900
2019-08-13,180.79766845703125,182.0356735486691,176.60378910613233,176.76693615579978,40241900
2019-08-14,175.3945770263672,178.45601905821513,175.0682828938041,177.88980018514792,51000500
2019-08-15,175.1930694580078,176.19115005492606,173.85908832655736,175.62493111394508,36685000
2019-08-16,178.0049591064453,178.45601878942122,176.68058449867115,176.78615197008773,32781400
2019-08-19,180.8360595703125,181.21994792271593,179.94354660818072,180.5769514067639,22494100
2019-08-20,179.43492126464844,181.03761682008724,179.38693338639752,180.38502853617683,19902900
2019-08-21,181.02801513671875,181.60382571249926,180.38501860631652,181.0088170577063,20418500
2019-08-22,180.44259643554688,181.82456523406012,179.0222314793841,181.3638992053267,24243700
2019-08-23,174.73240661621094,180.85527637150741,174.2429507467072,179.21419925710444,55372400
2019-08-26,177.37158203125,177.41955526774902,175.70170044465223,176.71897907502918,27598900
2019-08-27,176.9972686767578,178.90707484131684,176.30629891150699,178.60957051259297,28012800
2019-08-28,177.63067626953125,177.9281806029064,175.53853957428416,176.42146085663242,21792400
2019-08-29,180.3466339111328,180.86487957050298,179.15660188206476,179.83799461380124,25358900
2019-08-30,179.91476440429688,181.35431283790857,178.89748585422632,181.31591667912633,26319800
2019-09-03,178.16812133789062,179.63645970103966,177.57311261772037,178.71515682102412,27964200
2019-09-04,180.74012756347656,180.8936829291597,179.36775027893282,179.88599597715196,21592100
2019-09-05,184.05108642578125,184.5789238429147,182.66911742232116,182.73630338624983,33932600
2019-09-06,183.8687286376953,184.42535581720358,183.46565681332962,184.35818450173164,19487800
2019-09-09,183.48483276367188,184.52130932010823,182.553923670683,184.44453165179706,24407600
2019-09-10,182.95706176757812,183.0530375487186,181.2967861895548,182.49641023456985,23744700
2019-09-11,184.6748809814453,184.7708567438894,182.88024844573485,183.3025183703362,25063600
2019-09-12,185.44259643554688,186.86296121392638,185.1930800174302,185.80728666835265,28689900
2019-09-13,184.78045654296875,185.60579834700548,184.5405317702121,185.1739366848127,27669800
2019-09-16,183.95509338378906,184.3389817619421,183.40807258020686,183.590417729349,20319000
2019-09-17,184.8380126953125,184.8380126953125,183.5807948443417,183.97427490509187,20953400
2019-09-18,184.76126098632812,184.83803866583597,182.44838281413138,184.45415026829676,29781300
2019-09-19,185.06834411621094,186.21997994058918,184.71326018668734,185.08754219570636,26039400
2019-09-20,183.1105194091797,185.5193579338638,182.4963128117705,185.3274211178935,29086100
2019-09-23,183.1913604736328,183.73949914661742,182.44128678572116,183.05673223922244,22485900
2019-09-24,180.75845336914062,184.43188983849896,179.9699059694781,184.02800507527397,40820700
2019-09-25,182.7874755859375,183.26829280454317,179.06595500941023,180.575713445676,34704900
2019-09-26,182.1143341064453,182.71054276102697,180.76803709260102,182.54706666778287,26826000
2019-09-27,179.85447692871094,182.54705612755356,178.6235860961045,182.4508868201971,40773500
2019-09-30,181.56617736816406,181.85467060480818,180.21026942729952,180.5853062329242,26307700
2019-10-01,180.08526611328125,183.2778844769089,179.78716181702353,182.22970657284932,32367600
2019-10-02,176.9888153076172,178.89284732239923,175.99833304359473,178.86399946409773,48544300
2019-10-03,178.93136596679688,179.06599423055926,174.8444187134772,176.96962306811048,39392500
2019-10-04,181.56617736816406,181.82582274848133,179.7102301353836,179.90255406868783,31887600
2019-10-07,181.01803588867188,182.46048725878126,180.70069482644294,181.04688374220413,21216000
2019-10-08,178.30624389648438,180.6526341171821,178.16200460971038,179.88332368317654,32379300
2019-10-09,180.04678344726562,180.86417846056915,179.27747308298726,179.81600060934443,20147400
2019-10-10,181.441162109375,182.16238787185353,179.9410148711598,180.09487988876538,25177700
2019-10-11,183.77793884277344,185.23962714444755,183.40290203805037,183.50868240211975,40976700
2019-10-14,183.7587127685547,184.34531033564045,183.335591287591,183.51830417013227,14975000
2019-10-15,186.09547424316406,186.528206744416,184.2106645548418,184.326055975609,23234200
2019-10-16,185.63388061523438,186.1050867092172,185.04728309961297,185.46079348277647,20457100
2019-10-17,186.12429809570312,187.0378476301733,185.41268352153392,186.74935444208455,19045200
2019-10-18,184.335693359375,186.2397252892409,183.393295792343,185.7877559648389,27700800
2019-10-21,185.97042846679688,186.09544560230398,184.76838577422143,185.31652428525473,15801200
2019-10-22,184.48959350585938,186.96098665874038,184.43188310746552,186.70134122279347,22392300
2019-10-23,184.84535217285156,184.88381108978436,183.81639639605052,184.11451536412517,14828400
2019-10-24,186.6436004638672,186.75900655943067,185.34540294412292,186.16278330691557,18998500
2019-10-25,188.13414001464844,188.23030931714192,185.64351061784666,185.6819695348188,21507100
2019-10-28,189.99012756347656,190.2401472410003,189.0092563043986,189.0092563043986,18818700
2019-10-29,188.51876831054688,189.96121965797724,188.48992045746817,189.67274112719028,18569700
2019-10-30,189.432373046875,189.74971417192347,187.79758276510225,188.88423437450666,21764300
2019-10-31,189.5188751220703,190.06699900102856,188.42261269077997,189.9804554422521,26801800
2019-11-01,191.24020385742188,191.24982959114587,190.04778674561297,190.3362652898412,22131900
2019-11-04,192.4230499267578,192.83654567686386,191.24022904613156,192.50959350142514,19015900
2019-11-05,192.5288543701172,192.85580658643508,191.8941720631154,192.6634826164468,15048900
2019-11-06,192.0961151123047,192.32691268994907,191.16332841188813,192.30767589013396,19725500
2019-11-07,192.74038696289062,193.98090362815776,192.18265189101152,193.0577280941595,17832400
2019-11-08,193.5096893310547,193.52892612791103,191.88452482104773,192.3942045607918,15258800
2019-11-11,193.25006103515625,193.32697887679592,192.2691898104162,192.528835214425,10147600
2019-11-12,193.80784606933594,194.45215421458022,193.1154826023956,193.41358700409867,14778300
2019-11-13,193.85586547851562,194.03857835311732,193.0096372267365,193.1346397145884,15774600
2019-11-14,193.70199584960938,193.82701300786104,192.53842652859544,193.12502405622757,16945400
2019-11-15,195.1251983642578,195.1251983642578,194.25010772369492,194.87516408216933,18427900
2019-11-18,195.27906799316406,195.58678331324356,194.02894057316442,194.81747300298426,18365900
2019-11-19,195.56759643554688,196.01956580793004,194.81752272677852,196.01956580793004,16923300
2019-11-20,194.3944091796875,195.64453696998393,192.92310956194245,195.05793933541133,36629000
2019-11-21,193.9615936279297,194.31740822024076,193.35577412721844,194.1827653607807,17883600
2019-11-22,194.086669921875,194.55787605351466,193.03849196255794,194.4424699492782,17189600
2019-11-25,196.38499450683594,196.42345342971595,194.89445812947068,194.9233059899751,17752800
2019-11-26,196.760009765625,197.01002942034103,196.22149686415904,196.50999011090897,14780600
2019-11-27,198.13514709472656,198.14477282977373,197.02927339417008,197.26968199632378,16963100
2019-11-29,197.231201171875,197.9331901036559,197.13503187234338,197.63508581783285,9854600
2019-12-02,195.21177673339844,197.30813261273366,194.03858163039166,197.24082583711905,28007000
2019-12-03,193.6827850341797,193.75971754579666,191.58641444440238,192.52882670667788,31104100
2019-12-04,194.66358947753906,195.12518442378274,194.38472203671762,194.67321520977683,15300100
2019-12-05,195.04832458496094,195.35603999036988,194.09630116126448,195.35603999036988,14962300
2019-12-06,197.1350555419922,197.2792948352332,196.31766041795518,196.47152544633008,16555300
2019-12-09,196.24070739746094,197.70238088486096,196.1541491636567,196.7792202268582,13984100
2019-12-10,196.0772247314453,197.01963689504302,195.6348811776849,196.33687009679363,21799800
2019-12-11,197.11578369140625,197.31773333940708,196.21184515217476,196.5195751542,18780800
2019-12-12,198.58712768554688,199.36606392626817,196.6446366349833,196.91389311077188,32612000
2019-12-13,199.2410430908203,199.93342106538074,198.05823683152002,198.48134366186062,32519400
2019-12-16,201.24124145507812,201.4912611246866,200.4815420376059,200.54886349098717,21296600
2019-12-17,201.3566131591797,201.66434319012023,201.0200352720104,201.5008524403234,15996100
2019-12-18,201.5104522705078,202.06820187485732,201.29889156977617,201.5296890633126,15443300
2019-12-19,202.77020263671875,202.8375094054234,201.57777086022384,201.59700765415707,17865900
2019-12-20,203.58761596679688,204.36653744742344,203.1644945024131,203.7318552508478,27672600
2019-12-23,204.12538146972656,204.45304250069861,203.95191905516117,204.30849048856078,23774700
2019-12-24,204.2313690185547,204.39519951626292,203.76878792472036,204.3084683183917,7089000
2019-12-26,206.03353881835938,206.0528173214514,204.5301390913436,204.55904949338705,17067500
2019-12-27,205.86007690429688,206.77560728332963,205.31074985376364,206.75632878019093,18134100
2019-12-30,204.5108642578125,205.87934379971782,203.4989561253281,205.7540555941641,21815500
2019-12-31,204.89634704589844,205.04089904900556,203.5374993959376,203.85552850796174,18170900
2020-01-02,208.3175048828125,208.3175048828125,206.21658979278362,206.62135001265668,30969400
2020-01-03,206.40940856933594,207.65261479733215,205.54206701437306,205.5613455193162,27518900
2020-01-06,207.7393341064453,207.76824450960788,204.53979361320714,204.79035534234592,21655300
2020-01-07,207.71038818359375,208.2982574560197,207.05506621705322,207.81639787879146,22139300
2020-01-08,209.27162170410156,210.22570902104238,207.35382987712364,207.68149088105508,26397300
2020-01-09,211.04490661621094,211.4496669802487,209.81134701956532,210.9967177074752,23547000
2020-01-10,210.50515747070312,211.89291533752848,210.12930760720346,211.87365154312397,21898500
2020-01-13,212.9337921142578,212.96270251897704,211.03526377667973,211.37257143865799,22756900
2020-01-14,212.09530639648438,213.18431371134992,211.7676454238443,212.82772763624223,24418100
2020-01-15,212.1820526123047,213.17468220306154,211.48817361806076,212.21096301163251,25742100
2020-01-16,214.2154541015625,214.25401109573852,212.78915412592707,213.2421032237952,18805000
2020-01-17,215.27560424804688,215.44906664930056,214.0613086185179,215.1792264438915,24325200
2020-01-21,215.17922973632812,215.71891015540382,214.58172851594986,214.67809161639136,21146300
2020-01-22,215.74783325195312,216.98139276962715,215.47799302653627,216.26824990467804,20736400
2020-01-23,216.4416961669922,216.53807397110154,214.62026742875648,215.62254365281586,26496100
2020-01-24,214.62025451660156,217.6848890996048,213.62762495578545,217.45359120677085,37436500
2020-01-27,210.1871795654297,211.3243612503885,209.3005448926822,209.7727726308641,42264400
2020-01-28,213.41561889648438,213.90712511131423,211.11233054275615,211.67128945646775,26731900
2020-01-29,213.7625732421875,214.84193414072158,212.8181324559702,214.6010043183567,28924500
2020-01-30,214.5238800048828,214.62024309287722,211.7194538624423,212.3844224019062,39568100
2020-01-31,211.12196350097656,215.44905311931274,210.37024902718596,215.42014272091933,52015800
2020-02-03,214.31187438964844,214.80336587399313,212.00858615446927,212.153138148339,25408600
2020-02-04,219.21722412109375,219.59307404921108,216.4995287137922,217.24159667116865,30691200
2020-02-05,219.94003295898438,221.89638207841796,218.61974214478676,221.85783977439928,38534800
2020-02-06,221.8385467529297,221.89636755776917,219.70872064180955,220.48933091752124,22467100
2020-02-07,220.8844451904297,222.0794623328273,220.24838696761216,220.84590289140522,25884900
2020-02-10,223.55392456054688,223.56355645784163,220.0941764626458,220.15199725678772,21478900
2020-02-11,223.5924530029297,225.52953771779826,223.0045837902619,224.7874699268471,30198000
2020-02-12,225.7705078125,225.87651751585867,224.35383936997437,224.91279828721204,24471300
2020-02-13,225.4813690185547,226.4065311607429,223.92978061043078,224.19962079400128,22773200
2020-02-14,226.12705993652344,226.33907932515902,225.07660959612997,225.83794125154884,23438500
2020-02-18,226.2138214111328,226.63786024516523,224.78752100090585,225.0284508197707,24394500
2020-02-19,228.38217163085938,228.85439933217356,227.2931789356636,227.5630191349323,22230500
2020-02-20,226.2620086669922,228.35327771487565,223.46722867060336,227.881064684663,42604000
2020-02-21,221.91563415527344,225.5199347119965,221.00010381565832,225.134452896955,66017200
2020-02-24,213.3577880859375,216.11402552137415,212.26878070986876,213.63726017708728,84522600
2020-02-25,207.55621337890625,215.86348344199496,206.9490802415388,215.15032589209045,97743000
2020-02-26,208.62591552734375,212.28805120420077,207.10323751993317,208.84758151750964,79537700
2020-02-27,198.1792449951172,208.56813833041292,198.04432487538048,203.2484034425845,121822600
2020-02-28,198.33340454101562,199.65369507438373,190.98022270120686,191.43317187933218,148173700
2020-03-02,208.56809997558594,208.7126666734837,198.46832724137323,201.3016639399948,112933900
2020-03-03,201.8798828125,211.6423624780626,200.08736461072698,209.23306461036697,131953500
2020-03-04,210.3028106689453,210.4088203720102,203.70132808893285,205.58059234373718,73086200
2020-03-05,203.91336059570312,208.51030571639828,202.47742826806606,204.97345769445946,78705500
2020-03-06,200.47286987304688,201.5618625574141,195.54826422758003,197.2444047068585,89828400
2020-03-09,186.547119140625,193.86174381153205,185.14008273987875,186.460373242942,116424000
2020-03-10,196.70469665527344,196.8878056283214,186.6530992776499,193.813539493933,100599200
2020-03-11,188.1372833251953,193.4666498891897,185.7376169691897,192.11744874837703,89168800
2020-03-12,170.88671875,183.85837270417383,170.52050069873366,175.4836493689432,137820700
2020-03-13,185.36175537109375,187.4241139595875,171.66731318500624,180.28296555639227,134882000
2020-03-16,163.1576690673828,177.97966086952732,163.02274896298735,167.83169852373086,92054400
2020-03-17,175.53179931640625,177.70016732884383,163.62023044654165,169.10379457304703,121257100
2020-03-18,170.19281005859375,172.7177495598561,160.7483593206713,165.38384614161853,114156300
2020-03-19,171.21435546875,176.83284013220916,165.4031299076033,169.31582748089275,120896500
2020-03-20,164.50685119628906,176.23531114725694,163.92862854615922,175.146318538845,118983900
2020-03-23,164.62567138671875,168.24732012181747,159.28493316108887,165.06991871243605,124639800
2020-03-24,177.3738250732422,177.53800467075953,171.85925624041215,173.75217729603546,94881800
2020-03-25,176.06040954589844,183.02362417647132,173.81980925619098,178.10784345878415,88754900
2020-03-26,185.33180236816406,186.12374317163557,177.32555199711015,177.57664763072293,79887600
2020-03-27,178.957763671875,183.98943341928418,178.33966945904945,180.53196385060957,58845000
2020-03-30,185.46705627441406,185.90166595075,179.96215265161248,180.65751044991666,49356900
2020-03-31,183.88316345214844,188.56716814577018,182.72423886155386,185.1579908173705,62659300
2020-04-01,176.0701141357422,181.23700677952144,174.6697459080402,178.44592275120814,53715400
2020-04-02,179.64340209960938,183.59342424655048,174.77591343116143,175.0366762262731,56465300
2020-04-03,177.09375,180.66712107616863,175.0849408486831,179.19914232395183,47487600
2020-04-06,189.7550506591797,190.88500315636537,182.714572873169,183.96041339985334,64763500
2020-04-07,189.6778106689453,195.7235590600364,189.2915073648521,195.44347663852133,69904500
2020-04-08,193.70509338378906,194.2845483290108,189.4556834361989,191.36790980752508,45940400
2020-04-09,193.98516845703125,196.26439336276965,192.21780207051773,195.4241755550848,68252600
2020-04-13,196.0808868408203,196.45753771334861,191.94737966765405,193.15459589197891,42853900
2020-04-14,204.6086883544922,205.2267825454031,199.3548803634854,200.1371542120493,63959600
2020-04-15,202.26181030273438,204.57967409237907,200.03087727338848,201.34432899989633,47036000
2020-04-16,205.95111083984375,207.03277198178967,202.51296100734896,204.44450718169685,64657400
2020-04-17,207.9212646484375,209.09950889848074,204.82114154163116,208.7711496121478,62863200
2020-04-20,205.45855712890625,208.49108381558787,205.29437748424988,206.05733168430316,38249100
2020-04-21,197.877197265625,203.932597119078,196.66032878826886,203.3917666846975,72932800
2020-04-22,203.74913024902344,205.08190169987205,201.1994901277433,201.94313946127022,40089100
2020-04-23,203.3144989013672,207.10032660058147,202.90887608393606,204.54101977674566,43278500
2020-04-24,206.5208740234375,206.96513604285127,202.32942316153495,203.74911050774793,34231900
2020-04-27,208.1820526123047,209.2154369303088,207.15833545693548,208.79049439716798,36451700
2020-04-28,204.26100158691406,209.88180785305164,203.98093388441305,209.88180785305164,46862800
2020-04-29,211.5042266845703,212.44102740634156,207.7763433782033,208.7904076863242,48716400
2020-04-30,211.4173583984375,212.50867180272314,209.91075496584622,212.42175577465648,43359500
2020-05-01,205.45855712890625,209.25403801564116,204.43482535127114,207.1583123352251,48795000
2020-05-04,207.8536834716797,208.07580715386814,203.89400794877986,204.22238199576486,32841000
2020-05-05,210.21014404296875,212.6052568351252,209.42787031053436,209.99767281483525,37783100
2020-05-06,211.5042266845703,213.47439655865816,210.64468954914872,211.89052987979625,36455200
2020-05-07,214.22772216796875,215.10656418584696,212.8756314527694,214.22772216796875,38624800
2020-05-08,217.1636962890625,217.29890390647665,214.8651520564971,215.8985361397177,31852300
2020-05-11,219.10488891601562,220.12860581258877,215.60879580058102,215.84058659729604,35714100
2020-05-12,214.51748657226562,220.29281952139905,214.4885145621969,219.70369742245822,41054100
2020-05-13,211.83265686035156,216.92228495071166,209.29268376436497,215.03903045398326,65521200
2020-05-14,214.2374267578125,214.27605119381286,208.59731596406328,210.50954238140108,51549300
2020-05-15,215.62814331054688,215.68608733309884,210.8572223000823,211.2918172057485,55747200
2020-05-18,219.64573669433594,220.8529528914508,217.75282994971428,218.53510368760058,42398100
2020-05-19,219.09527587890625,221.98294261892974,218.95041581524592,219.9065217084587,36237300
2020-05-20,223.47024536132812,223.82757670597775,221.62561513470428,221.64493472365328,37417000
2020-05-21,221.03648376464844,224.1945659147794,220.52462520269341,223.51852769488858,43642900
2020-05-22,221.79942321777344,222.00222728846185,219.71335007153678,220.63083144321163,28762400
2020-05-26,221.20062255859375,225.57558743283715,220.9591793291986,225.37276863607414,33055300
2020-05-27,222.40782165527344,222.5237244173349,216.27517294069463,220.8625939475203,55665600
2020-05-28,222.1181182861328,225.47900390804185,221.21028938712558,221.2682334042494,42784300
2020-05-29,225.372802734375,225.60459357481275,220.93024074674634,222.4948031307782,50691800
2020-06-01,226.04881286621094,226.42546372482894,224.05932295984263,224.50358499805844,25776000
2020-06-02,227.56507873535156,227.6230227529316,224.06897073059386,226.473750615843,33383400
2020-06-03,228.5887908935547,229.34209257938343,227.29465873959504,228.17350088204523,37228700
2020-06-04,226.98565673828125,229.65118526222298,225.6818571229184,228.24116475001432,38716100
2020-06-05,231.486083984375,232.07520597978606,227.5650487878622,228.13485120111392,47365600
2020-06-08,233.28245544433594,233.4079959050743,229.76704254967692,231.341242413212,32937300
2020-06-09,234.9725799560547,235.82245019731135,232.23944052661614,232.42293975923093,35046300
2020-06-10,237.79263305664062,239.3378757760598,236.14115471605476,236.6626803968826,58084400
2020-06-11,226.01016235351562,235.25260069614302,225.95221834141827,233.87155261940947,72919400
2020-06-12,227.80648803710938,232.17177039193407,223.80818931780868,230.9066104081165,72034800
2020-06-15,230.5783233642578,231.25436157446003,223.5474965050992,224.48429757371076,45307400
2020-06-16,234.53797912597656,236.02526306305504,230.91633037317598,235.4361409431384,48890100
2020-06-17,235.28160095214844,237.09725881066373,234.42206361761154,236.03490267290994,34749300
2020-06-18,235.9190216064453,236.1604648506583,234.19029446195202,234.96290105421258,30578600
2020-06-19,235.88040161132812,238.545929772462,234.15165969776925,238.28516693757643,49422100
2020-06-22,238.70921325683594,238.83497203202995,235.45857256467735,235.74879647831915,24068700
2020-06-23,240.74085998535156,242.97567274457055,239.7540691320293,240.30550934275024,32767400
2020-06-24,235.77777099609375,241.21484737882562,234.27821720464982,239.98617900958664,46032400
2020-06-25,238.02235412597656,238.3222620601142,233.2915116589048,235.86493903272256,36940800
2020-06-26,232.40139770507812,237.9545793413589,231.87896518499323,237.7804302472803,52824600
2020-06-29,234.93614196777344,234.9458259397443,229.62483763341586,232.15955824817812,34377800
2020-06-30,239.54122924804688,240.08300025069124,234.68461388208036,234.86843220701027,38909200
2020-07-01,242.337158203125,243.33363299913958,239.03814195969892,239.57991294446583,34689200
2020-07-02,243.98184204101562,245.99414496054678,243.51746898640175,244.78482936675303,31956500
2020-07-06,249.98008728027344,250.50249041798168,247.11640637494548,247.13575956002336,34589000
2020-07-07,248.25791931152344,252.38895950777837,247.95801146194114,249.72846569585067,36578200
2020-07-08,251.52801513671875,251.55703753641293,248.151614700273,249.5834553085828,30426300
2020-07-09,253.64669799804688,254.31424260771402,249.2448007829336,253.44354123293766,40312900
2020-07-10,255.37843322753906,255.62998032100464,250.82174029746906,253.50157304777304,32885300
2020-07-13,250.12515258789062,261.00899212379306,249.30281214031714,258.2227244787133,64108100
2020-07-14,251.89559936523438,252.3019424005483,244.533285347248,247.60010796017536,72230500
2020-07-15,252.40834045410156,254.1400886211853,249.10932402853226,253.30806415444613,54523900
2020-07-16,250.68629455566406,251.3248167676321,247.30021070463584,249.6220908690507,47594100
2020-07-17,250.97653198242188,251.83754932542152,248.79976393164944,251.1409823682021,35137900
2020-07-20,258.0969543457031,258.72579251120857,250.36701899005405,251.61501134912794,40610100
2020-07-21,255.40744018554688,259.67390892247204,254.56576129973328,259.664224950445,43243800
2020-07-22,256.3071594238281,257.2359349932183,254.00461796837638,255.9008459459863,29865500
2020-07-23,249.6124267578125,256.60708937518785,248.19992486284528,255.90086795201125,51363500
2020-07-24,247.2421112060547,248.56751615343015,243.14012283911717,245.77157955417007,54054500
2020-07-27,251.65365600585938,252.04063097248957,248.103123043548,248.88675694637084,36445700
2020-07-28,248.45147705078125,251.39254095177097,248.1612531071309,250.87010832889274,31302400
2020-07-29,251.31509399414062,252.17614078356192,249.51564673993508,249.98968895811328,27556900
2020-07-30,252.63082885742188,253.1919382119114,248.19988070151143,249.35115132339854,41774500
2020-07-31,257.1391906738281,257.2939866061692,252.35997328840392,257.2552802420076,53686300
2020-08-03,260.6123352050781,261.3572629328157,259.151472616657,259.27724615397864,32081600
2020-08-04,261.5797424316406,261.6764935608913,259.36426852628824,260.10919612534934,24911300
2020-08-05,262.2279357910156,262.6826395559107,261.17341632015274,262.06348543256706,21612100
2020-08-06,265.70111083984375,266.030041075209,261.39593634379446,262.0344583974919,28048200
2020-08-07,262.6342468261719,265.93326233228845,260.48650178645926,265.15928286681225,44969400
2020-08-10,261.5120849609375,263.1277436392848,257.9905731860006,262.9245573551924,35088400
2020-08-11,256.5587463378906,261.6378722697648,256.0169752671021,260.3511438334103,43104300
2020-08-12,263.0116271972656,263.9597412930272,258.6677748421069,258.71616518255945,38773400
2020-08-13,263.6114501953125,265.88493979878893,262.67302015211345,263.7855845478306,31895700
2020-08-14,263.30181884765625,264.5014502397458,261.9086851878035,264.2305647794578,30799500
2020-08-17,266.35906982421875,266.86213457184294,263.34062228985005,265.01429647338904,24803000
2020-08-18,268.92279052734375,269.39683283615625,265.96238804200317,267.4232508621353,23529500
2020-08-19,267.1136779785156,269.93862313434374,266.6009292638016,268.884103306887,31999400
2020-08-20,270.8189392089844,271.3026654017733,265.9139485282716,266.320291520908,27723400
2020-08-21,272.69580078125,273.15050458608215,270.3642369755621,271.0124430683541,34748900
2020-08-24,274.3985595703125,276.69141729040325,272.1153562987728,275.9658279093969,36418500
2020-08-25,276.5559387207031,276.7494410173016,273.1795391724885,273.6245590254986,34866600
2020-08-26,282.4573974609375,282.7089445354077,276.5269094615622,277.8039537290661,42216700
2020-08-27,281.57696533203125,284.28584934448736,279.313130611722,283.43448664126686,49482700
2020-08-28,283.00885009765625,283.6376882543655,281.4609203489305,282.8153478074514,28021000
2020-08-31,285.28240966796875,287.0915411935552,283.0959574801818,283.5313229328272,36321000
2020-09-01,290.1583557128906,290.27444528456937,286.16277231654675,287.93319733325944,36216200
2020-09-02,292.9058837890625,293.6217890823761,287.22694320186844,293.4089483837825,50836800
2020-09-03,278.0555419921875,288.90067685198176,275.1531843311882,288.3976121528264,110083300
2020-09-04,274.35009765625,279.52597312864344,262.9535112660922,276.2656637511131,123959000
2020-09-08,261.16375732421875,269.1645771285318,260.8831878934982,263.3598633923325,99568600
2020-09-09,268.8356628417969,270.9350179006585,264.11449066571544,266.66857903282937,64837900
2020-09-10,263.4759826660156,273.015078667916,261.75391857764834,271.79607919802197,69667500
2020-09-11,261.64752197265625,266.2622594432859,258.21304812541126,265.2270782554954,71809000
2020-09-14,266.2041931152344,268.1971426013748,264.07578612794714,265.4302135179014,38525200
2020-09-15,269.9773254394531,271.3220987512497,266.17524373341683,269.94830304186166,41849900
2020-09-16,265.672119140625,271.2349710635181,265.3238504092941,270.7706127550769,42321000
2020-09-17,261.5218200683594,265.4690140803572,258.00027808055853,258.84195720283145,81570800
2020-09-18,258.1839904785156,263.2340926635591,254.0820021758585,262.9438687833904,86251100
2020-09-21,258.8031921386719,258.93862011741146,251.64402100357526,253.92722394228636,57168600
2020-09-22,263.6114501953125,264.1918980370395,257.8647803677729,261.20247355492427,41128900
2020-09-23,255.56222534179688,263.47597875836726,254.68184012929768,263.29216044343315,48837300
2020-09-24,256.752197265625,259.9544622311648,252.71790791372052,252.8823878064297,70631700
2020-09-25,262.7214050292969,263.53406160645886,255.69769025797873,257.25530417410357,55242400
2020-09-28,268.1777648925781,268.1777648925781,262.8277553428567,267.5779197209143,58438300
2020-09-29,266.968505859375,268.6712020340795,266.40736692479027,267.61668244413096,27050000
2020-09-30,268.7970275878906,271.9412485466263,266.891144779623,267.1620303274032,49380800
2020-10-01,273.06341552734375,273.67291520883066,270.7318519085342,272.6183957298698,50020200
2020-10-02,265.3818664550781,273.0537569293741,264.5401875878808,267.03620179833854,75497400
2020-10-05,271.04150390625,271.3607502499344,267.23942255537673,267.34582816183547,28184600
2020-10-06,266.2041931152344,272.0379296255004,265.3238079306884,270.35457197829317,49704200
2020-10-07,270.8092956542969,271.60258420390795,268.2552070819735,268.84536841355174,27539700
2020-10-08,272.2507629394531,273.2762600443379,271.1865594746759,273.20853129560163,25443300
2020-10-09,276.41082763671875,276.4882403653257,273.50847032437207,273.89544539449054,30201100
2020-10-12,284.9437561035156,287.7783845687081,280.0484492886036,281.0932848969225,79370700
2020-10-13,284.9341125488281,287.3817663034774,283.57000091926034,286.74327360601114,64240000
2020-10-14,282.5541076660156,286.70448617188,280.81270538941675,285.7370339017028,36949100
2020-10-15,280.6579284667969,281.248060219857,277.21380051395136,277.8523225983736,42514200
2020-10-16,279.1196594238281,283.7247120792235,278.7713612595345,282.3025560839823,40570700
2020-10-19,274.56292724609375,281.9929827076355,273.5858205839051,281.03518493673175,36756800
2020-10-20,275.1532287597656,278.2587436916712,273.7407560701493,275.29834076138485,32195400
2020-10-21,274.9403381347656,277.9684692915658,274.45661186752744,275.4047259800652,29306100
2020-10-22,274.9306335449219,276.6720656909763,271.68000744451007,275.77231246291046,32196200
2020-10-23,275.47235107421875,275.6368309515048,272.60870060974133,275.5013734614692,24658500
2020-10-26,271.3414001464844,276.0141826669079,267.75215968735864,273.18923793913956,38421100
2020-10-27,273.460205078125,274.28254584220036,271.0802795170957,272.3379563155763,30559100
2020-10-28,262.7988586425781,269.57102736329807,262.54731149945707,268.9615274545432,53413500
2020-10-29,267.39422607421875,270.3933053778075,263.6501598827834,264.11454773832725,43246300
2020-10-30,260.6123352050781,266.28159216200265,258.37752249756096,265.4108908969435,65838300
2020-11-02,261.1928405761719,264.61760122108484,258.28079905882623,263.0019720549705,39987400
2020-11-03,265.7107849121094,267.8101695251323,262.0247937804703,263.1083357003649,43604100
2020-11-04,277.57183837890625,279.3712861039812,272.69586884350133,274.359888552646,75728200
2020-11-05,284.80841064453125,285.775863331351,282.49618455136186,283.97638598122353,52054200
2020-11-06,285.0211486816406,285.7467380103803,280.3967272074456,284.15044739201414,40959800
2020-11-09,279.1969909667969,289.4036280794034,278.74228731027307,287.96210441017575,86537100
2020-11-10,274.1953125,277.3298481457614,271.48642865520446,275.88835383138553,69024900
2020-11-11,280.3289794921875,280.8030216572005,274.1566292793315,276.72037189261647,36102900
2020-11-12,279.0132141113281,282.56377674646967,277.90064996411223,281.29641670126654,34414600
2020-11-13,281.46087646484375,282.0800600775155,278.50047493696866,280.72563283017064,24806900
2020-11-16,283.6571044921875,283.957012426053,280.55156049419804,281.1610603353793,30168400
2020-11-17,282.75726318359375,284.1794191957292,282.1187411450533,283.85048896817204,21843500
2020-11-18,280.6676330566406,283.82153768198714,280.58056587379644,282.205908526477,28069600
2020-11-19,282.8638000488281,283.1733919711904,279.44869350185394,280.11623816756173,22718400
2020-11-20,280.9288330078125,283.53128232920227,280.84176583461374,282.7863250846613,25907300
2020-11-23,280.9385681152344,283.2217420261678,278.69407104989295,281.92535911540415,26875600
2020-11-24,284.88568115234375,285.3790912751818,280.20321554369457,282.0026626575489,24516800
2020-11-25,286.63671875,287.27524070507445,285.0017222720736,285.9498359976623,23326800
2020-11-27,289.27801513671875,290.40026371023424,288.20412738410823,288.60078649818524,17163100
2020-11-30,289.8681335449219,290.20674784840224,285.1856666612284,289.5972480069994,27836200
2020-12-01,293.5831298828125,295.20847253512443,291.0387250622598,292.1416350933177,27521300
2020-12-02,293.9603576660156,294.29897184178657,290.5742749569024,292.41242823698997,23620000
2020-12-03,294.3763732910156,295.924302816078,293.6507840940458,294.2699677137907,22828700
2020-12-04,295.5760498046875,295.72119128569506,293.74758010162014,294.42477907433585,19332100
2020-12-07,297.249755859375,297.6173925026342,295.57605254507047,295.75987086670006,20851000
2020-12-08,298.2558898925781,298.5557977557596,295.0246026228502,296.77568899470424,18341500
2020-12-09,291.5030822753906,298.32360993230856,290.4388787232526,298.04306999188924,48839300
2020-12-10,292.6736755371094,293.7959238107952,288.3878686942274,289.471410606944,27519500
2020-12-11,292.02557373046875,292.15134729258045,288.7555792128055,291.0194147578854,26760400
2020-12-14,294.144287109375,296.0888466949732,293.1478121450775,293.21551138637807,28804800
2020-12-15,297.2884521484375,297.2884521484375,294.21193112054425,296.3983829620619,25709000
2020-12-16,298.9234924316406,299.7071266165933,296.64028911520074,297.6851543780097,25461900
2020-12-17,300.87774658203125,301.109925748978,299.3201621299148,300.5197938582186,23730500
2020-12-18,299.96826171875,301.8257831498572,297.5979917428754,301.51619132395575,41173400
2020-12-21,299.4071350097656,299.94018648660574,294.2509519140145,297.0228669180954,37095500
2020-12-22,300.2212219238281,301.14194976028665,297.40082927242577,300.30844690342,26176300
2020-12-23,298.7093505859375,300.6283598544896,298.5542740508725,300.26975830745005,21201300
2020-12-24,300.0274353027344,300.4732618230106,298.89348073931967,298.97100421239367,16785000
2020-12-28,303.05126953125,303.5262004972681,300.80270492399893,302.63451812618086,22497700
2020-12-29,303.3227844238281,304.9995219103582,302.4214296960235,304.37921570337784,25871900
2020-12-30,303.33233642578125,304.80551857442265,302.71203052457645,304.48569367886057,18138100
2020-12-31,304.07867431640625,304.56327730579443,302.15966540823325,303.23546984732184,21611400
2021-01-04,299.7851867675781,305.5810508668915,295.78236016993344,305.4065712604458,45305900
2021-01-05,302.2565612792969,302.5279673471048,298.7965184263941,298.7965184263941,29323400
2021-01-06,298.0696105957031,302.27596093217613,296.5576516573513,297.54623109309864,52809600
2021-01-07,305.28057861328125,306.1140817454382,300.6962226529403,300.7252976557406,30394800
2021-01-08,309.205810546875,309.55474011165984,305.3774347489298,307.56784992649233,33955800
2021-01-11,304.73773193359375,307.4224216271821,304.0883509666924,306.24969077058125,32746400
2021-01-12,304.2532043457031,305.86206050889166,301.61696246298015,304.7765543650335,29266800
2021-01-13,306.30792236328125,307.1026489334537,303.91398197063376,304.5148850559597,22898400
2021-01-14,304.669921875,307.7519899560622,304.19499080671324,306.75370892686954,23500100
2021-01-15,302.2565612792969,305.4161822238818,301.0159788139452,304.4566777731747,35118700
2021-01-19,306.6665344238281,307.1705109950983,303.477837773853,304.57304550206436,24537000
2021-01-20,313.79986572265625,314.73999687481995,306.76344916000136,310.28167223024104,30728100
2021-01-21,316.3100280761719,317.05633556018074,313.7610413662639,315.13729720135154,25130600
2021-01-22,315.3990173339844,316.4069702389645,314.7108598045734,315.2730158264072,21609400
2021-01-25,318.0062561035156,320.1482232633321,311.51259181974757,318.78163886877553,39080600
2021-01-26,318.47137451171875,319.6053584694792,317.1435671137224,318.72337751962505,25498100
2021-01-27,309.5933837890625,316.222747530437,307.58712079977744,316.21307558590667,55264000
2021-01-28,311.42529296875,316.3682497057302,310.17500889095487,310.79531495609456,42836300
2021-01-29,304.8733825683594,310.84369401188917,303.1288239109226,309.73878517178184,55259000
2021-02-01,312.49139404296875,313.5768999697579,306.28845232791394,308.31408920519334,35646000
2021-02-02,317.5893249511719,318.74268213044405,315.29231211477975,315.4570901023092,33930800
2021-02-03,316.3294372558594,320.03181101989327,316.2712872660844,319.66350803277334,24824500
2021-02-04,320.0705261230469,320.15775109903285,316.406929242562,317.72506456125126,22350900
2021-02-05,321.1560974121094,322.1640799698343,319.3824633831187,321.02042394773883,22732000
2021-02-08,323.3077087402344,323.4627852420299,321.20454838611016,322.84250881266615,20462800
2021-02-09,323.2398376464844,324.499793362467,322.3675287593122,322.3772302822673,17597500
2021-02-10,322.5032653808594,325.1298051056285,319.3533461848029,324.67427714647073,28068700
2021-02-11,324.2770080566406,324.6840876882847,321.89276900794505,324.0347064986643,22046100
2021-02-12,326.0894470214844,326.2541955165501,322.38707213434657,323.4338018456358,20346800
2021-02-16,325.2073974609375,327.77578750807453,324.0443384014163,326.8841049520655,27080800
2021-02-17,323.64691162109375,325.32364843742187,320.0027176340885,322.2318793215303,31360300
2021-02-18,322.23187255859375,323.5887548432462,318.24842110463965,320.0608609031498,32236200
2021-02-19,320.82659912109375,323.70514247994913,319.8089445264556,323.57914095192615,39157700
2021-02-22,312.5107116699219,317.70564041348416,312.30718673947223,316.4456847402835,47256900
2021-02-23,311.5804138183594,313.2474496333406,301.42312239012205,307.23835947803434,97241900
2021-02-24,314.148681640625,314.45883459624235,306.23025721633604,308.9246481654073,58206300
2021-02-25,303.1966552734375,314.05177270448047,301.65562150993003,311.493084622107,110182600
2021-02-26,304.4664001464844,309.2833257791753,301.30677898554114,306.12373419605314,104739800
2021-03-01,313.6253662109375,313.96459422673973,308.1493582226554,309.43838918932,49164500
2021-03-02,308.59521484375,314.3425998904957,308.34324137187855,314.26507641710975,48370000
2021-03-03,299.6398010253906,308.4401805621966,299.5816510179314,307.500049337837,86301100
2021-03-04,294.7355651855469,302.4310635748034,290.8684129401482,299.271442392636,139131600
2021-03-05,299.1745300292969,300.075884598136,288.29036452231725,297.35241783993,121523700
2021-03-08,290.70367431640625,300.51203512418215,290.28692280023205,298.6317729607191,88409800
2021-03-09,302.16937255859375,304.06903779434106,297.46874667614884,298.00179819545,80391100
2021-03-10,301.3067932128906,306.7246516926489,300.6186651725595,306.4242001717512,76798100
2021-03-11,308.2463073730469,310.01023994466965,305.1545376376188,306.0461906601407,53484800
2021-03-12,305.7456970214844,308.4304164004417,301.8010513316527,304.1949616046045,69315600
2021-03-15,309.0119323730469,309.1767104053718,304.42760697615097,306.0655674633329,42955700
2021-03-16,310.7080383300781,314.21658880357774,309.2736324174418,311.20234284203747,54925900
2021-03-17,311.9874267578125,313.8773904178107,305.958963843639,307.67447751041885,78258700
2021-03-18,302.4310607910156,308.0912205113024,301.97553276942267,307.1123129466871,82718100
2021-03-19,303.4971923828125,305.0382264310817,300.1243447287122,302.26628178699343,78446200
2021-03-22,309.1886901855469,311.2557108380193,305.88923408616284,305.88923408616284,56194800
2021-03-23,307.83984375,311.5954035747394,307.0246860032887,310.2756328272574,53455400
2021-03-24,302.6481628417969,309.2471081754263,302.5026041862057,309.20828266220553,64803700
2021-03-25,302.1239929199219,303.6378911365038,298.3005255349611,300.8042221864616,78729000
2021-03-26,306.6559753417969,306.97620431068236,300.5131645626241,301.9105569511251,63519600
2021-03-29,306.568603515625,307.61665508549305,303.23032130763187,306.12221392245704,54608000
2021-03-30,305.025634765625,305.59818504330696,302.32783993060514,304.6083568774266,44635700
2021-03-31,309.69342041015625,311.2557989477642,306.4715847685918,306.81124129008373,55032500
2021-04-01,314.9725036621094,315.10834847578525,313.26453721468926,313.51685851674256,55685600
2021-04-05,321.2608642578125,322.02751230877504,317.2141874323933,317.4567949509735,42172500
2021-04-06,321.0377502441406,322.9882949558998,320.26138825609326,320.9504150733319,33537200
2021-04-07,321.8139953613281,322.6485805702944,319.6305278375827,320.56213235546545,32046400
2021-04-08,325.1716613769531,325.35604544050096,323.87128877073377,324.66704845392206,29940800
2021-04-09,327.1417236328125,327.3455353059194,323.0756481776321,323.8131550209015,36664900
2021-04-12,326.7146911621094,327.1319689672799,324.8320545350911,326.10331550491,25833000
2021-04-13,330.5284729003906,330.9942603593308,328.0247468478908,328.2382426382964,30374000
2021-04-14,326.5594177246094,330.897241128073,325.7442600560948,330.77108048618845,42564300
2021-04-15,331.5086364746094,331.8968322351225,326.27803325321327,329.43193130872146,36342800
2021-04-16,331.8968505859375,332.11034641995263,330.0238977449585,332.03269541748523,40860100
2021-04-19,328.85931396484375,331.47945712265044,326.9378519569808,330.3246727008228,34533100
2021-04-20,326.46240234375,329.4804258212704,324.49243037196,328.19948056208375,38081800
2021-04-21,329.2572326660156,329.44161675184677,324.0945374930946,325.18141445261983,36598100
2021-04-22,325.2882080078125,329.84921208226183,324.13339372501684,328.86909773930853,45936100
2021-04-23,329.3834533691406,330.69351053391887,325.9190102176331,325.9190102176331,36381900
2021-04-26,331.528076171875,331.80950922399916,328.8787910467704,329.62604125946075,30812000
2021-04-27,330.0918273925781,332.03268779719735,329.1408247480296,331.81919196808207,33187200
2021-04-28,328.975830078125,330.7711318290207,328.32562882870786,329.76187615246016,33615700
2021-04-29,330.15972900390625,332.66342562514154,326.937893972097,332.2461477907984,37708900
2021-04-30,327.9956359863281,330.19853110561087,327.08342938996134,327.71423260087664,38263400
2021-05-03,326.2490234375,329.9463611743862,325.80263371169315,329.19914037084123,29729700
2021-05-04,320.3777770996094,324.01688963010014,316.56396466012313,323.6966311429197,65147000
2021-05-05,319.3006286621094,323.2891119484255,318.5242963940347,322.4254149061531,46219300
2021-05-06,321.7073059082031,321.8625782847719,316.79693175802845,319.0386230172309,46814300
2021-05-07,324.3177185058594,326.69525424159224,321.8819297240485,324.4826750216979,53324500
2021-05-10,316.1272888183594,323.11436710542796,315.92347719379603,322.9396968116653,60700500
2021-05-11,315.6906433105469,316.4864031754288,309.58662911215885,310.2465441500883,71963600
2021-05-12,307.5196533203125,313.08019964815134,306.65595619043876,310.76088677179484,91164900
2021-05-13,309.8971862792969,312.8667004156544,307.52933414746957,310.4600523975338,69877800
2021-05-14,316.7386474609375,317.65082437335093,312.5560671058498,313.0607096365314,44370000
2021-05-17,314.81719970703125,316.71923421389585,311.9447352006191,315.0306954915386,39395000
2021-05-18,312.6920166015625,316.99101523005356,312.42029733332146,315.76829333055844,36528500
2021-05-19,313.05108642578125,313.3519174298694,306.9470719461978,307.29644223121727,66319100
2021-05-20,319.10650634765625,319.96048954623984,314.31260905592654,314.53578901793674,46466100
2021-05-21,317.3403015136719,321.0764330594228,316.9812471772893,320.6591552963388,50330400
2021-05-24,322.67767333984375,323.80337563981055,317.2335459004026,319.63050907033795,32475800
2021-05-25,323.12408447265625,324.9096721530307,321.9498724424178,324.1915634161339,31280300
2021-05-26,324.24981689453125,324.7156043929025,323.10471647413306,323.79371355892494,25444900
2021-05-27,323.03680419921875,324.6477218575371,322.83302215294816,323.80345233638,27931700
2021-05-28,324.05572509765625,325.64724472071146,323.7354961865268,324.2401091909413,29927400
2021-06-01,322.9785461425781,325.8607246630837,321.62963411689003,325.3851937858449,31145400
2021-06-02,323.60931396484375,324.453583380369,321.89166341653976,323.39581816659336,22047900
2021-06-03,320.2418212890625,322.0468064301393,318.5726809147068,320.7755458118112,37057800
2021-06-04,325.6763610839844,326.1227506563772,321.9693108395276,322.03724805700716,38736500
2021-06-07,326.64678955078125,326.7050129897003,324.4536079675706,325.1426050715648,32611900
2021-06-08,326.80206298828125,329.25725005460623,325.12320818685185,328.39355301587057,27282800
2021-06-09,326.879638671875,328.9466593167887,326.69525460208257,328.17032716042206,21485300
2021-06-10,330.285888671875,330.3926217670131,326.77293646730095,327.21932601863756,33702100
2021-06-11,331.14959716796875,331.1593109469786,329.6454421804354,330.29561384013823,21222800
2021-06-14,334.3229675292969,334.33265169441887,330.3927068641534,331.57663306929425,27827700
2021-06-15,332.139404296875,334.284046453268,331.42126590878416,333.9735017241031,35963800
2021-06-16,330.92633056640625,333.6726343260986,327.4716022735315,332.60515544567727,55399500
2021-06-17,335.12841796875,336.13767383841366,329.8687019863559,329.91721165842694,59722700
2021-06-18,332.4985046386719,334.61403537004617,331.7512544298912,333.46893484005597,55414900
2021-06-21,334.56500244140625,334.8856325179715,330.47476007480685,332.6899065192554,32992600
2021-06-22,337.6836853027344,338.13059270695595,334.05977118603664,334.3609511377439,28941600
2021-06-23,337.8487243652344,338.99518247127264,337.01320080695064,337.62528555986796,27188500
2021-06-24,339.9377136230469,341.46303387726124,339.2381921776648,339.78226111856935,32581600
2021-06-25,339.51983642578125,340.7440060588732,338.9174766537919,340.50111714116616,28682800
2021-06-28,343.6489562988281,343.78498832779104,340.7440142609746,340.80230523066535,39130300
2021-06-29,344.892578125,344.9217236125262,342.63859124073826,343.47411498284237,29426000
2021-06-30,344.3485107421875,345.1257731621185,343.76557133962166,344.73712712738813,32724000
2021-07-01,344.4845275878906,344.98972590141256,342.64827299824105,343.99874971543665,29290000
2021-07-02,348.43878173828125,348.7593821022505,346.1458946628319,346.37905856390046,32727200
2021-07-06,349.9446716308594,350.2264311031794,346.3499034583853,349.04113188977976,38842400
2021-07-07,350.68310546875,352.44161923318353,348.73026866921117,352.1404392834429,35265200
2021-07-08,348.5650939941406,349.4200679163913,344.3388496163626,345.62128085020595,50890000
2021-07-09,350.7413635253906,351.2174163723197,347.39920925212596,347.98214865318926,35184500
2021-07-12,352.1112365722656,352.56786894597764,350.56643688814484,352.1403820578418,25717700
2021-07-13,352.1112365722656,355.07446965411276,351.25626279599396,351.73231561024755,39723000
2021-07-14,352.74273681640625,355.0938850180123,351.9169085375173,354.452654694976,35336400
2021-07-15,350.26519775390625,352.8592641296142,348.2637956840586,352.65524576508244,53391600
2021-07-16,347.4283447265625,352.1015255470273,347.07856923619346,351.1202447443441,47262000
2021-07-19,344.58172607421875,345.0771993956187,342.0265294469521,343.9793365421211,64404600
2021-07-20,348.58453369140625,350.03214242822906,343.7364498108535,345.5144136301292,42183700
2021-07-21,351.2756652832031,351.2756652832031,347.933511410152,348.15697988783324,30259900
2021-07-22,353.5977478027344,353.6074431991234,351.4797336099196,351.4797336099196,30252200
2021-07-23,357.7268981933594,358.00862805980915,353.5686400813842,354.91908737955197,31960800
2021-07-26,358.0086364746094,358.397282567666,356.1724111779134,357.03708054103595,28438100
2021-07-27,354.06402587890625,357.7462301719111,349.91549383976536,357.7462301719111,57933100
2021-07-28,355.42431640625,356.9982620228799,352.90798993855185,355.200877503228,42066200
2021-07-29,356.05584716796875,357.2216965573375,354.8608226355685,354.8608226355685,25672500
2021-07-30,354.2001647949219,354.78310430303725,352.1016003554276,352.13074584835664,36484600
2021-08-02,354.22930908203125,356.4444554857011,353.52006255712615,355.8615159795701,27334100
2021-08-03,356.3764343261719,356.4930162958141,351.70325259596177,354.88995491416483,35558500
2021-08-04,356.8913879394531,357.843523521185,355.2300354326434,356.33759388733756,29602200
2021-08-05,359.1550598144531,359.38822372781095,356.99820466729994,357.70742145360697,21443900
2021-08-06,357.5811462402344,358.86360717677746,356.4735879037899,357.8920512520388,33332100
2021-08-09,358.2417907714844,358.76640957041377,356.9399095212192,358.03774270014765,25960200
2021-08-10,356.4056396484375,359.0482734522398,355.22034000887453,358.7568184792077,35130800
2021-08-11,355.7934265136719,358.164024939674,354.46239986659873,357.66855166382885,34249800
2021-08-12,357.0760192871094,357.4354903072704,353.93788234840395,355.2883595858087,25969200
2021-08-13,358.3292541503906,358.65957959844343,356.93021128244163,357.4257142792874,19336200
2021-08-16,358.4846496582031,358.52349054036375,353.35483650780424,357.21191400352564,34856900
2021-08-17,355.3271179199219,356.7067105697037,352.89822838907884,355.7351547573665,44793900
2021-08-18,351.9071960449219,356.1917604133601,351.57687065148923,354.7927177767465,38541900
2021-08-19,353.6075134277344,355.27859093357216,349.7212894280684,349.9739034758983,48499400
2021-08-20,357.2702331542969,357.66857459932345,354.3652610843774,354.67616606335383,39486000
2021-08-23,362.6138000488281,363.30359639946914,358.30008970905754,358.3097851058622,34034700
2021-08-24,363.7213134765625,364.32367328454313,362.74003270254565,363.2063901262377,21732900
2021-08-25,364.1391906738281,364.71243482704006,363.22592562742113,363.97404275133977,20441900
2021-08-26,361.82684326171875,363.96424834530154,361.38963126873074,363.2841770389699,29133300
2021-08-27,365.3438415527344,365.8490398813782,361.97254183101103,362.45831971800555,27104700
2021-08-30,369.44384765625,369.9296255952502,366.1113884610643,366.13083855432507,27295700
2021-08-31,369.14276123046875,369.75481668306946,367.5979609014757,369.68683028802934,29628200
2021-09-01,369.7546691894531,371.8240876523357,369.55065078663495,370.20160617594934,28138300
2021-09-02,369.579833984375,371.435509188576,368.365389189704,371.1051837623693,25453400
2021-09-03,370.716552734375,371.11489416925747,368.41397023843336,368.4333906805509,24605400
2021-09-07,371.2411804199219,371.8921358655914,369.66726473429577,370.8234185329037,23970200
2021-09-08,369.9490051269531,371.0662883331886,367.6852932273467,371.0662883331886,32949200
2021-09-09,368.6763000488281,371.2800626142129,368.43341108602283,370.17250436157735,29399000
2021-09-10,365.8781433105469,371.1051175176869,365.54781794330535,370.3861758154274,40249400
2021-09-13,365.6255798339844,368.63740873289976,363.57561133523944,368.20992181049735,48741800
2021-09-14,364.58612060546875,367.8408095443802,363.63398503451015,367.11214253127406,41826600
2021-09-15,367.29669189453125,367.64646743225006,362.7498174509155,365.04270476619996,34097900
2021-09-16,367.5492858886719,368.12250027388,364.0419835530262,365.96564513231044,35193100
2021-09-17,363.1967468261719,367.12184115613655,362.15720449594147,367.0732752185729,60912300
2021-09-20,355.6919250488281,359.14476056928754,351.052446315012,357.40373906547455,76203200
2021-09-21,356.1295471191406,358.71675431650056,355.0012893402798,357.52040510766665,41927500
2021-09-22,359.45599365234375,360.91494318773044,355.9447730023296,357.04385306817227,46972900
2021-09-23,362.7726135253906,363.8036019787522,359.97142614931414,360.6133673965316,44652000
2021-09-24,363.1130065917969,363.5312612733417,360.13675246373623,360.5063576936416,36056800
2021-09-27,360.2145690917969,361.0899326891091,357.66627586483116,360.0686801059778,43338100
2021-09-28,350.0214538574219,360.1660095292844,349.51569535289286,355.66274340365425,97701600
2021-09-29,349.44757080078125,353.42563606941854,348.8251011374554,351.285861353883,58076600
2021-09-30,348.1636962890625,352.75452518256225,347.3272461664179,351.09133108312494,61384600
2021-10-01,350.3229064941406,351.3636308081304,344.6816476164096,348.7861595912774,56375500
2021-10-04,342.9698181152344,349.0390380839239,340.7327742551447,348.7083464504916,76766000
2021-10-05,347.5996398925781,349.84642009446213,343.8063765440991,344.0300631718556,47232900
2021-10-06,349.8269348144531,350.0992708754434,343.4853484647592,344.3898900585049,56806500
2021-10-07,353.03656005859375,355.6821226976073,352.3362631929019,352.8711994076054,39411200
2021-10-08,351.276123046875,354.3496467593131,350.74115710996455,354.11619466511115,41822300
2021-10-11,348.58197021484375,353.2603327728741,348.4944071205362,349.7393762271604,34847200
2021-10-12,347.3660888671875,350.4687601594735,346.7241476639016,350.031093213413,43905100
2021-10-13,350.14788818359375,350.8190073438713,347.64821419139497,349.67130750082435,40120800
2021-10-14,356.596435546875,356.81041599057534,353.0755088952258,353.736892200335,43433900
2021-10-15,358.8432922363281,358.9600034701843,356.78131461844345,357.81230342738576,40419900
2021-10-18,362.4516906738281,362.66567112653223,356.94658419280813,357.54961191886395,34513500
2021-10-19,365.19451904296875,365.243138820719,362.5003362791969,363.52158907118445,29091000
2021-10-20,364.7179260253906,366.2644089038195,363.23950489702867,365.6516453763961,31390300
2021-10-21,366.9451904296875,367.1397288757198,363.6188026522911,363.92031646596155,25469300
2021-10-22,363.86199951171875,366.65345138258493,362.198805446385,365.6905542419816,36275800
2021-10-25,367.58721923828125,368.50149672408577,363.33681735342776,365.28208354749574,32597800
2021-10-26,368.74462890625,372.2363779156397,367.5677512531877,369.82426700241473,47191300
2021-10-27,369.6005554199219,372.66434356126393,368.92943624733016,369.19203648262067,45760500
2021-10-28,373.70501708984375,373.95791114428573,370.72876276602915,371.49715107440244,38007000
2021-10-29,375.5433044433594,375.70866510968085,370.2813861591244,370.6315197832364,37310100
2021-11-01,376.82720947265625,376.95365651633944,373.8996042225349,375.981023481736,30765300
2021-11-02,378.4028625488281,378.8794729101323,376.1658184876678,376.214438265448,25135300
2021-11-03,382.4198303222656,382.83805538248043,377.84847309738126,378.8891678338036,33748900
2021-11-04,387.3218994140625,388.2750904027313,383.1395895493531,383.6842616336203,40265300
2021-11-05,387.6915283203125,390.01610580693085,386.29093439470984,389.09212224591516,43383800
2021-11-08,387.1662902832031,388.68359539126715,386.5243489401909,387.6623426124407,29256300
2021-11-09,384.5012512207031,388.63494111094883,383.1395710756906,388.2361580537664,50490700
2021-11-10,378.8502197265625,384.5400979853036,376.92439605470673,381.72920456656664,54937400
2021-11-11,379.9007263183594,382.0016171956971,379.56029882613444,381.82655037652,32243000
2021-11-12,383.8982849121094,384.4332212280793,379.453344654841,381.0484474560787,34730600
2021-11-15,383.8106689453125,385.3960653814899,381.3693804579635,385.07510957260075,33716900
2021-11-16,386.5438232421875,387.0398458924159,382.88671363238944,383.0812224246189,27872900
2021-11-17,386.74810791015625,388.78090754623145,385.78521063054353,386.86481913406,28703300
2021-11-18,390.7552795410156,391.26103797883917,386.57296981590184,388.79057170851496,45721500
2021-11-19,392.93402099609375,394.2081679319985,391.5626048175631,392.3893488562752,45191700
2021-11-22,388.3723449707031,397.5248250612639,388.26536958827234,394.4707728765568,61715400
2021-11-23,386.6021728515625,389.27691358306146,382.1669687768328,387.21490670410526,70098700
2021-11-24,387.84710693359375,388.1291491048879,381.79732907349427,384.121906283019,46954400
2021-11-26,380.4940185546875,386.66050784137326,379.10313088983804,385.2696201765238,51533300
2021-11-29,388.75164794921875,389.76319448090595,384.3261801069884,385.0556547853165,54447100
2021-11-30,383.0423583984375,390.2106592936949,381.02900084263916,387.86661005974304,81332700
2021-12-01,376.5256652832031,389.520057013859,376.05882046092955,387.3802526370976,77766500
2021-12-02,379.2392883300781,381.01919343331065,373.8217160857389,375.24175177395284,84416600
2021-12-03,372.6448669433594,381.60280810324537,368.53061887852476,380.60099735187833,105349100
2021-12-06,375.630859375,376.9925395765384,368.9196682345571,373.1311855550033,67588800
2021-12-07,386.9424743652344,387.5552377476984,382.2349354111242,382.27384903224464,56005300
2021-12-08,388.6738586425781,388.87813294378265,385.37664820946287,387.27329443125376,39204000
2021-12-09,382.9547119140625,389.24764713470034,382.76017348675015,387.4482705704494,49973700
2021-12-10,387.11767578125,387.38027600962283,382.5949085157785,385.7657016429064,52545800
2021-12-13,381.5250244140625,387.4288840777842,381.15541913036526,387.1079282528068,50166400
2021-12-14,377.576171875,379.4144329532964,373.1312315950935,376.70077836090985,75199200
2021-12-15,386.1838684082031,386.5437675026177,373.3743101574016,377.3231972273167,73858000
2021-12-16,376.25335693359375,387.57481962538174,374.66796034900517,387.1468587185331,82591400
2021-12-17,374.3761291503906,378.5389967311671,371.3220476290657,372.83935256246275,80492500
2021-12-20,370.7445068359375,371.5333432736514,367.6086278873843,369.65377150084225,65336800
2021-12-21,379.0420227050781,379.3536699549312,370.2674258712642,374.01682225238807,48899500
2021-12-22,383.658203125,383.86270862526777,378.08763497623073,378.7498630763565,37042200
2021-12-23,386.5505676269531,388.0210990078146,383.84319568856364,384.0087378335423,29595500
2021-12-27,392.9391784667969,392.9391784667969,387.81658537729174,387.84580044463326,32820700
2021-12-28,391.1180114746094,394.010422056736,390.2415297237283,393.8351316506224,33113700
2021-12-29,391.05963134765625,392.52044435937006,388.6833731376432,391.2544183040115,32248500
2021-12-30,389.8909606933594,393.02684017439805,389.3066296016768,390.84533941347075,23850100
2021-12-31,387.45623779296875,390.58236873038675,386.95955195158325,389.2189494524094,34752900
2022-01-03,391.18621826171875,391.4394353469124,386.51162877090127,388.62492150092214,40575900
2022-01-04,386.1123046875,391.7705172651739,383.01538866067614,391.73155393518823,58027200
2022-01-05,374.2504577636719,385.5474144832599,373.9972407357907,384.4274343801291,75739800
2022-01-06,373.9876403808594,377.23066227942587,370.19928032711414,372.42946343390247,70814300
2022-01-07,369.93621826171875,375.6821057032982,368.1637879896817,373.99729091228744,72652300
2022-01-10,370.1796569824219,370.69583932666194,359.6618175920206,365.02787900480445,91770500
2022-01-11,375.7405700683594,375.906112223643,367.3652366626688,369.4493143206494,68295700
2022-01-12,377.2305908203125,380.0061412768249,374.95172626073906,378.3115781015155,54576400
2022-01-13,367.7937927246094,379.29525899592204,366.85888064807847,378.6135343174255,77994000
2022-01-14,370.0823669433594,370.41348098310857,365.0668853086839,365.27142052289753,80121200
2022-01-18,360.8694763183594,366.39136228190114,360.1098547820308,364.2683212855361,75450900
2022-01-19,356.90582275390625,364.9013304684771,356.64285740771714,362.4276789394688,81791500
2022-01-20,352.2702331542969,364.1028140685227,351.73461353855186,360.1294152621861,88610700
2022-01-21,342.5021667480469,352.7181079448339,342.2197346222496,350.0789145108733,143388900
2022-01-24,344.0701904296875,344.7324483343577,325.42048119009416,336.8732661867488,198685800
2022-01-25,336.09405517578125,341.85940942247294,332.75367038091014,337.61332782671474,124398400
2022-01-26,335.5682067871094,347.55660890710044,331.87721121554597,343.69032292092504,146559500
2022-01-27,332.1888427734375,342.09313709621506,331.16625596244336,340.271995193972,95255700
2022-01-28,342.60931396484375,342.8235677167253,329.12116502061934,334.0684383999999,108167900
2022-01-31,353.5654602050781,354.1497914025669,342.3366777739083,343.97281107094085,94326400
2022-02-01,355.9708557128906,356.6233651798922,349.75755684421006,354.90933530146293,74433000
2022-02-02,358.8633728027344,360.43132780932285,354.77311354269796,360.1002137063905,78777100
2022-02-03,344.3135986328125,352.4746783595393,343.2520781277815,349.1635083008554,95384800
2022-02-04,348.6570739746094,351.9584954869843,342.7748593755462,344.82972180603156,86318300
2022-02-07,345.852294921875,351.6176193023127,344.5959876270935,349.2511097649402,58198100
2022-02-08,349.7380676269531,350.8288031286312,343.5831690442686,344.71286787681044,64720900
2022-02-09,357.1492614746094,357.22715841338385,352.6596813646489,354.25685095249275,55766400
2022-02-10,349.0660705566406,356.91550206060344,347.22546193723235,350.12759092704323,112468500
2022-02-11,337.9931335449219,350.6632597451943,336.76604124970885,349.0660901088654,101569100
2022-02-14,338.4118957519531,341.81074053043295,334.9059686837341,337.43802051737816,80254400
2022-02-15,346.826171875,347.0598924072058,342.6287722357038,343.6902926132209,55128800
2022-02-16,346.7385559082031,347.7611130431249,341.54778412878585,344.57655164209007,58947100
2022-02-17,336.42523193359375,344.22595282253224,336.00644297006625,343.52476142259576,61801400
2022-02-18,332.58819580078125,337.749723508386,330.2801158688841,337.36017929428124,80001500
2022-02-22,329.2477111816406,335.0520287130775,325.61517574368247,329.6470035760064,85967100
2022-02-23,320.81402587890625,333.2406549416096,320.5023786388824,332.40313641940185,86215400
2022-02-24,331.5947570800781,332.1304062718498,309.9455304218847,310.51036496050875,130614100
2022-02-25,336.7368469238281,336.94138213250466,328.57579699262675,332.39337147017665,78842100
2022-02-28,337.73992919921875,339.43449236604516,332.40311178089286,333.5620257210726,77515500
2022-03-01,332.5686950683594,338.98653027662823,330.0463613925379,336.7174137109176,67407000
2022-03-02,338.14892578125,339.4831299618094,331.35126663526114,334.1170684540048,70609000
2022-03-03,333.3185729980469,340.89532171846434,331.4584675901399,340.78817997983646,71089400
2022-03-04,328.4881286621094,332.3933781477259,326.1703304000487,330.9617802598061,76936300
2022-03-07,316.3730773925781,329.63728233789755,316.1685719260236,328.4783684935688,89933800
2022-03-08,314.9026184082031,324.5050156435987,311.5816997080005,315.584313360069,116153900
2022-03-09,326.23846435546875,327.59216523477136,320.49260625639835,323.08311801855376,64723400
2022-03-10,322.6155700683594,323.8231953137946,318.1747023149713,322.17734413761485,69362700
2022-03-11,315.9251403808594,325.8976436312633,315.4382027323931,325.58599640336917,66228400
2022-03-14,309.8578796386719,318.0578920252177,309.15668831903486,314.6882922182204,79802600
2022-03-15,319.5771484375,320.35626644797605,310.89019809296275,312.49708626661936,76471000
2022-03-16,331.4292297363281,331.54609001020464,319.8206237661332,323.4921524521994,105243000
2022-03-17,335.4416198730469,335.5000500150178,328.2349484002418,329.53018950768575,67810000
2022-03-18,342.3073425292969,342.5995228856278,332.6270218516478,333.7859355750501,85446300
2022-03-21,341.35577392578125,343.69598822744615,336.967916745751,341.4728084465132,73799100
2022-03-22,348.06427001953125,348.9321048086692,341.47275472750243,341.85302014961167,63345900
2022-03-23,343.0621032714844,348.746831695108,343.0036008998052,345.18779855169856,70615500
2022-03-24,350.6872863769531,350.73605819925956,342.8281491046148,344.9830661613371,53555300
2022-03-25,350.3947448730469,351.6818566630685,346.09464168165056,350.628754377757,57584200
2022-03-28,355.8161315917969,355.9136454569455,349.1465938629714,350.38493365490325,56833900
2022-03-29,361.9396667480469,362.5637019901702,356.9375054681398,359.70672694862424,68073000
2022-03-30,357.9419250488281,361.73499853386045,356.459814942221,360.0773515043534,68757700
2022-03-31,353.5052185058594,358.4391168355058,352.66663492729305,358.0880728528101,67011400
2022-04-01,352.8323974609375,354.54851653540345,349.6536298999319,353.76846511583295,54527800
2022-04-04,360.0967102050781,360.10647051861895,353.40768166782965,353.67094231995094,45950200
2022-04-05,352.1011047363281,359.3556963579886,350.96024898030936,358.64387783012603,62738700
2022-04-06,344.4565124511719,347.8887807691179,341.8237865192822,346.7869364328608,90077100
2022-04-07,345.275634765625,347.4695634999712,340.0004514379718,343.4619715382261,63777400
2022-04-08,340.4488525390625,344.2906664689678,339.8150570927389,343.53986629496006,61956100
2022-04-11,332.3947448730469,337.1336152464879,332.0534612200127,336.21703846727803,66107400
2022-04-12,330.99072265625,339.02536759446497,329.61585709641344,337.14347144626714,72790200
2022-04-13,337.7187194824219,338.77179202700484,330.6103830960466,331.33193225146346,61367800
2022-04-14,329.99603271484375,338.323217066601,329.78151410953205,337.8064263024939,73519400
2022-04-18,330.24957275390625,332.541014798433,327.4218490584937,328.9429702120827,58560600
2022-04-19,337.6310119628906,338.2063052540542,328.5822760693371,329.60609756500645,56515700
2022-04-20,332.706787109375,338.89854638294173,331.4879380302106,338.44025793889364,65500000
2022-04-21,325.8227233886719,339.2008118048885,324.896415961227,336.58760657300314,75801000
2022-04-22,317.290771484375,327.1975799069353,316.86173424802763,325.97873088482487,82562100
2022-04-25,321.3665466308594,321.67857907479,314.3947372353848,315.6623578799585,101755900
2022-04-26,309.2366638183594,319.49448735286336,308.963613047289,319.3092199050992,105819600
2022-04-27,308.8660888671875,314.8335686545843,307.1499399976415,309.3341078264783,111204200
2022-04-28,319.8358154296875,321.6689695310997,309.6072119078846,313.8293225311068,99450000
2022-04-29,305.44354248046875,319.07515965390826,304.80974698698793,315.63313145885587,91977900
2022-05-02,310.54327392578125,310.77728344136193,301.9333068279768,305.03405193765815,115511800
2022-05-03,310.87481689453125,313.1662594023677,308.1055950099553,310.56278434940856,78185500
2022-05-04,321.3860778808594,322.0588848416157,306.06759352469203,311.35250559210664,116083400
2022-05-05,305.1998291015625,317.14455084755014,301.9040562178666,317.0665575945601,154607400
2022-05-06,301.54327392578125,307.2377334745027,297.5064313350277,303.2009206408079,139572800
2022-05-09,289.74481201171875,301.64079153746076,288.35045573531676,295.91708072920244,113387300
2022-05-10,293.2648620605469,298.1402585982894,289.1792773813539,296.92140946385376,124124600
2022-05-11,284.567138671875,296.511860068782,283.69933357058653,291.0026679881509,140326100
2022-05-12,283.89434814453125,288.3797191271689,277.83911368435355,280.2865723866947,120910900
2022-05-13,294.4154052734375,295.44898680711583,286.75126756774296,288.3504116807122,83684900
2022-05-16,291.00262451171875,294.72743401415767,289.7252732031268,292.670001529711,59190400
2022-05-17,298.5400390625,298.9203045116113,293.0600684613582,296.8629014948216,62715300
2022-05-18,283.8845520019531,294.71766684563096,282.6266915931184,294.0253689957684,79477100
2022-05-19,282.36346435546875,287.0536233934312,280.413305660472,282.08071276977756,79920700
2022-05-20,281.4858703613281,286.4782713533356,273.22694793489995,285.8249849206857,91764200
2022-05-23,286.166259765625,286.54652518718103,280.130517022383,282.5292035679818,63648400
2022-05-24,280.0817565917969,281.6613802288879,275.2161206158338,280.9495914149474,73491100
2022-05-25,284.0016174316406,286.0785411821508,278.38515092401434,278.5899092529624,67144500
2022-05-26,291.8704833984375,293.42088572276367,282.91926227102294,283.20204360932223,59462200
2022-05-27,301.3970031738281,301.54325911042497,294.88348090288605,295.0004856521635,66985600
2022-05-31,300.597412109375,303.57139174205287,296.7458373982823,301.3677330030046,60968300
2022-06-01,298.3742980957031,304.85857019114184,296.1608785576662,302.7329042287562,65341700
2022-06-02,306.54541015625,306.7209172742776,295.8390296007222,297.25290637352026,59291300
2022-06-03,298.5693359375,302.73291442687787,297.3212354466447,301.3287976550328,60914700
2022-06-06,299.5638732910156,304.56603502069134,298.0037404098427,303.00590213951847,51785000
2022-06-07,302.1477966308594,302.9278778701051,295.1467348920725,296.2388188699599,44900300
2022-06-08,299.9734191894531,303.9517297604242,299.1250751769183,301.34825485773797,38342100
2022-06-09,291.9386901855469,301.34819798738135,291.77294339477675,298.28646494444945,55900500
2022-06-10,281.6418762207031,287.5216026829034,281.1933481148443,286.33200485314705,85963500
2022-06-13,268.54656982421875,275.303861633674,267.6884953550074,272.77841004096007,94442000
2022-06-14,269.0340881347656,271.7155557602623,266.5281276121541,270.74047662371805,64697500
2022-06-15,275.7524108886719,279.6819792310972,269.71666771221135,272.45666788942674,86051400
2022-06-16,264.62677001953125,269.1803734200172,262.56933734329976,268.7220849855624,81910300
2022-06-17,267.8445129394531,270.2822109859682,263.76868894737345,265.397054578494,82703400
2022-06-21,274.6020812988281,276.9174861769015,272.2183421476892,272.3257927236614,51633700
2022-06-22,274.20159912109375,278.6076398901615,271.50519745679884,272.10112488344555,67472900
2022-06-23,278.28521728515625,279.1351620807887,273.8498399380309,276.68299919489084,57457800
2022-06-24,287.8203430175781,288.2404558079525,280.87421585120023,281.1086752212595,58422300
2022-06-27,285.7101135253906,289.74490714992544,284.57684368727377,289.178287137997,54151500
2022-06-28,277.0054931640625,288.83638955760506,276.81986955399697,286.24746790967083,61609800
2022-06-29,277.2593994140625,278.7639161956807,274.3676253182003,276.868623965582,57302700
2022-06-30,273.82049560546875,277.3961485990517,269.4242053400514,274.27966489242687,79313600
2022-07-01,275.6278991699219,276.0186746119546,270.64543029480285,272.5211941565172,56675100
2022-07-05,280.3465576171875,280.46378726256006,270.3718711000249,271.8959161183753,61829300
2022-07-06,282.1442565917969,284.24473119567654,279.0082431186651,280.7276914147383,63194700
2022-07-07,288.1817626953125,288.8851704287084,282.95505535271474,282.95505535271474,56620100
2022-07-08,288.54327392578125,289.9110031081742,284.41074914665745,285.3486163268326,59895500
2022-07-11,282.37872314453125,286.35490228897805,281.4994707233647,286.1302220053013,55273900
2022-07-12,279.6431579589844,285.5439653975893,278.0507189970314,283.6291449016066,55797100
2022-07-13,279.0667724609375,281.41145499175724,273.56651926592025,274.13316901454067,73939400
2022-07-14,280.06329345703125,280.9327666322429,273.35159737692584,276.4680816551164,63741800
2022-07-15,285.1434020996094,285.25088248380956,281.4407401317298,283.0527371949575,63818100
2022-07-18,282.7303771972656,289.33459333825147,281.55805071888204,287.92777771278395,59519600
2022-07-19,291.4252624511719,291.7183664353127,284.75268212662314,286.3548706124073,55172600
2022-07-20,296.0462341308594,297.2283395826278,291.06376504505164,291.84534577642216,67769400
2022-07-21,300.29595947265625,300.35457429514867,293.84806067020736,296.5053752754604,55049400
2022-07-22,295.03021240234375,301.43902572615195,293.20331391412896,299.36788883439493,57127700
2022-07-25,293.349853515625,295.52847082708666,291.3471105150622,295.0595223551205,40582400
2022-07-26,287.5858154296875,291.9039632943132,286.77495709106614,291.649945827495,50074100
2022-07-27,299.7391357421875,301.42927622650285,291.58156710744385,292.1482168992006,69304400
2022-07-28,302.66998291015625,303.24638193831424,295.7726930962561,299.5241912245391,55139900
2022-07-29,308.18975830078125,309.0983477604255,302.7872063659575,304.21358001413796,57501000
2022-08-01,308.00421142578125,311.46263619919637,305.3273675749179,306.4215510522266,46358800
2022-08-02,307.0858154296875,311.20856086070916,304.65321047884163,305.7083370747142,48676500
2022-08-03,315.4486083984375,316.2692459648729,308.7076037201072,308.7662185595481,53735700
2022-08-04,316.92376708984375,317.2363994221369,313.37742046943487,315.5267304861252,38973700
2022-08-05,314.3348083496094,316.36685863884907,311.0522586944706,311.8338096178113,53894000
2022-08-08,313.3188171386719,318.94608006953575,311.85338656828117,315.25319622472165,43878500
2022-08-09,309.7724609375,311.67753254659243,308.1507440589596,311.42351504824404,39764200
2022-08-10,318.4184875488281,318.7115915246145,314.63768179382663,317.10937327023964,51459600
2022-08-11,316.6110534667969,322.746319795068,315.9076458068692,320.74357719565364,45897700
2022-08-12,322.7757263183594,322.9710991571308,317.6076332325729,318.6627300418637,40928400
2022-08-15,325.3841552734375,325.8824111372024,321.80850161156644,321.8280597641891,38266600
2022-08-16,324.6221618652344,326.7128570143591,321.57407120774315,324.4072308668595,41186900
2022-08-17,320.9195251464844,323.7917715329037,318.8386089058885,321.4861750127914,47842200
2022-08-18,321.6912841796875,322.8733897022626,319.2586792262726,320.8706467232856,41937200
2022-08-19,315.41925048828125,319.30753686380024,314.65722781123844,318.6529945948618,51770600
2022-08-22,307.1150817871094,311.3941428015338,306.3042235166508,311.1596835067996,51098900
2022-08-23,306.8611145019531,309.69427382010605,306.10884119104537,306.8806428397244,39497100
2022-08-24,307.75018310546875,309.5673026088862,305.77671762390725,306.3824241250464,38057100
2022-08-25,313.1917419433594,313.21130009460927,308.4828487016471,309.52816629459426,38098300
2022-08-26,300.3545837402344,314.1003265177807,300.2666615037309,312.8986629903908,69047700
2022-08-29,297.3945007324219,300.13973844124865,296.2905382019321,297.59965267614825,48321900
2022-08-30,294.0824890136719,299.6609141526258,291.56196246897366,299.04542876696974,51184500
2022-08-31,292.3728942871094,297.8829269235928,292.2654437015311,296.9841164897894,50044000
2022-09-01,292.49993896484375,292.8711861501975,286.19860533441727,289.8817101402858,57990700
2022-09-02,288.3674011230469,296.7496497152489,286.7554038657805,295.3721415907117,64666800
2022-09-06,286.2962646484375,289.7644681088695,284.16651277662356,288.84612926244324,57005400
2022-09-07,292.0798034667969,293.07628535272244,286.51115631694785,286.7749528560577,49260400
2022-09-08,293.5940856933594,294.91297901870183,288.64095359084064,290.0086826705722,55649800
2022-09-09,300.0126953125,300.51095121873436,293.5941026228412,295.8508631880941,56125200
2022-09-12,303.57855224609375,303.91071289251704,301.07755341422387,301.39018572177207,45905700
2022-09-13,286.9313049316406,296.0364904812311,286.0422735138361,294.84460581073347,79562200
2022-09-14,289.20751953125,290.0867716457952,286.3059666832742,288.07424998711866,54907200
2022-09-15,284.3911437988281,289.6959936631581,282.78892589454506,287.2926966209855,65299400
2022-09-16,282.6521911621094,283.04296659564545,279.0374513198282,281.0890596137106,79920400
2022-09-19,284.853271484375,285.0098685244469,279.9499592056261,280.0086793621741,52613800
2022-09-20,282.582763671875,284.87293998532556,280.2827907071365,282.3478531158375,51271100
2022-09-21,277.52276611328125,287.69156858901147,277.38576236260224,283.4243811340826,82931000
2022-09-22,274.107177734375,277.0041495009022,272.88379085535325,275.99607990730203,62757100
2022-09-23,269.6442565917969,271.93443317556165,266.2285402192741,271.64080241281675,74815200
2022-09-26,268.5284423828125,273.53942878181266,267.7356903085554,269.1743940484729,71176700
2022-09-27,268.6361083984375,274.2440929244973,266.31654253628193,271.89519684927933,69780100
2022-09-28,273.9798889160156,275.26199573338226,267.1387203397635,268.6165511000599,79652100
2022-09-29,266.0816955566406,270.3684471169324,263.11620753953764,269.98673614914634,81216000
2022-09-30,261.56988525390625,269.3310436707133,261.41328816489596,265.25960895996843,78482400
2022-10-03,267.7063903808594,269.30169153769157,261.83413377480724,263.34135466668965,61267400
2022-10-04,276.1232604980469,276.8279323910832,273.0500989493547,273.0500989493547,66696900
2022-10-05,275.9764709472656,277.7674959008721,269.55614005462246,272.3552344355478,55766300
2022-10-06,273.8036804199219,278.129558122056,273.4806896755464,274.9781134751825,53489400
2022-10-07,263.3706970214844,269.29187675342655,262.0396367491258,269.16463975667466,71354700
2022-10-10,260.73797607421875,263.95793837847896,258.0269617757893,263.5664307223505,60393000
2022-10-11,257.1558532714844,261.93195915010915,255.47247218095,259.06434824004356,66522500
2022-10-12,257.0677795410156,259.7102766400486,256.37290432474623,257.7920148405686,50580200
2022-10-13,263.09661865234375,264.41788206770633,248.8465999207838,249.72744717566468,112894100
2022-10-14,255.1885986328125,266.0229154301057,254.60139707293033,265.4259172216151,77244300
2022-10-17,263.6153259277344,264.4863615743304,261.06087941416854,261.1587563065971,64576500
2022-10-18,265.70001220703125,271.30799739519153,263.01832840793145,270.64248223774274,69781000
2022-10-19,264.7310485839844,267.85313339964506,262.3625889866223,264.18297380767734,53115400
2022-10-20,263.38043212890625,268.9884468880424,262.21579559893996,263.8404266714654,60605500
2022-10-21,269.5561218261719,270.0943999806143,261.1392160824891,262.2745224263195,77897700
2022-10-24,272.5216369628906,273.4513929468913,266.1795894710103,269.820389534672,63963600
2022-10-25,278.158935546875,278.5406464744242,271.98328283594896,273.461143297227,59014500
2022-10-26,272.0126953125,277.9339050801036,271.52334061440916,272.5314100977627,63492400
2022-10-27,267.0604248046875,272.3552461557025,266.54171002593654,270.89697873140716,57760300
2022-10-28,275.2326354980469,275.70242672293,266.2676545644342,266.43404829027975,62651300
2022-10-31,272.0323181152344,273.8037799249947,270.11402598585204,272.9816675271924,47742000
2022-11-01,269.2526550292969,276.06449209440797,268.89053742922755,275.5066207207611,45895900
2022-11-02,260.0234375,272.28666184613866,259.9549206918271,269.2232974549257,79803100
2022-11-03,254.9439697265625,258.86860348070746,254.56228864022904,257.4103362172952,70038900
2022-11-04,259.04473876953125,260.9336403199302,253.5639613842532,259.87664754666133,78313200
2022-11-07,261.89288330078125,262.43119147070047,257.95848168623587,260.09206132392166,47333800
2022-11-08,263.80133056640625,267.040856174654,259.866899804266,263.40985279403156,63213800
2022-11-09,257.7137451171875,262.84217239242884,257.4299110516059,262.0592168841519,64862100
2022-11-10,276.7300109863281,277.02361178294706,268.01950556191656,270.1335209010714,99256700
2022-11-11,281.8290710449219,282.4946159489381,275.20322102643024,276.54404774774673,66961800
2022-11-14,279.36273193359375,283.0524545415355,278.38402281943956,279.77377303555267,55290700
2022-11-15,283.2286376953125,287.0162370921338,279.88143946798726,285.98857462764755,73985400
2022-11-16,279.36273193359375,283.3167251177695,278.54061986184405,281.2712266533271,48859800
2022-11-17,278.7462463378906,280.2241072195647,274.7433281240095,274.8999252259217,55462100
2022-11-18,278.75592041015625,281.8584113907115,276.30914777092903,281.76056437940645,53588600
2022-11-21,275.888427734375,278.5211287388434,275.05651870859407,277.36625872876033,40083500
2022-11-22,279.8619384765625,280.0185056820932,274.48880406730166,276.62241305758806,41873400
2022-11-23,282.6708068847656,283.2971652604871,279.7053191135454,279.8814796066075,46390000
2022-11-25,280.8112487792969,281.78016130189496,280.3218941932843,281.0754895033235,15498800
2022-11-28,276.69091796875,280.8504327963469,275.76116198681456,278.8342938811036,38714200
2022-11-29,274.5964660644531,277.31727663055284,273.22627906494904,276.91600224715586,35618900
2022-11-30,287.11407470703125,287.2217482346037,274.00917596132695,274.8606480623075,74718100
2022-12-01,287.46649169921875,289.4532703483162,284.68696092058923,287.43713161545224,51547300
2022-12-02,286.3213806152344,287.2022428390406,282.2205864471839,282.39677681264686,53583200
2022-12-05,281.5159912109375,285.46995575313844,280.0576938686027,284.1976454574134,41482100
2022-12-06,275.6828308105469,281.49636649163193,274.2930803186649,281.3593627197372,53937600
2022-12-07,274.5573425292969,276.55391803732823,272.84460110585906,274.4986223556348,45614300
2022-12-08,277.80670166015625,278.7756145217864,273.8331434207744,275.90800281262767,42594900
2022-12-09,276.0351257324219,279.5584845017971,275.59469468581307,276.78872099466156,47860500
2022-12-12,279.4997863769531,279.5585364128644,275.1739080337036,276.2113374934605,35732500
2022-12-13,282.50439453125,290.55918171240603,279.822740976595,290.334067852014,80667700
2022-12-14,280.4100036621094,285.2056731313244,277.160681704025,281.91719443928423,64984400
2022-12-15,270.9948425292969,276.9845388900271,269.8008159440126,276.31899384162705,60554100
2022-12-16,268.4110107421875,271.8560565360291,266.8059132420267,270.3195057192116,68300400
2022-12-19,264.6389465332031,268.76916971609717,263.40281064072286,268.6808785722557,44167900
2022-12-20,264.432861328125,266.17913333023336,261.89193931007276,263.4714192377774,51064200
2022-12-21,268.268798828125,269.5735853860759,264.62907275827604,265.47279341612267,46394700
2022-12-22,261.70550537109375,265.3844512745815,257.4869627714914,265.2569096929665,60278400
2022-12-23,262.29412841796875,262.9612667355134,258.53671128427175,260.4399551404093,39373600
2022-12-27,258.5858154296875,261.7938763980321,258.0462485081974,261.68594505012555,38009000
2022-12-28,255.17178344726562,260.4400310405029,254.80879878096792,258.18362206985023,47139000
2022-12-29,261.39154052734375,262.33334222017004,257.2809295720186,257.97746822426143,45893600
2022-12-30,261.234619140625,261.36216073670295,257.32022983602053,258.62501629110807,37858300
2023-01-03,259.46881103515625,265.0313626956821,257.1633313607922,263.55978374685617,42335300
2023-01-04,260.704833984375,262.38245500821034,257.55566441960866,261.5878050240108,47754900
2023-01-05,256.6236877441406,259.20386048845717,256.3097737127626,259.0370983373102,45396700
2023-01-06,263.70684814453125,264.825262145389,255.40715401036852,258.36013103501256,54659700
2023-01-09,265.4138488769531,270.07384644606014,264.80560135296327,265.6983324353776,45568700
2023-01-10,267.66058349609375,267.76851485693123,263.8737346072824,264.38387121125174,35247800
2023-01-11,272.29107666015625,272.3990079906392,267.94502179315026,268.7298816623899,44077000
2023-01-12,273.7626647949219,274.7927877956512,268.5532788594756,272.8502932331982,60600000
2023-01-13,275.646240234375,275.89150328651294,270.9273815063878,271.26093566457496,44802900
2023-01-17,276.2054748535156,277.4906509803417,274.28259077576485,275.4500454160634,36269700
2023-01-18,272.61480712890625,279.2957706324418,272.40879453707197,277.7456912937367,47754500
2023-01-19,269.9364929199219,272.1242499912478,268.70038757042437,270.9862259052219,44150400
2023-01-20,277.3238525390625,277.65740672300205,270.48591691995296,271.54547015302177,60613600
2023-01-23,283.48486328125,284.7111786521675,277.3729266337747,278.167576598982,52799900
2023-01-24,282.90606689453125,284.0637015046576,281.3461972203422,281.8661537784052,44875100
2023-01-25,282.2782287597656,282.89626664664723,275.85231732735315,278.3932395490146,50872000
2023-01-26,287.7818603515625,287.95844256923704,283.0531813715776,285.702034394049,51596300
2023-01-27,290.64654541015625,292.608649884804,286.3495318203836,286.4672532985683,56441900
2023-01-30,284.7700500488281,288.80219070771494,284.3972753111684,287.3796528484936,49405800
2023-01-31,289.0375671386719,289.1356783372946,284.70133358928933,284.80923495024035,46705100
2023-02-01,295.21832275390625,297.680744097422,286.7616253046277,288.8316615869483,67562200
2023-02-02,305.8136291503906,307.7364833067937,300.9181876739908,301.74226802673496,83070600
2023-02-03,300.378662109375,306.4710199917908,298.7697514983222,299.1621665298462,76170800
2023-02-06,297.8376770019531,300.1137256214991,296.49364008331565,297.7592059878805,40802300
2023-02-07,304.0085754394531,305.1367799080393,296.59182039911747,297.7102047614038,67584000
2023-02-08,298.6028747558594,303.6356776933816,297.9161561301726,302.6938758967984,56720900
2023-02-09,295.9638671875,303.1353575053804,294.51192886368824,302.98820564004023,49137800
2023-02-10,294.0214538574219,295.8560172897448,291.61786319429524,293.80562110424586,50050100
2023-02-13,298.7304992675781,299.31913678109805,294.24708196176414,295.424356988804,39636700
2023-02-14,300.9377746582031,301.8893965286975,295.2084331685964,297.1509273822048,64079100
2023-02-15,303.2432861328125,303.4100482655992,298.4361356253388,299.1228543039255,43100600
2023-02-16,297.55316162109375,302.5859648965573,297.40600975851845,298.61271491031835,59498600
2023-02-17,295.45379638671875,296.2091960895314,292.451777909408,295.36550524789766,58230700
2023-02-21,288.4588623046875,293.0698209813089,288.32153052461047,291.6276726240972,46526700
2023-02-22,288.6747131347656,290.74471964651025,287.0167319284105,289.03769778834373,51389200
2023-02-23,291.1959533691406,292.48112949801686,287.00684085103126,292.3241575359496,69294400
2023-02-24,286.3201599121094,287.41893385196727,284.55424756075683,286.2318687854434,74332000
2023-02-27,288.37054443359375,290.8722160742341,287.7819070065774,289.47913843428347,48995000
2023-02-28,287.9977111816406,290.5092026778838,287.4090738129779,287.7426280027074,48243100
2023-03-01,285.6824645996094,288.36071843177893,284.70141222109334,287.70343010420504,58287000
2023-03-02,288.04681396484375,288.85128421092963,282.90610837742537,283.1906219892063,53565900
2023-03-03,294.00177001953125,294.2372429494575,289.28291046741515,289.79307686613646,60511500
2023-03-06,294.3352966308594,298.23989551477433,294.13910413688774,295.2378779090162,56736300
2023-03-07,290.72503662109375,295.30656406111916,290.11678898197414,294.38437249879576,65955800
2023-03-08,292.1770324707031,292.7754600628296,289.29273602432113,291.14690948879917,50876300
2023-03-09,287.11474609375,295.27710774378676,286.3004559856999,292.6772954111653,71456700
2023-03-10,283.0826416015625,288.7727631546609,281.9348271262649,287.2815444320978,98593600
2023-03-13,285.18212890625,288.890505837308,279.7863406238493,281.29716972593775,97123600
2023-03-14,291.7355651855469,292.2849521678969,287.8898563090967,288.73354705365387,73602500
2023-03-15,293.2659606933594,293.59951488700585,287.68377063812324,289.1259187355792,83631500
2023-03-16,300.9966735839844,301.35965816858703,291.5589546269461,292.3536046471147,98198100
2023-03-17,299.57415771484375,303.29235483313954,297.6218729463031,300.90840459728173,89923700
2023-03-20,300.63726806640625,300.96150332211346,296.7462950694743,298.95707995181795,56359500
2023-03-21,304.9311218261719,305.383096151372,301.05978916317935,302.5729571040387,49757000
2023-03-22,300.78466796875,309.75554713715763,300.61764766949733,304.8623321401105,75791900
2023-03-23,304.3513488769531,308.67465501882685,301.6591140948976,304.5183991305711,74576000
2023-03-24,305.4715881347656,305.5698212705116,301.6002550384221,303.92894408666183,57195200
2023-03-27,303.3786926269531,307.2500255451253,302.5238604825814,306.16919123041095,50287400
2023-03-28,301.76727294921875,302.8284666751966,299.45822454941873,302.7989907375691,48585900
2023-03-29,307.2696533203125,307.8886779467395,304.646175138239,305.4617259902813,53274300
2023-03-30,310.1780700683594,310.8069300312133,307.3580955143523,309.74573634032066,58354800
2023-03-31,315.33660888671875,315.5724463955545,310.09951690570233,310.404111618322,62138100
2023-04-03,314.57012939453125,314.8354427804557,311.8877295017582,313.21417648862,47126800
2023-04-04,313.5090026855469,316.0243825803943,312.2905939967629,315.01233543509,45875400
2023-04-05,310.4139099121094,313.4991679194973,308.5961471761474,312.5559079537238,62795700
2023-04-06,312.5067443847656,312.99802996310086,307.36791642622194,308.76315067670646,46916500
2023-04-10,312.3299255371094,312.3790720921431,307.7904510566665,309.5787379688699,45134700
2023-04-11,310.325439453125,312.34956365032986,309.81451323953195,312.29058179328797,40113600
2023-04-12,307.5841064453125,312.87034446403476,307.12229676746927,312.28079572849316,62813300
2023-04-13,313.6072998046875,314.0789148450452,308.1638463235502,309.3429139101412,54613800
2023-04-14,313.0177001953125,314.7764809739093,310.10926798541686,312.05476966810073,56278300
2023-04-17,313.2829895019531,313.63673071713305,310.53180220918756,312.6050129930765,43007000
2023-04-18,313.3026123046875,315.81802195370216,312.1039043269435,315.39549358382044,46746900
2023-04-19,313.1552429199219,314.2164365542462,310.76760222122994,310.89534126848116,38960100
2023-04-20,310.767578125,313.70545604121475,309.4804124167507,310.18786478954866,62462100
2023-04-21,311.09185791015625,311.86809756580624,308.6256245513953,310.40407605124466,59002300
2023-04-24,310.4433288574219,312.20210941105614,308.2718252918835,310.8658272036678,44043100
2023-04-25,304.5872802734375,309.4804963444167,304.48904712793683,308.81235502938426,57121600
2023-04-26,306.43438720703125,309.45088711996635,305.9136258202448,307.97703074388943,55400500
2023-04-27,314.76666259765625,315.2677534758937,309.5590176982264,310.1977129113469,65430400
2023-04-28,316.9381103515625,317.0265381463464,313.4008486317639,314.5307993238096,59712600
2023-05-01,316.57464599609375,317.98955105108405,315.4938115810739,316.4763828700563,41013400
2023-05-02,313.8135681152344,316.8300686407024,312.07439804746815,316.50580338013646,56519400
2023-05-03,311.7600402832031,316.8497521612235,311.65194185315056,314.17715716201246,59882100
2023-05-04,310.65948486328125,312.68357871530185,309.6277673265198,311.5339574567819,50224500
2023-05-05,317.2624206542969,318.1172527776651,310.6988224251613,312.91944287304113,51806100
2023-05-08,318.0484619140625,318.3923678179955,315.71977305719315,316.8006073328287,36465800
2023-05-09,316.03424072265625,317.25261951377945,315.71981071665806,316.38795199013236,31768800
2023-05-10,319.47320556640625,320.3280376891628,315.99489521816594,318.47096377915307,60446600
2023-05-11,320.5147399902344,321.0551421602665,318.470975085948,320.0234543863166,44278500
2023-05-12,319.3650817871094,321.4677983234003,317.31151179697923,321.045269963454,48432800
2023-05-15,321.0943908691406,321.330198317674,318.31369810053747,319.83670116748294,33375600
2023-05-16,321.4579772949219,323.16764148062344,320.33783180381295,320.3771430453496,40019200
2023-05-17,325.3489074707031,325.92862076731785,321.34003095054015,322.5190981690881,47486100
2023-05-18,331.39178466796875,331.6079515358574,325.72235952182035,325.7420001513761,64213500
2023-05-19,330.64508056640625,332.3154337991738,329.58388676140413,331.6079812577379,61554900
2023-05-22,331.7553405761719,332.76738767069196,330.37971696477655,330.38955227178974,43015900
2023-05-23,327.5498962402344,331.1854214014878,327.1961850279305,330.0358299758091,48216700
2023-05-24,325.86968994140625,327.107739087204,323.81611999977775,325.59457124075004,62891200
2023-05-25,333.799072265625,335.0665974450739,330.8022422525077,333.22919419234955,66862800
2023-05-26,342.3277893066406,343.1629807974881,334.722698053465,334.82096116751046,63007000
2023-05-30,343.8802795410156,347.76141779152016,342.45553930603324,346.56267972749924,72652200
2023-05-31,341.9249267578125,344.48945306585824,340.4707406387247,342.2983085945595,65105400
2023-06-01,345.8749694824219,347.2014168891278,340.61820647441454,341.6695650731559,50488600
2023-06-02,348.46881103515625,349.6282376581261,345.8748390992629,347.63361965954,53372100
2023-06-05,348.71453857421875,351.26922987957295,347.68285073248705,348.25272887676743,47266200
2023-06-06,348.655517578125,349.6184480290235,346.7788032216218,348.10528017352283,41390400
2023-06-07,342.740478515625,350.8958071324031,342.1116185813994,348.9405001234873,69225900
2023-06-08,346.9949951171875,347.4568047564389,342.809262414588,343.03523458791426,47153900
2023-06-09,348.32147216796875,351.4264005957321,346.87709138014355,348.4492112149935,53196900
2023-06-12,354.2070617675781,354.3053248790228,349.00928201046963,349.9820178466813,44606500
2023-06-13,356.9288024902344,357.76396397203456,353.75508690804236,356.9582784250545,57097800
2023-06-14,359.52276611328125,359.8077201335218,354.1382955769709,356.93859927498477,69525600
2023-06-15,363.8067626953125,365.29042457474895,357.636217766432,358.2552123333636,71138800
2023-06-16,361.5173645019531,366.35162733215435,361.07522551441866,366.2238882960813,80932000
2023-06-20,360.99981689453125,362.3969948610823,358.03824160023504,360.0651120113186,49204700
2023-06-21,356.08026123046875,360.2914331262993,355.1553750173207,359.85850638708854,53378300
2023-06-22,360.2815856933594,360.438986288893,354.4272564085089,354.8306667482636,47603000
2023-06-23,356.71002197265625,359.01238895404134,355.01767999999373,356.385311870061,48922900
2023-06-26,351.9281005859375,358.97296342588555,351.83955148925304,356.1786373877198,52685500
2023-06-27,357.9792175292969,358.70733796883354,352.74479154792726,353.4728819606406,49428100
2023-06-28,358.6778564453125,360.62599693384084,356.080295758173,356.15902609665824,46498000
2023-06-29,357.95953369140625,359.02218292164616,356.3164059384481,358.38261161325084,46151000
2023-06-30,363.4793701171875,364.5321406265844,361.32458510548383,361.6394163650322,58712500
2023-07-03,364.33538818359375,364.965080752573,363.0366078498649,364.11892479463893,19432900
2023-07-05,364.3255310058594,366.0277217083489,362.73158700877076,362.77095217680977,34460900
2023-07-06,361.5509033203125,361.9936789251152,358.6581787702323,360.6161981933694,49374700
2023-07-07,360.3504638671875,364.5223006013329,360.1241817275953,361.32456403843355,47133700
2023-07-10,360.468505859375,361.1474122875821,357.5659631843357,360.0749443133993,48498800
2023-07-11,362.2494201660156,362.7020144344407,358.75649019433894,360.89160733391975,38214100
2023-07-12,366.82464599609375,368.17261006456084,364.34515118816057,366.35235412152997,61975400
2023-07-13,373.0528564453125,373.8793447436065,369.4221931900927,370.0027017557936,46960000
2023-07-14,372.97418212890625,376.70321351551775,372.09847980698714,373.4858091986902,55148500
2023-07-17,376.45721435546875,377.3329166322363,373.21029383715927,373.6924045131907,40868900
2023-07-18,379.536865234375,380.90452691232883,373.88918038140724,375.8176530095486,55262000
2023-07-19,379.4483642578125,381.74091239064427,378.12006757474666,380.5995627236231,54093000
2023-07-20,370.70135498046875,377.92331728400615,369.67807074965657,376.45725746507355,71941700
2023-07-21,369.58953857421875,373.81055994627815,369.1566117654522,373.0824393896282,60499600
2023-07-24,370.17987060546875,371.508137285771,368.32024921012385,370.56358341647297,40380100
2023-07-25,372.6887512207031,374.35157634736623,370.8684954873172,370.88819307991884,38894400
2023-07-26,371.4490661621094,373.14140793425514,369.14669945351966,371.6458619601726,47075700
2023-07-27,370.56353759765625,378.52343803042015,369.27460621894454,376.9098266210042,63940200
2023-07-28,377.313232421875,378.3364864635538,374.1056471836481,374.6172742044875,56902900
2023-07-31,377.510009765625,378.69072449832686,376.19156199597427,377.61825646242045,44019900
2023-08-01,376.6343078613281,377.3919145719304,374.56807225526126,376.1620160000835,41060600
2023-08-02,368.3695068359375,373.1611883162685,367.12975909211053,373.1611883162685,72687100
2023-08-03,367.779052734375,369.90432115405747,365.79151734625674,365.9587967704652,47666400
2023-08-04,366.0572204589844,372.0197669898347,365.55541217782184,369.70755141474365,61702800
2023-08-07,369.15655517578125,369.2549530766585,365.53574062735606,367.86762374671235,37230400
2023-08-08,366.0178527832031,366.6672428994244,362.8889976997199,366.64757532989904,44726500
2023-08-09,361.9936218261719,366.4606222337156,361.23601504991956,366.3031915996586,51150900
2023-08-10,362.66265869140625,368.3398598555968,361.137596428398,365.0043904450485,72035300
2023-08-11,360.3504638671875,362.0821708144487,358.82540151714943,360.10448413157985,48707200
2023-08-14,364.39434814453125,364.5124136009575,358.83521270778294,359.5534542433158,42130800
2023-08-15,360.527587890625,364.21728388168873,359.8585001971934,363.42028192294197,45539900
2023-08-16,356.71002197265625,361.52137052909745,356.611624061966,359.98645920817404,53190500
2023-08-17,352.81365966796875,358.45152631342546,352.40043050549747,358.10714866014956,62604300
2023-08-18,352.37091064453125,353.6303257433368,349.0058945064905,349.54706796393924,61191400
2023-08-21,358.0480651855469,358.72697159737027,353.37445062617115,353.8368936889085,50696500
2023-08-22,357.5365295410156,360.6653850916432,356.8477741560873,360.65553629199826,44530200
2023-08-23,363.1742858886719,364.26645146695137,358.5006711764388,358.7171345326046,51770600
2023-08-24,355.4111633300781,366.7458975171732,355.20454878191777,366.64752965497684,66842500
2023-08-25,358.1661682128906,359.85851002139935,352.8136466802501,356.24754426125236,69960500
2023-08-28,360.862060546875,361.79676536967435,358.39241480606745,361.0883426486006,40910000
2023-08-29,368.7432556152344,369.0974820142303,360.34061027809554,360.6652902859232,58492400
2023-08-30,370.7996826171875,371.38022122369233,367.8479257549835,368.8515423053,41731500
2023-08-31,371.9114990234375,373.6136895466663,370.8095146489998,370.8783961791077,35730700
2023-09-01,371.51800537109375,374.70589361223153,370.03227793748385,374.28281561021936,39801200
2023-09-05,371.9903259277344,373.2103760837808,369.78632657983223,370.7112129971029,32344200
2023-09-06,368.7137756347656,371.5573157971025,366.70660260739953,371.2129381611802,42998700
2023-09-07,366.0768737792969,366.85417813956576,363.2136660969296,364.2566177579788,52060700
2023-09-08,366.5885009765625,368.82201616025327,365.6242796443045,366.0276900079968,35800100
2023-09-11,370.9079284667969,371.4195555120843,367.65115913843493,369.618997042065,39936600
2023-09-12,366.795166015625,370.88827258740463,366.5098211030943,369.23526587586855,41391000
2023-09-13,368.1922912597656,369.79608390633206,365.899773384144,367.0312741386667,46300700
2023-09-14,371.203125,372.18704403891024,367.87750387101744,369.943709831268,48039400
2023-09-15,364.8470153808594,370.26841887845524,363.9122802858166,369.8650084704276,69811200
2023-09-18,365.2273254394531,366.3407681012067,363.6212111624308,363.9069691189676,36903500
2023-09-19,364.4488525390625,365.24697805528723,361.4238419640805,363.9069258548111,37621700
2023-09-20,359.1970520019531,365.8678152619394,359.11820769924856,365.5131061106414,45514200
2023-09-21,352.6148681640625,356.30007181454954,352.44737667602703,355.511779290519,69734800
2023-09-22,352.6642150878906,356.49718479026586,352.3488980230887,354.359006723338,51589700
2023-09-25,354.3392333984375,354.42794074320403,350.7131778472453,351.6985209907401,39168000
2023-09-26,349.0184020996094,352.2996117540498,348.03305891189785,351.75765495863584,53657700
2023-09-27,349.83624267578125,351.7478108048631,346.21015700673,350.17125574053034,56066000
2023-09-28,352.7627258300781,354.89107073347196,348.0626195587254,348.91986332461573,56453300
2023-09-29,353.0188903808594,357.6303193180829,351.7872114054841,356.2409818254251,64829600
2023-10-02,355.9651184082031,357.3642890085675,352.6740755034777,353.2849835180275,51625100
2023-10-03,349.718017578125,355.7187539856784,348.1020403157793,353.52142785074375,60478500
2023-10-04,354.4772033691406,355.3245840567301,350.0924142597397,350.55552674978816,54786700
2023-10-05,353.4327392578125,354.87133184681437,349.934783079885,354.46733754416096,45897400
2023-10-06,359.3546447753906,360.5469015205701,349.64900911351157,350.4372715745606,75049100
2023-10-09,361.1874694824219,361.72939631707834,355.4921859091727,356.98989703189676,45304800
2023-10-10,363.1876220703125,365.83819750579465,361.01988521817543,361.522389768607,46968800
2023-10-11,365.77911376953125,365.9663313882023,362.7935249958405,364.51787564233524,38215100
2023-10-12,364.5080261230469,368.2621815500544,362.1136492104433,366.2816620389047,49587900
2023-10-13,359.9261474609375,365.71997003976674,358.5269469460031,365.1386211851273,52469900
2023-10-16,363.9956359863281,365.0499604297053,361.0987245658137,361.2465200321077,44201100
2023-10-17,362.80340576171875,364.49819739696323,358.3299388750343,360.44842090151735,50999100
2023-10-18,358.0440979003906,362.5175637499922,356.71387877391214,360.3104049489089,54280500
2023-10-19,354.6940002441406,360.6553146993433,353.89587464125333,359.4630578223605,72274200
2023-10-20,349.4026794433594,354.76294846899185,349.17603969846044,354.19143261499835,72559700
2023-10-23,350.45703125,353.99440975051044,345.9737016212811,348.08235051550486,60665200
2023-10-24,353.8663330078125,354.6348995548222,350.5752900977818,352.27008172327623,47082100
2023-10-25,345.20513916015625,351.64929222134697,344.6237902703507,351.47193765909213,71190500
2023-10-26,338.6230773925781,344.93913146646247,337.33228009309397,344.0030433163217,78621400
2023-10-27,340.2489318847656,343.7271929333948,339.03694866023227,341.35251169720516,63476700
2023-10-30,344.0819396972656,345.4022962923716,341.37224524969935,342.73199393161184,55298500
2023-10-31,345.7273864746094,346.1018217264424,341.5396775996275,344.1114391570496,47671900
2023-11-01,351.7281494140625,352.289802333435,346.46641959905463,346.56495994688544,58992700
2023-11-02,358.1131286621094,358.3496014034231,355.0191366352463,356.24098262937144,58162400
2023-11-03,362.3205261230469,363.61132326122464,359.1772790267946,359.40391877963543,53280500
2023-11-06,363.7985534667969,364.3602063061445,361.5322761410514,363.08910516190724,38848700
2023-11-07,367.2374572753906,368.10453411405916,363.640930200235,364.84305022033044,50777400
2023-11-08,367.4738464355469,368.31139405797353,365.18784329936346,367.611778828613,35663400
2023-11-09,364.6460266113281,369.30668148673874,364.15335492841075,368.16370964422845,53859400
2023-11-10,372.84405517578125,372.991850652543,365.8382488743715,366.3703426610041,58309800
2023-11-13,371.6813049316406,372.7356293863506,369.74017759934657,371.26747762156936,40733500
2023-11-14,379.6822814941406,380.59867352227815,377.56379963116063,378.08603032361884,67792600
2023-11-15,379.968017578125,382.06680328167243,378.6082392310218,381.57413171070965,54141400
2023-11-16,380.293212890625,380.52968563166974,377.93822825333365,379.1994663227181,45343500
2023-11-17,380.38189697265625,381.3967992648441,378.6575463743563,379.5640452781013,46571900
2023-11-20,385.0130310058594,385.6732242470782,380.39176852820106,380.39176852820106,44429600
2023-11-21,382.7763366699219,383.52520724681364,381.0322897461688,383.30843050457094,43337000
2023-11-22,384.34295654296875,387.3088491230448,383.3379173294895,384.84549118485205,44121000
2023-11-24,383.8010559082031,384.5302002849697,382.805849611046,383.9389883255665,15718800
2023-11-27,383.4660339355469,385.4169942650287,382.58906403651775,383.30837541200384,34139700
2023-11-28,384.4711608886719,385.05250991230025,382.3625114843933,382.71725076085033,35491100
2023-11-29,384.0966491699219,388.36320227393117,383.7517730189987,386.93444253594504,38811700
2023-11-30,383.1310119628906,384.82580359682476,380.16514915622366,384.3626910552762,52834400
2023-12-01,384.2247619628906,384.81597394641676,380.4114882710684,382.0668577687091,40490100
2023-12-04,380.6578063964844,380.93370129993264,377.05144654193924,380.43116662675254,51186900
2023-12-05,381.61358642578125,382.8058433095871,378.5787124502714,378.7560970843749,42933000
2023-12-06,379.4064025878906,384.64843584230624,379.061556510073,384.5498955042343,41994100
2023-12-07,384.70751953125,385.5352041703079,381.2883775917739,382.3821241267949,49593500
2023-12-08,386.4221496582031,386.86553616352387,382.7862299630963,382.9734476221079,46687500
2023-12-11,389.72296142578125,389.9890233551011,385.7914513797825,385.99836504791654,41198000
2023-12-12,392.8268127441406,392.9450491247109,388.629240812153,389.76237955300553,39221200
2023-12-13,397.82244873046875,398.4333566952143,392.99427312781876,393.76283961093213,55408100
2023-12-14,397.4776611328125,400.3449837671013,394.47234592801004,399.0443534222716,55447800
2023-12-15,399.3990478515625,400.58147183446255,397.6550010435614,398.25604602017006,62896600
2023-12-18,401.9146728515625,402.8131297549099,399.4661600981629,399.7919595715153,46610000
2023-12-19,403.9682922363281,404.0867647706254,402.1812612065287,402.36885276261586,35711900
2023-12-20,397.9654846191406,405.26173067173573,397.78777579004617,403.1686352259005,54042400
2023-12-21,402.5959167480469,402.96124723744623,399.3378015199468,401.8949341636447,45568900
2023-12-22,403.1982727050781,404.76809436475725,401.3223868927144,403.8104010104473,34314000
2023-12-26,405.6665344238281,406.3378989802427,403.9584747640765,404.05721193539733,22722500
2023-12-27,406.4923095703125,406.77878889770113,405.08957679300846,405.94901477517436,31980500
2023-12-28,406.2947692871094,407.8950804007767,405.9391646926511,407.6481227170023,27029200
2023-12-29,404.5364074707031,406.6306338260502,402.62001354809854,406.2749991067649,42662100
2024-01-02,397.6907653808594,401.14817289593526,395.3693571629253,400.901215216287,58026900
2024-01-03,393.4825744628906,396.12009559564825,393.04795670596747,395.06310955186376,47002800
2024-01-04,391.4575500488281,394.72726726631595,391.2402260881703,391.61560657896115,39432800
2024-01-05,391.921875,394.6976771724246,390.52902993633074,391.62553781462526,44922800
2024-01-08,400.02203369140625,400.30848287458235,392.99854209536767,393.14671066359654,42473800
2024-01-09,400.8122863769531,401.74084959997214,396.82144210862884,397.01902029717724,39132900
2024-01-10,403.5289001464844,404.53647675566066,400.23943669725816,401.1284784284378,33962800
2024-01-11,404.36846923828125,406.195961909604,399.3206391076395,404.80311712160767,54536200
2024-01-12,404.575927734375,406.24536398225337,403.18308286889186,405.40570188156073,39595000
2024-01-16,404.5364074707031,406.11694258110475,401.879140541304,403.3411407940105,43903000
2024-01-17,402.2545166015625,402.62989707760573,398.0167447545256,401.22719441535935,54386000
2024-01-18,407.9642028808594,408.5470193930794,404.1808244553629,405.5242597758291,59562500
2024-01-19,416.0545349121094,416.2125914446626,409.58425576240296,410.16707226895505,70325100
2024-01-22,416.59783935546875,419.5613313657799,415.9952469706817,418.2573876461551,44880600
2024-01-23,418.3265686035156,418.543892570073,415.4519775602251,417.28932824877285,33003800
2024-01-24,420.64794921875,424.6190480726647,420.1540338505478,422.23837238038595,46948000
2024-01-25,421.16162109375,423.81888806396256,418.820467179713,423.1471402830395,44367200
2024-01-26,418.65252685546875,421.02331450792843,418.0005549754572,419.274865020307,37137000
2024-01-29,422.9396667480469,423.137244927174,418.4549073684011,419.1068791840833,38694700
2024-01-30,420.1243896484375,422.47543156579263,419.21560227550077,421.9025030173065,36739000
2024-01-31,411.895751953125,417.7239468242111,411.7179496692199,415.72853974147705,64010600
2024-02-01,416.74603271484375,417.23994807927374,412.72555441329524,413.6936393802105,51008600
2024-02-02,423.789306640625,425.0043192467827,417.6449977792404,418.64268640073675,59602400
2024-02-05,423.2361145019531,424.38197169096117,419.82808621420355,423.84856476903775,39889200
2024-02-06,422.3865661621094,424.9845659772475,420.0454120005449,424.38197351606397,35846100
2024-02-07,426.73297119140625,427.56274535553325,423.8682682124962,425.1722119616388,37712700
2024-02-08,427.5232849121094,428.28390374796925,426.16996158844313,426.8515370812875,29889900
2024-02-09,431.73138427734375,432.52166690474706,427.86899286829663,428.65924534950017,36943900
2024-02-12,430.0422058105469,433.7959804927143,429.3606002277538,431.6227409321858,33203300
2024-02-13,423.33477783203125,426.0216781826748,420.1539621974179,422.0802438633787,64491700
2024-02-14,427.9480285644531,428.3727885417839,423.6608468287441,426.0118887813397,45092700
2024-02-15,429.2223205566406,429.6866021844067,426.0809960674444,428.6395040700747,38796100
2024-02-16,425.33026123046875,429.6964559347723,424.6190219381849,429.59769698417165,53716500
2024-02-20,422.1197814941406,424.8461734653688,418.346261346787,423.3347938450996,53999500
2024-02-21,420.43060302734375,420.51953431757676,416.49905619784107,419.3835049137998,49779000
2024-02-22,432.739013671875,433.7762238764086,428.4320560275247,429.20256278848717,53887800
2024-02-23,431.46466064453125,435.228292926846,430.486717969249,434.29972972450184,39853900
2024-02-26,431.2374572753906,433.26252819127274,431.0497670405967,432.27469754338847,33043200
2024-02-27,432.27471923828125,432.6599575342669,429.7359871107177,432.34387462219166,33713200
2024-02-28,429.9730224609375,431.35600944379297,429.0148255551466,430.13107897744095,32938800
2024-02-29,433.6576232910156,434.73435500237224,429.7260467420334,432.8970045993775,42495200
2024-03-01,440.187255859375,441.14545291410366,434.4874831573267,434.546750591953,43853000
2024-03-04,438.6165466308594,440.6119838022622,438.36958897271137,440.18719371913676,34325700
2024-03-05,430.7435607910156,435.5839552943135,428.37277316164136,435.5740673406185,57917100
2024-03-06,433.45025634765625,436.61129660971875,431.5733839817126,434.9616361652984,46234500
2024-03-07,440.0291748046875,441.2837088767111,435.4950055955854,437.0360491430509,44526700
2024-03-08,433.6773681640625,443.18032361793377,433.0056506081804,440.38474620894124,72096000
2024-03-11,432.06732177734375,433.32185602240395,430.1410396869711,432.1858566482215,45860000
2024-03-12,438.2610168457031,438.6166214639312,431.1486230191048,434.37884903236153,55300900
2024-03-13,434.8924865722656,437.2830502454642,433.7762330042358,437.2632743369456,37928700
2024-03-14,433.7960205078125,436.65083576827374,431.07948587966774,436.1272866639703,52195200
2024-03-15,428.6395263671875,433.5292704242378,427.47386318721965,430.76335642102964,73069800
2024-03-18,432.7275695800781,436.24889410361027,432.490156226249,433.96399055564586,47323800
2024-03-19,433.8057556152344,434.2113053461235,428.6226579939233,430.71965347253405,43004100
2024-03-20,438.94927978515625,439.28558271537105,433.30131642838063,435.0026331369198,43653500
2024-03-21,441.0264587402344,444.4587649437248,440.82864947457784,444.00377042804644,39345700
2024-03-22,441.53094482421875,442.6288723201985,439.66146154914395,440.5121350002659,28253900
2024-03-25,439.92852783203125,441.4122331500876,437.73264275386543,438.7316504748345,27789200
2024-03-26,438.504150390625,442.37167905062427,438.27663805083887,441.4517588496184,34142000
2024-03-27,439.9977722167969,441.6892181200022,437.1292811248904,441.59029838868184,41359200
2024-03-28,439.18670654296875,440.7990046001888,438.83060154444735,439.94833112698956,36839600
2024-04-01,440.11651611328125,442.66847626757436,438.2074587797039,440.1362879861129,38729000
2024-04-02,436.318115234375,436.63464625203727,433.27158720103864,435.2993055474477,44259700
2024-04-03,437.29742431640625,439.17677836679945,434.18164915574613,434.19151999810595,39949800
2024-04-04,430.61083984375,442.09473456067286,430.38332749747076,441.48144434714544,57267700
2024-04-05,435.6850891113281,438.35577055560805,431.22407246732575,432.0351718909734,54744600
2024-04-08,435.8137512207031,437.6931054101099,434.4289655119857,436.6149497445348,28144900
2024-04-09,437.426025390625,438.42503314049435,432.6880511524698,438.1480760138876,39443600
2024-04-10,433.6079406738281,434.46848495231853,431.54064816251855,432.2528279423145,61502200
2024-04-11,440.5318908691406,441.4814538292868,433.20238290855747,435.4774158620286,45474600
2024-04-12,433.509033203125,437.43590803860127,432.1341485615993,436.30830763057895,53665000
2024-04-15,426.3773498535156,437.3468744561604,425.5365774509986,437.2578557574557,63453600
2024-04-16,426.41693115234375,429.04803897510334,425.0321455051185,426.21909169442733,47619000
2024-04-17,421.2140197753906,428.41493461701685,420.2842287497744,428.39516274759995,56880500
2024-04-18,418.8104248046875,423.5879423660009,418.23670854458396,421.85695293006614,46549400
2024-04-19,410.1455993652344,418.1576140935352,408.58277638390166,417.63337275699286,75231000
2024-04-22,414.2703552246094,416.6047039969206,409.443361955552,412.77674873242034,47807700
2024-04-23,420.4524230957031,421.6492702748659,414.3197623321765,416.1991163771081,44384700
2024-04-24,421.8768005371094,425.06182265057004,419.59189664985104,423.5484443591903,48440300
2024-04-25,419.8392028808594,420.69974722296223,413.5977509572157,414.68577748544476,57392200
2024-04-26,426.3179931640625,427.85114324602824,422.28232799555997,422.9747056964863,41874900
2024-04-29,428.0489501953125,429.0479880228406,425.309052126324,428.42482700907794,30022200
2024-04-30,419.9776306152344,427.86105287563,419.89851294550385,426.4663662313873,43665900
2024-05-01,416.94097900390625,425.4673645155584,416.09033575149846,418.5532769953046,52251700
2024-05-02,422.26251220703125,423.1626303564194,416.0606350688799,420.67988722114075,36559000
2024-05-03,430.7493591308594,431.738496056238,427.9204118275236,429.72064827636785,48515300
2024-05-06,435.467529296875,435.55654799740194,431.7780377160311,432.5495633066614,30227200
2024-05-07,435.5367736816406,437.1688435542686,434.80479183797706,435.9126505391316,30996100
2024-05-08,435.2795715332031,436.684159179944,432.7968283132177,432.9155500947103,24896700
2024-05-09,436.2291259765625,436.8028422580396,433.69693803654405,435.54661913008255,24580100
2024-05-10,437.2577819824219,439.4833396327271,435.7147310930948,437.7325784814677,27116600
2024-05-13,438.2667541503906,439.26579205563456,436.85229566102873,439.16687233072867,22994200
2024-05-14,441.08575439453125,441.61989670459906,437.65344858123603,437.8413869831847,34478300
2024-05-15,447.9801025390625,448.22738676768705,442.04528105207277,443.5586593238126,41464700
2024-05-16,447.0700988769531,449.75065137557704,446.90193232511433,447.7921494818684,34780400
2024-05-17,446.85247802734375,447.80204096189675,444.6565929882727,447.1986517798775,35803700
2024-05-20,449.9682312011719,450.6309359616545,446.88212917453916,447.07006758388434,24474200
2024-05-21,450.8486022949219,451.0365407272053,447.92076542333984,448.1186048845004,23167700
2024-05-22,450.75958251953125,451.857540210049,448.1581475603907,451.1057864827058,25120000
2024-05-23,448.7318420410156,455.57665236835396,446.9415066973637,455.5469794693014,40899200
2024-05-24,452.9752502441406,454.24134425420493,448.6428258419646,450.34414249793184,29669500
2024-05-28,454.6864318847656,454.7457776824367,451.7289222852623,454.19186344679855,26216800
2024-05-29,451.481689453125,453.26212395802764,450.39363272854433,450.5321263962479,29739200
2024-05-30,446.6448059082031,450.69040285295983,445.3193659338159,450.5519091819018,30536800
2024-05-31,445.8138427734375,447.56463424460736,438.24695222110114,446.8722264038195,55941300
2024-06-03,448.2076110839844,450.6309783922545,443.0344141981781,449.6319706436315,32997500
2024-06-04,449.43408203125,450.6309291046102,446.22928846559876,447.9503768344026,23767400
2024-06-05,458.4945983886719,458.5737160540312,449.4736752346723,453.00490099928925,33817400
2024-06-06,458.3363342285156,459.4936376169888,457.16915999813136,459.17710658249314,21966800
2024-06-07,457.9308166503906,460.6806160602475,456.8229881379394,457.97039057899616,25829700
2024-06-10,459.7804870605469,460.1365920375163,456.5163473996493,456.8032055496993,20660800
2024-06-11,462.935791015625,463.0545127870807,457.0108712848029,458.50447750184526,22053300
2024-06-12,468.999267578125,471.3237453921932,466.17035045815595,466.862728194943,34532600
2024-06-13,471.5413818359375,473.1932538727348,469.26637885866535,472.53051881493667,25859000
2024-06-14,473.9845275878906,474.0537744176001,470.8786231404357,471.3435187046706,23372600
2024-06-17,479.7907409667969,481.5711753074278,472.94593054199913,474.25156830496593,37054500
2024-06-18,479.9390869140625,480.6215937616727,478.1784245124455,479.7412776538949,24438600
2024-06-20,476.2397155761719,481.55137557735753,474.40980638490623,481.1359550087394,33918700
2024-06-21,474.9637451171875,477.2981238769037,473.4701689381695,475.96278303672466,37456800
2024-06-24,469.55645751953125,475.47099181592733,469.41777397286,473.73725096126896,37751000
2024-06-25,474.9261169433594,475.2233175695722,470.70568664689,471.64687235329933,29014700
2024-06-26,475.90692138671875,476.45182952740066,473.6877426969305,474.10382358424476,22737100
2024-06-27,477.1353759765625,478.611553035427,474.84684046619515,475.65922915173917,26222100
2024-06-28,474.6585693359375,482.67343166507135,474.014614539721,477.9279271409459,34881600
2024-07-01,477.4425354003906,478.0072166007963,471.8351183529178,475.57999748371265,24898300
2024-07-02,482.4554748535156,482.5149149741949,475.81771252663776,475.9465095327891,26723600
2024-07-03,486.477783203125,486.6065802178196,481.7025582982194,481.7025582982194,18064900
2024-07-05,491.5502014160156,491.9861158127836,487.02265384242645,487.31988469515403,28495900
2024-07-08,492.71923828125,493.27403293388477,490.8963372463012,491.916766364616,22109400
2024-07-09,493.14520263671875,495.35449456674047,491.6294190927061,494.2349885715734,25614500
2024-07-10,498.2870178222656,498.84181247432565,493.7595004189231,495.0672133936126,28046900
2024-07-11,487.3594665527344,498.6040196443068,486.170633904284,498.3959792217848,49966600
2024-07-12,490.22271728515625,494.97810919327475,487.4685470101791,487.93418152804423,37109400
2024-07-15,491.540283203125,496.3551448499589,489.49942500337625,491.99600089511654,31151400
2024-07-16,491.728515625,493.80901063185854,488.56815140505716,492.99662197224063,25950600
2024-07-17,477.2938537597656,484.2585366703108,477.2245271091295,483.7433788856669,56268800
2024-07-18,475.03509521484375,481.197307007146,471.8450107133488,481.0189866258677,49347400
2024-07-19,470.8245544433594,477.2146398442787,469.53664478511604,474.69823041742177,42042900
2024-07-22,477.83880615234375,478.85923528562404,473.2716216155166,476.6895800024484,40300000
2024-07-23,476.1545715332031,479.92917053758373,475.67905054621997,476.9372401363334,23282500
2024-07-24,459.0747985839844,469.78436179260797,458.2128864838002,469.4178042542807,58818600
2024-07-25,454.0122375488281,463.5924076204099,451.39678130888416,459.4116141087208,59256800
2024-07-26,458.6685791015625,461.60106948166003,455.4982979856442,458.3515449431624,39992100
2024-07-29,459.5899353027344,463.56268838097253,457.3311198139349,461.383116315446,28218500
2024-07-30,453.2791442871094,462.2252464673246,449.93054261059604,461.5218514548279,41317200
2024-07-31,466.6933288574219,468.39734966717026,462.076620963173,463.5230477398301,44552100
2024-08-01,455.38934326171875,471.1316949567563,451.74354107209894,467.3769292797384,56653900
2024-08-02,444.5806884765625,449.35591337831903,440.340454930092,446.7008203668183,66323200
2024-08-05,431.3249816894531,438.1807014186111,419.51574708871345,420.76401989618296,87483500
2024-08-06,435.4463806152344,442.91633588521086,430.52255505334097,433.1677617207585,63164400
2024-08-07,430.73052978515625,444.8283293708516,430.334252242324,442.3416401709685,54929200
2024-08-08,443.906982421875,444.81841775754043,433.08842699644043,436.96210275811563,47890100
2024-08-09,446.22528076171875,447.8599446984154,441.46985903291545,442.5893651317929,33574000
2024-08-12,447.1862487792969,450.1484591172227,444.3825252809175,447.19616554453364,27795000
2024-08-13,458.28216552734375,458.54967631273865,451.4462793308009,451.58499310604867,40084500
2024-08-14,458.4308166503906,460.78867882910635,454.1410294667669,459.203568511929,34733700
2024-08-15,470.01220703125,470.4084846096922,464.02831582443696,464.4047901058715,38280600
2024-08-16,470.61651611328125,471.9836994318874,467.267914706038,468.22890368838864,38383600
2024-08-19,476.7985534667969,476.8381902959791,468.9719576926455,470.7552521973401,23737700
2024-08-20,475.7979736328125,478.4530668293287,474.10383926202763,475.88713382589964,29209300
2024-08-21,478.01708984375,479.86971082600905,474.86664249742586,476.58054970811685,25658800
2024-08-22,470.438232421875,481.0289153501266,469.4078864699155,480.335406871414,37739600
2024-08-23,475.54034423828125,478.25487736174836,470.8641963105765,474.7873956850109,36061500
2024-08-26,470.92364501953125,475.91682719058724,468.8431499287544,474.9954750129997,27452600
2024-08-27,472.3304443359375,473.400396779738,467.32734562030106,469.28896037364865,27510000
2024-08-28,466.9706726074219,472.5879754586852,463.5428280840913,471.86477727035714,37372400
2024-08-29,466.28717041015625,473.48961501926226,465.00914714593944,468.88282353592905,41081500
2024-08-30,471.8450012207031,472.4691527766626,466.1385374963052,470.62644840577417,33466500
2024-09-03,457.51934814453125,468.9323056206166,455.1416524496019,468.8035388395337,44985200
2024-09-04,456.3304748535156,460.1348241601613,453.477258224592,454.40852713775496,32505100
2024-09-05,456.7565002441406,461.0363402813741,453.6852962003829,454.70572529323357,34452400
2024-09-06,444.5212707519531,456.93485462854244,444.0259161994411,456.05310901273066,50624400
2024-09-09,450.23760986328125,451.2283188768992,445.64073576179464,448.8506232910241,32981200
2024-09-10,454.3985900878906,454.9038613489134,448.0283385228492,452.0010610232758,29680300
2024-09-11,464.26611328125,465.0091451377414,447.08722038725296,455.63704512006154,57843000
2024-09-12,468.8233337402344,469.635722410282,462.51252198450715,464.29578616525714,40067800
2024-09-13,470.92364501953125,472.1025912298367,467.86235762577684,468.0902315957997,29111800
2024-09-16,468.8431091308594,469.4573438624681,465.524258227229,468.79358577535754,22585600
2024-09-17,469.0908508300781,473.1626810286975,466.5942747357859,471.8648545022235,30084400
2024-09-18,467.0599060058594,474.3812306191074,466.45555772606247,470.28962738466885,39909200
2024-09-19,478.86907958984375,481.71243976811724,476.0257496456091,478.1260478524707,52782500
2024-09-20,477.9576416015625,479.19602782363893,473.8560919217068,478.0071649568301,34577700
2024-09-23,479.224609375,480.315926835132,477.7959811138323,479.135323893243,24843000
2024-09-24,481.5362243652344,482.48863317779313,476.37731554372175,480.6334085092504,25952600
2024-09-25,481.982666015625,483.93710680870424,480.7326086756926,480.91117964524597,26549900
2024-09-26,485.6037902832031,489.80038938586057,481.96276544725106,489.47297902508933,32020200
2024-09-27,482.9052429199219,486.76453099134613,481.72464010935676,486.625622295268,22851100
2024-09-30,484.21484375,484.55215452746376,479.10552858521237,481.942923506745,30281100
2024-10-01,477.46856689453125,484.1454193353246,473.62913982724353,483.8478010651969,42735400
2024-10-02,478.1432189941406,480.05796717810114,473.9466197241842,476.5657513321326,23744000
2024-10-03,477.7860412597656,480.72265250634194,475.2065719333754,475.95064787695753,25337200
2024-10-04,483.47076416015625,484.0263384101603,478.57971250941176,483.5997421604296,30686600
2024-10-07,478.2919921875,482.72668574042143,477.0716968180428,481.55601359663206,24975100
2024-10-08,485.4350891113281,486.1196413389746,480.02815591476696,480.83175543826064,28272000
2024-10-09,489.2547302246094,489.83016591016013,484.0958218394654,485.1375160516646,24995000
2024-10-10,488.69915771484375,490.5643129343177,485.663330270901,486.972911204982,25750400
2024-10-11,489.4630432128906,490.48493653463544,486.298268176488,486.86374286155046,20644500
2024-10-14,493.5703430175781,494.88982428126036,491.34804603599724,491.8539970558773,26060100
2024-10-15,486.9729309082031,494.5624998251386,484.82005775780306,493.89777863008004,34784500
2024-10-16,487.03240966796875,487.8062474023501,483.718795252719,487.30026609568785,22996800
2024-10-17,487.36968994140625,492.5682902789601,487.31016629452773,492.51869733206945,27210700
2024-10-18,490.5643005371094,491.6556179545978,489.40352876657005,490.15753539620334,25335000
2024-10-21,491.50677490234375,492.31037442782247,487.42922335035456,489.3539020420387,30336500
2024-10-22,492.0425109863281,493.5207623873369,488.0840368199485,488.8380434331737,26685800
2024-10-23,484.5025939941406,490.3460853968548,481.21874099357495,489.6912948818059,39346600
2024-10-24,488.4312744140625,489.1058959697234,485.5740180882913,488.2229113611023,22024900
2024-10-25,491.4075927734375,496.32840643950317,490.52460813834386,491.22902181685464,38762100
2024-10-28,491.4869384765625,494.58228943962433,491.189320221086,494.52276578852906,20477800
2024-10-29,496.2093811035156,497.3899840518489,489.949224432872,491.804448986959,28014100
2024-10-30,492.4592590332031,496.39790249240116,491.97313907393766,495.44549370075856,29756000
2024-10-31,480.0281982421875,488.5404136876197,479.92898206139125,488.4908207354854,41245200
2024-11-01,483.57989501953125,486.8736783677744,481.36752865476586,481.6651469129995,33655800
2024-11-04,482.1711120605469,485.5144882475446,480.42500426672166,482.9747116073583,23291600
2024-11-05,488.3221740722656,488.98689526722075,483.669216537167,483.7585020212901,24353600
2024-11-06,501.5865478515625,502.4100088623021,495.6538016210877,496.6062103649232,43082200
2024-11-07,509.4836120605469,510.26741073728783,504.3247041524069,504.3842278003702,32853100
2024-11-08,510.0790100097656,510.8528175863819,508.3626334733241,508.98766217712193,22924500
2024-11-11,509.7813415527344,511.5075880683992,506.8843925321375,511.2992250032805,24167500
2024-11-12,508.85858154296875,510.5947585805115,505.80292327856444,509.7118345645932,25835300
2024-11-13,508.2038879394531,510.91230509556345,505.9220670734697,508.35272735480186,24567400
2024-11-14,504.6720275878906,508.73961881650786,503.7592810433263,507.8665950790709,28679500
2024-11-15,492.6477355957031,499.3543196021951,490.58414799637626,498.9674158501514,51461100
2024-11-18,496.0704650878906,498.17374520817333,492.80647371552027,494.1954094353085,27080800
2024-11-19,499.4832458496094,499.96939601024445,493.1536355499042,493.4909765905591,24523000
2024-11-20,499.195556640625,499.5031055797306,492.6377521945281,499.18562594048456,29565500
2024-11-21,500.9913024902344,502.95564359753246,493.6298978588017,502.24132948309835,34526700
2024-11-22,501.7948913574219,502.5290365817057,498.8086569561695,500.4357175118036,23826600
2024-11-25,502.58856201171875,507.41018976726633,500.2769794512125,505.87241468402135,26375200
2024-11-26,505.28704833984375,506.11050927210346,503.22349121211295,504.0667529918503,26557100
2024-11-27,501.3087158203125,504.2254957213914,497.9653396767726,504.15607164871835,24957400
2024-11-29,505.71368408203125,506.3089508903919,501.31868278834094,501.9337807222535,15334000
2024-12-02,511.21978759765625,512.18215721545,506.58669211119974,506.97362609834516,25147200
2024-12-03,512.787353515625,513.0651709231122,509.31499924035353,509.890434903682,18597900
2024-12-04,519.1270141601562,519.3849702255201,515.4958889452247,516.2102334764683,26086200
2024-12-05,517.6883544921875,519.9007209183162,517.3014204692249,519.1765063776851,18169600
2024-12-06,522.3214111328125,522.5595057281002,518.2240284052577,518.3530064032137,23762600
2024-12-09,518.25390625,522.1925195302961,517.1030347782992,521.398850563676,20674400
2024-12-10,516.4879150390625,521.2301883413037,515.0592867380795,519.4840803564292,24350000
2024-12-11,525.7342529296875,526.4188051823884,520.4463971119644,520.8531319621538,32168600
2024-12-12,522.3413696289062,524.7819607903772,521.8651803498141,523.5120419753823,23577500
2024-12-13,526.3395385742188,528.9586400198303,523.1350101576185,526.2700842159519,28780400
2024-12-16,533.9191284179688,534.8914288475645,528.7899817598816,528.8693668170654,31979900
2024-12-17,531.5678100585938,533.234532805748,529.911018011913,532.1233843076452,28579100
2024-12-18,512.3905029296875,532.6393233284896,510.942073860317,530.9230075449514,54703200
2024-12-19,510.108642578125,517.6387171158508,509.77136208940215,517.0732121815271,46441800
2024-12-20,514.563232421875,520.674610325421,505.2672783831969,506.4081888202465,60530000
2024-12-23,519.5764770507812,519.9540883119314,512.8789414988543,516.2773821985058,29672800
2024-12-24,526.6217651367188,526.7111642557666,520.8880913793857,521.5240745288673,17558200
2024-12-26,526.2639770507812,527.8936610974116,522.994722895012,524.9920714258506,19090500
2024-12-27,519.2683715820312,523.1338828752066,514.5979649367405,522.6966520264838,33839600
2024-12-30,512.3621826171875,516.0885615458353,508.6059938701245,512.262836772703,34584000
2024-12-31,508.0097961425781,514.3992562583705,507.0459049159329,513.644094410772,29117000
2025-01-02,507.0160827636719,513.3857099460889,502.52453474139946,511.06042287109295,36389800
2025-01-03,515.3134765625,516.3767439002675,509.3015977009679,510.11637914045036,29059500
2025-01-06,521.2359619140625,524.5946765405293,518.7418230577623,520.719278575862,36109700
2025-01-07,511.93487548828125,522.67678090554,510.0468799728483,522.2793368947259,36690300
2025-01-08,512.0243530273438,513.6639233488847,507.35394602071244,511.83554740418106,30777800
2025-01-10,503.9952087402344,508.3575403275065,500.7458174123479,508.25819448854884,40532500
2025-01-13,502.37548828125,502.83258226211484,496.5524148250259,498.04296636403393,31694200
2025-01-14,501.8985290527344,506.9465475304781,498.4305219813621,505.5354786511669,33737200
2025-01-15,513.4453125,514.5880322454942,508.2382987029594,509.79844685715614,34957600
2025-01-16,509.84814453125,515.7904573182853,509.71895854451463,515.7109442532102,28229000
2025-01-17,518.45361328125,520.7689538758897,509.8779677530645,519.5566069696355,51837900
2025-01-21,521.4942626953125,522.6568758608805,516.7841297495139,521.1762711033113,23628000
2025-01-22,528.1620483398438,530.4574953112844,525.926221004647,526.2342659003573,33593000
2025-01-23,529.2849731445312,529.4042124255304,525.1213630726537,525.7076127624492,23096600
2025-01-24,526.2938842773438,530.427653898665,524.8232261530454,529.6625453438141,19878300
2025-01-27,510.97100830078125,514.7271665075501,506.936554378914,507.7812062861425,60771700
2025-01-28,518.5231323242188,519.7056389765987,508.5563122008364,511.9746158466005,33194200
2025-01-29,517.5493774414062,519.2983011374322,513.6441392716389,519.169115138246,26649000
2025-01-30,519.7553100585938,522.7860860608997,514.9458310521527,520.4111867008249,27431300
2025-01-31,519.0000610351562,528.1719622881295,517.9070142215932,523.6009014071057,38755200
2025-02-03,514.846435546875,517.5691667149378,507.8309085723365,510.2356481268789,40580800
2025-02-04,521.1663208007812,521.8023039804046,514.9656364261884,515.3631410761267,26046800
2025-02-05,523.5313720703125,523.6903982021383,517.3406339590531,518.533087344952,21134100
2025-02-06,526.2639770507812,526.472676075882,522.4283060989018,524.038096719135,19434500
2025-02-07,519.6261596679688,528.7483284429109,518.9007772767695,526.8007131129621,29605500
2025-02-10,525.916259765625,527.0192533310259,523.432007239571,523.8990176021349,20852800
2025-02-11,524.6642456054688,526.5820814924964,522.5178778686476,522.6470638665404,19325500
2025-02-12,524.9722290039062,525.8566374548477,518.6622518801204,519.0100229717194,25009400
2025-02-13,532.5243530273438,532.8422839525621,525.856597948036,526.6415998490472,28714800
2025-02-14,534.7601928710938,535.4458489556581,532.2957732617084,532.6336582725096,17862600
2025-02-18,535.9724731445312,536.5985095911096,532.6634320198589,536.3301909280925,20565000
2025-02-19,536.12158203125,537.4034344848549,533.0808594023651,535.1775539526902,19666900
2025-02-20,533.845947265625,535.7041632085364,529.106034929491,535.3364987054381,26550800
2025-02-21,522.7662353515625,535.0086388627485,522.3985708362279,534.9887454346671,47093800
2025-02-24,516.5953369140625,525.7373982954535,516.2575125365582,524.5548916727963,39268400
2025-02-25,510.08660888671875,516.048814936847,506.2310441222468,515.9693018739836,48940000
2025-02-26,511.31878662109375,516.3866374854662,508.1488779896471,512.2827081341442,34457600
2025-02-27,497.1188049316406,515.8004025498751,496.90018949133594,514.866321152696,52448000
2025-02-28,504.96905517578125,505.5751982352111,493.7998352114138,496.9796905709141,47654000
2025-03-03,493.9190673828125,509.80833658708485,490.4709237175102,508.29792199196845,44587200
2025-03-04,492.42852783203125,500.5669416036149,484.6677252997208,491.0671622880661,67875400
2025-03-05,498.8478698730469,500.45766070927147,488.1655836699512,493.0744692441924,46323700
2025-03-06,485.1248474121094,495.43943846939203,483.1374453830968,490.58025627763743,57574300
2025-03-07,488.6922302246094,490.172835031535,477.5031471015196,484.0913896771833,54714700
2025-03-10,469.7523193359375,480.9215096966139,465.7079486891979,480.4047960555825,76668000
2025-03-11,468.62939453125,475.7939702022416,464.0683106107926,469.37467027626616,68760800
2025-03-12,473.9158935546875,478.0297999193566,468.8182025802525,476.1417740872487,46971100
2025-03-13,465.3899230957031,473.2799114684233,463.4919505450515,473.2501016514119,46563300
2025-03-14,476.6386413574219,477.5329662224829,470.13982810737366,470.7460015069771,43563000
2025-03-17,479.72900390625,482.77967314656735,474.7903088976975,476.5889052181335,41744400
2025-03-18,471.5509033203125,476.5889445811857,469.4343152382102,476.3902225670012,39072300
2025-03-19,477.86090087890625,482.27290553437547,471.8788012950444,473.80658371122826,40430300
2025-03-20,476.2411804199219,481.4978372007988,473.18056416842603,473.87616704158864,36780500
2025-03-21,477.8111877441406,478.5763266010879,469.93114605028205,471.0937592442753,42234900
2025-03-24,488.29644775390625,489.1423592971704,482.0665930507614,485.39050030859886,34567200
2025-03-25,491.08294677734375,491.2421796862816,488.05761261924056,489.022941249908,26035200
2025-03-26,482.04669189453125,490.7843964317407,480.49420901971564,489.92852335581483,34627100
2025-03-27,479.29998779296875,484.2360865180512,477.9365920668743,480.08619079487124,33469800
2025-03-28,466.6810607910156,478.20526514414263,465.79533345257164,477.4986938052008,46363800
2025-03-31,466.6611633300781,467.5966072840796,455.12696717610356,459.6948832614754,53000300
2025-04-01,470.4229736328125,471.3484864500327,462.18286035410387,465.04896162318204,41156200
2025-04-02,473.8563232421875,477.24990051464846,463.6158828815237,463.87464014945493,49894500
2025-04-03,448.4891052246094,457.8537794541511,447.9716210778618,454.24126086225453,70456300
2025-04-04,420.6339416503906,438.2486595831719,420.6339416503906,436.0294213013578,117088400
2025-04-07,421.6490478515625,441.0053675205171,400.4516641030583,406.6914499899583,161557000
2025-04-08,414.0557556152344,441.0053229949478,407.8159703583268,436.04930169029,101248100
2025-04-09,463.75518798828125,465.5763591617514,413.4287861573546,413.5681263281856,142876900
2025-04-10,444.03070068359375,453.3953754518723,430.5459844866977,451.3751553721857,108384100
2025-04-11,452.2110900878906,453.5944088551687,439.2040426870755,442.50805710466096,52483800
2025-04-14,455.2762756347656,462.80978696729005,450.4496325846052,462.2226327115798,43941200
2025-04-15,455.7838439941406,460.15271186095026,453.9527109525871,456.3312128563289,35404200
2025-04-16,442.0403137207031,450.43965945558847,435.6512567922465,446.8669566467618,48980600
2025-04-17,441.9607238769531,445.59313532137156,439.2339021288606,445.0159426129849,44837000
2025-04-21,431.02362060546875,436.9648633110088,425.86858083880827,436.1189822025886,44149300
2025-04-22,442.3388977050781,445.42394033849905,435.51192735142513,436.70615895638065,52304400
2025-04-23,452.37030029296875,461.1478200555359,450.698400444071,455.9629260663685,55801100
2025-04-24,465.0987243652344,465.4072286279397,453.6341981671536,454.28109133466916,45956100
2025-04-25,470.28363037109375,470.81107609503925,463.1481859616907,464.72056158591084,38697100
2025-04-28,470.1343688964844,472.5228018406058,463.7850969803822,470.75137745023704,33550800
2025-04-29,473.23931884765625,474.1250461983433,467.32793004665405,467.9051531308386,30613100
2025-04-30,473.1795959472656,474.90127322951986,460.2024029412006,464.87977453427817,46810600
2025-05-01,479.35968017578125,484.83318599096134,478.4242058431775,481.08135748377987,43316500
2025-05-02,486.4752197265625,488.54521706431206,482.49448832227375,484.1962728644179,39218100
2025-05-05,483.5892028808594,486.6742758401759,481.768031598775,482.26562303187217,28309500
2025-05-06,479.0909729003906,482.7134226320738,475.88648295246287,477.24987857899583,32786300
2025-05-07,480.9718933105469,483.4598506116992,474.4833116025476,479.7577689327616,38006300
2025-05-08,485.9378662109375,490.32662643958486,481.8377175267332,486.1767003880921,39577600
2025-05-09,485.6194152832031,489.17222563016486,483.8579524315384,487.8486153265174,27767400
2025-05-12,505.40362548828125,505.44344130675324,499.0643154796623,504.5477524292731,45090600
2025-05-13,513.1063842773438,514.8977013705513,505.97090943590337,506.707335072133,53269600
2025-05-14,516.1814575195312,516.7287959644325,513.2655789214306,514.2806849131285,47014500
2025-05-15,516.7487182617188,519.4158011315517,512.6883550423395,514.0318883953613,50153300
2025-05-16,518.997802734375,519.1868899000237,514.6090124784221,518.1518608917828,48394600
2025-05-19,519.4954223632812,520.0129368955124,511.76283198638407,511.76283198638407,52536200
2025-05-20,517.7637939453125,518.4205878915068,514.171137741155,516.967599082951,42517600
2025-05-21,510.5686340332031,520.4806779894516,508.77731688816084,513.7831162356644,71292800
2025-05-22,511.5239562988281,515.2161063326972,509.83213340019597,511.1855674226468,55607200
2025-05-23,506.78692626953125,509.37440786318274,503.14455323986806,503.74166904926017,58368100
2025-05-27,518.7091674804688,519.1968580915909,512.1111611741854,513.6636439652767,47226300
2025-05-28,516.4102783203125,521.1573196978349,515.8928245699911,519.6645455027536,46637200
2025-05-29,517.4254150390625,523.943850597734,514.8280023627366,523.7946096140164,58513300
2025-05-30,516.609375,518.1718194248762,509.46396914496165,516.937802360934,67662800
2025-06-02,520.689697265625,520.9285314569356,513.4845216279213,514.7484234216115,44762800
2025-06-03,524.7598876953125,526.192953382638,520.172109482974,521.0379136751978,44070300
2025-06-04,526.2228393554688,527.2876922621837,523.4362788655679,525.4664906934179,41359300
2025-06-05,522.261962890625,530.4821825867151,520.1422186545674,527.6260127928042,61031200
2025-06-06,527.3672485351562,529.2381970448477,525.6655248338539,527.446880166096,42467000
2025-06-09,528.1435546875,529.7855699578893,526.4616932284755,527.5862547168781,33688700
2025-06-10,531.63671875,532.3233974321485,526.3423380359699,528.6113236327552,40664800
2025-06-11,529.8453369140625,534.1943423631835,527.5564282374158,533.0398961060292,53701000
2025-06-12,531.0892944335938,532.0646150066514,528.2829320298816,528.5317277617894,34104900
2025-06-13,524.4215698242188,529.3078908293887,523.1974536303323,525.1380723113464,55814400
2025-06-16,531.7161865234375,532.7910009351023,527.894718657064,527.9444656479175,37622100
2025-06-17,526.5314331054688,530.7609608109505,525.3670252740969,529.1487692272117,42180900
2025-06-18,526.4417724609375,529.9846210200801,524.8594657253662,527.5464108599048,43983500
2025-06-20,524.292236328125,530.989797962704,522.3516174800588,529.6960723110417,61643500
2025-06-23,529.6832275390625,530.2012624901581,521.7128229011945,524.8611059770333,50666100
2025-06-24,537.783203125,538.6997827118523,534.2861780549605,534.90387960364,45442000
2025-06-25,539.157958984375,541.3000294115662,537.3845756916884,540.0546537700266,44804200
2025-06-26,544.1992797851562,544.6476272131085,539.5167156535897,541.339901952907,43811400
2025-06-27,546.0623779296875,547.9553124291843,542.5254624415982,545.2354314727291,57577100
2025-06-30,549.5992431640625,550.7549250315776,546.9789678853869,549.2206440950201,45548700
2025-07-01,544.9664306640625,548.6727003482655,542.6450333450836,547.6962844543337,56166700
2025-07-02,548.7623291015625,548.9616013728256,544.099649838931,544.1394799694398,36538300
2025-07-03,554.1622924804688,555.1387084222483,551.1335605372531,551.1335605372531,26443500
2025-07-07,549.9878540039062,552.2893059767699,547.5469053516296,551.4723321808171,45349300
2025-07-08,550.2966918945312,551.9604968449189,549.0612280892235,551.3328226115977,36153300
2025-07-09,554.1921997070312,555.5670993773455,551.0538285444961,552.4287282148103,43045500
2025-07-10,553.3952026367188,555.2383344969288,550.7051787469096,554.8298779906593,34710900
2025-07-11,552.1497802734375,553.733864104168,550.0077097543851,551.2530854493318,39618600
2025-07-14,554.1524047851562,554.8896575344722,549.5893307950605,551.9405857278426,36453300
2025-07-15,554.660400390625,558.7253235687808,554.6006247913591,558.177370440617,43277700
2025-07-16,555.2283325195312,558.1375740177878,549.519549612121,555.2184205935204,52314700
2025-07-17,559.7216186523438,560.229741645841,555.1486333295833,555.9556343165032,40423800
2025-07-18,559.1836547851562,562.6407884950407,557.9083608963978,561.0367592084838,50484700
2025-07-21,562.0828857421875,563.9659084478778,559.9807060956166,560.0106243017523,39595200
2025-07-22,559.1737060546875,562.2622135594852,556.5434579032301,562.212410691865,43270600
2025-07-23,561.7242431640625,561.7640732969975,557.5099110527195,560.2597104593184,40215300
2025-07-24,562.9197387695312,564.1451688896942,561.2060703387892,563.0392899612859,42275500
2025-07-25,564.2747192382812,565.5998159531918,562.1825124752501,562.8400440606903,30630800
2025-07-28,566.0382690429688,566.9349031473512,564.7729477514129,565.639724456999,31498700
2025-07-29,565.1614990234375,569.9935327032099,564.434219030358,568.6485511909246,45463300
2025-07-30,565.9186401367188,568.508997161805,562.9595959750744,566.0780214636062,43433800
2025-07-31,562.9197387695312,572.5041444344463,561.7839416385068,572.4144506359528,64613600
2025-08-01,551.8309936523438,556.951993446216,549.6391201209816,556.7626938955674,69400800
2025-08-04,562.0131225585938,562.2323403030458,556.8822111512052,556.9818168836358,47669800
2025-08-05,558.1973266601562,564.4640352064246,557.6592854470431,563.2983805936119,48666600
2025-08-06,565.2212524414062,565.6596271290572,558.5559991276681,559.0342039471559,41823700
2025-08-07,567.1340942382812,571.1990173575662,563.0193682552224,569.5550971875249,44463000
2025-08-08,572.4244995117188,572.6437172653317,568.0408133424522,568.3396913615944,35255500
2025-08-11,570.730712890625,574.6661119984625,569.4554798808987,572.5639325532171,33112900
2025-08-12,577.9041137695312,578.2029917684722,570.372084149425,573.0321895540377,42143300
2025-08-13,578.193115234375,581.1620715545174,576.7982700747931,580.6041456525571,41209300
2025-08-14,577.7447509765625,579.7273793774012,575.7720345015408,576.1407216563158,45425000
2025-08-15,575.2042236328125,577.6949751695009,573.4407520858407,577.6550842269212,49480200
2025-08-18,574.9750366210938,575.6326290840033,573.1119593251236,574.3075322318431,29831000
2025-08-19,567.1740112304688,574.4270476767487,566.1477924665415,574.2576936083949,53752600
2025-08-20,563.8065185546875,566.3470728538312,556.7726389420532,566.2275216498264,76781100
2025-08-21,561.1962280273438,564.3943140175195,558.9046880126308,562.2622161511607,46436900
2025-08-22,569.85400390625,571.8665505027725,561.186237654488,562.5810219572568,51502100
2025-08-25,568.210205078125,571.1691888777926,567.0544622483576,568.289926158301,34044700
2025-08-26,570.4915771484375,570.8004278507278,566.6956749257416,567.7218935616645,34103000
2025-08-27,571.368408203125,572.2849877073902,568.2599552674767,569.4754735923461,36927100
2025-08-28,574.9451293945312,575.8617088595212,570.3422257905413,571.9860851866184,46787900
2025-08-29,568.2898559570312,572.9027323513419,566.4366907257225,572.5340452045847,56030400
2025-09-02,563.527587890625,563.8762688061983,557.4700627066655,559.2335343759405,65876800
2025-09-03,567.9610595703125,569.585034325084,564.6333889904666,567.1241403555323,54230200
2025-09-04,573.1019287109375,573.4705550386212,566.9249141338813,568.6285491052419,47526300
2025-09-05,573.9288940429688,578.9701724080204,569.4156841594208,578.3424981949754,68342500
2025-09-08,576.728515625,578.6912594012136,575.6326093036281,576.2303653317651,46371400
2025-09-09,578.3624267578125,578.7908286858918,574.9052323196163,577.5255075617649,44007600
2025-09-10,578.5517578125,581.6104078841153,576.4096872460331,581.5804896782814,49308000
2025-09-11,581.9192504882812,582.7162787776647,579.4683292093007,581.0823312583443,44745800
2025-09-12,584.4896850585938,585.6852579441866,581.939157947032,582.8756829463206,50745900
2025-09-15,589.4910888671875,589.6006673309763,586.1136154844122,586.263084887294,44360300
2025-09-16,588.992919921875,590.6666974580144,588.3054701472681,590.417622334017,36942100
2025-09-17,587.8173217773438,589.560847731768,582.2081448420756,588.9132280535239,69384800
2025-09-18,593.11767578125,595.9272507480725,590.7664209781601,592.7091584852494,61069300
2025-09-19,597.1326904296875,597.83011295333,593.6456386208329,595.1202047360832,58196100
2025-09-22,600.667724609375,601.3360027595129,596.1990824942005,596.2190510860968,57154800
2025-09-23,596.6779174804688,601.0367933292055,595.4609900615409,600.8372900448078,64635500
2025-09-24,594.583251953125,598.3736318933126,591.8502333814113,598.0544387994095,49850300
2025-09-25,592.0198364257812,593.6057566967052,587.0026056631178,590.6932034651784,70920200
2025-09-26,594.4535522460938,594.7827296224774,589.5560723046866,592.8376791327265,54337400
2025-09-29,597.20654296875,600.5181027058711,595.8898943349653,597.5855809487724,48332900
2025-09-30,598.8424072265625,599.1815689140329,594.5832523790604,596.9073409482912,46533800
2025-10-01,601.7150268554688,602.2536309055715,594.8226361779185,595.6504804045827,46899600
2025-10-02,604.188720703125,605.6150748101588,601.3958573858611,605.5153536087707,43765400
2025-10-03,601.645263671875,605.7847287787447,599.859840058186,604.9668078782124,46482100
2025-10-06,606.1636962890625,607.8094613156995,604.4280726015548,606.9018036091138,41962100
2025-10-07,602.9718627929688,608.1586438162234,601.4956480641417,607.4703970532165,58209500
2025-10-08,609.8842163085938,610.193425090037,603.7199483921797,603.869530194898,50629800
2025-10-09,609.1461181640625,610.0537759298148,605.9342796270852,609.9241018375851,45551000
2025-10-10,588.0000610351562,611.6198017284072,587.5511938507611,609.8443624637231,97614800
2025-10-13,600.4782104492188,601.415821078074,595.7103438165695,598.1541220292103,65872600
2025-10-14,596.4784545898438,601.1565238344467,588.628483812035,593.7952965646048,69203200
2025-10-15,600.6876831054688,605.1563255984365,594.4137092888615,602.4731675952409,62805500
2025-10-16,598.46337890625,606.7622168482491,593.9848129790577,603.5703467351942,70982000
2025-10-17,602.393310546875,603.9693073296388,594.8525491800316,596.4285459627954,72024900
2025-10-20,609.9839477539062,611.2407514930889,605.5253506485595,605.5951798429426,45761700
2025-10-21,609.8244018554688,611.1609582497778,607.7696457807522,610.0837500489531,44538200
2025-10-22,603.9493408203125,609.8542605281881,598.2139715066553,609.2657958565487,61478800
2025-10-23,609.0264282226562,609.8143961922938,602.9818500103868,603.3708114071275,42844300
2025-10-24,615.52978515625,616.8464337655934,613.5648269782704,614.4226241256162,47632500
2025-10-27,626.4918823242188,626.9506729134798,622.4422152319877,622.930958710038,54098600
2025-10-28,631.3095703125,633.0651018787079,627.648925370604,628.7560864561588,61195700
2025-10-29,634.15234375,635.3891789092543,628.6463695521778,633.9728090539653,67422800
2025-10-30,624.45703125,631.8880872300178,624.3473257513068,630.5614543099158,61628600
2025-10-31,627.4694213867188,632.5863736464859,625.0954721134605,632.5564207552092,66305100
2025-11-03,630.4716796875,634.2021534587442,628.2473125587718,633.4939381480045,37154300
2025-11-04,617.67431640625,625.3547359077402,616.8863484805083,621.6940912807667,63830800
2025-11-05,621.6941528320312,625.0056518350635,615.6395900613109,616.9163015661201,48688500
2025-11-06,610.1136474609375,620.4572571227977,608.7471381645778,620.2078932237561,72115100
2025-11-07,608.1885375976562,608.3980251800011,597.1466973484642,606.7621834660789,81835400
2025-11-10,621.6442260742188,622.7214951546598,615.3203917446493,617.3451949289606,55919900
2025-11-11,619.9884643554688,621.1355017301039,615.9487814833327,618.9910087880348,44868800
2025-11-12,619.4996948242188,623.2700450530867,616.2379957742788,623.2501373408774,47444400
2025-11-13,606.8519897460938,616.5472286099415,604.5378855310528,615.9686873362173,71333600
2025-11-14,607.310791015625,611.7893568378086,595.6505328274214,598.0244819828539,80087300
2025-11-17,602.1240234375,610.9215891749508,598.3436886131177,604.7573208445992,63850400
2025-11-18,594.7926635742188,600.7773963408275,589.8353391548725,598.0942387152705,83327300
2025-11-19,598.3436279296875,604.6176011290698,593.0770945294743,595.5507646962523,73111500
2025-11-20,584.1797485351562,612.4676329241026,583.262106516965,610.0637310644662,117743200
2025-11-21,588.568603515625,595.4609945768989,579.2623261905873,585.9751825584982,103344200
2025-11-24,603.6201782226562,605.1363301511908,593.6456226504143,593.7653733267485,60168100
2025-11-25,607.3407592773438,608.7072685888149,595.8001905964915,601.9744432402352,57560900
2025-11-26,612.70703125,614.6221288317284,608.8368989020178,610.9514997668095,42393600
2025-11-28,617.67431640625,617.7441455966097,613.8540448070679,614.5422915350683,23034400
2025-12-01,615.599609375,617.8638528985133,610.961477711232,612.0686387329198,40957600
2025-12-02,620.4172973632812,622.1628444217793,616.0185455630003,617.8837824065502,54541800
2025-12-03,621.9334716796875,622.6316418245013,616.4574507356939,618.0433708850139,47841600
2025-12-04,621.35498046875,623.3498916256304,617.9636071501104,623.339907329069,47067800
2025-12-05,623.8884887695312,627.3197383563271,622.1230338136666,622.7913119974152,53614200
2025-12-08,622.6915283203125,627.2399228158015,620.1080918729878,625.6140655337878,43462400
2025-12-09,623.4595336914062,624.2774544880871,619.4198511857304,621.4247464351753,37156000
2025-12-10,626.0130615234375,627.6090269272694,619.4099106697121,622.2626189242517,55031400
2025-12-11,623.98828125,624.1877845427603,616.148234091509,622.2327496814814,58272800
2025-12-12,612.0586547851562,621.9533965533452,609.8043955563878,620.497150448988,75158700
2025-12-15,608.9865112304688,616.8464661142882,607.7696446385382,616.7966055109866,49538200
2025-12-16,610.1934204101562,611.9489518835392,605.3657088583533,606.7123103516171,55152800
2025-12-17,598.8822631835938,612.0886258751325,598.7526499708691,611.5001003103562,70654300
2025-12-18,607.5601196289062,611.3704070362718,605.375689596093,608.248366375679,78875800
2025-12-19,615.47998046875,616.0485374798797,610.313167643226,610.392981139488,60369800
2025-12-22,618.4302368164062,620.8671665076671,616.9920478025754,620.5674955378034,43703100
2025-12-23,621.3265380859375,621.6261480926279,617.0020349130734,617.42148892244,41120400
2025-12-24,623.144287109375,623.4938829346665,620.9370481838333,621.2067276835874,18468700
2025-12-26,623.1043090820312,624.7322611929134,622.3552536061636,623.873297918951,28959800
2025-12-29,620.088134765625,621.995763643064,617.9508150333834,619.3190849184411,32458300
2025-12-30,618.64990234375,621.3964390816567,618.4401448660525,619.0594201394988,31226800
2025-12-31,613.536376953125,619.1792861072609,613.2766946262738,618.8696789386981,40746500
2026-01-02,612.347900390625,622.0656280105537,609.381669736326,619.2791633693975,61859200
2026-01-05,617.2117309570312,620.0281869343077,615.9433108116908,618.5400731036631,46828400
2026-01-06,622.6348876953125,623.2341686687002,617.7610283782293,618.4501618747352,43137500
2026-01-07,623.2341918945312,627.1492383750701,621.7760085257346,622.2553845556755,44880300
2026-01-08,619.6885986328125,622.6348958217857,617.0219780933957,622.2454332860368,50435900
2026-01-09,625.86083984375,627.0992684709724,618.280371644388,620.6273877403378,49688700
2026-01-12,626.3801879882812,628.0580650499223,621.4763979710708,621.5263228144307,37388700
2026-01-13,625.4513549804688,628.6772678768714,622.9145755930199,626.4800871429724,44481400
2026-01-14,618.769775390625,622.6648884214621,613.7860691564842,621.4563902550666,72598700
2026-01-15,620.9970092773438,629.206628407055,619.9682771169513,625.8108857116995,53934900
2026-01-16,620.4776611328125,625.2915986535979,618.1006533744517,624.7123119754499,61058100
2026-01-20,607.2942504882812,614.2854351912486,606.2855126563834,609.7611716460692,81988900
2026-01-21,615.50390625,619.6386461402016,607.0944662344775,608.7024240227943,79837900
2026-01-22,619.978271484375,621.6761428244047,617.0020437780021,621.5662350217955,42254800
2026-01-23,621.935791015625,624.612469784726,617.8709699342951,618.949566020391,43645800
2026-01-26,624.67236328125,626.81961915323,621.3365426117721,622.425196766994,35983000
2026-01-27,630.335205078125,631.2440322678261,626.5499998769385,628.1179690883873,38997200
2026-01-28,632.4225463867188,635.7982947738302,631.014348844542,634.6597767228699,50691700
2026-01-29,628.6373291015625,632.8719797654484,617.4914101080947,631.8533057393616,79944000
2026-01-30,621.0868530273438,627.4688205124429,618.5200822009824,624.9220440060533,65650700
2026-02-02,625.3515014648438,627.6985176699922,617.8808797571519,617.9208683974972,49020300
2026-02-03,615.7435913085938,629.1866011443993,610.1905958568021,627.5087242048245,81234000
2026-02-04,604.9871826171875,614.3253838343164,599.7138024298947,614.2455284678144,81850700
2026-02-05,596.2781982421875,604.0483693053457,594.0110373128413,599.4541864003901,89354500
2026-02-06,608.8822631835938,610.6399955270392,598.0159600076653,599.434154665902,78019300
2026-02-09,613.54638671875,615.6837064208919,604.3080353554789,606.7748955946631,56797600
2026-02-10,610.699951171875,616.2430108652889,610.2405694597212,614.5351423104305,53938900
2026-02-11,612.337890625,616.7423712103644,606.9247331463698,615.6037921922693,58575100
2026-02-12,599.8836059570312,615.0344847338599,598.8149461335121,613.9358943887876,81378900
2026-02-13,601.1619873046875,605.7162424752422,595.6689134343201,599.673873409497,69237500
2026-02-17,600.542724609375,603.1894116444834,592.5927882610704,597.626419057608,69013800
2026-02-18,605.027099609375,609.0021290003773,599.9634770047899,601.3517411914925,64250700
2026-02-19,602.7100219726562,605.0570991965415,599.993476524114,602.0508799312083,60960800
2026-02-20,608.0433349609375,609.581373723881,598.4753818004266,599.3642756707148,74127300
2026-02-23,600.652587890625,607.2443127599432,598.2955745850619,605.8460514657053,63859100
2026-02-24,607.1044921875,608.2230768722754,598.9747284234804,601.6414099286677,55023700
2026-02-25,615.9033813476562,616.053216829597,610.2305417280922,610.3004608891118,55710700
2026-02-26,608.4727783203125,614.8148183820397,603.2193924504018,614.8148183820397,96178900
2026-02-27,606.5252075195312,607.5539396831472,601.4316544188312,602.2206376135266,68125200
2026-03-02,607.32421875,609.1518702196468,597.2369017749593,598.1058012495889,75264600
2026-03-03,600.8224487304688,603.1994564784976,591.1246545665933,595.5790600436336,97015500
2026-03-04,609.9808959960938,612.108218610738,602.6701065956436,603.3991678160902,70943900
2026-03-05,608.1431274414062,611.9883154244911,601.5015388569162,606.6350803018902,89602400
2026-03-06,598.9946899414062,605.2368188486739,597.5764953219963,599.5539822531658,86302300
2026-03-09,606.99462890625,608.5027370453225,590.5853272955466,593.4816386137257,93068200
2026-03-10,607.004638671875,612.5176457382476,604.65756151405,607.0146358319374,64078900
2026-03-11,606.9247436523438,611.6587648578186,604.2681201890963,608.1831666985171,60114800
2026-03-12,596.5078735351562,603.3792143506387,596.2981160455262,602.0009473234562,71836600
2026-03-13,592.9722900390625,602.8398528802119,591.8237748266745,598.9747313072235,63145500
2026-03-16,599.6239013671875,603.099499235842,598.3554812666724,599.2843027330098,49077200
2026-03-17,602.5502319335938,605.1369970937805,601.1120429286618,602.3804630878033,47106600
2026-03-18,594.15087890625,602.400426051188,593.8112802396884,600.7325461165636,56128000
2026-03-19,592.273193359375,595.0496606380132,586.3406715242521,588.7676039624899,75597600
2026-03-20,581.3269653320312,590.4254777892629,577.8113788279011,590.3156309505814,91964700
2026-03-23,588.0,595.0800170898438,585.9600219726562,590.52001953125,89936100
2026-03-24,583.97998046875,587.9299926757812,581.9299926757812,584.8099975585938,57750900
2026-03-25,587.8200073242188,591.3699951171875,585.6900024414062,589.1400146484375,60475500
2026-03-26,573.7899780273438,584.6300048828125,573.4299926757812,582.5999755859375,81492100
2026-03-27,562.5800170898438,571.02001953125,561.5700073242188,570.8099975585938,82702200
2026-03-30,558.280029296875,568.0499877929688,555.5999755859375,567.3800048828125,70602600
2026-03-31,577.1799926757812,578.6400146484375,564.2100219726562,564.2899780273438,95317800
