Date,Close,High,Low,Open,Volume
2016-04-04,175.22781372070312,175.92448325116527,174.92196101820605,175.7205771282654,63497000
2016-04-05,173.47769165039062,175.23633527129175,173.2228121935869,173.88549100305198,99662200
2016-04-06,175.3722686767578,175.43174616625078,173.29926815586828,173.4776876606398,91839800
2016-04-07,173.27374267578125,174.64158202679974,172.54309532746632,174.28475606093028,113859000
2016-04-08,173.7410125732422,174.88796331849824,173.20576716362885,174.45466447692402,95040600
2016-04-11,173.33323669433594,175.07489759401867,173.2397813398055,174.3782280486633,83757500
2016-04-12,174.94744873046875,175.22781478977706,173.06135921418053,173.50314933463957,115350600
2016-04-13,176.714599609375,176.79956373697718,175.72907276949485,175.8650101881761,96336400
2016-04-14,176.72312927246094,177.22439699240624,176.37480738642867,176.7741155383348,65212900
2016-04-15,176.5277099609375,176.85904935618856,176.20486179397741,176.72311192128882,75761600
2016-04-18,177.76812744140625,177.80210532039408,175.86504212538503,176.52772095716665,82531000
2016-04-19,178.3288116455078,178.58369106078013,177.51321307308314,178.1928871925741,88316100
2016-04-20,178.49868774414062,179.1953441143822,177.89547373636768,178.3712415918891,81100300
2016-04-21,177.53872680664062,178.62620037826784,177.26685193188004,178.5157495899329,85695000
2016-04-22,177.53872680664062,177.81058871769366,176.6381639704844,177.18190075629803,99251700
2016-04-25,177.23284912109375,177.2753311847621,176.32378222067248,176.9354876391209,66166500
2016-04-26,177.49620056152344,178.00595934297635,177.02043261280969,177.5981471323323,75864200
2016-04-27,177.861572265625,178.25237618749588,176.75710329025068,177.11392933514873,77329400
2016-04-28,176.24729919433594,178.20984841986925,175.8310087305586,177.1053926914196,97216200
2016-04-29,175.2958221435547,175.9754964101699,174.1913530807685,175.6271615660197,142424100
2016-05-02,176.68910217285156,176.86750868073221,175.36374483091808,175.79703074233328,62188000
2016-05-03,175.15139770507812,175.6951345387806,174.4037546973465,175.45725048426755,106422100
2016-05-04,174.17431640625,174.8879813472055,173.67306177677943,174.15733395229546,92243800
2016-05-05,174.140380859375,174.99846168602681,173.71558606056962,174.6416356106753,67619200
2016-05-06,174.77757263183594,174.82005470435467,173.2143308873301,173.3672507919475,89315000
2016-05-09,174.9219512939453,175.3552371968517,174.47166997414908,174.65008944223095,74374900
2016-05-10,177.09693908691406,177.1139345077505,175.55918407576223,175.62715279540032,77472200
2016-05-11,175.440185546875,177.17334196640778,175.440185546875,176.6381095376849,81727000
2016-05-12,175.4912109375,176.28133594015418,174.48019732436455,176.11140766348365,89586300
2016-05-13,173.9619140625,175.7460569180924,173.63907891846603,175.19382901520686,96474600
2016-05-16,175.6781463623047,176.15391449095318,174.07242244626138,174.13189994419704,77486800
2016-05-17,174.0384063720703,175.69510322923796,173.51165209062506,175.4062459236203,114924900
2016-05-18,174.08938598632812,175.27031486213005,173.00191247323167,173.6900778878326,120062100
2016-05-19,173.4861602783203,173.77501757533724,172.27974483456785,173.36721827580124,115430500
2016-05-20,174.58218383789062,175.10043404885363,174.04693820389505,174.09791150928334,104990400
2016-05-23,174.34426879882812,174.8795013740327,174.15735806980203,174.59913528049358,58682600
2016-05-24,176.60415649414062,176.9185134089353,175.13437036157126,175.15985700821594,93537800
2016-05-25,177.8020477294922,178.21835115357214,176.60412370478156,177.2837977377616,76621400
2016-05-26,177.85302734375,178.16738421136841,177.53868343983595,177.93799146228565,55280700
2016-05-27,178.61770629882812,178.62619752713854,177.96351873512137,178.01449203239846,64211200
2016-05-31,178.27784729003906,179.0000035088857,177.7171151410786,178.88955273186752,109879400
2016-06-01,178.64317321777344,178.82157973853978,177.47073565505667,177.66613759427415,69936200
2016-06-02,179.1868896484375,179.2038721012601,177.76807701548483,178.24384496860614,63044700
2016-06-03,178.65164184570312,178.99997657950476,177.4452265624016,178.62615520310342,101757100
2016-06-06,179.5607147216797,179.91754069385723,178.8470498136199,179.00847386468456,64887000
2016-06-07,179.841064453125,180.40179652627143,179.6881445951966,179.71363123818466,60974800
2016-06-08,180.4272918701172,180.55473805490792,179.84957731625556,179.9770105373412,66170900
2016-06-09,180.18096923828125,180.29991126724124,179.42483499052656,179.69669692941702,73786900
2016-06-10,178.4732666015625,179.14443658039636,177.9295168943366,178.8046059770867,113829200
2016-06-13,177.09693908691406,178.72814946710477,177.01198791014727,177.87006868862602,117751200
2016-06-14,176.7486114501953,177.34333453029458,175.7970752639697,176.71463357084795,125059300
2016-06-15,176.50221252441406,177.87005209068462,176.31530180377783,176.74858776686733,109124500
2016-06-16,177.02899169921875,177.19892000064414,174.66713350295012,176.5022502631861,149533100
2016-06-17,176.3696746826172,176.95039366641055,175.71208510180838,176.92477447777986,117055700
2016-06-20,177.50547790527344,179.0085265310742,177.42007193617692,178.33386628724855,82789600
2016-06-21,178.0093536376953,178.419273654042,177.44570547076717,177.88979308996412,72461700
2016-06-22,177.7190399169922,178.91464570207364,177.57384711418698,178.1887338125505,95560500
2016-06-23,180.0333709716797,180.08460935149466,178.71820477564012,179.17936322509908,102731400
2016-06-24,173.5685577392578,180.0675579096648,173.12447001464724,173.90162027493437,333444400
2016-06-27,170.45994567871094,172.16796111424463,169.64862792193355,172.15941269714784,230775800
2016-06-28,173.5343475341797,173.55996672054923,171.75801010286608,172.06545337042272,159382400
2016-06-29,176.48927307128906,176.71984581838962,174.83249568537494,174.93497246186408,137328600
2016-06-30,178.8975372314453,178.9487756107237,176.40383620128068,176.95894904941898,165021900
2016-07-01,179.27330017089844,179.76009082936653,178.73527113388084,178.89753468670352,106055300
2016-07-05,177.9837646484375,178.55594829759565,177.3859618083562,178.4449231161789,109803700
2016-07-06,179.05120849609375,179.1707690201204,176.8307838714622,177.4883732691686,96021500
2016-07-07,178.9402313232422,179.89671577185584,178.1716296100524,179.23059081212514,85593800
2016-07-08,181.60470581054688,181.8523753049966,180.0077158135036,180.23830150772062,133971000
2016-07-11,182.2452392578125,182.8174358882521,181.86093839631639,182.06590493697192,73633900
2016-07-12,183.56893920898438,183.8678470947775,182.2708439503184,183.2102575647061,101275600
2016-07-13,183.54331970214844,183.99594270707593,183.05654212544937,183.98740732191362,87324100
2016-07-14,184.56814575195312,185.03785260793288,184.1753094950419,184.80726687297488,91230900
2016-07-15,184.32049560546875,185.3282185029604,183.87640792347915,185.13180036772673,107155400
2016-07-18,184.8157958984375,184.97805943448904,184.18382555569,184.44003045308074,58725900
2016-07-19,184.6279296875,184.6620842623495,184.1496874528655,184.39734395611424,54345700
2016-07-20,185.39651489257812,185.6356359885821,184.6279132312971,184.6279132312971,58159500
2016-07-21,184.6961669921875,185.5074713410493,184.2520795364805,185.2854341287546,67777300
2016-07-22,185.52464294433594,185.57588132287663,184.55107465869187,184.81581496856785,62787500
2016-07-25,185.02072143554688,185.3708676413711,184.44000258491977,185.31962927585934,55873100
2016-07-26,185.1061553955078,185.46483703945992,184.26068314332773,184.91827267280112,70080500
2016-07-27,184.9097137451172,185.5502193915808,184.1410991506884,185.48189722555685,84083900
2016-07-28,185.12319946289062,185.41355886979855,184.25210821104727,184.71326650254105,65035700
2016-07-29,185.42214965820312,185.7808313323452,184.5766903659838,184.85851447376473,79519400
2016-08-01,185.2684783935547,185.87481671324878,184.81585524297972,185.4819803714156,73311400
2016-08-02,184.08139038085938,185.17451936087704,183.24446635609203,185.0207911752767,92295500
2016-08-03,184.61941528320312,184.67920208910886,183.722717443625,184.02161237977572,53993600
2016-08-04,184.8157958984375,185.13177455425006,182.97113627457105,184.73038992226645,46585500
2016-08-05,186.32737731933594,186.37008030679934,184.81579320588517,184.81579320588517,71892200
2016-08-08,186.21633911132812,186.61772368125366,185.95159886970072,186.51523391946986,39906500
2016-08-09,186.32737731933594,186.82270330544242,186.00286328308303,186.28468736299476,51251700
2016-08-10,185.86618041992188,186.51522138905375,185.51603423885146,186.4383638462196,57941100
2016-08-11,186.72874450683594,186.97641399232035,186.130941831544,186.3956820855218,72504300
2016-08-12,186.5665740966797,186.78007607457377,186.16518933574864,186.4213812843203,61313500
2016-08-15,187.10455322265625,187.4546995246367,186.9252188941168,186.93375428033923,49813500
2016-08-16,186.1395263671875,186.75439993028866,186.1395263671875,186.68609078081792,53213600
2016-08-17,186.48965454101562,186.62629889847904,185.33675198161646,186.17367586661427,75134300
2016-08-18,186.90811157226562,186.94226614398184,186.35301182180146,186.46402395322087,52989300
2016-08-19,186.63487243652344,186.8142198212472,185.95167657179212,186.43845427696948,75443000
2016-08-22,186.62628173828125,186.8568674414081,186.0284790182505,186.3956960351544,61368800
2016-08-23,187.00209045410156,187.54011954222074,186.94230365269942,187.24121159746008,53399200
2016-08-24,186.0456085205078,186.95085472337053,185.62713999813016,186.85691334206635,71728900
2016-08-25,185.91748046875,186.33594894822622,185.5075604065047,185.66127554317524,69224800
2016-08-26,185.56729125976562,187.13012661013562,184.67912915843095,186.10532017594306,122506300
2016-08-29,186.48110961914062,186.7458499037358,185.66125654740873,185.6954241505889,70502200
2016-08-30,186.17373657226562,186.67759814469247,185.6186366068635,186.395773952201,58114500
2016-08-31,185.6442413330078,185.96022008581087,184.86709101711918,185.8406595011454,85269500
2016-09-01,185.65274047851562,185.9430999801453,184.49128944087306,185.63565667514803,97844200
2016-09-02,186.48965454101562,186.9166583847464,185.91747095415118,186.50673834347933,79293900
2016-09-06,187.05331420898438,187.1301717780979,186.0541267171368,186.77149009111085,56702100
2016-09-07,187.03622436523438,187.21557171849793,186.42988618697717,186.89104461788935,76554900
2016-09-08,186.60922241210938,186.97645250829927,186.30177911132483,186.70316378265807,74102900
2016-09-09,182.1427764892578,185.34530563284395,182.11715729859907,185.29406725152649,221589100
2016-09-12,184.75599670410156,185.1573813091356,181.3143471996687,181.3826693697938,168110900
2016-09-13,182.10012817382812,183.73982202396172,181.47670596206262,183.47508162024465,182828800
2016-09-14,182.03173828125,183.35545283875425,181.4766384818725,182.1512988394755,134185500
2016-09-15,183.85076904296875,184.23506988591947,181.6901306934286,181.8694780367378,134427900
2016-09-16,183.1400604248047,183.414729600579,182.4534136792633,183.23447631685872,155236400
2016-09-19,183.17440795898438,184.43614170473515,182.84824157392163,183.79240053228875,80250500
2016-09-20,183.18299865722656,184.18723338147768,183.14867155506735,184.03274177633838,69665300
2016-09-21,185.24298095703125,185.4232211655108,183.2001712812714,183.88683120645484,110284400
2016-09-22,186.41030883789062,186.71072668507645,186.00690967008302,186.25581721153242,76678700
2016-09-23,185.38888549804688,186.15279119157253,185.29446959898425,186.01545659349085,73630900
2016-09-26,183.88677978515625,184.73650958141403,183.68935643514408,184.55626942333606,89827300
2016-09-27,185.02835083007812,185.12275361118702,183.35461361939622,183.723698632497,78494800
2016-09-28,185.94676208496094,186.10126675943127,184.29020794020332,185.25152379220998,87411000
2016-09-29,184.26443481445312,186.1441608060477,183.71510963353947,185.74074869383583,128070600
2016-09-30,185.6549530029297,186.35876986017539,184.84812865424877,185.0970361399101,117202900
2016-10-03,185.20867919921875,185.43183815501885,184.57351634462412,185.24301940592736,83512100
2016-10-04,184.26443481445312,185.54333843582108,183.67220404040896,185.32017958314992,119948100
2016-10-05,185.0799102783203,185.50907112348864,184.82241115182939,184.89107845869026,72816000
2016-10-06,185.20867919921875,185.43183815501885,184.31603027906687,184.85676411368857,62927400
2016-10-07,184.573486328125,185.654980015392,183.84392076610686,185.48331830062003,89788300
2016-10-10,185.5347900390625,185.99827791502386,185.38887694668674,185.5347900390625,51855000
2016-10-11,183.1915740966797,185.1743080081347,182.4620085896904,185.10564070801541,130367400
2016-10-12,183.431884765625,183.95546137949307,182.83104926676788,183.32887728462163,73866100
2016-10-13,182.83108520507812,183.32891332078776,181.2861167527466,182.10151967968795,101357000
2016-10-14,182.925537109375,184.27310861663997,182.8482912909455,183.80960751216045,93346200
2016-10-17,182.29034423828125,183.15724433290873,182.11009094096957,182.89974523544126,58275700
2016-10-18,183.431884765625,183.94686978285756,183.05422122815347,183.8867940911395,76869700
2016-10-19,183.92117309570312,184.23016943203046,183.33752062539025,183.6980141682805,66519200
2016-10-20,183.57786560058594,184.13576951608,182.91695416606842,183.56927400077927,73639800
2016-10-21,183.66363525390625,183.74947264471845,182.6164819513431,183.57781096004106,89089100
2016-10-24,184.44471740722656,184.81380248424253,184.09280242836073,184.5391333016309,60146600
2016-10-25,183.8267059326172,184.5219442212793,183.6636227593367,184.2644451633073,66542300
2016-10-26,183.45770263671875,184.04135516269668,182.7624509909612,183.0027931394268,75705500
2016-10-27,182.96839904785156,184.2129626474341,182.89115325338958,184.17863554887782,77220200
2016-10-28,182.42764282226562,183.62070916360392,181.71524751439193,182.94264095250443,140623200
2016-10-31,182.4362335205078,182.98555874481494,182.27315034350397,182.76238677756908,61272500
2016-11-01,181.11441040039062,182.81389635703093,179.9041870698058,182.76238606690387,122781800
2016-11-02,180.02438354492188,181.19170148659722,179.58663113120068,180.80544627520825,103330800
2016-11-03,179.2003631591797,180.4535183218848,178.92570708738964,180.23893794516417,88939300
2016-11-04,179.0029754638672,180.15312328493232,178.85706236092147,179.31197176920767,109122100
2016-11-07,182.95126342773438,182.98560362970932,179.00299150234346,179.00299150234346,109794900
2016-11-08,183.77523803710938,184.34173343556697,182.29034533837805,182.55642293848587,106772100
2016-11-09,185.7236328125,186.3416254149627,182.25600619902065,182.28175479937755,258429000
2016-11-10,186.1870574951172,187.38012359535333,184.72791388357533,186.51322378481782,172113300
2016-11-11,185.7579345703125,185.99826353882025,184.81378879315955,185.46610840811684,100552700
2016-11-14,185.9038543701172,186.48751981254912,185.15711884076237,186.28151793340604,94580000
2016-11-15,187.35447692871094,187.35447692871094,186.08416436255516,186.2901532075285,91652600
2016-11-16,187.00253295898438,187.2342834707186,186.61629083739328,186.73645534404272,65617700
2016-11-17,187.96385192871094,188.02392763030738,187.04544153003013,187.15702752907129,69797200
2016-11-18,187.5432586669922,188.20416992760926,187.36300537884298,188.03250823700608,86265800
2016-11-21,188.9595184326172,188.9852670360542,187.9724537089983,188.11836682745806,72402600
2016-11-22,189.32862854003906,189.50886878786315,188.59904975459443,189.26853972612997,67429000
2016-11-23,189.4315948486328,189.48309205465273,188.61619186043498,188.81360218249452,56620200
2016-11-25,190.13540649414062,190.16973359584355,189.69765409150062,189.77491298999192,37872300
2016-11-28,189.24276733398438,190.1010890457094,189.13977291960137,189.82643290837134,76572500
2016-11-29,189.61181640625,190.06672577916044,188.976653745513,189.2770715262414,69886700
2016-11-30,189.15695190429688,190.39293732273808,189.09686309511824,190.2298540943395,113291800
2016-12-01,188.461669921875,189.45731297095935,188.1011633438361,189.45731297095935,79040500
2016-12-02,188.55606079101562,189.04531033243993,188.1955673327304,188.5474822909184,74840300
2016-12-05,189.6890411376953,190.0323644801616,189.19121312325697,189.3886233903278,67837800
2016-12-06,190.2899169921875,190.32425719424867,189.39726819284246,189.8779262461013,59877400
2016-12-07,192.77906799316406,192.8391437045344,190.01527094331936,190.13543546301042,110738100
2016-12-08,193.25108337402344,193.72316282546717,192.48717775148606,192.75326842189756,99714400
2016-12-09,194.41844177246094,194.43561187344972,193.43995556729564,193.47429576927317,88005800
2016-12-12,194.19529724121094,194.80471145046042,193.77471486598523,194.32404026579505,102016100
2016-12-13,195.49130249023438,195.98913053789093,194.83898285724317,194.85615295459598,110477500
2016-12-14,193.8777313232422,195.894779684129,193.43997882556818,195.19096262236184,142501800
2016-12-15,194.67593383789062,195.5342554988994,193.88627948139643,194.1180299970146,124972600
2016-12-16,194.29515075683594,195.19307389517814,193.97570417303768,195.1326309338425,156420200
2016-12-19,194.71823120117188,195.14129244989354,194.32971255495227,194.47648568022888,90341100
2016-12-20,195.46932983398438,195.6161161046466,195.02038148255485,195.25348472013317,89838800
2016-12-21,194.9254150390625,195.51250744302163,194.9254150390625,195.33983398151253,67909000
2016-12-22,194.5887451171875,194.8995626941334,194.1915842011451,194.77868992388466,56219100
2016-12-23,194.87367248535156,194.88230155005348,194.44198211565433,194.6319137581081,36697800
2016-12-27,195.35714721679688,195.75429494610862,195.1240307479396,195.1413020500403,42672500
2016-12-28,193.74253845214844,195.63334345996932,193.63030796901234,195.61608533895648,64095000
2016-12-29,193.699462890625,194.16568266616719,193.25913030768334,193.8116934218026,48696100
2016-12-30,192.9915008544922,194.11389848095968,192.30079360942415,194.0275551350218,108998300
2017-01-03,194.46783447265625,194.97722582134307,193.29363643000622,194.29514782809548,91366500
2017-01-04,195.6248016357422,195.77157477463183,194.7873212983205,194.79595036267494,78744400
2017-01-05,195.46932983398438,195.62474516651017,194.6750213959088,195.3570993331971,78379000
2017-01-06,196.1687774658203,196.6349973489693,195.03773743564167,195.58167161110455,71559900
2017-01-09,195.52114868164062,196.04781129974756,195.48660608503067,195.90966726158888,46939700
2017-01-10,195.52114868164062,196.3758869226987,195.1326169275518,195.53840680580504,63771900
2017-01-11,196.07374572753906,196.07374572753906,194.7700325488776,195.43483932065197,74650000
2017-01-12,195.5815887451172,195.77153351403453,194.22608817508836,195.55568838336856,72113200
2017-01-13,196.03062438964844,196.3327997822943,195.71980675705944,195.75433619439323,62717900
2017-01-17,195.33990478515625,195.7974955523788,194.9513860624016,195.3917055249708,61240800
2017-01-18,195.7715606689453,195.81473233589497,195.03768185323028,195.59024493741396,54793300
2017-01-19,195.04635620117188,195.98743809454464,194.61466580889314,195.84929400722058,66608800
2017-01-20,195.7629852294922,196.2551054799215,195.09817826396107,195.72844261681314,129168600
2017-01-23,195.25352478027344,195.8233591595471,194.49375878205151,195.7629293658233,75061600
2017-01-24,196.50547790527344,196.91989700590233,195.357179845442,195.46941039248264,95555300
2017-01-25,198.206298828125,198.206298828125,197.2911042881558,197.45514871677426,84437700
2017-01-26,197.99908447265625,198.327173332776,197.7227963432621,198.05951426712176,59970700
2017-01-27,197.68824768066406,198.22353941160668,197.50693196662186,198.07676629744958,59711100
2017-01-30,196.46224975585938,197.02344185218226,195.47799644095304,196.99754148922224,79737300
2017-01-31,196.44500732421875,196.5054502961024,195.40032406693263,195.9701453099324,75880800
2017-02-01,196.52267456054688,197.36015473939247,195.93558211615368,196.44497347363748,79117700
2017-02-02,196.65220642089844,196.9371236048232,195.83199747125346,196.52269142412754,69657600
2017-02-03,198.00767517089844,198.18899086744995,197.24790931056123,197.55872680883482,80563200
2017-02-06,197.6537322998047,197.99909247550636,197.31701436233536,197.60193156698534,57790100
2017-02-07,197.66233825683594,198.2839732848533,197.47239348860057,198.04222779330667,57931200
2017-02-08,197.92137145996094,198.05087327897783,197.11842065962912,197.66235464778478,51566200
2017-02-09,199.0955810546875,199.39775637450677,197.92138285613618,197.92138285613618,65955200
2017-02-10,199.8812713623047,200.1057587872664,199.11286302687384,199.44095192542116,66015900
2017-02-13,200.96908569335938,201.22810248207932,200.3474506700879,200.37335103154578,55182100
2017-02-14,201.77206420898438,201.7807064473189,200.44246374570403,200.78781075134617,71109000
2017-02-15,202.82537841796875,203.0153232127471,201.50440709237412,201.55620782292402,86785800
2017-02-16,202.6527099609375,203.0325995599349,201.90157300101112,202.85128382436127,84722400
2017-02-17,202.97219848632812,202.97219848632812,201.97067355026863,201.9879448558272,77204100
2017-02-21,204.180908203125,204.35358170974862,203.33478562462432,203.34342786314915,88946100
2017-02-22,203.9995574951172,204.22403169784153,203.61103887826502,203.77508329239282,62115200
2017-02-23,204.1377410888672,204.53488884555063,203.37796183379365,204.51763071640397,74615900
2017-02-24,204.39666748046875,204.43982595837886,203.24837004149472,203.2915416935434,82381600
2017-02-27,204.7161407470703,204.88881420369358,204.05997634224582,204.3103508782285,56515400
2017-02-28,204.16360473632812,204.57802372176616,203.77508611409613,204.33627821574882,96961900
2017-03-01,207.0213623046875,207.48759512308365,205.80399271393543,205.82126401161605,149158200
2017-03-02,205.71771240234375,206.8401098889274,205.6659116708949,206.8314676509237,70246000
2017-03-03,205.8472137451172,206.0112581770802,205.25147898657502,205.63136858182762,81974300
2017-03-06,205.23422241210938,205.5881984702343,204.62984541100997,205.05290667695087,55391500
2017-03-07,204.62120056152344,205.28600730695996,204.4139844764914,204.9320181020003,65103700
2017-03-08,204.2413330078125,205.1737857297519,204.10318893623398,204.91476888907812,78168800
2017-03-09,204.50038146972656,204.82847039692095,203.53339916744304,204.36223737678725,90683900
2017-03-10,205.21694946289062,205.50186665919932,204.267225475195,205.45869499173256,81991700
2017-03-13,205.3205108642578,205.3636825233011,204.8283908387582,205.1564664643777,57256800
2017-03-14,204.53485107421875,204.82841047937762,203.9218582491036,204.7765965790729,59880800
2017-03-15,206.3048095703125,206.72787084357762,204.87159448861624,205.10471095952914,96081800
2017-03-16,205.8990478515625,206.52068307653167,205.57097210860044,206.44298196694686,78344000
2017-03-17,205.5373992919922,206.35250986082218,205.5373992919922,206.1617387391192,89002100
2017-03-20,205.31195068359375,205.823558137421,204.9217418329027,205.53740145185947,52537000
2017-03-21,202.6758270263672,206.0403211557688,202.54576183330434,205.91892256509212,131809300
2017-03-22,203.15283203125,203.43898879624732,202.08625734823025,202.71059697523182,97569200
2017-03-23,202.93597412109375,204.07192093148615,202.56311174028892,203.15275826754893,100410300
2017-03-24,202.78857421875,203.811789098104,202.00815653895305,203.23948897426524,112504900
2017-03-27,202.5804901123047,202.84063379234286,200.8375499495262,201.1150268384983,87454500
2017-03-28,204.05465698242188,204.47954558555017,202.164291703388,202.2770237318712,93483900
2017-03-29,204.24539184570312,204.4795224816916,203.543013169195,203.7684772006866,61950400
2017-03-30,204.8957061767578,205.0951571260625,204.01123635075146,204.18466102851025,56737900
2017-03-31,204.4188232421875,205.0865090164155,204.36678392250064,204.55755506698202,73733100
2017-04-03,204.06332397460938,204.67031714555634,202.83199119027162,204.47087936755779,85546500
2017-04-04,204.19334411621094,204.28006307781868,203.39557994895193,203.77712220969664,56466200
2017-04-05,203.5863800048828,205.8496076172635,203.3782624063284,204.86973878399078,108800600
2017-04-06,204.15867614746094,204.67895025249734,203.2828595720796,203.72510777753564,69135800
2017-04-07,203.9505615234375,204.6442735716667,203.4649670591141,203.90720203952503,74412300
2017-04-10,204.07196044921875,204.86972467488317,203.54300650018013,204.08930688910144,67615300
2017-04-11,203.8291015625,203.93315370740874,202.33762573869492,203.6903565483198,88045300
2017-04-12,202.93597412109375,203.74241802626318,202.71052337210392,203.5516469188663,81864400
2017-04-13,201.61795043945312,203.33489064134773,201.61795043945312,202.59781914979595,92880400
2017-04-17,203.40426635742188,203.40426635742188,201.93880318650014,202.13824092689617,68405400
2017-04-18,202.7972412109375,203.3348749236641,202.11220908904167,202.66717600787345,83225800
2017-04-19,202.4243927001953,203.7337643495707,202.198928690804,203.3609019208942,68699900
2017-04-20,204.07196044921875,204.51420866175764,202.71922923042013,203.0400655952371,92572200
2017-04-21,203.42156982421875,204.04590922861442,203.0226944017436,203.9938831501572,110389800
2017-04-24,205.65879821777344,205.86691577762866,203.3955710262372,205.66746482097167,119209900
2017-04-25,206.85548400878906,207.2023334323872,206.2137980205294,206.3005169921576,76698300
2017-04-26,206.72537231445312,207.70524096418976,206.68202606706552,206.82075787532534,84702500
2017-04-27,206.89883422851562,207.2023241527077,206.36120044512217,207.04624588851578,57410300
2017-04-28,206.4479217529297,207.18498006128496,206.3178432998386,207.15896701695812,63532800
2017-05-01,206.96820068359375,207.3931024699073,206.55197873322894,206.96820068359375,66882500
2017-05-02,207.04620361328125,207.22829488432527,206.63864836472018,207.10689629314456,57375700
2017-05-03,206.7947998046875,207.14166249617847,206.11843409560353,207.0462769099508,73137700
2017-05-04,207.03756713867188,207.17631219520794,206.18777682243794,207.09827306270273,61462700
2017-05-05,207.85264587402344,207.8699923112897,206.9681628138105,207.41041095964437,62001300
2017-05-08,207.8179931640625,208.04344395192322,207.39309140042783,207.8960322946924,48385700
2017-05-09,207.62718200683594,208.27753443298593,207.28031944068357,208.07809672710707,51363200
2017-05-10,208.00009155273438,208.00009155273438,207.3757520235191,207.58386961040986,54293800
2017-05-11,207.5751953125,207.73995340874978,206.49127439660043,207.54918226903493,62358300
2017-05-12,207.22828674316406,207.618495540097,206.95947653264255,207.32367229187687,53912700
2017-05-15,208.37294006347656,208.4943386654643,207.6358686169011,207.6532150547437,61918900
2017-05-16,208.18215942382812,208.69376684942557,207.79195059466826,208.66775380957856,51241800
2017-05-17,204.48818969726562,208.18218739791666,204.42748377516224,208.18218739791666,172174100
2017-05-18,205.31195068359375,206.16174090554728,204.14997750334095,204.4101211476201,107047700
2017-05-19,206.64736938476562,207.31506842781548,205.74555293157917,205.79757902272064,115011400
2017-05-22,207.69656372070312,207.86132179299227,207.08957074236508,207.15893002721407,61010600
2017-05-23,208.1561737060547,208.32093180101464,207.68791246443632,208.06945474087902,48341700
2017-05-24,208.64178466796875,208.7458368492494,208.05212476731114,208.39032081938808,46927700
2017-05-25,209.6389617919922,209.9164518843952,208.94526302389642,209.1533673617428,64071700
2017-05-26,209.59564208984375,209.76038696768669,209.3701780533452,209.448217189922,46629900
2017-05-30,209.41351318359375,209.66497700491354,209.11868988095512,209.2747681359558,35201900
2017-05-31,209.3614959716797,209.74303825312643,208.6677839355453,209.70834537401862,91796000
2017-06-01,211.02638244628906,211.0437288846533,209.53490630190274,209.82106299336175,68962000
2017-06-02,211.72879028320312,211.88488178712976,210.7836143493645,211.0784376850001,88666100
2017-06-05,211.5727081298828,211.8415184151761,211.373257143443,211.55536168944082,44698800
2017-06-06,210.89630126953125,211.56398693426056,210.81824891852972,211.00902003172516,50375400
2017-06-07,211.2865447998047,211.51199559267457,210.56681970571725,211.23451871156217,54144300
2017-06-08,211.39059448242188,211.86752233811313,210.86164053910187,211.38192787830263,65950700
2017-06-09,211.0697479248047,212.45715870988985,209.80372251735164,211.65939453138827,132256400
2017-06-12,211.02638244628906,211.07840852992604,210.17659220682197,210.82694471519545,86108100
2017-06-13,212.05828857421875,212.11031466064384,211.21716489312982,211.56401429026786,60067000
2017-06-14,211.78948974609375,212.33577691451995,210.9656992283469,212.32711031013312,78602300
2017-06-15,211.38189697265625,211.5032955698595,210.15923116631717,210.4367080035868,66464900
2017-06-16,211.42811584472656,211.5936774103937,210.54804151184246,211.5413976098634,84553100
2017-06-19,213.18826293945312,213.24925160382472,212.1600448487952,212.25589557507703,65123800
2017-06-20,211.7505340576172,212.83974097731274,211.73311632000974,212.83103210850902,56906400
2017-06-21,211.6982421875,212.2559155667613,211.22771067524104,212.14264709483686,55977600
2017-06-22,211.6023712158203,212.20361547108342,211.428100794464,211.7069441054188,44148100
2017-06-23,211.85508728027344,212.18619711182996,211.27998288906974,211.66338581653886,66986800
2017-06-26,211.9945068359375,212.9443053367406,211.78538762517763,212.52604032325613,56700500
2017-06-27,210.28659057617188,212.0728921099807,210.26915954720386,211.77661780144203,82247700
2017-06-28,212.16880798339844,212.3692183421497,211.07087885288385,211.30615128027748,70042600
2017-06-29,210.30404663085938,212.36917839400562,209.09284924505067,212.31689859685977,106949700
2017-06-30,210.69610595703125,211.48905147230505,210.50440455122927,211.11435752606388,86820700
2017-07-03,211.05345153808594,212.07294761588778,211.05345153808594,211.6372648495118,39153800
2017-07-05,211.5413818359375,211.75050102246536,210.60901447606477,211.41939121180266,54427600
2017-07-06,209.6068878173828,210.89650450620795,209.42389528711465,210.77451391802148,65400800
2017-07-07,210.96627807617188,211.1144085990406,209.61565904345244,210.18205453251846,57972300
2017-07-10,211.1928253173828,211.56751934898887,210.66129189764914,210.96627510253822,36663300
2017-07-11,211.0360107421875,211.34970285130638,209.86838417334928,211.1928501487558,50354600
2017-07-12,212.62185668945312,212.78741823519627,212.00319472965325,212.00319472965325,59610400
2017-07-13,212.97915649414062,213.0924382652271,212.40405206613906,212.63061560831196,39471600
2017-07-14,213.9725341796875,214.32979726600743,212.88332718187107,212.97917792951827,60262700
2017-07-17,213.9463653564453,214.27748849373867,213.77209491954747,213.89408555497417,33531900
2017-07-18,214.0596160888672,214.11189588275872,213.19695960171654,213.53679155799162,42742500
2017-07-19,215.2185821533203,215.22729102227336,214.36463434052894,214.37335650546513,51034300
2017-07-20,215.3144073486328,215.5932373778615,214.76544286211356,215.4712467470774,47135200
2017-07-21,215.12269592285156,215.14883582138162,214.5127295012009,214.73929301643605,82340800
2017-07-24,215.0704345703125,215.2098429424349,214.59988976445536,215.04428137355856,46622300
2017-07-25,215.5932159423828,215.92433903415252,215.36666573516052,215.8197661496051,54915600
2017-07-26,215.6019287109375,215.9156207782958,215.34052973478933,215.8807720134695,47575400
2017-07-27,215.4015350341797,216.09863004837075,214.07705583681485,216.06378128085285,70766600
2017-07-28,215.14889526367188,215.27959479243242,214.4692311221477,214.92233168584073,50088400
2017-07-31,215.02685546875,215.6455174914915,214.81772297453762,215.54966676030853,65838700
2017-08-01,215.50608825683594,215.662927640322,214.98326371992184,215.6280788759852,55050400
2017-08-02,215.6106719970703,215.75009366199518,214.67830457086475,215.636811897246,47211200
2017-08-03,215.19239807128906,215.52350787130842,214.91355477024075,215.4973679738327,40856000
2017-08-04,215.58453369140625,215.91564352807455,215.20113075801802,215.6803844247533,60191800
2017-08-07,215.98536682128906,215.98536682128906,215.54968406202815,215.65425696551898,31995000
2017-08-08,215.45376586914062,216.8915265021588,215.0790851955525,215.67160718056957,61719400
2017-08-09,215.445068359375,215.49734814951708,214.40814153496007,214.76540449556975,62632600
2017-08-10,212.40403747558594,214.73930379736694,212.3517576759011,214.60859100217328,120479500
2017-08-11,212.7176971435547,213.31023247361526,212.3952962306565,212.6305685893555,74869900
2017-08-14,214.82640075683594,215.04424208745883,213.96375759699626,213.99860635966488,73291900
2017-08-15,214.80026245117188,215.22723624890662,214.4952925636297,215.20980521945344,55242700
2017-08-16,215.17495727539062,215.72392168942733,214.74798347603098,215.32308778635706,56715500
2017-08-17,211.8201904296875,214.87869118317516,211.8201904296875,214.5649991391246,128490400
2017-08-18,211.48910522460938,212.7787223128841,211.04470035458272,211.65465348444366,136748000
2017-08-21,211.6546630859375,211.91607538087405,210.72230896570784,211.42811285484936,65469700
2017-08-22,213.867919921875,214.0247593074177,212.22103989377436,212.23847092416148,63140100
2017-08-23,213.10116577148438,213.52813969555254,212.7526248551725,212.90075540940424,50203800
2017-08-24,212.60446166992188,213.64137539039606,212.39532917464268,213.4845359909229,50741700
2017-08-25,213.10116577148438,214.01610229678263,212.95303521725265,213.39742687994783,64445900
2017-08-28,213.10984802246094,213.65879919803734,212.69158304604505,213.632659299009,40565600
2017-08-29,213.3538055419922,213.61520450319526,211.6807724144142,211.79405416158866,51135700
2017-08-30,214.36459350585938,214.63472794374306,213.15339615295224,213.3363887339727,62030800
2017-08-31,215.65423583984375,215.89821709745064,214.3994674887333,214.98328073343416,103803900
2017-09-01,215.9591827392578,216.3861565425385,215.81105222693105,216.02889356199628,62007000
2017-09-05,214.408203125,215.68040266648038,213.44098684159556,215.45383911614408,91398800
2017-09-06,215.1400909423828,215.47121401677666,214.55627777688488,215.0878111508426,57916900
2017-09-07,215.11398315429688,215.4625373098888,214.7044403314648,215.44510627811383,58034700
2017-09-08,214.8612823486328,215.3231049478595,214.6173010998331,214.82642028681522,63832800
2017-09-11,217.15296936035156,217.23138905249075,216.11604244435443,216.13346017862068,71364800
2017-09-12,217.88490295410156,217.91975171699505,217.33593854267625,217.51893111181127,56896000
2017-09-13,217.989501953125,218.02436401830158,217.48410837592183,217.5973901437725,59228000
2017-09-14,217.91976928710938,218.12019290184045,217.49280875133618,217.66707917181387,95446300
2017-09-15,218.21316528320312,218.30072625480452,217.6702418285857,217.7753203392943,95432400
2017-09-18,218.67723083496094,219.02750136678264,218.2919252327785,218.58090443441534,46235200
2017-09-19,218.89617919921875,218.98375352353474,218.57217825078814,218.92244882412038,47108100
2017-09-20,218.97496032714844,219.08880426194065,217.97667462148394,218.98372577564885,59574100
2017-09-21,218.3882598876953,218.90491361834765,218.21312461516493,218.81735266306487,48211400
2017-09-22,218.4320831298828,218.59846634295977,218.0642949882233,218.09056461534422,51214000
2017-09-25,217.98545837402344,218.528395143318,217.24113005139031,218.17811120152052,57064400
2017-09-26,218.1168212890625,218.65974469994075,217.88038129704904,218.41455262006244,54082000
2017-09-27,218.96621704101562,219.35152265552344,217.9328962237479,218.8173513921312,81001400
2017-09-28,219.22894287109375,219.30775174481863,218.59844515736341,218.6860061186247,44778800
2017-09-29,219.99949645996094,220.0783186797669,219.0362459084111,219.220133243378,85578000
2017-10-02,220.95407104492188,220.95407104492188,220.0520981995578,220.22724686046223,59023000
2017-10-03,221.4269256591797,221.45319528449488,220.87523680362833,220.95405904154,66810200
2017-10-04,221.6896514892578,221.93484358477772,221.1642322205911,221.27807617992787,55953600
2017-10-05,223.00315856933594,223.02066274400573,221.72464563427442,222.0223769472458,63522800
2017-10-06,222.7491912841797,223.0381704971402,222.29384224736145,222.55653847553936,80646000
2017-10-09,222.38137817382812,223.0381453942836,222.11866861325328,222.97685406859532,35803100
2017-10-10,222.96812438964844,223.3446779380046,222.4076834727646,222.95062021490847,43057400
2017-10-11,223.31837463378906,223.31837463378906,222.7053945612021,222.87176436793303,47674300
2017-10-12,222.98562622070312,223.3534142938193,222.74918625871257,223.00314375617472,47065100
2017-10-13,223.25709533691406,223.53732246594643,222.98563365689205,223.42347852453142,54800400
2017-10-16,223.55482482910156,223.74747763825945,223.14326294986222,223.4847814093758,38221700
2017-10-17,223.7124786376953,223.75626580094243,223.28338581701962,223.50230827128894,31561000
2017-10-18,223.93141174316406,224.13281666932104,223.73875890528632,224.08902950399124,40888300
2017-10-19,223.99267578125,224.02771085402995,222.73169376244084,223.1520211020439,61903800
2017-10-20,225.1486053466797,225.17490169725397,223.9751975121371,224.78959602390063,89176400
2017-10-23,224.2729034423828,225.49889055023027,224.19409456669527,225.47262092500108,63915300
2017-10-24,224.66693115234375,224.90335773374272,224.3078951942681,224.70196622052663,66935900
2017-10-25,223.55482482910156,224.44803209320048,222.42519095900735,224.33418815270767,103715300
2017-10-26,223.84381103515625,224.43927365517973,223.72121500385936,224.16782533084222,69798000
2017-10-27,225.6739959716797,225.831640435457,223.85257306649734,224.58814924304772,85562500
2017-10-30,224.8333740234375,225.57771575739636,224.53564267464077,224.5881819289029,54285700
2017-10-31,225.18360900878906,225.43756651350975,224.88587770708503,225.209878631765,60304800
2017-11-01,225.48129272460938,226.3044430360434,225.11351808056176,225.96293800942775,54202700
2017-11-02,225.5689239501953,225.7090375198339,224.34296362077094,225.41130620582592,56449500
2017-11-03,226.32205200195312,226.3658258047985,225.3149872971758,225.72656259486914,59589700
2017-11-06,226.6723175048828,226.80366563440188,226.12062863696988,226.1906720647358,49652600
2017-11-07,226.51470947265625,227.11017216799166,226.00679438480307,226.77740574297073,57502200
2017-11-08,226.8999786376953,226.99631841527642,226.05932388502706,226.33955104389406,50469600
2017-11-09,226.07684326171875,226.26949608312867,224.49182016688687,225.69153761889893,95085500
2017-11-10,226.0067596435547,226.18190827946347,225.37626196778473,225.6915241676346,59984700
2017-11-13,226.2169189453125,226.44460682954087,225.28868995813082,225.3237250304575,50228600
2017-11-14,225.69158935546875,225.79666787779257,224.63198523284947,225.41136214664692,61315200
2017-11-15,224.5619354248047,225.24497252447838,223.85262869529498,224.7195532038209,80811500
2017-11-16,226.47084045410156,226.83864184524268,225.4638027572062,225.50757654770894,67777000
2017-11-17,225.8053741455078,226.44463736299932,225.72656526509385,226.12063639109735,75756800
2017-11-20,226.19065856933594,226.3833113891138,225.80535292978027,226.0505717221622,48075500
2017-11-21,227.6706085205078,227.85452264071768,226.15568209701803,226.96130183951243,69176800
2017-11-22,227.4691619873047,227.81066706930315,227.30277880861132,227.6793189608422,45033400
2017-11-24,227.99462890625,228.09973415128476,227.8195069457331,227.95962054850895,27856500
2017-11-27,227.8807830810547,228.33613219002166,227.6793647915844,228.0384008429355,52274900
2017-11-28,230.19256591796875,230.21883554215188,228.24853355662276,228.34487332791497,98971700
2017-11-29,230.05247497558594,230.85812140299734,229.60589132054656,230.3239366934897,77512100
2017-11-30,232.0665283203125,232.97722633714784,230.8931073677559,230.97191623129387,127894400
2017-12-01,231.58489990234375,232.32924152209492,228.3448639162651,231.84762285727766,164390900
2017-12-04,231.30471801757812,233.63402938279867,231.2521520432385,233.20494992982626,94040600
2017-12-05,230.47279357910156,232.18913805211622,230.34144545788914,230.47279357910156,77994500
2017-12-06,230.51654052734375,230.94564663856292,230.05242607049982,230.56907976970888,75898600
2017-12-07,231.24339294433594,231.55862841900824,230.25385927562056,231.24339294433594,77218600
2017-12-08,232.50439453125,232.51313325649454,231.20836407808713,232.19789777336138,76563900
2017-12-11,233.2049102783203,233.26621496801627,232.47809962197297,233.2049102783203,83077500
2017-12-12,233.61654663085938,234.0894266518244,233.2400063937643,233.99308686795445,85195800
2017-12-13,233.59022521972656,234.29953173196404,233.5026509057863,233.86168688619134,102905400
2017-12-14,232.63572692871094,234.0018007111688,232.58318768507246,233.88795677530922,100666700
2017-12-15,234.5730438232422,235.0395307180181,233.58726222375597,233.6400700336903,144610300
2017-12-18,236.0605010986328,236.41256208052275,235.8668635295137,235.97247913802755,83653600
2017-12-19,235.15391540527344,236.35092803483727,235.08348709734065,236.3069304877763,82382900
2017-12-20,235.03070068359375,236.17490561659116,234.73144749897182,236.12209781110093,76751500
2017-12-21,235.51475524902344,236.22771426568343,235.26830989703402,235.65558500166438,67032300
2017-12-22,235.45314025878906,235.56756610002768,234.91622520232934,235.53235195029438,78720900
2017-12-26,235.1715087890625,235.39155024518007,234.90746978593313,235.04827268058258,45244400
2017-12-27,235.285888671875,235.64675981266143,235.01303946844303,235.33869646218287,57751000
2017-12-28,235.76995849609375,235.81398289306483,235.40030398046466,235.78757899909132,45116100
2017-12-29,234.8810577392578,236.36854024997027,234.68744702855656,236.35094660186965,96007400
2018-01-02,236.5621337890625,236.59734793924068,235.35631103559285,235.74358610597346,86655700
2018-01-03,238.0584259033203,238.20806589594875,236.72936705656858,236.72936705656858,90070400
2018-01-04,239.0618438720703,239.5459512266381,238.12008678620776,238.70099949537035,80636400
2018-01-05,240.65492248535156,240.77813171842422,239.36107780519546,239.85396845853816,83524000
2018-01-08,241.0950164794922,241.25343986955644,240.26765851734245,240.5581013991269,57319200
2018-01-09,241.6407012939453,242.2656114264505,241.23580572818628,241.5174652016206,57254000
2018-01-10,241.27105712890625,241.53512299871895,240.21487423124526,240.88378200827157,69574300
2018-01-11,243.03138732910156,243.03138732910156,241.65833076818808,241.825564426552,62361500
2018-01-12,244.61569213867188,244.78289892979492,242.99616342156756,243.29544343228133,90816100
2018-01-16,243.77955627441406,246.5256696509318,243.08421767570212,245.87435546460017,106555100
2018-01-17,246.10316467285156,246.4904398023778,243.77954075622463,244.71251442448408,113258800
2018-01-18,245.68948364257812,246.4111991532553,245.19656610428356,245.98873677832768,100728000
2018-01-19,246.80731201171875,246.80731201171878,245.68951103937377,246.27039686967373,140920100
2018-01-22,248.8140106201172,248.8140106201172,246.54316837579154,246.59600302241202,91322400
2018-01-23,249.34214782714844,249.63259068853083,248.53238356726726,248.85804057747723,97084700
2018-01-24,249.24530029296875,250.5831692608211,248.0658815548257,249.98463620969167,134816100
2018-01-25,249.35101318359375,250.20477526475702,248.55886916800196,250.10796989931694,84587300
2018-01-26,252.2379150390625,252.2819394474555,249.93188483201155,250.18714044699553,107743100
2018-01-29,250.5656280517578,252.10591841417175,250.40720463243727,251.66583545348206,90118300
2018-01-30,247.9955291748047,250.61840611853057,247.52023211271197,248.7348652377661,131796400
2018-01-31,248.11878967285156,249.3510166989814,247.04498607996672,248.8493424937056,108364800
2018-02-01,247.83706665039062,249.1397216647866,247.044922826452,247.38820037112447,90102500
2018-02-02,242.4417266845703,246.6489189381392,242.40651252489292,246.5168725544824,173174800
2018-02-05,232.3021240234375,242.79371086272545,231.75642559353702,240.68131857966466,294681800
2018-02-06,236.87899780273438,237.38069869543102,227.69887605003453,228.7902729165111,355026800
2018-02-07,235.5940704345703,239.7220247078525,235.51483184875826,236.32459647468235,167376100
2018-02-08,226.75711059570312,236.0340652904315,226.7218964441149,235.89323554460609,246449500
2018-02-09,230.16339111328125,232.02052833590065,222.6115658085252,229.54726421694855,283565300
2018-02-12,233.5432586669922,235.0131478028692,230.30425401924134,232.21419932369602,143736000
2018-02-13,234.12411499023438,234.6698135169629,231.7564667161148,232.33737939762483,81223600
2018-02-14,237.2838897705078,237.64476096412412,232.62780526622583,232.63661551940828,120735700
2018-02-15,240.3116912841797,240.32050153842815,236.56217600658562,239.02665660887322,111200300
2018-02-16,240.38204956054688,242.32723516288615,239.6427135708152,239.68673797361885,160420100
2018-02-20,238.87696838378906,240.87496173674327,238.08482461668896,239.43147707891686,86369700
2018-02-21,237.6887664794922,241.7991526348577,237.59196113335105,239.31707860169553,98883700
2018-02-22,237.996826171875,240.32926016216408,237.3279184312155,238.61295297407747,110511300
2018-02-23,241.79031372070312,241.79031372070312,238.74494789704653,239.22024489952148,92766400
2018-02-26,244.59812927246094,244.69496150122345,242.27450496911635,242.86420115503918,86491400
2018-02-27,241.5438995361328,245.4958623330936,241.4822814822058,244.7829033072066,99099200
2018-02-28,239.09698486328125,243.09294429171402,238.78013813371226,242.64405123096822,121907800
2018-03-01,235.62042236328125,240.43493091456583,234.12412958786794,238.88583033395267,176855100
2018-03-02,236.8349151611328,237.39823396048124,233.08542848748007,233.94797346576905,139083200
2018-03-05,239.57232666015625,240.18845345256145,235.54115233150563,235.6467947883253,97307400
2018-03-06,240.17958068847656,240.62847371641186,238.683288502373,240.5492351792883,79213200
2018-03-07,240.09158325195312,240.44364413738393,237.82076770947924,238.01440522554475,87063500
2018-03-08,241.2534637451172,241.37667299607364,239.7747915704599,240.7693564135305,66901200
2018-03-09,245.45187377929688,245.45187377929688,242.3448890552754,242.66176276423687,113625300
2018-03-12,245.1437530517578,246.36719632748682,244.7564779760254,245.74228617095227,71924800
2018-03-13,243.55946350097656,246.80727721513375,242.95214699439256,246.30557629916845,91968900
2018-03-14,242.30966186523438,244.70371419100942,241.75517991030418,244.51888687269934,105895100
2018-03-15,242.04563903808594,243.46269334085287,241.54393799427896,242.82018938069317,83433000
2018-03-16,242.30801391601562,243.35960806370167,242.25499462857778,242.57311035320478,100343700
2018-03-19,239.0295867919922,242.48482208147317,237.37708882052542,241.5569572533792,109208400
2018-03-20,239.43603515625,240.07229361657843,238.7555759746704,239.42718961837912,59757300
2018-03-21,238.97650146484375,241.48618015205858,238.7644242982943,239.39183722807212,78709600
2018-03-22,233.0028839111328,237.59806223337208,232.72891481278,236.74972618387076,148785900
2018-03-23,228.0364227294922,233.77159492761265,227.8420096555202,233.44463361413833,183534800
2018-03-26,234.27529907226562,234.55808665375656,229.23827674648547,231.64191725294216,141956100
2018-03-27,230.2898712158203,235.7422293758554,228.73456648530788,235.21203637055171,129941400
2018-03-28,229.6094207763672,232.0926172982425,228.50480702582675,230.42242836273297,146452300
2018-03-29,232.54327392578125,234.40787590041907,229.61825896543695,230.74938233105553,111601600
2018-04-02,227.52392578125,232.52562014188928,225.0495882525477,232.0130642531419,186286300
2018-04-03,230.44009399414062,230.91729468859214,226.96719481188146,228.76108647586676,119956900
2018-04-04,232.9055938720703,233.6125358728964,226.7551121669355,226.88766042107682,123715300
2018-04-05,234.74366760253906,235.6273585175287,233.57718912240716,234.66411168825624,82652600
2018-04-06,229.51220703125,234.2752870709953,227.99225756873417,232.78187422548618,179521200
2018-04-09,230.6433563232422,234.03672660538797,229.70664599907167,230.970317685891,105442900
2018-04-10,234.3106231689453,235.09712096907836,232.39302912916128,233.5329709070938,103529000
2018-04-11,233.08238220214844,234.7437258494549,232.75542079737045,232.82610422214142,91140200
2018-04-12,234.9999237060547,235.94547947818188,234.2311169080454,234.4078658821633,68890500
2018-04-13,234.3106231689453,236.42265724229674,233.3032296247137,236.3077731170544,85079200
2018-04-16,236.23712158203125,237.00595546518431,235.12368917353777,235.94551539526447,63405300
2018-04-17,238.7644500732422,239.36535342206966,237.49193300036845,238.00446186422565,64682000
2018-04-18,238.94117736816406,239.7453122945607,238.48164087524708,239.20627383092074,57303900
2018-04-19,237.61569213867188,238.49053762171857,236.58176177570866,238.28727897789233,77655900
2018-04-20,235.60086059570312,237.76591448025806,234.71716953557635,237.5449917152264,99953100
2018-04-23,235.5655517578125,236.7320305255298,234.48744749700347,236.1753007969323,65558000
2018-04-24,232.39300537109375,236.81145916344636,230.89072029445316,236.59053647382873,112885500
2018-04-25,232.9673614501953,233.4092067582697,230.51070261602564,232.3311031278443,103840900
2018-04-26,235.33575439453125,236.16642611436546,233.55070823494597,233.9925537468531,67731900
2018-04-27,235.55667114257812,236.24594904484874,234.6199608386747,235.94549734058813,57053600
2018-04-30,233.7451171875,236.73199710984161,233.67440680470918,236.1752674598288,82182300
2018-05-01,234.16043090820312,234.26646950425766,231.62421530140028,233.179519958485,74203400
2018-05-02,232.58746337890625,234.7789996239809,232.19863721256587,233.96601907116514,86368900
2018-05-03,232.07492065429688,232.7288433491431,228.9201373860479,231.75680484646094,136311500
2018-05-04,235.07948303222656,235.7599423992167,230.7759119405855,231.10287331365893,91222100
2018-05-07,235.87486267089844,236.84690139868982,235.15904800127893,235.84835301410624,55304900
2018-05-08,235.87486267089844,236.23715232435393,234.310712015813,235.50370050769257,67499200
2018-05-09,238.15467834472656,238.48163963646277,236.02498021129696,236.54635456407956,59666100
2018-05-10,240.38160705566406,240.7085953665572,238.7909741028311,238.89701270393888,72063900
2018-05-11,241.11508178710938,241.38017828562056,239.99277701782748,240.505332872426,59871500
2018-05-14,241.22998046875,242.20201900063026,240.6820693919491,241.54809628614152,54790600
2018-05-15,239.56866455078125,240.01932867712787,238.62310859374907,240.00166456350468,87036100
2018-05-16,240.57603454589844,241.03557113568027,239.57745937885377,239.6039959988271,53942600
2018-05-17,240.37286376953125,241.45096816530483,239.5952111603678,240.31099891013946,56536400
2018-05-18,239.77178955078125,240.3903838377882,239.4183186588203,240.02806740889562,64368000
2018-05-21,241.57456970214844,242.1136351582383,240.86762779080024,241.25645393247333,58025900
2018-05-22,240.90298461914062,242.35225076806103,240.57602327210842,242.09597283331613,52966400
2018-05-23,241.56581115722656,241.5923477823612,239.47146734832646,239.63055225855956,64694200
2018-05-24,241.0708465576172,241.4420085705214,239.28580079752527,241.16806657189602,76043800
2018-05-25,240.49652099609375,241.12393410912944,239.99281061030905,240.49652099609375,56374800
2018-05-29,237.73056030273438,239.63051766461524,236.61712790053178,238.87052932624067,115908600
2018-05-30,240.90298461914062,241.34483010823462,238.96772618756867,239.03840959985598,69678400
2018-05-31,239.42721557617188,240.79692568949417,238.82631223407603,240.49647401844624,93519900
2018-06-01,241.7778778076172,242.0783295298531,240.6555729092625,240.72628329573612,71258400
2018-06-04,242.92662048339844,243.18289839279595,242.36107233671052,242.59965916870462,45385200
2018-06-05,243.10342407226562,243.48340476833687,242.29041640409955,243.0592233369313,51135000
2018-06-06,245.1358642578125,245.2419028569678,243.09454031974988,243.71313477229936,62732200
2018-06-07,245.1093292236328,245.91349114142224,244.19912871766982,245.62188502394488,72969400
2018-06-08,245.8340301513672,245.88704946010907,244.4819838422248,244.64988730927814,72139700
2018-06-11,246.16090393066406,246.87669131202748,245.93998123349996,246.05486535092172,58892500
2018-06-12,246.47909545898438,246.8413850221631,245.8339913469702,246.57628852029868,72329000
2018-06-13,245.6925811767578,246.9739437759287,245.48932256014058,246.71766586247327,79070600
2018-06-14,246.3111572265625,246.8413501554007,245.7190724985542,246.55858958272174,77097600
2018-06-15,245.99697875976562,246.33429356306655,244.41694659367712,245.52652050495294,120041600
2018-06-18,245.49093627929688,245.61522152460049,244.0618184934996,244.54113478173028,52917600
2018-06-19,244.55007934570312,244.77199411824915,242.80138985447235,243.21859071042707,97531500
2018-06-20,244.96726989746094,245.6330141870954,244.62995512310675,245.2335567776329,53785500
2018-06-21,243.43162536621094,244.97617063642073,242.93453843234295,244.95840011715003,71061400
2018-06-22,243.87545776367188,244.80751609244447,243.65354298385074,244.69211607266445,54898500
2018-06-25,240.55563354492188,242.88129622130432,238.86908655045588,242.72152407312717,137854200
2018-06-26,241.0882110595703,241.94035618967405,240.36920937335694,241.12372500767617,68547400
2018-06-27,239.09097290039062,243.10318209396516,238.94005894114787,241.6740640121467,105110700
2018-06-28,240.4580078125,241.22138170301798,238.32760411321343,239.03774770937838,76650500
2018-06-29,240.80416870117188,242.91680177360362,240.68876867952034,241.54979912275832,97592500
2018-07-02,241.31890869140625,241.47870786341184,238.99324696653386,239.23293217994382,63554800
2018-07-03,240.46681213378906,242.31315798114133,240.0407531607095,242.2155014070091,42187100
2018-07-05,242.4285125732422,242.49065519852093,240.5200513293396,241.59413811761425,56925900
2018-07-06,244.47903442382812,244.85183600448178,242.07345921926444,242.4551731469632,66493700
2018-07-09,246.6804962158203,246.73375360283254,245.43777870351792,245.48215082962477,50550400
2018-07-10,247.56814575195312,247.66580235045612,246.84025870569093,247.13320141199088,51966800
2018-07-11,245.75730895996094,246.8047673860751,245.45550808776144,246.01473770859317,77054700
2018-07-12,247.9852752685547,248.03853263814824,246.41412868714167,247.0177302686697,60124700
2018-07-13,248.1806182861328,248.48241914617054,247.35510177874667,247.80781661340694,48216000
2018-07-16,247.9586639404297,248.36697949896225,247.5148344366151,248.22497789624032,48201000
2018-07-17,248.96176147460938,249.35233366553481,247.13318580309817,247.18644318466008,52315500
2018-07-18,249.4854736328125,249.5919883944477,248.59781450024312,249.0416440665278,44593500
2018-07-19,248.5445556640625,249.20141474977135,248.0652121503039,248.81972782641117,61412100
2018-07-20,248.26036071777344,248.97050387981017,248.10058866476209,248.3402467442791,82337700
2018-07-23,248.72207641601562,248.9262206602363,247.71013209713192,248.05633212913037,47047600
2018-07-24,249.9735870361328,250.81687374993044,249.10369873052827,250.1333862113558,68026900
2018-07-25,252.10406494140625,252.4236092086071,249.68074589164465,249.72511801013184,78882900
2018-07-26,251.50926208496094,252.19274966576543,251.28734736648167,251.38500392899604,57919500
2018-07-27,249.8050537109375,251.9354302854918,248.8818805959211,251.8377736911189,76768700
2018-07-30,248.50018310546875,250.0447013158275,247.97644038274046,249.88492917459178,63742500
2018-07-31,249.72511291503906,250.33759983721637,248.88185305654915,249.26353995320895,68570500
2018-08-01,249.30792236328125,250.4352667598153,248.65994855596927,249.92929457030976,53853300
2018-08-02,250.66603088378906,250.8346611669265,247.79888264321872,248.00305395952506,63426400
2018-08-03,251.74005126953125,251.79330863254742,250.61270721089437,250.7902498137468,53935400
2018-08-06,252.6632080078125,252.97386690929056,251.38497719815572,251.77554922828398,39400900
2018-08-07,253.4976348876953,253.87934882980963,253.1958340907969,253.32900460668887,43196600
2018-08-08,253.39108276367188,253.79054007401254,252.9295099228408,253.3289672331815,42114600
2018-08-09,253.0449676513672,253.84385536516058,252.9118242139356,253.45328322255867,35717000
2018-08-10,251.3495330810547,252.14842078670355,250.63938960665286,251.6069617836006,77076000
2018-08-13,250.40858459472656,252.2371597870531,250.1156419836955,251.62467297038836,65732900
2018-08-14,252.0064697265625,252.24615507453876,250.74600869114946,251.13658095009174,43842000
2018-08-15,250.12460327148438,250.79923291848888,248.686599730624,250.65720419863487,102925400
2018-08-16,252.1483917236328,253.0183072210557,251.5270196413021,251.5625335832297,69967900
2018-08-17,253.03607177734375,253.4799012762992,251.5359259037381,251.94424145780033,65618500
2018-08-20,253.5775604248047,253.8438472911981,253.0360743442006,253.48878910627252,39807500
2018-08-21,254.1722869873047,255.03331734212685,253.61305745623818,254.0924009241815,67272000
2018-08-22,254.0213623046875,254.54507781111178,253.49761970906303,253.76393363569923,44993300
2018-08-23,253.68408203125,254.7048844989658,253.36451069373325,253.84385415540646,49204900
2018-08-24,255.2108612060547,255.35288990424277,254.2078021489293,254.26105952459926,57487400
2018-08-27,257.22589111328125,257.33240588682605,256.24946054043704,256.40923270075433,57072400
2018-08-28,257.3500671386719,257.79389656613364,256.8884671970246,257.6873547486161,46943500
2018-08-29,258.7348937988281,258.9656667527116,257.32351902828185,257.5631772420402,61485500
2018-08-30,257.6874084472656,258.6283248624232,257.09269206048697,258.25552323561953,61229500
2018-08-31,257.6962890625,258.1401185744521,256.790886610231,257.27908823769684,66140800
2018-09-04,257.25238037109375,257.60743845353176,256.2493216485398,257.27900905004674,57594400
2018-09-05,256.56005859375,257.1015446256181,255.54814150332868,256.8973733202907,72452400
2018-09-06,255.7877197265625,256.9682938113188,254.75803244229476,256.6664931211495,65909900
2018-09-07,255.290771484375,256.26720194628166,254.50074185499375,254.74042715744764,73524800
2018-09-10,255.73463439941406,256.56903625847275,255.53934828156608,256.3027222309289,50210900
2018-09-11,256.5779113769531,257.0217410296302,254.74047720267114,255.08665024536896,50530500
2018-09-12,256.63995361328125,257.2435552033378,255.84995122701346,256.5866962429352,59810800
2018-09-13,258.15777587890625,258.3442037159586,257.42103105410047,257.70508834839444,51034200
2018-09-14,258.2021789550781,258.5483517777387,257.42103492860974,258.3619510270753,55079900
2018-09-17,256.83514404296875,258.1843754047272,256.5599720355653,258.1488885638433,68244000
2018-09-18,258.2289123535156,258.82362878130147,257.02168188962406,257.04831057908905,61930400
2018-09-19,258.50408935546875,258.9212902243807,258.1578892967261,258.2821745760306,49080600
2018-09-20,260.598876953125,260.91844823003237,258.52175846542247,259.764502544375,100360600
2018-09-21,260.3609313964844,261.4577046309752,260.2004359607561,261.3417821901135,105479700
2018-09-24,259.4959411621094,259.9239561004905,258.9163563078542,259.78128445436346,53409600
2018-09-25,259.2551574707031,260.05766154415363,259.0144144122169,259.9506646292709,44370000
2018-09-26,258.47943115234375,260.58377660882445,258.0603417149148,259.3978577222201,79739700
2018-09-27,259.20166015625,260.28950748207143,258.67557384787006,258.95199161647935,59249500
2018-09-28,259.2284851074219,259.7278223328228,258.541903225455,258.57755073309943,70091400
2018-10-01,260.1290283203125,261.1990247523705,259.4602703458394,260.46784283610697,62078900
2018-10-02,259.9774169921875,260.6907479078921,259.6029277855832,259.9774169921875,47258200
2018-10-03,260.1201171875,261.44870772895086,259.763451690474,261.02961828669123,64694600
2018-10-04,258.08709716796875,259.69210553069195,256.4999125561794,259.63860706605675,111545900
2018-10-05,256.6425476074219,258.82714050010605,255.2158585929535,258.30997967842393,105951700
2018-10-08,256.6425476074219,256.9992130580816,254.5738498970342,255.95593872277664,87742200
2018-10-09,256.2680358886719,257.5698770527391,255.70627486797824,256.2591376202274,74339000
2018-10-10,248.1537628173828,255.8311179361839,247.7792736185123,255.7597685189888,214731000
2018-10-11,242.6878204345703,248.6887911916292,241.07385950184556,247.0659319900336,274840500
2018-10-12,246.05836486816406,247.07486285260504,242.86614485598972,246.7895195822303,183186500
2018-10-15,244.67626953125,247.0303108944259,244.5870963501901,245.70169308385272,102263700
2018-10-16,250.02633666992188,250.40085314985933,246.16538551421965,246.63797344614395,118255800
2018-10-17,250.07086181640625,250.69501947986902,247.4939018508517,250.0619363373281,110626000
2018-10-18,246.45968627929688,249.7321550854249,245.18459382619525,249.13471911274476,134557500
2018-10-19,246.32583618164062,249.04544086380105,245.63032902677742,247.11051650237442,139901600
2018-10-22,245.22019958496094,247.31561961237918,244.68518772636827,246.99462882432368,82415800
2018-10-23,243.97177124023438,245.0952931537513,239.51338550320153,241.59993397454068,146352700
2018-10-24,236.5798797607422,244.10564000364866,236.0270440671368,243.72219799938637,177806700
2018-10-25,240.82418823242188,242.36679972579205,237.39125246785363,238.41667589928952,138061500
2018-10-26,236.5887451171875,241.64456778915647,233.87806549908413,237.11485871303157,201574600
2018-10-29,235.27793884277344,240.97576935563563,231.70233168496316,239.682826498413,160749100
2018-10-30,238.76438903808594,239.07648149390346,234.61809558744747,235.10853436425447,157116000
2018-10-31,241.31463623046875,243.63300269297002,240.85987209180985,241.3324599805179,128296300
2018-11-01,243.88267517089844,244.07884527191928,241.0917207748512,242.17956820563373,99495000
2018-11-02,242.4381866455078,245.4163859611681,240.3873122535907,244.98837100355448,122634100
2018-11-05,243.77566528320312,244.3285008443668,241.95663600789746,242.92856098023867,65622500
2018-11-06,245.3183135986328,245.47880902050846,243.65088099930207,243.71330495619978,60085900
2018-11-07,250.57020568847656,250.65045336689656,247.0658937931748,247.49390862324185,102752100
2018-11-08,250.11549377441406,250.75750254744202,248.97414786812354,249.76772655026718,65584900
2018-11-09,247.6722869873047,248.99195193007725,246.26342166342013,248.80470732286804,98812600
2018-11-12,243.04443359375,247.40472046109215,242.52724563730663,247.16397744043266,99673600
2018-11-13,242.58975219726562,245.5055275101857,241.86749567744292,243.50817883431395,98176600
2018-11-14,240.93116760253906,244.8634397372777,239.3707326497035,244.46220136221564,125335900
2018-11-15,243.44566345214844,243.9093529433486,238.0867027743603,239.6649613893908,135101400
2018-11-16,244.078857421875,244.98835854724607,241.83181302344755,242.34900113908057,126668000
2018-11-19,239.95042419433594,243.76680286156076,239.03199744440542,243.47253404363687,103061700
2018-11-20,235.50982666015625,238.07786188380766,234.64489850791026,236.61549791018174,136021300
2018-11-21,236.31228637695312,238.21156320405137,236.30338810882228,237.06129197420626,75563700
2018-11-23,234.73406982421875,236.13400983891086,234.57357442697398,234.6716458769011,42807900
2018-11-26,238.52365112304688,238.74657042316187,236.59762510463386,236.98996524978256,79981400
2018-11-27,239.3262176513672,239.3262176513672,236.8830301919533,237.48936431574663,75502400
2018-11-28,244.83676147460938,244.83676147460938,239.26377788494935,240.396225565942,127629600
2018-11-29,244.30172729492188,245.70163980786214,242.91961131776668,244.06095703708348,82346400
2018-11-30,245.79083251953125,246.3525935500648,243.82915886470985,244.1501496182544,98204200
2018-12-03,249.04547119140625,250.02632171176697,247.4493883388265,249.91932478442453,103176300
2018-12-04,240.97576904296875,248.64419858808955,240.6636765731652,248.21618372563074,177986000
2018-12-06,240.6102294921875,240.72615190959465,234.01182208840015,237.1148692771766,204185400
2018-12-07,235.01937866210938,241.8407041633417,234.1811998724855,240.2713434999047,161018900
2018-12-10,235.46522521972656,236.43715018686217,230.6055731722175,234.8410402406926,151445900
2018-12-11,235.51876831054688,238.85363325284783,234.04750596611032,238.66638860838694,121504400
2018-12-12,236.70465087890625,239.86119617276037,236.62440318649877,238.49693097816925,97976700
2018-12-13,236.6243896484375,238.51474108187907,235.50979307571671,237.64981305297454,96662700
2018-12-14,232.2552032470703,235.42957247444892,231.70236763728906,234.47547116758975,116961100
2018-12-17,227.69874572753906,232.41571327641336,226.0669744218753,231.30111650527016,165492300
2018-12-18,227.44903564453125,230.0081586162255,225.84401386571423,229.33940067554468,134515100
2018-12-19,224.04286193847656,231.30111553755748,222.3397684197925,227.52932388944615,214992800
2018-12-20,220.39590454101562,224.3638663077274,218.14887365057305,222.7945189589598,252053400
2018-12-21,215.88009643554688,223.96103454003133,215.2343385006495,221.2972864799225,255345600
2018-12-24,210.1759033203125,216.00565237267747,210.11312852383378,214.391257590333,147311600
2018-12-26,220.79498291015625,220.79498291015625,209.65568091550543,211.63780135232858,218485400
2018-12-27,222.4901123046875,222.68741427560954,214.31949514400904,217.55724826813972,186267300
2018-12-28,222.203125,225.47674780536732,221.03717246474218,223.844425204303,153100200
2018-12-31,224.1493682861328,224.39153092837867,221.95200404047446,223.82648932492867,144299400
2019-01-02,224.38250732421875,225.30631074260154,220.58869057186968,220.61559600600654,126925200
2019-01-03,219.0281524658203,222.93856912435655,218.54382721026855,222.633618017562,144140700
2019-01-04,226.36468505859375,227.01044301239702,221.68294673620602,222.05963659502927,142628800
2019-01-07,228.14947509765625,229.55757659447116,225.73685369173648,226.6337381587478,103139100
2019-01-08,230.2930145263672,230.77733980190953,227.8086544085286,230.33787517212102,102512600
2019-01-09,231.36923217773438,232.2123055664393,229.77277929990194,231.00150634898134,95006600
2019-01-10,232.18540954589844,232.43653605245433,229.15393626414303,229.8355770836818,96823900
2019-01-11,232.275146484375,232.30205192325036,230.52621084525182,231.10918026804572,73858100
2019-01-14,230.85801696777344,231.66520737629008,229.97011025547886,230.3736917743686,70908200
2019-01-15,233.5038604736328,233.81777548974284,231.22576641958676,231.23474402227959,85208300
2019-01-16,234.06890869140625,234.95681551959413,233.72808822825598,233.93435413014328,77636700
2019-01-17,235.8447265625,236.7057553387113,233.15407322100728,233.1989338658102,96118400
2019-01-18,238.98382568359375,239.4502231203334,235.880613114038,237.65645419931408,127900300
2019-01-22,235.7550811767578,237.7282383150146,234.14069978781814,237.5129947620218,115531200
2019-01-23,236.24826049804688,237.48596502145395,233.781829051491,236.78639646962375,86030300
2019-01-24,236.37384033203125,236.9568370088599,235.05541934958248,236.0689029622403,59204100
2019-01-25,238.37391662597656,239.19906225440906,236.47252622175893,238.2214342464364,96883400
2019-01-28,236.5623016357422,236.6250627588356,234.7954377983892,236.23045869793808,85613700
2019-01-29,236.24826049804688,237.2706942103837,235.4141647960056,236.7056801794971,66136300
2019-01-30,239.98834228515625,240.8314159041773,237.0017289455445,237.76408624411582,92473700
2019-01-31,242.095947265625,242.5802724008886,239.71023199210262,239.92550281373855,104012100
2019-02-01,242.2126007080078,243.23506206970345,241.42333805071436,242.2933170201301,85782500
2019-02-04,243.91664123535156,243.9794297039566,241.5847366321493,242.25739984245362,60744800
2019-02-05,244.93911743164062,245.24405482113798,243.8449174478029,244.34717048588536,79552800
2019-02-06,244.61619567871094,245.1543316898616,243.8807714132307,244.66105631256863,58347800
2019-02-07,242.2843780517578,243.54896103786973,240.62513634791188,243.00187466224952,95482000
2019-02-08,242.58035278320312,242.6789969406424,240.21256455574564,241.03771034218343,75788900
2019-02-11,242.71481323242188,243.49509815663762,242.18565480531848,243.23502142905596,68021400
2019-02-12,245.83599853515625,246.21267462339748,244.25747336722668,244.32923944071663,72270200
2019-02-13,246.63427734375,247.4773510230501,246.24862355044635,246.6701603900964,65277200
2019-02-14,246.08712768554688,247.2172107038442,244.73282358398347,245.54899161156067,83234400
2019-02-15,248.76881408691406,248.80469712563044,247.65668622335585,247.8629521118126,97088700
2019-02-19,249.19935607910156,249.8540642265437,247.96165112812608,247.97062873148565,59120800
2019-02-20,249.70159912109375,250.15901894210884,248.66120989080383,249.16346298532434,76610800
2019-02-21,248.81365966796875,249.4235344355389,247.85398687824858,249.0647861823057,64214700
2019-02-22,250.3562469482422,250.5535351791764,248.7956499638948,249.43243002669786,78114600
2019-02-25,250.69708251953125,252.3025130344666,250.6163662193259,251.78233219845353,69030700
2019-02-26,250.51773071289062,251.39665981476927,250.1410272615592,250.34732050523317,56844100
2019-02-27,250.41015625,250.75992696229892,248.8675138588991,249.80025400552418,56921600
2019-02-28,249.9437255859375,250.6343440568461,249.6208603559582,250.19485211061198,69268300
2019-03-01,251.5043182373047,251.916877369195,250.06929782160273,251.5222460706085,78880500
2019-03-04,250.58956909179688,252.8048753017946,248.29354654670786,252.56272629652076,106494600
2019-03-05,250.2487030029297,250.91241614415003,249.70161659661557,250.71510045958334,59114600
2019-03-06,248.73292541503906,250.3742391075912,248.41006018612026,250.36526150543068,75039800
2019-03-07,246.65220642089844,248.42802015111022,245.80913283091718,248.28451535167278,94885100
2019-03-08,246.15890502929688,246.3293152689879,244.32928040957538,244.7956504825107,85795800
2019-03-11,249.7285614013672,249.88999406762028,246.8495693701987,246.87647481457424,65098900
2019-03-12,250.6702117919922,251.19042007076519,250.09622000970506,250.28455806959337,79667500
2019-03-13,252.3294677734375,253.26223526485666,251.39670028201837,251.5581602847145,80639200
2019-03-14,252.16807556152344,252.7779505160485,251.72861086940182,252.3564136623262,67518400
2019-03-15,253.4138641357422,254.22461004945322,252.53103603472826,252.72023115792376,81309000
2019-03-18,254.33277893066406,254.6300699289516,253.40491981440715,253.63012860467637,62199800
2019-03-19,254.39576721191406,256.16139589718296,253.50394946882147,255.39570823440198,90268100
2019-03-20,253.63009643554688,255.38673577336675,252.52208692239324,254.1796201095849,84609200
2019-03-21,256.4947509765625,256.90011021839473,252.76528100389675,252.81033924719029,79550400
2019-03-22,251.5581817626953,255.65697014672995,251.49511671277395,255.13449792626113,122659300
2019-03-25,251.36891174316406,252.4048661060454,250.10774871481755,251.21575775447917,85575200
2019-03-26,253.2427215576172,254.19760442345822,251.83742120821717,253.12560861328362,68125900
2019-03-27,251.91847229003906,253.81924820944926,250.36903517466789,253.23368353605088,72224700
2019-03-28,252.8734588623047,253.32387649359654,251.39610332714886,252.5491713636036,56238500
2019-03-29,254.46786499023438,254.79215237439305,253.260749463698,254.3867931441947,82186800
2019-04-01,257.485595703125,257.7828865786894,256.19740855246874,256.4676754840088,77617900
2019-04-02,257.6117248535156,257.84595069509163,256.81898584322386,257.674789886447,40070400
2019-04-03,258.01715087890625,259.22426637741154,257.4135793840035,258.82789681177695,68243200
2019-04-04,258.7017822265625,258.9540149205968,257.6478206980734,258.34145373384234,48997500
2019-04-05,259.95391845703125,260.00796634856,259.08010755558655,259.3683813046049,58621700
2019-04-08,260.1521301269531,260.2602259211894,258.87293241545575,259.5305518187939,53566300
2019-04-09,258.8189392089844,259.5125723627715,258.2694429750699,259.18828491153795,66142300
2019-04-10,259.70172119140625,259.791810186664,258.818893023963,259.2332694125867,52601500
2019-04-11,259.6296691894531,260.19719968513976,259.0621386937665,260.188182537175,55093100
2019-04-12,261.3862609863281,261.6655176093397,259.67468015426687,261.24212410166086,69727800
2019-04-15,261.2152099609375,261.5575317695114,260.41345335756057,261.4584255921978,49596700
2019-04-16,261.3862609863281,262.15197615867913,260.7917066463132,262.0979282633414,52153200
2019-04-17,260.7466735839844,262.53030909690517,260.3322697350052,262.5032851494761,58268300
2019-04-18,261.26019287109375,261.5304599031866,260.03507029778615,261.33227507617437,68708500
2019-04-22,261.4853515625,261.63850560047865,260.404366115119,260.49445510855935,40160100
2019-04-23,263.83648681640625,264.0707126493644,261.62044102193187,261.8546393635951,52246600
2019-04-24,263.25103759765625,264.0888075995507,263.1069006901307,263.75550302834347,50392900
2019-04-25,263.08880615234375,263.7464254877272,261.89972504731713,263.151871189565,57770900
2019-04-26,264.3140563964844,264.38611111550864,262.3592319380115,263.1339644968907,50916400
2019-04-29,264.7283020019531,265.2508015489559,264.3139257169919,264.4040146897125,57197700
2019-04-30,264.8633728027344,265.15164646568667,262.97164218142296,264.3859315759089,81111700
2019-05-01,262.8725891113281,265.70122345349637,262.86357196651386,265.494021561834,71671900
2019-05-02,262.3050842285156,263.67437079078803,260.8096950831011,262.7555016521478,65030200
2019-05-03,264.8724670410156,265.15172364225464,262.4131780296907,263.78246458162147,56543700
2019-05-06,263.782470703125,264.22387098797896,260.25118595039874,260.56648365013655,107198100
2019-05-07,259.3773498535156,261.97175840097896,257.46758453143724,261.377204151244,144729900
2019-05-08,259.01715087890625,260.7287323063887,258.422596332059,259.01715087890625,91568300
2019-05-09,258.2333679199219,258.8369119830217,255.20654798317443,256.9451804502703,103471100
2019-05-10,259.5304870605469,260.28718492268956,254.30562921533232,257.29640706901097,112429300
2019-05-13,253.00848388671875,255.3776841385173,252.17071400422503,254.41381166197624,127290500
2019-05-14,255.29664611816406,256.82807669036634,253.90036279568258,254.0264654064371,77003200
2019-05-15,256.79205322265625,257.43163845061366,253.45895233256329,253.66615430389857,73956400
2019-05-16,259.1701965332031,260.5304384583781,257.4225747303499,257.4946294219541,76749600
2019-05-17,257.4946594238281,259.98097268898067,256.8460571586275,256.8640914521032,100353000
2019-05-20,255.79209899902344,257.6027585823994,255.0443905838486,255.89117764922898,62877600
2019-05-21,258.09832763671875,258.47666306324015,257.2335059649043,257.4857387463557,46847100
2019-05-22,257.3054504394531,258.2603331360052,256.8280090911771,257.1433067720303,49482500
2019-05-23,254.16159057617188,255.12546309668002,252.7472730812327,255.08043234488764,98733800
2019-05-24,254.73805236816406,256.0172498237098,254.116474184375,255.6028460403203,55268100
2019-05-28,252.36886596679688,255.97220519885195,252.3508591675034,255.01732250166108,70029400
2019-05-29,250.6753387451172,251.65724556949357,249.2700383825875,251.2518863252841,104972900
2019-05-30,251.35997009277344,252.26982217173114,250.26095037557218,251.43202479119464,62523800
2019-05-31,247.97279357910156,249.63934351166384,247.94576963387286,248.81059086378568,86862800
2019-06-03,247.34228515625,249.12592095273772,246.00903939141855,248.00889429301378,96428000
2019-06-04,252.71127319335938,252.84639296207123,249.18900460197165,249.63942215854848,77231900
2019-06-05,254.90023803710938,254.92726198471507,252.52204817390717,254.3327076460896,71169700
2019-06-06,256.5578918457031,257.2335183454632,254.54904664752326,255.19764918694543,69430400
2019-06-07,259.1251220703125,260.2061348157699,257.4045243209625,257.57568513051484,74272200
2019-06-10,260.31427001953125,261.9808201331554,260.2241810285488,260.6745984921607,60799100
2019-06-11,260.2512512207031,262.50333893893577,259.6026488581999,262.13399325418897,58641300
2019-06-12,259.7918395996094,260.57556171360955,259.2783570106766,260.01704836760047,47096300
2019-06-13,260.8637390136719,261.2240949401442,259.9989452709926,260.70159534153777,48945200
2019-06-14,260.5755615234375,261.1791056260825,259.80984621456577,260.5755615234375,52324700
2019-06-17,260.674560546875,261.44027562181344,260.5033997363136,260.8096802680297,39205700
2019-06-18,263.40411376953125,264.4581026767264,262.1339332880597,262.4942892335855,85434800
2019-06-19,263.99871826171875,264.5302076436877,262.56639382733385,263.5392835877693,78674400
2019-06-20,266.5210266113281,266.9264133528406,264.0617646861457,266.6831978027144,116570000
2019-06-21,266.13360595703125,267.50952485915224,265.9163628738044,266.251288502116,83309500
2019-06-24,265.8077392578125,266.6586172021475,265.65384032505415,266.34181358325094,47582700
2019-06-25,263.20068359375,265.8891769398379,263.0920620646163,265.8620215575545,82028700
2019-06-26,262.9381408691406,264.6037352997455,262.82951934921067,264.09681645673555,51584900
2019-06-27,263.8705749511719,264.377493914319,263.31840621899835,263.6985816288529,40355200
2019-06-28,265.2283935546875,265.7262515028233,264.3322381980387,264.8481905283756,59350900
2019-07-01,267.6362609863281,268.7768423916626,266.43230780847284,268.55957168944997,78705600
2019-07-02,268.33331298828125,268.38762376676675,266.74918415742064,267.59102884896026,61504500
2019-07-03,270.47869873046875,270.4968207417904,268.8674143488254,269.0122523143123,40898900
2019-07-05,270.1708679199219,270.33382786024254,267.9531044059566,269.24755717482327,51677300
2019-07-08,268.686279296875,269.98979283576267,268.1431440515041,268.85827258499256,45841800
2019-07-09,269.021240234375,269.31994946484144,267.47332806284766,267.52763883202334,41101300
2019-07-10,270.3066101074219,271.2571037412516,269.55529277783,270.08936704826425,58448500
2019-07-11,270.9402770996094,271.1846755452837,269.93550030905135,270.9493381022296,50826100
2019-07-12,272.1532287597656,272.22566152144543,271.12129671836635,271.42906689299434,40326000
2019-07-15,272.2438659667969,272.58785266133765,271.73694693011015,272.58785266133765,33900000
2019-07-16,271.3656921386719,272.3614354132492,271.05792196743965,272.15322575697263,36650100
2019-07-17,269.5190734863281,271.5014992547846,269.5190734863281,271.33856696217356,36036300
2019-07-18,270.505859375,270.88606249491295,268.577771257996,269.021318543713,51392600
2019-07-19,269.003173828125,271.62829590298804,268.83118049951213,271.60114051557616,58678600
2019-07-22,269.66387939453125,270.2070145971142,268.8854067833321,269.4013589820321,43638100
2019-07-23,271.5920715332031,271.5920715332031,269.953632082453,270.7864433136411,44564500
2019-07-24,272.8684387207031,272.8684387207031,270.7411746175419,270.8317017841682,47213200
2019-07-25,271.56494140625,272.4701578776042,270.7592854867379,272.4158470993241,55394100
2019-07-26,273.3843994140625,273.5835481165805,272.126135424287,272.25287897362153,45084100
2019-07-29,272.8865051269531,273.38439067984694,272.33433642966406,273.2667081377991,38126500
2019-07-30,272.2166748046875,272.6240332315374,271.10324869630654,271.4834517363673,45849000
2019-07-31,269.2384948730469,272.6511782245278,267.2198800736409,272.4610628992389,104245200
2019-08-01,266.89385986328125,272.3523107829898,266.0972654297255,269.3922646548884,142646600
2019-08-02,264.88433837890625,266.24216256795125,263.3273655371344,265.99776415892455,116749700
2019-08-05,256.9185485839844,260.89243457546314,255.01758844653918,260.78381301761164,178745400
2019-08-06,260.5212097167969,260.73848038847234,257.334858657285,258.8103654742626,120711700
2019-08-07,260.6752014160156,261.44464098020467,255.3072741020519,257.4435718214311,140572300
2019-08-08,265.7895812988281,265.7895812988281,261.6165477971536,262.16871642969346,87713900
2019-08-09,263.979248046875,265.4456944498486,262.19597032381057,264.8482482069673,93730000
2019-08-12,260.7657470703125,263.9701938764454,259.81525308542814,262.476592043076,65527600
2019-08-13,264.82098388671875,266.2693353078018,260.1229096763027,260.46689624662304,94299800
2019-08-14,256.9908752441406,261.372118364232,256.86415934036023,260.76563897648515,135622100
2019-08-15,257.6697998046875,258.565982676383,255.6240298665411,257.87800948700215,99556600
2019-08-16,261.4716796875,261.9061657416089,257.7240717207898,259.32632192032685,83018300
2019-08-19,264.6219482421875,265.3008606709423,263.8163198584075,264.49523228716237,53571800
2019-08-20,262.5942077636719,264.6490389340067,262.4674918396257,264.11496460228994,51596400
2019-08-21,264.7305603027344,265.10167473504976,264.069742353098,264.75771569107485,49524700
2019-08-22,264.64898681640625,266.07018283661125,262.87477085408335,265.4365480911414,51666400
2019-08-23,257.8508605957031,265.01112462198813,256.60165772038295,263.34552999656404,149161500
2019-08-26,260.7022705078125,260.7022705078125,258.5116351075703,260.0414527243702,72423800
2019-08-27,259.6794128417969,262.46749470133955,258.9190344141973,262.0963526786402,66668900
2019-08-28,261.50799560546875,261.670927937777,258.21299444093967,259.0186503479312,59696700
2019-08-29,264.84814453125,265.37318539901827,263.0648675062555,264.0696718566362,57899400
2019-08-30,264.7305603027344,266.35087784873895,263.7981884696932,266.3327834648498,62901200
2019-09-03,263.1825256347656,263.94290385983123,261.8518568346499,263.0286543645162,69101400
2019-09-04,266.1697692871094,266.18786366543446,264.60373537433054,265.35508026239984,46887300
2019-09-05,269.5915832519531,270.5058331271677,266.1336496100099,268.6592113668234,83258100
2019-09-06,269.7997131347656,270.4424366119935,269.2294500581553,269.90836229817734,49584300
2019-09-09,269.9354553222656,270.87686018760576,268.9940228319221,270.78636067651786,51260300
2019-09-10,269.8721008300781,269.9354725918967,267.91683059042794,269.175066700084,57947100
2019-09-11,271.7911682128906,271.87263435713766,269.52812767822877,270.17988445721164,68821100
2019-09-12,272.7326354980469,273.79172313296596,271.9360407085292,272.69641910988423,72908700
2019-09-13,272.5516052246094,273.52925441617066,272.18046318198077,273.1762067567145,62104800
2019-09-16,271.709716796875,272.5968386795519,271.06702098519503,271.4200409627346,58191200
2019-09-17,272.3976745605469,272.4881740817053,271.33855943792975,271.51055272814114,41475500
2019-09-18,272.56060791015625,272.6692294359746,269.97167516979073,272.00841165390426,73375800
2019-09-19,272.54254150390625,273.94564349864027,272.2076158559735,272.9498999338318,76560500
2019-09-20,271.2548522949219,273.4283237750673,270.4636815896256,273.1463852597346,89565000
2019-09-23,271.1910400390625,271.90947082634676,270.33620536876737,270.59083520124443,43476800
2019-09-24,269.063232421875,272.67353890374073,268.09927401385335,272.28250493215603,94869400
2019-09-25,270.65460205078125,271.1001974881487,267.6626795721894,269.14500041802086,71854000
2019-09-26,270.0908203125,270.8728881544537,268.68126652638114,270.6637446747886,56179700
2019-09-27,268.6357727050781,270.95475088185464,267.08071215888543,270.84559996849686,84746600
2019-09-30,269.8815612792969,270.59088936551007,269.1085965366539,269.1540552559003,51662400
2019-10-01,266.67144775390625,271.4184990741899,266.4532014526551,270.7637324178549,88242400
2019-10-02,261.9608154296875,265.09824519659725,260.6694876361952,265.0891423486225,122539500
2019-10-03,264.1069641113281,264.1342448983291,259.01433776802537,261.7334246319195,85278800
2019-10-04,267.6809387207031,267.93556870041675,264.70719358868433,264.7617829260246,65091200
2019-10-07,266.52593994140625,268.5084455962607,266.2440292191831,266.88061793215365,59610500
2019-10-08,262.3882141113281,265.4074176476115,262.35183047463295,264.67080858188825,95708100
2019-10-09,264.8799743652344,265.8166518828195,263.77961209760576,264.40709805869136,62359400
2019-10-10,266.67144775390625,267.55356355823847,264.63440826867793,264.7980929946163,55296300
2019-10-11,269.43597412109375,271.6730815760667,269.30867305178435,269.4268712759371,98720400
2019-10-14,269.13592529296875,269.79069193177,268.79035015685406,269.1177195999643,40394800
2019-10-15,271.8004150390625,272.54612678764573,270.06346449166466,270.1816904704129,46754500
2019-10-16,271.3638916015625,272.0550417754018,270.9273990728866,271.3366108185202,48928200
2019-10-17,272.1641845703125,273.03719744331266,271.4730343465405,272.5279376213477,45736600
2019-10-18,270.9728698730469,272.2733001769917,270.1180349628478,271.62763644782535,64304000
2019-10-21,272.8098449707031,273.009913309205,271.85498975437696,272.29151006181155,39048600
2019-10-22,271.91864013671875,273.6373849879232,271.82769494162426,273.34637146465167,48594700
2019-10-23,272.7098388671875,272.76440043938345,271.45486720152144,271.6640383966591,34352200
2019-10-24,273.1554870605469,273.79207586258536,272.32793271893104,273.64656905775985,35453100
2019-10-25,274.2740173339844,274.8196608389771,272.527963668524,272.58252524376513,45205400
2019-10-28,275.81988525390625,276.3200698678474,275.46523513008924,275.4925159088444,42147000
2019-10-29,275.7380676269531,276.6656696928972,275.4197733445718,275.5471021585543,44284900
2019-10-30,276.5838928222656,276.95672100272753,274.62866794732867,275.93820126006324,49643900
2019-10-31,275.8472900390625,276.57482405388174,274.39227751459396,276.57482405388174,69053800
2019-11-01,278.4027099609375,278.4481686934179,277.1295324204775,277.2932449130918,71141500
2019-11-04,279.52117919921875,280.0941033965786,279.1483233286738,279.95769948115407,60606900
2019-11-05,279.2120666503906,280.02144303161515,278.92105304685475,279.721326580286,42933200
2019-11-06,279.2756652832031,279.5484731268798,278.3298851708271,279.2120008688192,46487100
2019-11-07,280.2578125,281.5946264927241,279.78493630115787,280.6124904635661,54272300
2019-11-08,280.94903564453125,281.0035972296116,279.212084512575,279.9123100228309,49032100
2019-11-11,280.4124450683594,280.5852326412768,279.4302812062415,279.566712897289,35797300
2019-11-12,281.0035095214844,281.9038031468933,280.230516970667,280.7761604037485,46484600
2019-11-13,281.09454345703125,281.4946802507706,279.78500990526373,280.0123590947708,53917700
2019-11-14,281.5035705566406,281.5854406333967,280.1758599322049,280.81244834597777,51219900
2019-11-15,283.5408020019531,283.58626073546037,282.1494261750997,282.8405487883665,62023600
2019-11-18,283.7497863769531,283.9862382648121,282.8494930386732,283.30419112912875,49228000
2019-11-19,283.6680603027344,284.35921056429345,283.0223965204034,284.35010771793173,67804700
2019-11-20,282.6131591796875,283.59532300669514,281.0580988316027,283.0769603064734,79406200
2019-11-21,282.1584167480469,282.8313889694195,281.35817121201325,282.72226583962293,54664700
2019-11-22,282.7859802246094,283.0406101816487,281.77656324396247,282.90420623191045,44850200
2019-11-25,284.97760009765625,284.97760009765625,283.713553290501,283.713553290501,48647200
2019-11-26,285.6232604980469,285.80515091180786,284.69568599405943,285.01398034185087,37569000
2019-11-27,286.8964538574219,286.8964538574219,285.88700918425144,286.1052554908473,44444600
2019-11-29,285.8323974609375,286.5781092144215,285.605048347259,286.33255440999926,36592700
2019-12-02,283.40435791015625,286.1507255365374,282.9769404159021,286.08706111657636,75767800
2019-12-03,281.5035705566406,281.5854406333967,279.30284738830164,280.68511956219584,73941700
2019-12-04,283.24066162109375,283.8408667166338,282.2039639124934,282.5495390662209,49080000
2019-12-05,283.7497863769531,283.9589574894875,282.4402536562356,283.9407795567941,40709000
2019-12-06,286.3416748046875,286.7418114894914,285.6505245759209,285.6596274218507,48927000
2019-12-09,285.4414367675781,286.62364136052076,285.3686694911169,285.9506966924689,34838500
2019-12-10,285.1231384277344,286.0507130453857,284.4683717115734,285.3868712342311,52649800
2019-12-11,285.9324951171875,286.1871250585876,285.04127644599606,285.5778171170683,53429100
2019-12-12,288.39691162109375,289.178979276665,285.7051057972178,285.9415300114766,96389600
2019-12-13,288.56976318359375,289.7974542607273,287.3875308397455,288.1605235736877,81503900
2019-12-16,290.55218505859375,291.14328723980907,288.5060429102938,290.2975551457974,82749700
2019-12-17,290.6159362792969,291.2343194304251,290.53409389922876,290.9342307035088,61097700
2019-12-18,290.634033203125,291.23423824222414,290.5794716316232,291.0068891101069,48133000
2019-12-19,291.8252868652344,291.89805411559865,290.57031544590774,290.82494531703384,85310500
2019-12-20,293.1048583984375,294.2380456575413,291.88027877252716,292.8580962191564,147142100
2019-12-23,293.5524597167969,293.94541596845033,293.40623759987574,293.890586160732,52990000
2019-12-24,293.5616760253906,293.8266775283828,293.2600841233324,293.78099530759755,20270000
2019-12-26,295.12445068359375,295.1335982854988,293.93643377520567,293.9455534880805,30911200
2019-12-27,295.0513000488281,295.9103378824698,294.52126907589263,295.85550805385674,42528800
2019-12-30,293.4245910644531,295.2706214297429,292.9402423613774,295.13354687019796,49729100
2019-12-31,294.1374816894531,294.38424384860156,292.5747755339869,292.9220497660977,57077300
2020-01-02,296.88812255859375,296.9064177570936,294.74967601076855,295.67269108630387,59151200
2020-01-03,294.6401672363281,295.7642348477477,293.44300246054854,293.49783230607767,77709700
2020-01-06,295.7641296386719,295.8463743777095,292.76661707449347,292.8854243272233,55653900
2020-01-07,294.9325256347656,295.67275622250656,294.4847115081981,295.19752718117184,40496400
2020-01-08,296.5043640136719,297.7197956916485,294.87768074616207,295.12441496646585,68296000
2020-01-09,298.514892578125,298.58801761539866,297.4822175666189,298.06710630868724,48473300
2020-01-10,297.6558837890625,299.25515249526273,297.1898301592266,299.09981058166176,53029300
2020-01-13,299.70294189453125,299.71206160755526,297.84779146443003,298.2773104255387,47086800
2020-01-14,299.24591064453125,300.3151199538499,298.6884369921767,299.2641779536659,62832800
2020-01-15,299.9222106933594,300.6807085322573,299.07232051640693,299.1545652539482,72056600
2020-01-16,302.4170227050781,302.4170227050781,301.0736364652037,301.3021033230802,54050300
2020-01-17,303.3583679199219,303.56853962375646,302.3531079591049,303.12990101469194,95846000
2020-01-21,302.7643127441406,303.5685206625626,302.32567416247394,302.39877129641013,77742400
2020-01-22,302.80096435546875,304.2723060684874,302.64562244176034,303.62343982713384,48914900
2020-01-23,303.148193359375,303.5594449783584,301.03716121185505,302.15208091700214,51963000
2020-01-24,300.4523010253906,303.88845281451574,299.1637441044687,303.80620806071624,87578400
2020-01-27,295.6361999511719,297.1166611579254,294.8685544324489,295.2066810180619,84062500
2020-01-28,298.7342529296875,299.6115581923156,295.7276201151106,297.06185926917453,63834000
2020-01-29,298.4874267578125,300.32430953188833,298.2863747731424,300.0958426351734,53888900
2020-01-30,299.45611572265625,299.6663153017545,295.67271852206113,296.42206872649126,75491800
2020-01-31,294.01861572265625,298.99005740584477,293.10474817632047,298.834687651797,113845600
2020-02-03,296.2027893066406,298.0670871911225,295.3803139687608,295.49912122993766,69083000
2020-02-04,300.71728515625,301.5854705749679,299.4927058581297,299.81256511181664,62573200
2020-02-05,304.18994140625,304.4001409842499,302.1885971158361,303.6507628947107,65951100
2020-02-06,305.2134704589844,305.4053748205114,304.1350856388759,305.1494930421346,50359700
2020-02-07,303.58685302734375,305.222656086769,303.03852684411055,304.15344652404104,64139400
2020-02-10,305.8532409667969,305.91721840038207,302.6638515575527,302.700414075177,42070000
2020-02-11,306.38323974609375,307.991627648604,305.8531809561454,307.2057149525741,54864500
2020-02-12,308.3572692871094,308.5674410211826,307.4525212476893,307.81806277084456,43992700
2020-02-13,308.0281982421875,308.99689562686603,306.6573968990736,306.9315460120865,54501900
2020-02-14,308.52178955078125,308.6405968326844,307.24238014765734,308.43954479154826,64582200
2020-02-18,307.7266540527344,308.58569184757795,306.3375574198674,307.5256020605576,57226200
2020-02-19,309.1979675292969,309.8742206443196,308.41205476200304,308.6953514933789,48814700
2020-02-20,307.9276428222656,309.4720810157457,304.9392784662439,308.64957801451567,74163400
2020-02-21,304.756591796875,306.8858911350751,303.93408860649663,306.5751794829659,113788200
2020-02-24,294.6492004394531,304.82967088286625,293.5708154883239,295.3071862193686,161088400
2020-02-25,285.7206726074219,296.6505202633772,284.84336760311373,296.0382446469935,218913200
2020-02-26,284.6697692871094,290.7104209886197,283.93868633219154,287.11892786401404,194773800
2020-02-27,271.884765625,284.72459458112405,271.884765625,279.1499964992916,284353500
2020-02-28,270.742431640625,272.23204033235453,260.9457695802284,263.833594623337,384975800
2020-03-02,282.46728515625,282.53126257074877,269.0973999770701,272.5244028949452,238703600
2020-03-03,274.37957763671875,286.80818159326185,271.9395669552168,282.8419998690826,300139100
2020-03-04,285.91259765625,286.1319448399597,277.20344073550206,279.7531390923097,176613400
2020-03-05,276.4083557128906,281.90070830188273,274.1693970755827,278.71131965746457,186366800
2020-03-06,271.8390808105469,273.0453928793516,265.231835125878,267.9003132173233,228667200
2020-03-09,250.6099395751953,259.71205370103047,249.8971239127328,251.58775678015627,309417300
2020-03-10,263.5777893066406,263.6691537844827,249.94286810623316,260.123369795359,276444100
2020-03-11,250.7286834716797,257.65581500361225,247.54844229941548,256.5226281848996,255316300
2020-03-12,226.73968505859375,243.69193139870373,226.34671474938688,233.95009968243195,392220700
2020-03-13,246.12278747558594,248.09674450743702,227.11434179246803,240.42938324174193,329566100
2020-03-16,219.19113159179688,234.77256174758443,216.91559643304075,220.40656312966803,297240000
2020-03-17,231.02572631835938,234.1054695359692,216.65059323263955,223.93410499439116,262070500
2020-03-18,219.3282470703125,226.97731522464503,208.38011597518343,215.90124320983887,327597100
2020-03-19,219.7943115234375,226.0725919909202,212.21835456333,218.64284326233184,289322000
2020-03-20,210.32244873046875,224.72696071707477,210.0466734873275,222.94363004147445,347158800
2020-03-23,204.9448699951172,211.13136077030381,200.63362552870024,209.761700043424,326025200
2020-03-24,223.51356506347656,224.38685570948732,214.91866545634184,215.48859069772814,235494500
2020-03-25,226.859619140625,235.6475802643827,220.38816470935495,225.0946770230059,299430300
2020-03-26,240.1058807373047,241.57664463189138,228.93708857476466,229.36913318338085,257632800
2020-03-27,232.95411682128906,239.74730912483307,230.7755195385793,232.81623624384227,224341200
2020-03-30,240.51947021484375,241.23647727595963,233.05523566758163,235.04998751981518,171369500
2020-03-31,236.93446350097656,242.06381801054945,235.52802532472109,239.51752951061562,194881100
2020-04-01,226.2712860107422,236.85176448420262,224.20299266868236,227.9534996121323,189554600
2020-04-02,231.4925994873047,232.27394638304975,224.83728566556516,225.38883620204277,177660400
2020-04-03,228.1465301513672,232.86224312191504,225.41638201331432,230.50897330571124,135561200
2020-04-06,243.47024536132812,245.4374352742941,228.12811933562622,237.01718131949536,188061200
2020-04-07,243.718505859375,252.8189911912203,243.49789687410166,252.06520642083692,201427200
2020-04-08,251.89979553222656,253.71070275736227,243.82885473329833,246.3199918221908,153774500
2020-04-09,255.73301696777344,258.49074168826115,253.22347737304005,255.1630636276637,189999200
2020-04-13,253.39810180664062,255.09870410198187,249.4913256390023,254.75858925351815,114839100
2020-04-14,260.8715515136719,261.89189610685975,253.26023306323893,258.2884851590157,134143400
2020-04-15,255.32846069335938,261.0093649327239,253.21418896902438,255.15380261017032,121775000
2020-04-16,256.5602722167969,257.415159958969,253.4900094044969,256.6062230641316,131798300
2020-04-17,263.49139404296875,264.09806873944035,259.59379105102954,262.3331407891114,146684800
2020-04-20,258.8492126464844,263.6292797051415,258.6286036617239,259.786828884741,100109300
2020-04-21,250.9896697998047,255.58587661831038,250.05202565489662,254.3816726761035,126385700
2020-04-22,256.5602722167969,258.30682521082116,254.5471313703784,255.8708411886541,92951600
2020-04-23,256.5419006347656,261.00942882801934,256.2385632888214,257.83803449166567,104709700
2020-04-24,260.1177673339844,260.78882372538203,256.00875672334155,258.0586753592096,85063200
2020-04-27,263.86822509765625,264.9897006956838,261.6344752923047,262.09409597915175,77896600
2020-04-28,262.65484619140625,267.86692903854635,262.3514808302591,267.51761283020494,105270000
2020-04-29,269.53082275390625,271.0659685753483,266.956957484873,267.9865035924863,118745600
2020-04-30,267.02130126953125,269.63194396115506,265.28392123731965,268.1519504463422,122901700
2020-05-01,259.9522705078125,267.1866954796315,258.78481603360234,262.2687486221893,125180000
2020-05-04,260.66925048828125,260.97258776035505,256.58781705500485,258.0677820162113,80873200
2020-05-05,263.07769775390625,265.8905741855777,260.79796898937275,263.4913676039255,79569900
2020-05-06,261.2943115234375,265.16430912686474,260.86226703661674,264.7782435319276,73632600
2020-05-07,264.4472961425781,266.3777082327352,263.9417247143769,264.5116497579534,75250400
2020-05-08,268.8229064941406,269.2917284965723,266.45124842032664,267.58192522789057,76452400
2020-05-11,268.8781433105469,270.2570055839343,266.4697350281808,266.892578270506,79514200
2020-05-12,263.5189514160156,270.47758767684087,263.3810427599695,270.0639458677684,95870800
2020-05-13,258.8584289550781,263.9969859100772,256.43161777077114,262.95823845859854,144721100
2020-05-14,261.9562072753906,262.08488647615417,250.94368586031882,256.42238447612806,121977900
2020-05-15,263.160400390625,263.2063512347929,258.61934608730513,259.5661635119153,111146300
2020-05-18,271.17620849609375,272.78488091937567,269.0619645324173,269.383676574657,119703800
2020-05-19,268.3909606933594,272.28853594964113,268.3725859611599,270.5787601052246,95189300
2020-05-20,272.95037841796875,273.81446769296434,271.7002234133943,271.9300337939139,85861700
2020-05-21,271.0659484863281,273.6306402253111,269.97204881480235,272.82170318555836,78293900
2020-05-22,271.5806579589844,271.75531605411203,269.53994110545716,270.78092249867296,63958200
2020-05-26,274.92669677734375,277.7855520274972,271.59904750423533,277.54654029417327,88951400
2020-05-27,279.017333984375,279.0541114942936,272.8951830483843,277.72120027669484,104817400
2020-05-28,278.50262451171875,282.06008496206584,277.8315680546583,280.04694364391133,90405200
2020-05-29,279.7434997558594,280.3317995595068,275.28517414932355,278.03369646881987,119090800
2020-06-01,280.8741760253906,281.4808786671015,278.5852740999053,279.10004699838373,55758300
2020-06-02,283.199951171875,283.2459300855402,280.46062904766694,281.7935125894445,74267200
2020-06-03,286.9687805175781,287.92479945173847,284.9096887083299,285.18544991384636,92567600
2020-06-04,286.2149963378906,287.7225657388418,284.119127013096,285.98518598186917,75794400
2020-06-05,293.5505065917969,295.32463552707304,291.5465673368315,291.6109209590687,150524700
2020-06-08,297.09881591796875,297.291848746868,293.8171175615824,294.3594665924078,73641200
2020-06-09,294.8835144042969,297.17241696231423,293.5689776241452,294.433066953884,77479200
2020-06-10,293.2380065917969,296.3542484031599,292.5209994219378,295.462583123064,95000800
2020-06-11,276.33319091796875,286.941246338049,275.78166842632197,286.3069674196292,209243600
2020-06-12,279.64239501953125,284.11909577413104,274.4854646628665,283.34693642916073,194678900
2020-06-15,282.25311279296875,283.3837900229407,272.7757344523348,273.95236253958734,135782700
2020-06-16,287.68585205078125,290.14944093418046,282.8230840367275,290.00235890733364,137627500
2020-06-17,286.4908447265625,289.0003844313553,285.7554346036974,288.70622038220927,83398900
2020-06-18,286.6009826660156,287.07897792830755,284.5143155144773,284.97393605426197,80828700
2020-06-19,284.9632263183594,290.26288306599963,283.0150766905862,290.06900074453034,135549600
2020-06-22,286.7912902832031,287.18829677421513,283.2181755111513,284.36304192298934,74649400
2020-06-23,288.1115417480469,290.37360494908,287.70529343295135,289.44107656536517,68471200
2020-06-24,280.7622985839844,286.6898126377775,278.92496674442594,286.07119804236737,132813500
2020-06-25,283.77215576171875,284.03991677797876,278.1677990684482,280.1897990735888,89468000
2020-06-26,277.0321350097656,282.88579689027085,276.45048811590635,282.67343082724625,127961000
2020-06-29,281.10382080078125,281.24230815078425,275.99804720322345,278.28780803699664,79773300
2020-06-30,284.70465087890625,286.4035230684894,280.5129498778858,280.66989282570773,113394800
2020-07-01,286.69891357421875,287.9638397462947,285.3601650563241,285.8218083059018,72396500
2020-07-02,288.2778625488281,291.4816690368275,287.6130948915451,290.1336499523645,69344200
2020-07-06,292.72802734375,293.3097024538688,291.3523392224344,292.10019917073765,61713800
2020-07-07,289.7089538574219,293.16203774566503,289.3304028583476,291.1862184893879,82910000
2020-07-08,291.9248046875,292.03559459185783,288.7117847552177,290.4752376937071,54638600
2020-07-09,290.2628479003906,292.7741885974815,286.84667618527334,292.53412506328704,83354200
2020-07-10,293.2266540527344,293.49441511654214,288.7671911665096,290.1982744487149,57550400
2020-07-13,290.6875,297.9537597898529,290.0319745156313,295.5716931672863,102997500
2020-07-14,294.4546203613281,295.23017784397115,288.06546370459,289.2657251994357,93657000
2020-07-15,297.1597900390625,298.25850331831754,294.77769489481517,297.6768282673625,87196500
2020-07-16,296.1811218261719,296.6335232521369,294.61152330631586,295.2578352089557,54622500
2020-07-17,297.039794921875,297.82459424337384,295.21167713283364,297.1875241733961,62774900
2020-07-20,299.4403076171875,300.1881674859498,296.0241360322097,296.771995900972,56308800
2020-07-21,300.077392578125,301.8500871049481,299.0894691350206,301.4069275614781,57292200
2020-07-22,301.7854919433594,302.099434231955,299.6065487498866,299.71733865104954,57792900
2020-07-23,298.1846923828125,302.12714499020143,296.81824597309316,301.42543801668506,75738000
2020-07-24,296.26422119140625,297.2890558358542,294.75925946179956,296.328858018481,73766600
2020-07-27,298.4247131347656,298.60013985296814,296.16264956413676,296.95669073754914,48293000
2020-07-28,296.5320129394531,298.8125323008997,296.23655442203676,297.6953350650081,57495000
2020-07-29,300.1789855957031,300.7422051686178,297.37218596811334,297.4091253277657,48454200
2020-07-30,299.1080322265625,299.523522624369,295.1194540194358,297.20606336499105,61861700
2020-07-31,301.4715270996094,301.5731032762325,296.6796674453573,300.8990939222795,84986800
2020-08-03,303.5674743652344,304.33379001033194,302.5887926129522,303.1335284428846,53077900
2020-08-04,304.739990234375,304.739990234375,302.70874832852365,302.70874832852365,41917900
2020-08-05,306.6327209472656,306.89126826301356,305.7740711107244,306.0418321331255,42697700
2020-08-06,308.682373046875,308.8024048039593,305.72787305800415,306.05102897866146,43679400
2020-08-07,308.9040222167969,309.1902388250722,306.8081434818142,307.71297454516787,57308300
2020-08-10,309.8273010253906,310.0119414454086,307.4175082706169,309.356415827872,44282100
2020-08-11,307.269775390625,311.64617312266336,306.5403992490115,311.00910310173,69601100
2020-08-12,311.55389404296875,312.3294515588477,309.6796230021421,309.7073204785493,53774400
2020-08-13,310.99072265625,312.3018024878491,310.06743573093485,310.78759840562145,41816100
2020-08-14,310.9998779296875,311.5353999760587,309.87346706744495,310.6028714247222,47260400
2020-08-17,311.98779296875,312.3847994629521,311.0091113811264,312.0154904409857,35481000
2020-08-18,312.66180419921875,313.0865081681524,310.7875052531915,312.38480129876183,38733900
2020-08-19,311.3600158691406,313.5574147719256,310.79679627269803,313.04037642109654,68054200
2020-08-20,312.3294372558594,312.80953621709097,309.5041820857971,309.6334275776199,42207800
2020-08-21,313.4373779296875,313.6589577204171,311.65541319099066,311.99705293699736,55106600
2020-08-24,316.61346435546875,316.68731488840734,313.4096586142327,315.8748181437234,48588700
2020-08-25,317.7213134765625,317.8044058719142,316.01322799042714,317.17657787828045,38463400
2020-08-26,320.9067687988281,321.17450165786835,317.76759961775787,318.3123353958914,50790200
2020-08-27,321.6083984375,323.05796511433385,319.94649388256835,321.7746114341692,58034100
2020-08-28,323.68585205078125,323.8151257187456,321.4422720409016,322.63331982174736,48588900
2020-08-31,322.5132751464844,324.35060666428654,322.28245347132435,323.4735012045628,66099200
2020-09-01,325.5509033203125,325.6524513348711,322.4486452873158,323.3442345333608,54908700
2020-09-02,330.25970458984375,331.22914447381027,326.3172518616977,327.46214667089407,69540000
2020-09-03,318.8940124511719,329.0409244463154,316.3087927397801,328.5700392045548,148011100
2020-09-04,316.2903137207031,321.14678232846006,309.1809952615708,319.5772119329768,139156300
2020-09-08,307.6483154296875,316.35492934972956,307.34364325395643,310.87981848066687,114465300
2020-09-09,313.72357177734375,316.1887312996784,310.78749888094603,311.65539056693245,91462300
2020-09-10,308.27618408203125,316.25336585308577,307.3159581046872,315.5978402401596,90569500
2020-09-11,308.4331359863281,311.11990351849477,305.6078810919823,310.05812950649084,84680200
2020-09-14,312.4955749511719,314.2682976219797,308.58084878107974,311.59998582152673,65605700
2020-09-15,314.07440185546875,315.7824594521563,312.50480343116857,314.9515071825437,52920900
2020-09-16,312.8280029296875,316.7427294770832,312.5510000169259,315.3116463788061,82096000
2020-09-17,310.0765686035156,311.79389633261354,307.44519615617884,307.9714762809404,91523300
2020-09-18,306.5068359375,310.993428984105,304.02252899495534,310.88219558209073,105877900
2020-09-21,303.0954895019531,303.2438101066205,298.2381099284634,301.9182318320632,99450800
2020-09-22,306.1823425292969,306.7385377490843,302.06653750783966,304.57868073084774,63612100
2020-09-23,299.0816345214844,307.01660211722344,298.58105607201094,306.7384904056228,93112200
2020-09-24,299.8788146972656,302.937845386202,296.448968406663,297.7652958983576,76681300
2020-09-25,304.7269592285156,305.5148717009548,298.1546568746652,299.0259943751535,71069400
2020-09-28,309.7882080078125,310.50197417373164,307.8971562503238,308.88903407163315,64584600
2020-09-29,308.1011047363281,310.3258566144469,307.4058680063376,309.58428208482565,51304000
2020-09-30,310.43719482421875,313.58892978637374,308.5739508757094,308.76860928712824,104081100
2020-10-01,312.43023681640625,314.0060903303923,310.54846318932005,313.03276987437926,88698700
2020-10-02,309.4638366699219,312.40238366370073,307.00733868479756,307.48010881582076,89431100
2020-10-05,314.95159912109375,315.1369786568774,311.47541457094957,311.5217523825799,45713100
2020-10-06,310.47418212890625,317.18555337279156,309.964353167819,315.0905642737861,90128900
2020-10-07,315.87860107421875,316.6850714131168,313.40354507518236,313.43135342172144,56999600
2020-10-08,318.6781005859375,318.74299616214427,316.8982814154723,317.8160134938171,45242500
2020-10-09,321.5238952636719,321.9873865273389,319.7070174310904,320.3280798824177,59528600
2020-10-12,326.696533203125,328.17043242336644,323.57260577192744,324.0639055120079,80388500
2020-10-13,324.5644226074219,326.7335584990035,323.60035278140873,326.55742954167613,73255500
2020-10-14,322.5250244140625,326.23295452878085,321.7927285846741,325.13912193436175,57727900
2020-10-15,322.1264953613281,322.6085161918332,318.07558539918216,318.61322292977366,60357700
2020-10-16,321.93170166015625,325.13905260448615,321.7555727541224,323.47974631097276,89501900
2020-10-19,317.0373229980469,323.8228140214689,316.13814875888556,323.19247265299344,68425600
2020-10-20,318.3072509765625,321.55168968171705,317.6212929886074,318.38139712826285,60051900
2020-10-21,317.7047424316406,320.43007341653833,317.39882234537475,318.2609093352829,63575000
2020-10-22,319.4475402832031,320.03154399387785,315.776696188025,317.9180242676515,55399300
2020-10-23,320.53204345703125,320.7267018827422,318.0755452159894,320.6710851896819,49143900
2020-10-26,314.608642578125,317.9365067637999,311.1139000222835,317.1485658849641,91473000
2020-10-27,313.5240173339844,315.2852783983385,313.3108011782151,314.9515782824497,65994100
2020-10-28,302.8081359863281,313.55186080057024,302.31683634561693,307.85092353477626,127094300
2020-10-29,305.8857116699219,309.0559761451705,301.35275342695843,303.0398684553781,90597700
2020-10-30,302.6969299316406,305.61691969344054,299.0446159372506,304.30987072993145,120287300
2020-11-02,306.08966064453125,308.0919181320214,303.34577182679664,306.08966064453125,86068300
2020-11-03,311.4939270019531,313.55182927466103,306.1730565274314,309.324791356006,93294200
2020-11-04,318.4555358886719,322.5342527174531,314.7939441588328,315.9712016015237,126959700
2020-11-05,324.6662902832031,326.4739171873728,323.38705010969915,323.739307930143,82039700
2020-11-06,324.59222412109375,325.8436562639265,322.26548878904805,324.3790079432216,74973000
2020-11-09,328.6709289550781,337.77390433814645,328.2074376824893,337.3938380999121,172304200
2020-11-10,328.1889343261719,329.24567980133196,324.91668681292754,327.67907691220296,85552000
2020-11-11,330.6268615722656,331.4518612889709,329.1344050330131,330.3765581914952,58649000
2020-11-12,327.4194641113281,330.67318157201504,325.6118653025927,329.6164079973696,67546200
2020-11-13,331.9525451660156,332.6941200876897,328.8100599062594,329.3291680092853,62892200
2020-11-16,336.0960998535156,336.29075828534565,333.3336814245421,334.6222008625587,74541100
2020-11-17,334.2884521484375,335.49354647121936,332.1749330059845,333.68591913167813,66111000
2020-11-18,330.2654113769531,335.1042624391809,330.22832414614453,334.5573460141445,70591300
2020-11-19,331.65582275390625,332.02661012404343,328.29087149861675,329.63500754078495,59940900
2020-11-20,329.3847351074219,331.6002372367879,329.31058894212913,331.3962999206507,70417300
2020-11-23,331.35919189453125,332.6199029395009,328.95831035799966,331.19234181614615,63230600
2020-11-24,336.6986083984375,337.24552471708824,333.05557370732873,333.9083818251607,62415900
2020-11-25,336.1795349121094,336.643026242167,335.08570216259716,336.6152178939342,45330900
2020-11-27,337.11578369140625,337.5885255934708,336.1053477355722,337.27335489567287,28514100
2020-11-30,335.623291015625,336.6058902297958,332.9443262265779,336.3370573763305,83872700
2020-12-01,339.2940673828125,340.8328614686361,338.2836600225154,338.8769423015464,74231400
2020-12-02,340.0079345703125,340.16550576049775,337.6070531807557,338.18177783063066,45927000
2020-12-03,339.9151916503906,341.30566530410596,338.81208028863574,339.90591277346965,62882000
2020-12-04,342.844482421875,342.844482421875,340.40651392671566,340.499217834335,50749900
2020-12-07,342.1399841308594,342.6312837481267,340.8700225705228,342.07508856328803,48944300
2020-12-08,343.1411437988281,343.7065895768302,340.8236874183033,340.8700252302088,42458900
2020-12-09,340.0635681152344,343.95687801184386,339.2292894437654,343.7993068138485,74098300
2020-12-10,339.9522399902344,340.9997062599291,337.8201636581501,338.6915293112988,57735400
2020-12-11,339.55364990234375,339.9615244312118,336.73564370740246,338.2558801692447,57698600
2020-12-14,338.0334777832031,342.7981536293505,337.8573488263368,341.7228787095807,69216200
2020-12-15,342.60345458984375,342.60345458984375,339.2014446984404,340.5733606765333,63865300
2020-12-16,343.1411437988281,344.058847472952,341.93604950739774,342.8166942477022,58420500
2020-12-17,345.0599670410156,345.2639043286698,343.95685556996756,344.78188359842443,64119500
2020-12-18,343.6821594238281,345.5161002847388,341.67133885477017,345.3485390064458,136542300
2020-12-21,342.453369140625,352.3212752668946,337.0260363965949,339.7629846416698,96386700
2020-12-22,341.8761901855469,342.8909048278069,340.74976800980517,342.7791972943252,47949000
2020-12-23,342.1834411621094,344.091844631818,341.8576085573205,342.844396393639,46201400
2020-12-24,343.5146179199219,343.542544801245,342.0716817018129,342.6581462095984,26457900
2020-12-28,346.4656677246094,346.8566440369137,345.4416347950201,346.06534457269254,39000400
2020-12-29,345.8047180175781,348.1692982115266,345.2182250819667,347.9924184877755,53680500
2020-12-30,346.2981262207031,347.33147772383484,345.90714985399984,346.62395879952305,49455300
2020-12-31,348.0576171875,348.7837445893019,345.59064770765076,346.10265005654054,78520700
2021-01-04,343.3191223144531,349.5191455225328,339.6233135802176,349.38880113928235,110210800
2021-01-05,345.68365478515625,346.7728598923991,342.6301928867929,342.6767566253038,66426200
2021-01-06,347.7503967285156,350.9435220537929,343.62636577991566,344.17561345030657,107997700
2021-01-07,352.9171142578125,353.66185015543977,349.94743227951926,350.12431202693006,68766800
2021-01-08,354.9278259277344,355.1419225171707,351.0551379514854,354.3040877879952,71677200
2021-01-11,352.535400390625,354.2948508857765,351.6323932699845,351.7534192361298,51034700
2021-01-12,352.6098327636719,353.6245473333701,350.3662785938468,352.7215686990142,52547700
2021-01-13,353.55938720703125,354.55546486987174,351.75337320210355,352.5353542542608,45303600
2021-01-14,352.3212585449219,354.8068647184422,351.9861359560516,354.30415242528704,49989100
2021-01-15,349.7519836425781,351.5021160409651,347.8901152780392,350.70152628094456,107160000
2021-01-19,352.4981384277344,353.0380960342888,350.72936958492306,352.2095511727949,51233300
2021-01-20,357.376220703125,358.21405551285824,354.397220924243,354.78819724418975,61836100
2021-01-21,357.70208740234375,358.36307102761856,356.780471791413,357.93482091297085,47840100
2021-01-22,356.43603515625,357.59970272379945,355.46785578529006,355.8495421566286,52860500
2021-01-25,357.8417663574219,358.19549744523476,352.3213056451607,357.1714926802257,70402000
2021-01-26,357.28314208984375,359.2008637189769,357.0504086066009,358.79125051568155,42665300
2021-01-27,348.55096435546875,354.05278710492604,346.31672868098127,353.95968803310404,123351100
2021-01-28,351.5484924316406,355.551495917981,349.9286769089569,350.3661884679812,94198100
2021-01-29,344.5107116699219,350.6548810290884,342.83501362114134,349.6867018282273,126765100
2021-02-01,350.2452392578125,351.27856215518443,344.7992707610039,347.90858629226074,75817600
2021-02-02,355.1978454589844,356.75251769171075,350.32907897038325,353.42907659511883,64450700
2021-02-03,355.4772033691406,357.1994371923222,354.2018281560912,356.0264510968846,52427100
2021-02-04,359.5174560546875,359.56399139751954,355.58891286655813,356.5105285695319,47142600
2021-02-05,360.9323425292969,361.63986132194566,359.47079802689495,361.3885194186946,48669800
2021-02-08,363.5390319824219,363.5855673167599,361.52821120762786,362.38465454642807,38365200
2021-02-09,363.29693603515625,363.89274733764177,362.2915399745202,362.7011247326708,35551100
2021-02-10,363.1387023925781,365.18676844469576,360.73690530404883,365.0378156036463,59154400
2021-02-11,363.7252502441406,364.63757587962465,361.29552590667186,364.21864417530406,42913300
2021-02-12,365.52191162109375,365.7639351240039,362.8501073798465,362.9245980037026,50593300
2021-02-16,365.20538330078125,366.94625368053585,364.4885743748941,366.7507370926893,50972400
2021-02-17,365.2891845703125,365.54052650809217,362.44050055956217,363.4552435609881,52290600
2021-02-18,363.7345886230469,364.47932457173096,360.96039465596624,362.6826284983855,59712800
2021-02-19,363.0921630859375,365.27986352452217,362.645304567679,364.9912762762247,83241000
2021-02-22,360.2994079589844,362.71052376422216,360.02942912693527,360.3273348443789,67414200
2021-02-23,360.7369384765625,362.0868041909318,353.9411313866223,358.0930892269746,107284100
2021-02-24,364.7120056152344,365.1402557134538,358.6609345710552,359.6477223454717,72433900
2021-02-25,355.9239807128906,364.81441738369665,354.4810443890207,363.4459432788632,146670500
2021-02-26,354.09002685546875,358.9495032557424,352.1071613879296,357.8044726689712,152701600
2021-03-01,362.6731872558594,363.92066358275525,354.2854928063855,358.9587703830817,105348800
2021-03-02,359.84326171875,363.12945783435276,359.3405493685015,362.8967243179224,79595300
2021-03-03,355.0768127441406,360.11314003050495,354.9743952442966,359.1449892511198,119940200
2021-03-04,350.682861328125,357.47866839991167,346.1957524741158,354.89067292653556,183433000
2021-03-05,357.1342468261719,358.1862068855953,346.90329034460194,354.18317328256677,152039600
2021-03-08,355.3561096191406,360.9044680233819,355.0768407972248,358.09305771331407,123149200
2021-03-09,360.4297180175781,362.9804680067196,358.69816605856334,359.2008783576128,113633600
2021-03-10,362.6731872558594,364.367493636716,361.3605955625039,362.77560474978924,109899400
2021-03-11,366.35040283203125,368.32397808065963,364.68402325858307,365.1402001712224,86245000
2021-03-12,366.84375,366.98338438005464,364.18129312081305,364.9912009349735,64653600
2021-03-15,369.031494140625,369.2921544845288,364.9539992961072,367.0951358060423,73427200
2021-03-16,368.56610107421875,370.3534785306605,367.79340990754196,369.64598797533466,73722500
2021-03-17,369.8228454589844,370.62343505257456,366.1363264084717,367.2813854421712,97959300
2021-03-18,364.4420471191406,369.32013211532865,363.76245508171684,367.2348490775415,115349100
2021-03-19,363.76776123046875,365.71978255985357,361.59156456698724,364.14134878342554,113624500
2021-03-22,366.67236328125,368.05466830965446,364.2253325103038,364.28136920712717,73778600
2021-03-23,363.7863464355469,367.4849108087404,363.00180420504506,366.0372486874983,90686600
2021-03-24,361.9371337890625,366.82187584042055,361.89044603352863,365.18740535609027,97588600
2021-03-25,363.9731750488281,364.76703777153006,358.556056717537,360.4987572580339,116128600
2021-03-26,369.83856201171875,370.2401678212908,364.52419698725413,365.1219312266108,114409100
2021-03-29,369.65179443359375,370.5577590931056,366.877863754709,368.3628933197625,108107600
2021-03-30,368.6711120605469,369.34358094645273,367.07398064220894,368.381579616897,76262200
2021-03-31,370.1654052734375,371.72516915261264,369.2127530406712,369.2407713856675,112734200
2021-04-01,374.162841796875,374.21890698843123,371.8932703973553,372.09874775674973,99682900
2021-04-05,379.5333557128906,380.07508186806007,376.7501043396407,376.8248104457492,91684800
2021-04-06,379.30914306640625,380.3551993878055,378.6366742165215,378.9729228929124,62021000
2021-04-07,379.7481384277344,380.0937075716996,378.6834126464064,379.141055188101,55836300
2021-04-08,381.5507507324219,381.60678743598396,380.0657210822236,380.9997041454603,57863100
2021-04-09,384.3246765136719,384.49281512504706,381.3079295009663,381.4293518580536,61104600
2021-04-12,384.46478271484375,384.73561726762654,383.11984489042715,383.7269281507639,56704900
2021-04-13,385.60418701171875,386.2299681294225,383.979065799831,384.36200222963515,56551000
2021-04-14,384.2873229980469,386.6316009841835,383.7455968876172,385.5761956165632,61659900
2021-04-15,388.4154052734375,388.6862682542516,386.37932970030533,386.4260174370804,60229800
2021-04-16,389.7137145996094,390.32079778500326,388.28472190043465,389.70436564966764,82037300
2021-04-19,387.7991027832031,389.22809574117946,386.4728627845068,388.77980210912494,78498500
2021-04-20,384.9597473144531,387.6869614412357,383.4840383597904,386.58486845168517,81851800
2021-04-21,388.602294921875,388.80777231208793,384.2032146818028,384.34333492736897,66793000
2021-04-22,385.0531311035156,389.26540322576255,383.98840538810305,388.43417324213044,97582800
2021-04-23,389.2280578613281,390.63838128168265,385.53884219304297,385.6135482901479,73209200
2021-04-26,390.0406494140625,390.61039389838606,389.2934743721866,389.8818882565418,52182400
2021-04-27,389.9565734863281,390.5356668911207,388.8171130815738,390.3395099382348,51303100
2021-04-28,389.8445129394531,391.3482404466595,389.3775214221555,390.2274494039852,51238900
2021-04-29,392.32891845703125,392.94535069156444,388.94790436999523,392.5717631714263,78544300
2021-04-30,389.7510986328125,390.9092569470682,388.8544829241141,390.0593289877053,85527000
2021-05-03,390.5916748046875,392.12339199652814,390.0966649892705,391.7404555728437,68128300
2021-05-04,388.1819763183594,389.09728984022036,384.49276088924864,388.60228003315905,101591200
2021-05-05,388.303466796875,390.05935955355847,387.74307124643747,389.8258637827846,60162200
2021-05-06,391.404296875,391.5350396849246,386.3701143834206,388.3781723084249,74321400
2021-05-07,394.25286865234375,394.9066681025146,391.4882871687611,392.17010496663084,67733800
2021-05-10,390.34881591796875,394.83192244153906,390.22739358037734,394.60777566622943,81852400
2021-05-11,386.8651428222656,387.8551626560607,382.98911854811655,385.8284352333097,116888000
2021-05-12,378.64599609375,385.3519862126641,377.32907683593066,384.0817831997545,134811000
2021-05-13,383.1945495605469,385.12790123879364,380.14975581622974,380.19647206863493,106394000
2021-05-14,389.0785827636719,389.9285106204482,385.90304661385784,385.93106496065724,82201600
2021-05-17,388.0886535644531,388.9012428166916,386.07124661632497,387.9672597019787,65129200
2021-05-18,384.7449645996094,388.59297005214694,384.5861749461466,388.3501253478743,59810200
2021-05-19,383.7362365722656,383.9136956201269,378.57131179137997,380.0563698240923,106467100
2021-05-20,387.8644714355469,389.1253542262279,384.4928063797059,384.6142002311314,78022200
2021-05-21,387.546875,390.59166843930177,387.089232490251,389.34945519441624,76578700
2021-05-24,391.4975891113281,392.57166364801725,389.5455399453994,389.78838459822936,51376700
2021-05-25,390.6290588378906,392.9359980945385,390.0499939116139,392.5810799776849,57451400
2021-05-26,391.404296875,391.90862721701114,390.180781318248,391.2174888575059,43088600
2021-05-27,391.60968017578125,392.9452688208811,391.32946821688466,392.43158965057955,56707700
2021-05-28,392.3102111816406,393.44032258439506,392.07671544123446,393.178808495256,58520200
2021-06-01,391.9646301269531,394.81326667212426,391.5256570082224,394.67317493272026,54216600
2021-06-02,392.5810546875,393.42166217448545,391.60973290730567,392.61842198763014,49097100
2021-06-03,391.1240234375,392.2634837583409,388.79841505022597,390.26477509890356,58138800
2021-06-04,394.7012023925781,395.0000837788047,391.1894173616605,392.9733282256469,55938800
2021-06-07,394.3182373046875,394.8692837876168,393.3842544177777,394.69182475887226,51555000
2021-06-08,394.4023132324219,395.2709105225555,392.5717146579376,395.17750652833854,47134300
2021-06-09,393.81396484375,395.317692442625,393.58981802271103,395.2429578336774,48436300
2021-06-10,395.64447021484375,396.5971509849046,393.7204677812437,395.0373870494079,51020100
2021-06-11,396.2982482910156,396.410321669014,394.9066230093794,396.1955238621483,45570800
2021-06-14,397.1855773925781,397.2883018302443,395.1681709071251,396.4103556235315,42358500
2021-06-15,396.4571838378906,397.3724690970339,395.57923738322785,397.3351302925534,51508500
2021-06-16,394.2434997558594,396.82130162532735,392.19810347152844,396.5971548550764,80386100
2021-06-17,394.1128234863281,395.0934942745737,391.6377741374557,393.8326399762295,90949700
2021-06-18,388.7960510253906,391.52280806426444,388.5899013988071,390.82940868218697,118676300
2021-06-21,394.362060546875,394.54947970964827,389.74246700562156,390.55768603100165,72822000
2021-06-22,396.4703674316406,397.3043454678535,393.6311417670724,394.352679752593,57700300
2021-06-23,395.99249267578125,397.35118140093033,395.908162638729,396.5453419827774,49445400
2021-06-24,398.3350524902344,398.756702636822,397.88526373773,398.13828242182683,45110300
2021-06-25,399.7500915527344,400.1998804520093,398.75683275513654,399.0848020402649,58129500
2021-06-28,400.5558776855469,400.72453776466034,399.07536933086004,400.274777553691,53159600
2021-06-29,400.7714538574219,401.57729339402437,400.237334948101,400.9401139563176,35970500
2021-06-30,401.1087341308594,401.78340305544015,400.2841356012442,400.3122456149289,64827900
2021-07-01,403.32952880859375,403.4888379572731,401.80215127327483,401.8677508401516,53441000
2021-07-02,406.4123229980469,406.76840218909126,403.41378848033645,404.49140558885847,57697700
2021-07-06,405.6720886230469,406.68410626099694,402.9359520976346,406.4685771019908,68710400
2021-07-07,407.1057434082031,407.38687211913964,404.34149695894274,406.35612403799763,63549500
2021-07-08,403.7886962890625,404.5476952865336,400.60274209170535,401.78341990828244,97595200
2021-07-09,408.0989990234375,408.3988582078336,403.591846106271,405.2972630468599,76238600
2021-07-12,409.5608215332031,409.8138402584851,407.58368379970483,408.0147135517589,52889600
2021-07-13,408.1646728515625,410.27300986948524,407.9023031665115,408.77374227084334,52911300
2021-07-14,408.7737121582031,410.34795874869207,407.52746339505444,409.8606803722424,64130400
2021-07-15,407.3775329589844,408.10842192602513,405.4753457373174,407.43375298751454,55126400
2021-07-16,404.18218994140625,408.60501287947545,403.78864977864345,408.55817239214764,75874700
2021-07-19,398.2132568359375,404.24778712950507,395.40214130525,399.35644496226297,147987000
2021-07-20,403.91986083984375,405.19424821912867,398.0821000063619,398.87858854389634,99608200
2021-07-21,407.1900634765625,407.33064212666307,403.87296781863677,405.11921642523396,64724400
2021-07-22,408.0428161621094,408.28645534613815,406.3842681533673,407.36814723384765,47878500
2021-07-23,412.2407531738281,412.5780733348413,409.28908738037114,409.9731072389194,63766600
2021-07-26,413.2528076171875,413.262187155193,411.60363890891654,411.6504794066389,43719200
2021-07-27,411.3692932128906,412.24073218061153,408.53941855758904,412.2126221686252,67397100
2021-07-28,411.2005920410156,412.57803977875034,409.7763038167769,411.9970804846023,52472400
2021-07-29,412.9060363769531,413.9836250033735,412.11892741688575,412.12830695326727,47435300
2021-07-30,410.9007873535156,412.3531856804309,410.207359374989,410.33855849930256,68951200
2021-08-02,410.0386962890625,413.16840161930367,409.68261706413523,412.61555230549715,58783300
2021-08-03,413.37457275390625,413.49639234731455,408.642539261414,410.8352061543172,58053900
2021-08-04,411.3412170410156,413.34646478534535,411.1069573898092,412.0908364864167,46732200
2021-08-05,413.9461364746094,414.0304665079831,412.1844995210822,412.5030891792091,38969700
2021-08-06,414.630126953125,415.0518056863162,413.9835681468417,414.2646968343504,46930000
2021-08-09,414.2928771972656,414.920677039973,413.5244986888596,414.60208735027624,41222600
2021-08-10,414.8082275390625,415.52038600343246,414.05860812109773,414.74262797604996,43339300
2021-08-11,415.8389587402344,415.93266831269824,414.75199061117655,415.87644828844924,44034300
2021-08-12,417.0852966308594,417.2258753177017,414.7895688931888,415.6891180697549,38909400
2021-08-13,417.84417724609375,417.8629077195423,417.047688884319,417.5349385592653,39470300
2021-08-16,418.8281555175781,418.95932605512974,414.9862914344037,416.5417789840265,73740000
2021-08-17,416.0826110839844,416.9446705471954,413.0934557834653,416.27000163869883,92673900
2021-08-18,411.52862548828125,416.63549754497274,411.28501488582106,415.0706304246031,89351900
2021-08-19,412.165771484375,413.36520830572493,408.66125638495504,408.8018064511608,92812200
2021-08-20,415.44537353515625,415.7733427277286,412.02518874666305,412.51246706573465,72008700
2021-08-23,419.099853515625,420.00878201499984,415.52035954108516,417.132066923601,54973000
2021-08-24,419.7651672363281,420.2992860816183,419.24980746387826,419.7651672363281,38744700
2021-08-25,420.64605712890625,421.1614169887758,419.57781925712254,419.95265762373947,40529700
2021-08-26,418.162841796875,420.5991192042751,418.0691322205563,420.3648595615522,57829600
2021-08-27,421.901611328125,422.27642103261843,418.9124560362428,418.96867606210947,77235100
2021-08-30,423.7569885253906,424.544097540426,422.33267151100796,422.57631070476276,48357400
2021-08-31,423.12908935546875,424.0005282697617,422.5293996044798,423.66320814660753,59300200
2021-09-01,423.3539733886719,424.5814915085135,423.1197137689136,424.06613178350335,48721400
2021-09-02,424.656494140625,425.4623335511139,423.45708596482183,424.77831372503533,42501000
2021-09-03,424.5533447265625,425.0687330030788,423.1196771216606,423.52262536581486,47170500
2021-09-07,423.0353698730469,424.30037749751193,422.36070104640845,424.20666793345083,51671500
2021-09-08,422.52008056640625,423.23223905655976,420.5991342695839,422.5013500889307,56181900
2021-09-09,420.7116394042969,424.07560485445447,420.4680001952441,422.32334708756264,57970400
2021-09-10,417.3944396972656,423.0635112920505,417.27262011455633,422.64186111668704,89948200
2021-09-13,418.462646484375,420.65534176904265,416.1481602138,420.3929721292917,83738600
2021-09-14,416.2044677734375,420.1119029115105,415.314269621711,419.90575326564493,78197100
2021-09-15,419.6808166503906,420.1774459218341,415.5203633365021,416.6260619263352,78792200
2021-09-16,419.0154724121094,420.1305217956713,416.0637785857491,419.1560224523783,77786700
2021-09-17,414.9338684082031,418.6658303177403,414.5766484303606,418.24282930799984,118425000
2021-09-20,408.0152282714844,410.3841202455259,403.145796182089,408.8048589294982,166445500
2021-09-21,407.6297607421875,411.6531328768098,407.1033403647797,410.3558724154265,92526100
2021-09-22,411.60614013671875,413.64604074631075,407.74258725869817,409.9046690416803,102350100
2021-09-23,416.60711669921875,418.2146065121486,413.24178453544346,413.4767946462248,76396000
2021-09-24,417.2933349609375,418.00777484083244,414.7552144207099,414.971434039035,62094800
2021-09-27,416.09954833984375,417.4249802239827,415.40389884937827,416.25933916263614,61371100
2021-09-28,407.71441650390625,413.655480073126,406.981185972043,413.32646012046985,130436300
2021-09-29,408.40057373046875,410.83527498638745,407.83654373845025,409.0961944642292,82329200
2021-09-30,403.4090270996094,410.58151260645667,403.0705975741562,409.8764821735044,140506000
2021-10-01,408.2032165527344,409.88589724112427,401.613551525623,405.138703737529,129240100
2021-10-04,402.93896484375,407.9399583912579,400.79564501055677,407.03752756364304,128570000
2021-10-05,407.1315002441406,409.3781818674235,403.6439584161272,404.44296980055765,90682500
2021-10-06,408.82373046875,409.0305405883587,401.9050440814209,403.53129627456485,113032200
2021-10-07,412.358154296875,415.197066176869,411.9257437150467,412.10435369862415,72437500
2021-10-08,411.60614013671875,413.51444998736724,410.9763290353788,413.1290299205683,74557400
2021-10-11,408.626220703125,413.8622533457,408.5604109808945,410.9481219621356,65233300
2021-10-12,407.620361328125,409.9516721203581,406.83073074231044,409.54746158614824,71181200
2021-10-13,409.0869140625,409.904744899693,405.6651807558424,408.64509377613797,72974000
2021-10-14,415.96795654296875,416.11836647826146,412.2829848477017,412.7530051375808,70236800
2021-10-15,419.1358947753906,419.5025243769304,417.4626236667043,418.0830539008593,66260200
2021-10-18,420.376708984375,420.71510979062344,416.6917376412568,417.34977745930763,62213200
2021-10-19,423.61981201171875,423.6855930358415,421.3918922060494,422.00294140527114,46996800
2021-10-20,425.2837219238281,425.58454176597354,423.9676709741409,424.08047124300566,49571600
2021-10-21,426.3929748535156,426.618575397613,424.2496836213109,424.68209422675085,41305400
2021-10-22,425.9511413574219,427.40822132656245,424.0052506620859,425.96055094238534,58845100
2021-10-25,428.2355041503906,428.56452411353644,425.2650009588396,427.041662859405,45214500
2021-10-26,428.62091064453125,430.99921225220334,428.2449001362051,429.7865805144339,56075100
2021-10-27,426.7220153808594,429.74894714064544,426.64679607068757,429.08152637361746,72438000
2021-10-28,430.83941650390625,430.9146071296096,428.14150456050857,428.1508854588699,51437900
2021-10-29,431.7135925292969,432.00500278448646,428.244840846289,428.53625110147857,70162400
2021-11-01,432.45623779296875,433.07666796283195,430.7265667229376,432.70062881424144,48433600
2021-11-02,434.2047119140625,434.51494135185385,432.4938312768331,432.62545072020157,48908400
2021-11-03,436.85565185546875,437.25986241274643,433.19888029300824,433.6407005054024,52509800
2021-11-04,438.91436767578125,438.9989678887315,437.1094770695545,437.4572875076041,52847100
2021-11-05,440.43719482421875,442.43007618696566,438.92374331887703,441.1422252320449,66390600
2021-11-08,440.8132019042969,442.0352718144265,440.1269906728055,441.53705147758245,50405200
2021-11-09,439.3560791015625,441.41476983678206,437.9460185260837,441.1797597408689,51149100
2021-11-10,435.82159423828125,439.35615587855733,434.3363427951768,437.6640656796384,69429700
2021-11-11,435.96258544921875,437.39146541229354,435.9437949662479,437.3162461048895,34848500
2021-11-12,439.25274658203125,439.8073670755041,436.2822149398842,437.23166509516153,53466700
2021-11-15,439.40313720703125,440.7003977259758,438.2751057858588,440.54060690132917,46980500
2021-11-16,441.1422119140625,442.27965290510997,439.0647304076264,439.13992102624314,48857500
2021-11-17,440.07061767578125,441.0576488248933,439.4501874408848,440.87903881691875,47858300
2021-11-18,441.5652160644531,441.8284262460176,438.37846513160173,441.10457673089655,50625600
2021-11-19,440.7756042480469,442.70267579983584,440.4089746825623,441.4524058684626,57315600
2021-11-22,439.5348205566406,445.1468644734035,439.3280104628594,442.6557624490605,72762000
2021-11-23,440.1175231933594,440.9729634115955,436.6017812293338,439.205682845372,73206500
2021-11-24,441.2926330566406,441.4148429167893,437.2974607646824,438.115291443818,61858800
2021-11-26,431.4504089355469,436.08480192497507,430.32234880945094,434.6183409737067,112669600
2021-11-29,436.7428283691406,438.5852997432788,434.0449166850697,436.24460804442816,86268800
2021-11-30,428.24493408203125,436.20707986716064,428.0005143227515,434.29879841557255,148559600
2021-12-01,423.4883728027344,436.80876332238836,423.2909722708509,433.9604408969972,131939200
2021-12-02,429.9745178222656,431.54439807571686,423.3096341374703,423.7044637690375,127637800
2021-12-03,426.2331848144531,432.7006394884692,422.0030024782896,431.638417799551,137331600
2021-12-06,431.2812194824219,433.16130061518345,426.3647969926562,428.78070813331755,98977500
2021-12-07,440.20220947265625,440.7662395682255,431.1496139364449,436.56425695349,95484700
2021-12-08,441.3677978515625,441.8190276116101,438.83908665382853,440.5969864571496,72238800
2021-12-09,438.387939453125,441.4712714729504,438.190538959741,440.0800010576555,61272600
2021-12-10,442.5146484375,442.665058357532,438.53829554873346,441.0952068137605,77159800
2021-12-13,438.5946350097656,442.34538684350315,438.31260569081047,441.9975765024379,87724700
2021-12-14,435.5771789550781,437.8144800719802,432.65366659136504,435.323378332146,97264100
2021-12-15,442.3830261230469,442.6274171238725,433.11421269074907,435.6335428118317,116899300
2021-12-16,438.48193359375,444.5169779638093,436.930843709259,444.23497726904446,116568600
2021-12-17,433.815185546875,438.4092618245341,432.1077368438548,435.39999504107936,135511600
2021-12-20,429.2022399902344,429.5984279577143,425.5798060591172,428.73056845563246,107134800
2021-12-21,436.82440185546875,436.9658975460039,430.45683668449686,432.6265140421514,69806300
2021-12-22,441.1920471191406,441.3052436619786,436.3715498873233,436.56967262583066,58890200
2021-12-23,443.937255859375,445.4371678906433,442.08831149730497,442.19206541682075,56439700
2021-12-27,450.219970703125,450.26712634622396,445.26741905868244,445.3145747017814,56808600
2021-12-28,449.8520202636719,451.6821081838997,449.0879146544429,450.65386765775884,47274600
2021-12-29,450.4274597167969,451.4462575660911,448.9558468297353,449.9557881814939,54503000
2021-12-30,449.1822814941406,451.8613726077948,448.72005255913206,450.85198851964896,55329000
2021-12-31,448.0502624511719,449.8426087104167,447.7767136605498,448.69175768390534,65237400
2022-01-03,450.6443786621094,450.7764605012531,447.0030884828913,449.3142615710116,72668200
2022-01-04,450.4935302734375,452.7858761115812,448.6351430318022,452.0689260726104,71178700
2022-01-05,441.84307861328125,450.8991788038624,441.7487385385624,450.12563049513625,104538900
2022-01-06,441.4278869628906,444.14471917050236,439.06008702846464,441.3807313324487,86858900
2022-01-07,439.6827697753906,442.6165817047028,438.32435344615055,441.43740286255314,85111600
2022-01-10,439.1357116699219,439.35266218590664,430.7305201228873,436.4849195241094,119362000
2022-01-11,443.135498046875,443.22983813093913,435.8717434022134,438.8715968595628,74303100
2022-01-12,444.3334655761719,446.38997545502053,442.3713245554861,444.87117806328797,67605400
2022-01-13,438.2112121582031,446.0881335750446,437.1829715327748,445.43722446899045,91173100
2022-01-14,438.390380859375,438.7394131797268,433.8434604749311,435.06038106331687,95890900
2022-01-18,430.62664794921875,433.90004939507276,429.5135100897984,433.6925127781855,109709100
2022-01-19,426.15521240234375,433.56987477528105,425.8816348637501,432.17374552013666,109357600
2022-01-20,421.43853759765625,432.749212360242,419.3160155840139,428.04193941787696,122379700
2022-01-21,413.1654357910156,422.6743219055185,413.1371366485651,420.31596407281415,202271200
2022-01-24,414.9200134277344,415.4294267475225,396.9210402768621,407.5525063368311,251783900
2022-01-25,409.8542785644531,414.8068298485873,402.9490001504662,408.52416133637433,167997300
2022-01-26,408.8260498046875,418.8820910132849,404.56212043743244,415.7501849161173,186391100
2022-01-27,406.8072204589844,416.5708261311216,405.11865724018224,413.4295066516993,149878300
2022-01-28,416.9105529785156,416.9577086247044,403.5811085016075,408.1657427915105,164457400
2022-01-31,424.4194641113281,424.7684964246404,414.891693794857,416.24066741224294,152251400
2022-02-01,427.2872619628906,427.9287283515847,421.6177608084225,425.14585473478627,123155400
2022-02-02,431.4379577636719,432.16432156191325,427.3815652994968,429.6927673307446,117361000
2022-02-03,421.2970275878906,427.30611843415994,420.45743842360054,425.40057576602374,118024400
2022-02-04,423.27813720703125,427.126965085693,418.6840312949437,421.0612747625027,118454400
2022-02-07,421.9196472167969,425.43829858096694,420.58952998140325,424.04216920738406,84472900
2022-02-08,425.39111328125,426.3155998254575,419.995189934305,421.4196471387826,81012000
2022-02-09,431.61724853515625,431.9379817631401,429.2305914308077,429.4286854386847,92589900
2022-02-10,423.8629455566406,431.7775795121979,421.86306271080866,425.7684883309894,140103700
2022-02-11,415.5048828125,426.0231523425291,414.0710117021737,423.94781485036305,153214600
2022-02-14,414.1465148925781,416.58035643251037,410.67501887953995,414.995546790282,123006300
2022-02-15,420.8253173828125,420.9951122132897,418.0707431602709,418.58959908256503,88482700
2022-02-16,421.2970275878906,422.67430043142383,416.9010453564432,418.77828888356663,84863600
2022-02-17,412.2975769042969,421.2687799533193,411.6938522260274,418.10857447395847,102259100
2022-02-18,409.6278991699219,413.806902341528,407.3544387638589,412.55223985255054,132642900
2022-02-22,405.2319641113281,410.82598263729784,401.7321399493936,407.4205273459961,124391800
2022-02-23,398.0435791015625,408.71278582656134,397.4775675598708,408.1467742848696,132578000
2022-02-24,404.03387451171875,404.4678331044579,387.3744592030102,387.7329054308326,213942900
2022-02-25,412.9485168457031,413.0334142854598,403.6188380777887,405.2696888019006,121804500
2022-02-28,411.8918762207031,413.37293170296726,406.297858901948,407.552492478369,145615000
2022-03-01,405.61871337890625,412.4013531876371,402.9112942533806,410.39202759579075,137785900
2022-03-02,413.08050537109375,414.806810499793,407.11857033694304,407.8732332677147,117726500
2022-03-03,411.0240173339844,416.1180643570966,409.22222854392,415.5143397383029,105501700
2022-03-04,407.68463134765625,408.81662588103086,403.63768107861074,407.2884145484183,113978200
2022-03-07,395.6664123535156,407.8072341448679,395.60037142345385,407.09972677904506,137896600
2022-03-08,392.6665344238281,403.0055659240811,391.6005521986846,395.84559581407734,164772700
2022-03-09,403.1943359375,405.1753624907321,398.8643939390567,401.05295715574266,116990800
2022-03-10,401.3736267089844,402.2697853678107,396.61916949340304,398.5813104458791,93972700
2022-03-11,396.27020263671875,404.47727157024167,395.76078922516666,403.8641042205582,95636300
2022-03-14,393.3740539550781,400.4962825052735,392.23261691926257,397.0436722577172,95729200
2022-03-15,402.0245361328125,402.65655987964084,394.7136272071247,395.9871173439881,106219100
2022-03-16,410.9391784667969,410.9957767582318,400.7321976792803,405.5338401149026,144954800
2022-03-17,416.0803527832031,416.0803527832031,408.6468044640496,409.02413595065417,102676900
2022-03-18,420.6376037597656,420.95933337461315,413.72981682419214,414.467909206015,106345500
2022-03-21,420.5145568847656,422.4733213729706,417.00386088702027,420.4672258759616,88349800
2022-03-22,425.4351806640625,426.37198236705336,421.90556943878335,421.90556943878335,74650400
2022-03-23,419.9563293457031,424.3943560786695,419.8711681632906,422.8992560796724,79426100
2022-03-24,426.2868347167969,426.29630669485863,420.8647048360825,421.9813008840571,64736900
2022-03-25,428.3686218261719,428.6430492710812,424.33748682777303,426.9208242937579,77101300
2022-03-28,431.4156188964844,431.4156188964844,425.87991232408183,427.7724596050413,68529800
2022-03-29,436.7525634765625,437.2446442247765,432.61735251287416,435.3047660404294,86581500
2022-03-30,434.0557861328125,436.42147053755207,431.94558524771077,435.60766008577025,79666900
2022-03-31,427.3750305175781,434.11249405446523,426.9208087850542,433.2892406276236,121699900
2022-04-01,428.5863037109375,429.0972707248986,425.0093902232998,428.9553354432427,89048800
2022-04-04,432.2578125,432.36191762304253,427.96175071510544,428.78500420961205,59601000
2022-04-05,426.79791259765625,433.2325635157402,425.6529292735181,430.7628025176421,74214500
2022-04-06,422.5301208496094,424.8106439250677,419.64399762453365,422.8802663750546,106898000
2022-04-07,424.6592102050781,426.4760682966739,419.7007455820255,421.65006696641547,78097200
2022-04-08,423.523681640625,426.4192765433642,421.9812510537585,423.9021853046342,79272700
2022-04-11,416.28472900390625,421.09178658035466,415.7832051098399,420.24958914576314,89770500
2022-04-12,414.7423095703125,421.80150331220403,413.19040683522564,419.2749398176844,84363600
2022-04-13,419.4925842285156,420.24959162395425,414.3164660258067,414.49626033587003,74070400
2022-04-14,414.2691955566406,420.8363377308492,414.1650904269717,419.7197127519559,97869500
2022-04-18,414.4394836425781,416.123849633217,412.2062627473825,413.34180271144544,66002500
2022-04-19,421.129638671875,421.848787018053,414.1650495021856,414.33537183065033,77821000
2022-04-20,420.8173522949219,423.52370998577396,419.6534541721469,422.9086378808468,65224400
2022-04-21,414.524658203125,425.8326405645599,413.61624352930863,424.44161705872466,85417300
2022-04-22,403.15045166015625,414.54356611501663,402.5826816695929,413.43644206750025,132471800
2022-04-25,405.4877624511719,405.65808479066646,396.33728283967,400.90780109531795,119647700
2022-04-26,393.7445068359375,403.1504700703284,393.71611977901205,402.95173179386785,103996300
2022-04-27,394.8515625,400.19803127751527,392.7130038669715,394.8231754479945,122030000
2022-04-28,404.8253479003906,406.5570449371299,395.1639015423122,399.6019274903522,105449100
2022-04-29,389.8647766113281,402.9895886209459,389.1172122790781,400.8320856724879,145491100
2022-05-02,392.2115173339844,393.5741537158079,383.25974771045304,389.93099434604335,158312500
2022-05-03,394.0094909667969,396.4224776148035,391.1517255979903,392.7131004763314,100028200
2022-05-04,406.00811767578125,406.5758875682637,391.48281324315576,394.67175041252915,144247900
2022-05-05,391.5776062011719,402.1664136133724,387.4423938157901,401.74057880070416,172929100
2022-05-06,389.240234375,392.5143334096191,383.9316525873715,389.01313791973797,151770800
2022-05-09,376.77789306640625,384.5751807945014,375.1976029403931,383.33556429048593,155586100
2022-05-10,377.6484375,384.2628826486502,373.6078584477752,382.7583106519952,132497200
2022-05-11,371.6490478515625,382.3324875102671,370.90148343777554,376.6832315730373,142361000
2022-05-12,371.2610168457031,374.5351157341159,364.4573066901353,368.4505828254061,125090800
2022-05-13,380.1370849609375,381.5186365245012,374.35533743902573,375.39624432033366,104174400
2022-05-16,378.5946960449219,382.26624315358947,376.2384834313431,378.4906197842672,78622400
2022-05-17,386.3824768066406,386.61904522716617,380.9508462343475,384.6886388298432,83029700
2022-05-18,370.8067932128906,382.1053033485448,369.5671769928699,381.82143279357103,117674500
2022-05-19,368.5357666015625,372.96434969897865,366.3120175133911,367.7409001168937,98510700
2022-05-20,368.6966857910156,375.6991065243165,360.09505993665994,372.1221925167826,131432200
2022-05-23,375.594970703125,376.3614500919125,369.4063326029317,371.72468584727085,76414900
2022-05-24,372.72772216796875,373.9200072669515,366.1700241726604,371.4691621082922,91448800
2022-05-25,376.020751953125,377.98901729728556,370.83519088442847,371.2326096418207,91472900
2022-05-26,383.5342712402344,385.1713354796454,377.0428461621992,377.25102757485274,82168300
2022-05-27,392.94964599609375,393.0631942254229,385.7958187685275,385.99452816985354,84768700
2022-05-31,390.7448425292969,394.08518796704755,388.0006542200998,391.33152767867176,95937000
2022-06-01,387.5842590332031,393.87697365023195,385.06716741079504,392.8644826922193,86585800
2022-06-02,394.9652099609375,395.01251209671574,385.1712709822698,387.42340710258367,79609600
2022-06-03,388.4832458496094,391.79520408065434,387.5085850110212,390.2433012195324,71874300
2022-06-06,389.6660461425781,394.22706332553315,388.4926471442496,392.4953952002465,57508900
2022-06-07,393.40386962890625,393.85809145966977,385.71065883338656,386.17435264332806,59272400
2022-06-08,389.1266784667969,393.47954333395916,388.33181201108613,391.6910721501235,64350000
2022-06-09,379.8721008300781,389.61870798841755,379.8721008300781,387.34765697732666,86289800
2022-06-10,368.8575134277344,374.51624111312117,368.81021128921816,373.6646004739386,132893900
2022-06-13,354.8526916503906,361.29681422052283,353.2440145637145,359.4421255713329,170004900
2022-06-14,353.7833557128906,357.6346967344851,350.6795790257293,356.60326183152415,104011800
2022-06-15,358.8270568847656,363.2745266704944,352.1274218287007,357.0858875812786,125666800
2022-06-16,346.95123291015625,351.01075501197846,344.51930266450194,350.60386426743156,134473300
2022-06-17,347.6991882324219,351.0444787331084,344.19238154711957,347.3665849634016,111113900
2022-06-21,356.4519958496094,357.8395151338056,353.3538089384876,353.42985407891445,76811900
2022-06-22,355.8058776855469,359.9209304712316,351.80483464367245,352.22299604948705,90059400
2022-06-23,359.2935791015625,360.02534683784137,354.3802275814878,357.94408234086904,79292100
2022-06-24,370.71697998046875,370.7264928757993,362.43933990911876,362.4678495923808,98050300
2022-06-27,369.3009338378906,371.93342448126845,368.20802402579585,371.63881476677494,66009600
2022-06-28,361.75506591796875,373.64409647087297,361.64102718888944,370.859544492515,86548900
2022-06-29,361.4604797363281,363.2946704214848,359.6358019467903,362.3063153699562,65676000
2022-06-30,358.52374267578125,361.7644776671068,354.0665465765062,357.5638686365209,112508300
2022-07-01,362.31573486328125,362.7529219458162,355.2450444294537,357.86805091376164,74839700
2022-07-05,363.0000305175781,363.0190563072348,354.38975859425415,357.221845993929,81438000
2022-07-06,364.2259826660156,366.7159247303021,360.75716958402745,363.1425568197513,70426200
2022-07-07,369.6810302734375,370.4793302796413,364.2449625145711,366.0031367080708,64525900
2022-07-08,369.3769226074219,371.24913544426704,366.51632594229847,368.04639364512565,72397800
2022-07-11,365.1573791503906,367.66631821985214,364.4636048722329,366.6969600116307,58366900
2022-07-12,361.92608642578125,366.99152847059673,360.17742508846254,364.6061122917404,62219200
2022-07-13,360.0253601074219,362.9620020597862,356.0623697104502,356.4805310045145,84224600
2022-07-14,359.1510925292969,360.2344894812079,352.6221141267699,355.06452096685234,89704800
2022-07-15,366.0126953125,366.12673404152474,361.650539910931,363.56074662755304,79060400
2022-07-18,362.9905700683594,369.77613578928634,361.76459566817937,369.10138727564373,63203600
2022-07-19,372.7982482910156,373.3684709198661,366.25978635540963,366.91550902545094,78506000
2022-07-20,375.174072265625,376.5901301444603,371.61973073634647,372.98825315458964,71843800
2022-07-21,378.99462890625,379.04213537491796,372.1900378364041,374.5944510061109,64903900
2022-07-22,375.47821044921875,380.3155455725048,373.25436867758987,379.1181101586879,72197300
2022-07-25,375.9344482421875,376.78976766133366,373.6915803624673,376.10550632547137,53631500
2022-07-26,371.4867858886719,374.4994153201888,370.59344384206173,374.2903346496475,52946400
2022-07-27,381.1329650878906,382.88162668042236,374.48991881207405,374.78452854217437,82342100
2022-07-28,385.9132080078125,386.6069531734175,378.3863339855172,381.94070485844315,73966600
2022-07-29,391.53936767578125,392.52775161157655,386.5784802133014,387.3482705951752,87003700
2022-08-01,390.3798828125,392.88885045045953,388.1275312754867,388.84030221771746,69997500
2022-08-02,387.8044738769531,392.49926155328086,386.6260350117583,388.81185464934134,63435400
2022-08-03,393.87725830078125,395.0461841555904,389.6481388511842,389.9332356443753,67820600
2022-08-04,393.6111755371094,394.48549174301655,391.96703995040895,393.80123040665455,45656600
2022-08-05,392.9459533691406,393.59219220020464,389.2680591655284,389.32507853281464,56814900
2022-08-08,392.48974609375,396.8899240250277,391.3873233872075,394.63757214293867,53886100
2022-08-09,390.93115234375,392.26165245097286,389.8572393634721,391.7579620888554,44931800
2022-08-10,399.1423034667969,399.2848808891106,396.0346319089587,397.9923742118508,68665700
2022-08-11,399.1423034667969,403.8561172277085,398.4010226822332,401.99338786938506,59489700
2022-08-12,405.89935302734375,406.0038788583054,400.130652464098,401.0810138483799,61694500
2022-08-15,407.5719299316406,408.0946460440883,403.6279363687809,403.6849557261061,54048300
2022-08-16,408.37030029296875,410.29953275176706,405.69027421639345,406.4980871972697,59289000
2022-08-17,405.4716796875,408.18021543915523,403.4664310836019,404.7684215424708,63563400
2022-08-18,406.65020751953125,407.334439976029,404.37882954975004,405.6713073045553,49023200
2022-08-19,401.18548583984375,404.1506081060881,400.3111407856508,403.88450813354626,68016900
2022-08-22,392.8319091796875,396.51931622755393,391.9290542056425,396.34822912534094,77695600
2022-08-23,391.8815002441406,394.7991164880296,391.3302744311885,392.4041873745743,49105200
2022-08-24,393.1360168457031,394.50451059223457,390.9691939931629,391.6534263650644,49177800
2022-08-25,398.6860656738281,398.73357213624024,393.53509482903235,394.62800448902925,50942300
2022-08-26,385.1910095214844,399.1137994167783,385.13399015284614,398.5721154147152,103087000
2022-08-29,382.64398193359375,385.69463364222986,381.28497221012304,382.2353335276929,65370800
2022-08-30,378.4433898925781,384.04103223682625,376.3430994030369,383.80344189629403,85652400
2022-08-31,375.56378173828125,381.3229690519403,375.4307462340977,380.07799803546214,76029700
2022-09-01,376.7422180175781,377.08433414493715,370.6789086257784,373.3874439782647,78740100
2022-09-02,372.769775390625,381.6271512915678,370.954581494423,380.41068976459894,99632100
2022-09-06,371.3632507324219,374.55645129385596,369.1394084122668,373.61560273606375,76637400
2022-09-07,378.03472900390625,378.80451936163286,370.8310028776724,371.04956742201074,70964200
2022-09-08,380.5056457519531,380.96180059480923,374.5563749860969,375.7633523475096,80821700
2022-09-09,386.4169006347656,387.28173287628084,382.48239103068937,382.7484910278691,76706900
2022-09-12,390.57000732421875,391.2922912350759,388.1845910416869,388.488713636019,69256300
2022-09-13,373.5870361328125,383.0906492168183,372.46561674955393,381.88367179340526,122947100
2022-09-14,375.01263427734375,376.5332183991337,371.70536598765534,374.8890826483059,85023700
2022-09-15,370.7550048828125,376.305112280204,369.48152401791003,373.45402792521134,87633800
2022-09-16,367.92657470703125,368.585020179626,364.6343473440576,366.5715341126114,103084800
2022-09-19,370.77972412109375,370.77972412109375,364.7010595826664,364.77741710532587,73278500
2022-09-20,366.5237121582031,368.4608693228223,363.7659009113071,367.44935055441204,77274900
2022-09-21,360.13018798828125,371.5050138173394,360.12063601648464,368.4513532726731,106746600
2022-09-22,357.1051025390625,360.99849150409443,356.36077689331256,359.357154295279,89472600
2022-09-23,351.1219177246094,353.66978968711527,346.67503807204696,353.63161092219536,122346900
2022-09-26,347.6483459472656,353.27850469382014,346.42688767980343,349.65230865281546,92581200
2022-09-27,346.76092529296875,353.459857136267,344.3657100991575,351.18870108949443,108294100
2022-09-28,353.58392333984375,355.27296245080464,346.01660643811806,347.71519752115427,110802200
2022-09-29,346.19793701171875,350.32034122123895,343.2492605532847,350.034073262893,112952300
2022-09-30,340.8444519042969,349.17519794486384,340.7108699138818,345.25315265968237,153711200
2022-10-03,349.8431701660156,351.6944470852205,342.78161312339256,344.5660844856892,89756500
2022-10-04,360.68365478515625,360.7122815791371,349.8050362444443,355.3683901017397,103602800
2022-10-05,359.8439636230469,362.10556813395476,353.9847887637613,356.3131988470105,88065700
2022-10-06,356.13177490234375,361.39930818363916,355.6355383734306,358.4410803172353,82333500
2022-10-07,346.19793701171875,356.21772325997466,344.43254027693825,352.09528992858685,107789500
2022-10-10,343.5545654296875,347.55293916401916,341.31206538570666,347.3143728510966,76042800
2022-10-11,341.3788146972656,346.4268856317471,339.441657555121,341.85594728520135,92482800
2022-10-12,340.2527770996094,343.3636907851623,340.0046588434037,341.7891591233935,76991800
2022-10-13,349.232421875,350.7019983759628,332.18923096891143,333.2389284695991,147254500
2022-10-14,341.2738952636719,353.32627035722425,340.6345247152281,351.6944557677686,123737000
2022-10-17,350.0436096191406,351.15056087847387,340.9399103655982,347.362126415413,93168200
2022-10-18,354.156494140625,358.2789273270504,350.7115811797056,357.9735554343078,97162900
2022-10-19,351.646728515625,354.84352278104876,348.83163450834223,352.11430914770796,79746900
2022-10-20,348.69805908203125,355.6260339289677,347.9346294295258,351.1982293100266,88283100
2022-10-21,357.1720275878906,357.65868317017765,346.91367388110444,348.42140049601363,131038400
2022-10-24,361.5424499511719,362.67802786353946,356.0458731062238,358.6987583066402,85436900
2022-10-25,367.3157653808594,367.6306600761956,361.35160801427605,361.4661151762165,78846300
2022-10-26,364.54840087890625,369.85411334727513,363.90905946867207,364.16670060269513,104087300
2022-10-27,362.6017761230469,367.392177933265,361.9814803173528,365.55045270586106,81971800
2022-10-28,371.228271484375,371.70540412790007,362.31543719795053,362.49674993223925,100302000
2022-10-31,368.5467834472656,370.6366267278111,367.64024890976526,368.7662749442344,96631300
2022-11-01,366.9340515136719,372.53561281137877,365.7603239323339,372.2970465066368,85407600
2022-11-02,357.7254333496094,370.85613338006743,357.62047814363854,366.3424479641309,126990400
2022-11-03,354.0419616699219,357.08607016392386,351.92349163838855,354.4809155332156,87100100
2022-11-04,359.1376953125,361.5424330085425,353.07810578080847,359.75796183612107,103505200
2022-11-07,362.5730285644531,363.1646682541799,358.35516409991413,360.43545498374664,68286900
2022-11-08,364.52935791015625,367.50666109536877,360.44510344190144,363.68004778364957,84641100
2022-11-09,357.019287109375,363.7086962893126,356.52305050737357,362.55401428993724,78495500
2022-11-10,376.6389465332031,376.9729451885855,368.00285783726986,370.3026114178393,141455800
2022-11-11,380.28424072265625,381.08582000984256,375.60831786460767,377.4977734770305,93839900
2022-11-14,377.04931640625,381.8778966959395,376.7725713035823,378.51889318368023,71903500
2022-11-15,380.26513671875,383.9104368342091,376.4480758536066,382.80348568869397,93194500
2022-11-16,377.3642272949219,379.5876526465697,376.73440869768956,378.63338733958733,68508500
2022-11-17,376.2095642089844,376.88711357872995,372.29709955126145,372.60244233222005,74496300
2022-11-18,377.91766357421875,379.61625454437336,375.0644198124641,379.54944898801807,92922500
2022-11-21,376.5435791015625,377.7173360224795,374.701853876587,376.5913098444823,51243200
2022-11-22,381.6106872558594,381.77292517031464,377.077927085489,378.4902502119182,60429000
2022-11-23,384.01544189453125,384.5020973782574,381.0476617682043,381.2766761134872,68261600
2022-11-25,383.9295654296875,384.4830556409012,383.17571677097555,383.45243275471506,30545400
2022-11-28,377.80316162109375,382.47905555883773,377.03973194191514,380.83771815093434,67881600
2022-11-29,377.15423583984375,379.1295426207394,375.3124819183031,377.93671115122805,52310000
2022-11-30,389.03485107421875,389.03485107421875,375.48430196447526,377.4023553187591,144566700
2022-12-01,388.74859619140625,391.24876657686235,386.2388738341099,390.0750097932602,76398200
2022-12-02,388.30010986328125,389.2066444558519,383.7482747120534,383.853229920111,85342700
2022-12-05,381.3148498535156,386.4106228219642,379.9598094992948,385.4754615098056,77289800
2022-12-06,375.81829833984375,381.69657620844976,373.7284840801718,381.1526671084108,77972200
2022-12-07,375.17889404296875,377.5454821251701,374.0433161720851,374.96895454275847,65927900
2022-12-08,378.11810302734375,379.18687558828674,375.2839336975472,377.06843441190426,60737900
2022-12-09,375.2934265136719,379.4349340954439,375.1693673749268,376.87751028175563,81447700
2022-12-12,380.70416259765625,380.70416259765625,375.41752454941917,376.08549280299235,75405800
2022-12-13,383.5859680175781,391.7162967072409,380.81860487443333,391.4586555975836,123782500
2022-12-14,381.133544921875,386.95456892239247,378.18486871743545,383.24246302501166,108111300
2022-12-15,371.8104553222656,377.1734225405087,370.15004274317323,376.266858706021,117705900
2022-12-16,367.42071533203125,370.59383534034583,365.2829507209457,369.2517350620785,119858000
2022-12-19,364.30511474609375,367.9479918227815,362.63707790509415,367.6124594366193,79878100
2022-12-20,364.8036804199219,366.42379682476735,362.22491663969316,363.54785469861747,74427200
2022-12-21,370.25830078125,371.3894974015058,366.8646816648933,367.40152173062785,78167400
2022-12-22,364.9761657714844,370.23912957543627,359.2722031883447,367.20980089104194,100120900
2022-12-23,367.07562255859375,367.21941379519086,362.39741929068407,363.950423157118,59857300
2022-12-27,365.6280517578125,367.3056844290648,363.9504190865602,366.96058546509136,51638200
2022-12-28,361.0840759277344,367.53578243852644,360.8540099500132,365.5609421925815,70911500
2022-12-29,367.58367919921875,368.45605164881476,363.4039622569558,363.93123576240765,66970900
2022-12-30,366.6155090332031,366.7593002885038,362.78091952867106,364.8995512939543,84022200
2023-01-03,365.072021484375,370.4500180533657,362.2056465586836,368.4752072280289,74850700
2023-01-04,367.8905029296875,369.92283055639075,364.28597966385496,367.3344711039099,85934100
2023-01-05,363.69158935546875,366.0498533403474,363.09723275612134,365.93482035409846,76970500
2023-01-06,372.03179931640625,373.15342943340613,363.7203443233328,366.787997866155,104189600
2023-01-09,371.8209228515625,377.4194487549502,371.6388067821009,374.2271369047477,73978100
2023-01-10,374.4284362792969,374.4955486092587,370.29666890331214,371.2361537559992,65358100
2023-01-11,379.1641540527344,379.2408622167289,375.19536960600243,376.0102256287862,68881100
2023-01-12,380.54461669921875,382.0113458697923,376.19237910493234,380.26663005159156,90157700
2023-01-13,382.02093505859375,382.5961292686462,377.07431166109114,377.3427317250366,63903900
2023-01-17,381.3211364746094,383.67942996148565,380.64050506445955,382.00179714035386,62677300
2023-01-18,375.30084228515625,383.5739736096775,375.09953453290353,382.50988909217506,99632300
2023-01-19,372.56866455078125,374.90773682058955,371.24572672429906,373.2588624544161,86958900
2023-01-20,379.5092468261719,379.66263388423897,372.31939304197067,373.9682673467044,91806400
2023-01-23,384.0628356933594,385.9992925218667,379.3558743905331,380.31452159871134,84178800
2023-01-24,383.650634765625,384.56133208460926,381.19650018692624,382.3852133953482,59524900
2023-01-25,383.7944641113281,384.12999652768013,377.28524055423935,379.57642171380235,84800300
2023-01-26,388.0124816894531,388.1754645974599,383.4876654146606,386.4594777963223,72287400
2023-01-27,388.904052734375,391.28150871155356,386.7566920166625,386.967595605409,68346200
2023-01-30,384.0245056152344,388.3767724039486,383.7273273025726,386.1431078861568,74202000
2023-01-31,389.6709289550781,389.71884961340345,384.19703231489694,384.5421605238492,86811800
2023-02-01,393.812255859375,396.56359788271243,385.71170461794947,388.4534215519607,101459200
2023-02-02,399.5450439453125,401.01177323006914,395.80632510726565,397.70442814895335,101654500
2023-02-03,395.2982177734375,399.7271635935274,394.0903128204698,394.56963646776256,94736800
2023-02-06,392.88238525390625,394.2820312874674,391.2239442533102,392.8440604283562,60295300
2023-02-07,398.0207824707031,399.2670122823971,390.7158945853212,391.9621243970152,90990700
2023-02-08,393.6684875488281,397.388043561494,392.97826035827575,396.0459432619734,76227500
2023-02-09,390.2557373046875,397.4264298512411,389.02866989488314,397.2730427680662,78694900
2023-02-10,391.1663818359375,391.5498348355642,388.26168221177215,389.0765088651331,70769700
2023-02-13,395.75830078125,395.8925254285683,391.35811375424055,391.8182749307163,64913500
2023-02-14,395.576171875,397.8864857490615,391.6169544860613,394.2340424678017,88389300
2023-02-15,396.86083984375,396.9375187591641,392.5373309404456,393.3809452879777,61555700
2023-02-16,391.3965148925781,395.83505653186137,391.2623194847148,391.8854343728946,76431500
2023-02-17,390.41876220703125,390.6584240648403,387.3414828887327,389.2683735873087,89257800
2023-02-21,382.5865478515625,387.44689668905306,382.3277236123021,386.39237880681736,82655900
2023-02-22,382.05926513671875,384.54215788611697,380.6021026620575,382.9987206737072,83742300
2023-02-23,384.09161376953125,385.567938737912,379.86397585252666,384.95439045031753,96242400
2023-02-24,379.98858642578125,380.82260481900255,377.36190242771124,379.06829329418446,108194400
2023-02-27,381.2828063964844,384.69558849089844,380.34332149757034,383.33429643374495,80444700
2023-02-28,379.8735656738281,382.76866981415725,379.7680992642455,380.8034546692743,96438600
2023-03-01,378.4164123535156,380.285786224129,377.11266611466596,379.05871889408525,99706800
2023-03-02,381.3594970703125,382.20311141280865,376.10609910014693,376.4416315212209,85127800
2023-03-03,387.4756774902344,387.724935164796,382.5290536184137,383.1809267997028,90120000
2023-03-06,387.74407958984375,390.60085911261217,387.3031100177366,388.3000821585358,72795900
2023-03-07,381.8004150390625,387.93578060753197,381.18689603557027,387.69611880425083,108310600
2023-03-08,382.4235534667969,383.1808636899206,380.1898891101756,381.91547162159134,74746600
2023-03-09,375.3678894042969,384.87768235160564,374.38048397400695,383.20961635596575,111945300
2023-03-10,369.9515686035156,376.901761257044,368.4273229667233,374.82148382483746,189253000
2023-03-13,369.4243469238281,374.2463714168759,364.9091258748091,366.02116036617707,157790000
2023-03-14,375.5309143066406,377.1797888194533,371.0444227448801,374.3517676052174,149752400
2023-03-15,373.1822204589844,373.38352820078774,367.84254796683757,369.9324213189262,172996900
2023-03-16,379.7297058105469,380.0748339949691,370.3158130995553,370.82389491517466,143254200
2023-03-17,375.28973388671875,379.533507168689,373.9040108000652,378.3979930571189,140553400
2023-03-20,378.8983459472656,379.31215983644114,375.3666994576997,376.06916402579844,93055800
2023-03-21,383.8734436035156,384.3545965453815,380.6689485650316,382.26637985609574,91524200
2023-03-22,377.3298645019531,387.3186074115467,377.29139339893555,383.70035612186416,111746600
2023-03-23,378.3498229980469,384.239130397535,375.6361133164018,380.1974338773298,119351300
2023-03-24,380.8326110839844,380.91921510254883,374.7219619246639,377.069990985465,107682400
2023-03-27,381.54473876953125,383.8831649274429,380.64980113862464,383.1133024218901,74010400
2023-03-28,380.688232421875,381.54466943004763,378.8502245684134,380.8518079845922,62871700
2023-03-29,386.22149658203125,386.46207306808367,383.6521267894026,384.8550092196648,77497900
2023-03-30,388.48291015625,389.10840312839423,386.6160343292529,388.85819419263817,69840000
2023-03-31,393.95843505859375,394.2567475446969,389.30084855820127,389.40671748046964,112062600
2023-04-03,395.4596862792969,395.86383837799394,393.0442886762133,393.4388376840606,67391100
2023-04-04,393.2655944824219,396.3930888912914,391.88947462341105,396.10437947935486,66601500
2023-04-05,392.2359313964844,393.2944738697264,390.5807639021192,392.53424390704595,65200200
2023-04-06,393.7659606933594,394.0450376322365,390.3882575257403,391.437167451645,63743300
2023-04-10,394.1700744628906,394.24707537446494,390.6672965345812,391.28315699096,63681000
2023-04-11,394.2759704589844,395.6809288356751,393.50613749381705,394.7956238624572,59297900
2023-04-12,392.6689758300781,396.6337014636882,392.08198323006627,396.3449920254895,86420400
2023-04-13,397.8846435546875,398.2406920585318,392.6111963601302,393.75634279356007,85814800
2023-04-14,396.9127502441406,399.443619886818,394.6032215680084,397.2495632394048,78161500
2023-04-17,398.3369140625,398.35614960865223,395.59433632263926,396.8260867230395,66436400
2023-04-18,398.5967712402344,400.04986273859487,397.22068066969723,399.9151257985286,63560000
2023-04-19,398.52935791015625,399.43389838923747,396.62398175927586,396.6817177607652,55227300
2023-04-20,396.3546142578125,398.10601828904817,394.8052862710272,395.70985629299514,75840400
2023-04-21,396.66253662109375,397.1244246963598,394.7090566567866,396.65290416377644,73457400
2023-04-24,397.0762939453125,397.4997108968018,395.1228141148149,396.4604040641478,64332100
2023-04-25,390.7731628417969,395.661693208056,390.7154268377835,395.103539346267,97766700
2023-04-26,389.1180419921875,392.46687746099377,388.5599174310108,391.38909943441206,80447000
2023-04-27,396.8645935058594,397.1340379925136,391.4083059420538,391.65851488224934,92968400
2023-04-28,400.25189208984375,400.2615245465103,395.92151547329547,395.9792514788031,89433100
2023-05-01,399.8477783203125,401.8782298985706,399.6168049089298,399.8092778572073,62122300
2023-05-02,395.3537902832031,399.1837787040956,392.4476367591756,399.13564578414,103998500
2023-05-03,392.64007568359375,398.26957154429016,392.3994991884123,395.8541741351487,91531800
2023-05-04,389.8590393066406,391.9183589011733,388.5214198537967,391.5911783811914,94901900
2023-05-05,397.0762939453125,398.12520386737816,393.23670274642825,393.4965147709688,87891800
2023-05-08,397.1821594238281,397.6633124121759,395.7772009206819,397.4035003706773,50046800
2023-05-09,395.4403076171875,396.5565858474395,395.20936362721875,395.6327805203227,49220100
2023-05-10,397.28802490234375,398.914324338217,393.4580365761441,398.27919887504333,96142900
2023-05-11,396.5951232910156,396.8838033054011,394.5165390857067,396.42191528238436,70157100
2023-05-12,396.0755615234375,398.0483066355821,393.650560739882,397.8365981203093,70481500
2023-05-15,397.4419860839844,397.8461381335402,394.7667767427343,396.68175616777665,54289400
2023-05-16,394.7859802246094,397.25911334021237,394.7763477684629,396.33527856748293,57705500
2023-05-17,399.578369140625,400.18459731007454,395.16138770255606,396.8069228969932,87287000
2023-05-18,403.42755126953125,403.850968255046,399.03943829896787,399.26074988190857,97177200
2023-05-19,402.8404846191406,404.8613328497813,401.61836671819003,404.33207636027197,103793300
2023-05-22,403.0041198730469,404.54381527738377,401.6183969458684,402.85977985297563,60745400
2023-05-23,398.48126220703125,402.9367433972177,398.08671324851565,401.35854756315524,86383500
2023-05-24,395.5943603515625,397.25916026310097,394.42997834283796,396.8742437459542,89213700
2023-05-25,399.0201416015625,400.4732329300767,396.86458575045214,399.10674560980397,90961600
2023-05-26,404.1877746582031,404.90950419232723,399.5975853933837,399.6745569554337,93830000
2023-05-30,404.3417053222656,406.6512337191027,402.955982410714,406.1219771957275,72216000
2023-05-31,402.0995788574219,403.41793341434715,400.53101533620446,402.5133634004825,110811800
2023-06-01,405.9198913574219,406.9784337458306,401.0794937409788,402.3304796935779,88865000
2023-06-02,411.7900085449219,412.5790771690053,407.96965243794403,408.4989090066005,91426200
2023-06-05,411.0008850097656,413.4258854781173,410.29839108056865,412.1363990044285,65460200
2023-06-06,411.8957824707031,412.4250389550156,409.9326702630217,410.58706057707866,64022200
2023-06-07,410.4715576171875,413.42584368993704,410.0481406844761,412.2903298100494,85373300
2023-06-08,412.95440673828125,413.4066917639222,409.76917600968767,410.5390091154699,61952800
2023-06-09,413.6953430175781,415.7065590310339,412.70416901348756,413.7530790281272,85742800
2023-06-12,417.4482727050781,417.52527361997466,413.9551270818145,414.67685648093624,76104300
2023-06-13,420.2005310058594,420.84525956412307,418.2470510492617,418.91104452208407,95899700
2023-06-14,420.700927734375,422.5100677032549,417.2462527373111,420.53735216092747,100612100
2023-06-15,425.9166259765625,427.1676119841462,419.7867416783568,419.8829487810575,110303100
2023-06-16,424.4658203125,428.47421834147775,423.9925483177265,427.9043524050704,114165800
2023-06-20,422.263671875,423.41307214231983,420.1870344889163,422.52447850076925,76160400
2023-06-21,420.10009765625,422.08014103507514,419.5108951805997,421.2784731312149,76982300
2023-06-22,421.61651611328125,421.7227488220665,418.80580025695025,419.14386433493524,70637200
2023-06-23,418.4290771484375,420.21596194306784,417.71433502111864,418.1586317913709,92074500
2023-06-26,416.719482421875,419.78130707914215,416.47801229853,417.8592143297431,72823600
2023-06-27,421.2881774902344,421.90632578060763,417.14454123449,417.59850632056305,72813700
2023-06-28,421.5006408691406,422.514803688603,419.58818670737986,420.2063349514927,75636000
2023-06-29,423.1618957519531,423.32610840810986,420.679605245235,421.0852585523664,67882300
2023-06-30,428.1554870605469,429.1406745135059,426.05951350289007,426.3782705598957,104964000
2023-07-03,428.64813232421875,428.92821645735074,427.5277073626863,427.8078209721531,32793400
2023-07-05,428.0106201171875,428.7446987114959,426.8225765200303,426.83224475721846,58418400
2023-07-06,424.65899658203125,425.08398633253137,422.147701549894,424.4271947095155,80658300
2023-07-07,423.5868835449219,427.5373607483118,423.3454134187473,423.66417049204466,86134200
2023-07-10,424.65899658203125,424.83284798641813,422.6596170025875,423.22948292340993,62443500
2023-07-11,427.3634948730469,427.8561033801802,424.4465462578362,425.4220950342892,64463800
2023-07-12,430.802001953125,432.21220867974904,429.72988876678727,431.15940249157063,91924500
2023-07-13,434.2212829589844,435.0133121303779,432.1832890285731,432.61791761555475,72425200
2023-07-14,433.9508361816406,435.9598548665001,433.18778225181745,435.1099046958951,69815800
2023-07-17,435.45758056640625,436.51038682135163,433.7576213779186,433.8059330908804,52680200
2023-07-18,438.6932373046875,439.3403606896483,434.6944781535629,435.12913614001786,80668200
2023-07-19,439.6688537597656,440.8568680135883,438.61601798371265,439.48533409064345,65891700
2023-07-20,436.7518615722656,439.5722457578469,436.0371193951603,438.6739839174844,70591600
2023-07-21,436.7518615722656,438.6739839174844,436.74222281063936,438.47112777830426,71275600
2023-07-24,438.70294189453125,439.5142779903244,436.867745334165,437.9012445599851,54023400
2023-07-25,439.90057373046875,441.15620646563485,438.38413442126745,438.43244612728506,55191200
2023-07-26,439.9682312011719,441.39771546076753,437.91090104233945,438.96370723872633,71052900
2023-07-27,437.05126953125,443.7641509737044,436.14333947921443,443.35846818342566,92194400
2023-07-28,441.3301086425781,442.1607516818026,437.0512358426156,440.3255847201604,80011800
2023-07-31,442.1705017089844,442.5278728257474,440.4898493694529,441.8034623534966,62040400
2023-08-01,440.9051818847656,441.64889932682564,439.94894005773267,440.70232573811046,55291500
2023-08-02,434.7718200683594,438.0461398306252,434.0184344125547,437.7853626915781,93933400
2023-08-03,433.5257873535156,435.40926606374575,432.10594188115226,432.75309476673715,64276100
2023-08-04,431.5650634765625,437.44727217935485,431.0434797536367,435.3416597654818,100128900
2023-08-07,435.3320617675781,435.4866062095408,432.704865206889,433.40030045755196,58357500
2023-08-08,433.4388732910156,435.3223520518387,430.0775985479417,432.7917203880473,71361300
2023-08-09,430.541259765625,433.87355948928627,429.77820586959297,433.7093468244431,78789600
2023-08-10,430.6957702636719,436.2882265207825,429.52706313111736,432.89797658868093,93005500
2023-08-11,430.44464111328125,431.4588333292262,428.22312774254544,428.82196893936987,68690900
2023-08-14,432.82073974609375,432.82073974609375,429.21802398769285,429.52711285274876,47867400
2023-08-15,427.77886962890625,431.40092184966306,427.2089741403311,431.0435212704258,75707500
2023-08-16,424.63970947265625,429.0247856402229,424.53344729188865,427.3634700312785,80107200
2023-08-17,421.4040222167969,426.3686327842003,420.8824384802807,426.1078556541094,95711300
2023-08-18,421.6068420410156,422.6403412596287,418.2359284981317,418.58363133261804,98852000
2023-08-21,424.34991455078125,425.0936318878785,420.46708574241853,422.62098028708044,68719000
2023-08-22,423.20050048828125,426.12711698432133,422.6403028137897,426.12711698432133,64994200
2023-08-23,427.9140625,428.5322402058597,424.1181589807745,424.2630351692306,68441000
2023-08-24,421.9835205078125,430.0292916211122,421.95451579727023,429.5173761658402,88517300
2023-08-25,424.95849609375,426.2431043443279,420.15806824986475,423.712501844876,102325100
2023-08-28,427.6533203125,428.271468592545,424.9585050816311,427.15104351635455,61595400
2023-08-29,433.8349609375,434.1150745823747,427.3635487226564,427.5470684062289,83081900
2023-08-30,435.6217956542969,436.25928035352985,433.4678714194492,434.17297483140425,69053900
2023-08-31,434.9842834472656,437.3796481914474,434.80076379653127,436.23991629050073,66084600
2023-09-01,435.7956237792969,438.1910180232257,434.3371347964679,437.7080777747482,58944100
2023-09-05,433.91217041015625,435.6700800917991,433.84458117342785,435.35135247874024,55166200
2023-09-06,430.99517822265625,433.2070527201014,428.66740278671307,433.1007905422567,70758500
2023-09-07,429.6719665527344,430.34806524877047,427.6436115119561,427.99131435968866,70355400
2023-09-08,430.3190612792969,431.85480770691146,429.3628490355431,429.72022009729625,61659700
2023-09-11,433.1491394042969,433.4581987746905,431.23668532604137,432.94628326819304,60180100
2023-09-12,430.7731018066406,433.2264469118444,430.1935969975154,431.70036845391746,67565400
2023-09-13,431.2753601074219,432.4343991522864,429.89412843469466,430.9952464774697,60199300
2023-09-14,434.9939880371094,435.68942327241507,432.4440784918802,433.74802324262066,83430800
2023-09-15,429.7530212402344,433.7368084981918,429.3168595859164,433.4072542770486,111848900
2023-09-18,430.0050048828125,431.303846542474,428.9678601910398,429.4428015854583,55752200
2023-09-19,429.11328125,429.6754845917088,426.42836539622306,429.08420380682946,66514600
2023-09-20,425.1683044433594,430.7901603921495,424.96473276036625,430.3733738455972,82562600
2023-09-21,418.14093017578125,422.58025371246634,417.98584063306095,422.31855674804774,104095800
2023-09-22,417.2007751464844,420.7677463582612,416.78395900410345,419.16842775985725,100829700
2023-09-25,418.9551696777344,418.9939198820318,415.5529609010411,415.98915213200996,70874500
2023-09-26,412.8001708984375,416.6191660672769,411.96656825523684,415.91157553365485,96168400
2023-09-27,412.9649353027344,414.5352059296986,409.32043434886083,413.97300260416256,104705800
2023-09-28,415.3591003417969,417.0359784928409,411.8212066146307,412.4124874162186,92258300
2023-09-29,414.3510437011719,418.5868254716406,412.8292551807975,418.4123608156291,115111300
2023-10-02,414.1862487792969,415.436637965525,411.4237734247356,413.51743802249865,83798600
2023-10-03,408.6419372558594,414.2444181473067,407.27523825202337,412.00536625897985,103760600
2023-10-04,411.61761474609375,412.3639554385422,407.6435302591631,409.10716378388844,87453000
2023-10-05,411.4626159667969,412.30589150695306,408.2349010406279,411.32690149442993,70142700
2023-10-06,416.3477478027344,417.88891132912596,407.6823154616602,409.0102345616155,113273300
2023-10-09,419.0132751464844,419.5851511856649,413.89543865350254,414.44791001251434,80374400
2023-10-10,421.1942138671875,423.79189736248946,419.245936455557,419.64334789466267,78607300
2023-10-11,422.9195556640625,423.1715503152822,419.8759785243393,422.2604472219357,62451700
2023-10-12,420.34124755859375,423.90821868639375,417.9858858829249,423.5302119190894,81154200
2023-10-13,418.2475891113281,423.0455744454242,416.6773479708049,421.8436377363804,95143100
2023-10-16,422.6481628417969,423.7143850912576,420.25402134631616,420.49634324027045,75433200
2023-10-17,422.6287536621094,424.6836681484373,419.1684195342952,419.5173488593283,75324700
2023-10-18,416.9971923828125,421.81455273319096,415.91159504982164,420.85496751569167,93559800
2023-10-19,413.33331298828125,419.5270750829903,412.65482940199,417.7145119651641,121323000
2023-10-20,408.2542419433594,413.4399364601398,408.1476049268172,412.89713777676974,123919900
2023-10-23,407.546630859375,411.4141082592817,404.9683224528733,406.72273053416484,92035100
2023-10-24,410.6192932128906,411.7727477741345,407.8180379697815,409.6693807564813,78564200
2023-10-25,404.72601318359375,408.9618247136512,404.21229195450024,408.9327472697519,94223200
2023-10-26,399.87957763671875,404.512771066671,398.9587721877273,403.65982284727204,115156800
2023-10-27,398.0670166015625,401.86663693380547,396.6421626745101,401.4692254760225,107367700
2023-10-30,402.8262023925781,403.88272225418063,399.5597081383843,400.85854988329856,86562700
2023-10-31,405.3560791015625,405.67593098866274,401.48860153022065,403.39809925222016,79665200
2023-11-01,409.6790771484375,410.4932751362608,405.7922246289102,406.32535052662286,98068100
2023-11-02,417.53033447265625,417.6854240377106,413.4593147358308,413.4786898388463,94938900
2023-11-03,421.33966064453125,422.89052683629586,419.71126445431895,419.8372765845697,100167800
2023-11-06,422.30889892578125,422.75476292041225,420.36062146659094,422.0956544795997,67831700
2023-11-07,423.5107727050781,424.1505059932791,421.1651135619809,422.3088656922616,64256100
2023-11-08,423.82098388671875,424.6351818841711,421.5140747704494,424.11175832141294,61746000
2023-11-09,420.5157165527344,425.0035227425126,420.08922765476564,424.9647429571584,83174400
2023-11-10,427.0777587890625,427.38793789386506,420.5059906051338,422.58998243152627,89462200
2023-11-13,426.6706848144531,427.7756572288507,424.9550565166978,425.7401770580696,52236100
2023-11-14,434.9483947753906,436.23753414765645,432.3894615518305,432.61240832792026,97176900
2023-11-15,435.86920166015625,437.51700226405256,435.01622391603615,436.28598819138983,77327600
2023-11-16,436.40234375,436.72219562577186,434.3571316402488,435.42335386000235,66665800
2023-11-17,436.9451599121094,437.55581582516845,435.4912285306581,436.41203399072475,83133200
2023-11-20,440.30853271484375,441.15180807539235,436.6833774860901,436.69307982642476,69936200
2023-11-21,439.34893798828125,440.1825406267048,438.0791737195552,439.2617056622207,49244600
2023-11-22,441.045166015625,442.36341233286754,439.94989604168717,441.00641581534256,59394900
2023-11-24,441.31658935546875,441.51045868866237,440.7641179584505,441.09367216063396,29737400
2023-11-27,440.5218200683594,441.5007803874619,440.13408138085987,440.68658238826873,50506000
2023-11-28,440.95794677734375,442.2567884526749,439.5718727783306,440.13404650216097,62115000
2023-11-29,440.6477966308594,444.2438747206066,440.2504147680835,443.10979527762873,63146000
2023-11-30,442.3828430175781,442.73180192610516,439.41682540648986,441.4911150141487,79752700
2023-12-01,444.99993896484375,445.53303530779465,441.18094348970146,441.77219472169025,89183400
2023-12-04,442.6639099121094,445.019271433423,440.3860783753154,441.60739008872554,72430900
2023-12-05,442.57666015625,443.5362452759612,440.89978220152403,441.2778185094744,69793500
2023-12-06,440.79315185546875,444.7478314713036,440.356960689027,444.7187540322277,69124700
2023-12-07,444.15667724609375,444.8060833872283,442.2762568948173,442.87721048702326,66995400
2023-12-08,446.06610107421875,446.5991973452758,443.1679114532356,443.4102333183171,83194400
2023-12-11,447.8011474609375,447.97564170163525,445.358553474564,445.5717979195869,65002200
2023-12-12,449.8463439941406,449.94327866221204,446.4538376737931,447.45220263628306,68327600
2023-12-13,456.0497741699219,456.3017983886153,449.86571511357835,450.22434675999136,93278000
2023-12-14,457.513427734375,459.1806035101216,454.83818462019093,457.98836917003774,119026000
2023-12-15,456.7601318359375,458.09346468799856,454.911024624647,456.9158501916579,141553700
2023-12-18,459.3294372558594,460.31239637628556,457.3051580447496,458.3659614924249,70375300
2023-12-19,462.12255859375,462.2004326198957,459.79658439176796,459.8744287176748,55761800
2023-12-20,455.71875,463.1541148518432,455.2905320048418,461.2660708823462,102921000
2023-12-21,460.0398864746094,460.31238616429494,456.28325178797456,458.7065536605437,86667500
2023-12-22,460.96441650390625,462.6480933014032,459.06666039020405,461.1687838422537,67160400
2023-12-26,462.91082763671875,463.8159126462135,461.29528326802847,461.37315728833744,55387000
2023-12-27,463.7478332519531,463.8938099220547,462.1712258143802,462.7064835048319,68000300
2023-12-28,463.9230041503906,464.75995685713684,463.5045277970175,464.1079178321579,77158100
2023-12-29,462.5799865722656,464.2539217843669,460.62380998189565,463.72837604213146,122283100
2024-01-02,459.9911804199219,460.9838811377681,457.8890273530107,459.51431341639926,123623700
2024-01-03,456.2345886230469,458.57030441924957,455.6311985932203,457.8306496986943,103585900
2024-01-04,454.7650451660156,458.3464782249613,454.5411944622418,455.7577162648923,84232200
2024-01-05,455.3879089355469,457.84040614563645,453.93779478135224,454.96940287212124,86118900
2024-01-08,461.8890075683594,462.0349842457667,455.7577198150965,455.884242835596,74879100
2024-01-09,461.188232421875,462.21009873679486,458.72599376856454,459.2320560873438,65931400
2024-01-10,463.7964782714844,464.6626560070687,461.17852110920177,461.4607624691406,67310600
2024-01-11,463.5921325683594,465.3147167416708,459.6116768106503,464.7989126874992,77940700
2024-01-12,463.9132080078125,465.7817982619962,462.5020607655486,465.0421436217643,58026400
2024-01-16,462.2101745605469,463.845172812728,460.3902626095814,462.53135296380003,85014900
2024-01-17,459.6408386230469,460.1274473065962,457.28563952656407,459.1834252725011,68843900
2024-01-18,463.72833251953125,464.2830735453687,459.7673604180853,461.31477246365523,91856200
2024-01-19,469.5092468261719,469.7914881784232,463.7770119836413,464.85726900395974,110834500
2024-01-22,470.501953125,472.2245371914283,469.8498844138423,471.0469524804882,75844900
2024-01-23,471.8741455078125,472.1174498429628,469.9569358590548,471.0469345284904,49945300
2024-01-24,472.3900146484375,475.6794645582401,471.8936642634199,474.745184157241,81765000
2024-01-25,474.9592590332031,475.2317587014155,472.38998069009165,474.52129934846636,72525000
2024-01-26,474.3559265136719,476.0201200569098,473.509232074134,474.53109852869903,76641600
2024-01-29,478.1125183105469,478.2585246858996,474.12235058965683,474.66734997690736,61322800
2024-01-30,477.7427062988281,478.4531359964777,476.983568210537,477.421527922976,58618400
2024-01-31,469.9472351074219,475.98116532447904,469.9277517507619,475.5334936248827,126011100
2024-02-01,476.0980224609375,476.12721779851535,470.84262409498666,471.65041126837735,91891600
2024-02-02,481.11004638671875,482.7644982110768,476.1952805049677,476.53591254829524,99228200
2024-02-05,479.3582458496094,481.1392504253947,477.1004039249224,480.4774696836803,75757100
2024-02-06,480.74993896484375,481.0808293147646,478.871606822303,480.3022375794468,55918600
2024-02-07,484.7596130371094,485.17808940845316,482.0929770540646,482.9980918458816,70556500
2024-02-08,484.9737854003906,485.3533248076172,483.9421771547841,484.75967634751515,52343600
2024-02-09,487.7765808105469,488.2145108276318,485.13914022884614,485.47977226451565,63979400
2024-02-12,487.5624694824219,490.01496666720067,486.84226840178366,487.7473831666172,56502300
2024-02-13,480.8472595214844,483.776653518952,477.5772631803255,481.28521924942925,113099200
2024-02-14,485.2170104980469,485.703619202311,481.1586808363787,483.48468469887587,68387800
2024-02-15,488.56488037109375,488.74979405458623,485.4408311080291,485.91772783399097,61683000
2024-02-16,486.1318359375,489.4018321652925,485.39218120492103,488.26318443249403,75532900
2024-02-20,483.45550537109375,485.06130820828355,481.20737545898015,484.3897857981468,71736700
2024-02-21,483.8934326171875,484.0491509708409,480.3411949189208,482.15139479243277,59293400
2024-02-22,493.9078369140625,494.87131264849836,489.54781221335594,490.51131764803023,76402500
2024-02-23,494.24847412109375,496.4674086571224,493.51856105397593,495.6304262293698,61321800
2024-02-26,492.4383239746094,495.12441383679885,492.3118009448335,494.6864540722274,50386700
2024-02-27,493.35308837890625,493.57693907250416,491.23148157958644,493.1292673855463,48854500
2024-02-28,492.7010803222656,493.2849870375032,491.4358798053579,491.7959655131677,56506600
2024-02-29,494.4723205566406,496.0878651256629,491.81545586381117,494.4626085780751,83924800
2024-03-01,499.114501953125,499.5427199698066,494.93942084083443,495.3481852022985,76844800
2024-03-04,498.5793151855469,500.42845220247364,498.28736181458015,498.31658685191803,49799300
2024-03-05,493.5964050292969,497.0221493633574,491.38721217314117,496.5744479650044,72855600
2024-03-06,496.0975646972656,498.3554361707815,494.8031986362925,496.8761267293977,68382400
2024-03-07,501.0220642089844,502.0731556685532,496.15597704493354,499.39680772832526,58652100
2024-03-08,498.0148620605469,504.34074613282087,497.4406672975321,501.6547157196658,86532500
2024-03-11,497.58660888671875,498.17054528765857,494.88106560592894,496.8080468189585,62557200
2024-03-12,502.9393615722656,503.5232683044219,497.1778712794107,499.6985307075949,73114400
2024-03-13,502.15093994140625,503.4355940031198,500.7105972360643,503.2604220038599,55104100
2024-03-14,501.1582946777344,503.27990140830235,498.1121195690471,503.1241533654222,110171800
2024-03-15,497.7170715332031,499.54266772632866,496.0477073102581,498.08804798108406,107646300
2024-03-18,500.6750183105469,503.2327653384656,500.26501371428566,501.78794751400085,88893300
2024-03-19,503.4573974609375,503.7404859733711,498.9764238973626,499.9819809876235,60755300
2024-03-20,508.11395263671875,508.250640692195,502.84228640648547,503.5158951541575,69594600
2024-03-21,509.79315185546875,511.65774627628207,509.51000378121233,510.95488123336787,60256100
2024-03-22,508.82672119140625,510.19342318455074,508.59237324097523,509.7053025616341,79070800
2024-03-25,507.4208679199219,508.5728252956552,507.2646359725173,507.45012416941677,48512100
2024-03-26,506.4837646484375,509.1879722137105,506.08353191849,508.8462519954212,65463700
2024-03-27,510.7401428222656,510.77923060858313,507.1475819984231,509.3148686626399,82999800
2024-03-28,510.64251708984375,512.1459071621757,510.359428578344,510.7792051650659,96294900
2024-04-01,509.7540283203125,511.92131455401733,508.59229902389643,511.38439386416735,62477500
2024-04-02,506.5130615234375,506.6496900205949,504.20908677438206,505.9272809933223,74230300
2024-04-03,507.0694274902344,508.5728771082824,505.3707772955882,505.41957743973774,59155800
2024-04-04,500.88006591796875,511.42345867223884,500.5774335376575,511.08179809560863,96858100
2024-04-05,506.1127014160156,508.0749556966803,501.79773213862893,502.23705258109646,74546500
2024-04-08,506.3957824707031,507.8211160052217,505.5855452146359,506.815618601476,48401800
2024-04-09,506.9815979003906,508.3776156958321,502.12964804913753,508.1335553906493,68049200
2024-04-10,501.9051208496094,503.8966314464908,499.9233821983309,501.28031218136,82652800
2024-04-11,505.6929626464844,507.13778061540546,499.9136311857634,503.42807581801776,70099000
2024-04-12,498.71282958984375,503.56474960986543,496.9848635757255,502.14918793409277,92561100
2024-04-15,492.4649353027344,503.0571295651305,491.61558034670605,502.89118522807627,92101400
2024-04-16,491.5667419433594,494.4661795680653,490.27809637848605,492.94324564322153,73484000
2024-04-17,488.6575927734375,494.1928943020747,487.2615748018619,494.0269201649018,75910300
2024-04-18,487.6520080566406,492.15249561510325,486.71482481856754,490.0535829309475,74548100
2024-04-19,483.3956298828125,488.56969668668467,482.1264983587833,487.57394131853926,102212600
2024-04-22,487.8472900390625,490.44409539983275,483.65920663681294,486.00217973304706,67961000
2024-04-23,493.6363830566406,494.0659315908711,487.6617913619136,489.85833417865257,64633600
2024-04-24,493.4020690917969,495.3154935043147,491.17624034467946,494.5247405147149,55928100
2024-04-25,491.5276794433594,492.28914639879576,485.6702321576898,487.3200821932215,69122400
2024-04-26,496.1844177246094,497.7659238799117,493.68524235456005,494.31979324751813,64306100
2024-04-29,497.941650390625,498.61525929171887,495.19841463675846,497.9709364388238,46415400
2024-04-30,490.0535583496094,497.45345338662946,490.0535583496094,496.47721220645434,77483600
2024-05-01,488.46234130859375,496.11606953951656,487.9937347584278,489.46786865773555,80242800
2024-05-02,493.0311279296875,493.8707109149056,487.68131503899394,492.17203084435516,62550200
2024-05-03,499.14239501953125,500.372438730604,496.47724569258963,499.01547889074567,72756700
2024-05-06,504.29693603515625,504.3359642334882,501.1046081667102,501.54392863434595,47264700
2024-05-07,504.8534240722656,506.2494419365131,504.17981521335923,505.2634287213709,52561300
2024-05-08,504.9022216796875,505.43914245784595,502.90093900562147,503.018083190491,42047200
2024-05-09,507.8114013671875,507.8504891521531,504.4336447297941,505.08770969254925,43643700
2024-05-10,508.46551513671875,510.22273745681827,507.2452135831723,509.4124405414531,52233200
2024-05-13,508.5338134765625,510.25200764448437,507.3916278750611,510.14463540524883,36716400
2024-05-14,510.8669738769531,511.3844102791641,508.1920827014514,508.72900340853613,57535900
2024-05-15,517.1929931640625,517.4858535513521,512.7022487472045,513.3368292405178,59504900
2024-05-16,516.1289672851562,518.8917465910545,515.9825072697596,517.2906967075278,50244800
2024-05-17,516.8709106445312,516.9392546781255,514.7915121402848,516.2461019816988,59187600
2024-05-20,517.4664916992188,518.9308537358257,516.5976225904213,516.9881429675341,37764200
2024-05-21,518.735595703125,518.8918276886369,516.5000244352296,516.7050565718225,33437000
2024-05-22,517.241943359375,518.7551054535538,515.0648847480338,518.0424683735625,48390000
2024-05-23,513.4638061523438,520.4048662857896,512.2532170997966,520.2974940619036,57211200
2024-05-24,516.8612060546875,517.6715030328614,514.3620306627067,515.3089561408403,41291100
2024-05-28,517.2223510742188,517.9057318355667,514.5864879004678,517.6714434796838,36269600
2024-05-29,513.6004638671875,514.7817371522767,512.8878268689698,513.1904592530791,45190300
2024-05-30,510.1933898925781,512.7218807717095,508.94383216366884,512.058043918065,46377600
2024-05-31,514.84033203125,514.9672481577884,506.0443890267406,511.15017117084983,90785800
2024-06-03,515.2601318359375,516.7342656913833,510.18366530067414,516.4511771729021,46835700
2024-06-04,515.8361206054688,516.5780734778808,512.4876203186922,513.9519821715993,34632700
2024-06-05,521.9668579101562,521.9864018010747,516.1679828855217,518.1595530381444,47610400
2024-06-06,521.9571533203125,522.6991062505612,520.0242145910106,522.2695576901561,30808500
2024-06-07,521.3226318359375,524.1342115774243,519.8875261250549,520.980911626184,43224500
2024-06-10,522.9334106445312,523.2555869709606,519.9168582676467,520.5123511854081,35686100
2024-06-11,524.1927490234375,524.2513211148034,519.4091430834137,521.3811694677967,36383400
2024-06-12,528.4979858398438,531.1924214122917,527.4631724257194,528.7615900630306,63251300
2024-06-13,529.56201171875,530.4211086780596,526.7699763935087,530.2453924252503,44760900
2024-06-14,529.88427734375,529.9135335983043,527.0238379218912,528.0293950539849,40089900
2024-06-17,534.1015625,535.4976399183048,528.7420075865693,529.2008719569648,55839500
2024-06-18,535.4586181640625,535.5855343086499,533.7404238235347,534.1602004613839,41376400
2024-06-20,534.0039672851562,537.0498352385172,532.2272010481894,536.385998334327,70328200
2024-06-21,533.2880249023438,534.4045446160707,531.828742363983,533.1803062748603,64338600
2024-06-24,531.554443359375,535.6776992949467,531.4369212698475,533.1117007115007,45528700
2024-06-25,533.6014404296875,533.9638101987721,531.260682360104,532.7787259572508,37936200
2024-06-26,534.2675170898438,534.9824532882294,531.8386468881042,532.4850185530828,38550600
2024-06-27,535.1096801757812,535.6875469780335,533.3859430174333,534.1302894973802,35041500
2024-06-28,533.0040283203125,538.9391939081404,531.76024266257,535.883439640916,76144500
2024-07-01,534.1009521484375,534.6298016081159,531.3390631933655,534.3849539324244,40297800
2024-07-02,537.6953125,537.6953125,532.4457925507478,532.4947501316359,40434800
2024-07-03,540.0948486328125,540.457218430894,537.3427629954197,537.381917105902,32789900
2024-07-05,543.2092895507812,543.6108134486142,539.7618150479054,540.3984429341523,41488400
2024-07-08,543.8360595703125,544.7860397915607,542.7684974779849,543.9927357696513,36110500
2024-07-09,544.3649291992188,545.6968861634513,544.0711239537649,544.795863484972,27289700
2024-07-10,549.7516479492188,550.0944108163902,545.2954317896393,545.5892370725392,38701200
2024-07-11,545.0113525390625,550.7408243676441,544.3747844096212,549.869152242232,53054200
2024-07-12,548.4490356445312,552.0531865568831,545.667599292853,546.1376877405125,53084400
2024-07-15,549.9572143554688,553.1989947445371,548.0963483653211,550.4469096394806,40584300
2024-07-16,553.2185668945312,553.5123721227574,550.5154392403327,551.2695891404957,36475300
2024-07-17,545.4619140625,548.9583463886919,545.1386983611491,547.2835666023501,57119000
2024-07-18,541.2700805664062,547.988746727991,539.0860582622142,546.9995524787638,56270400
2024-07-19,537.6757202148438,542.6608454522978,536.6179614633988,541.0350233261719,65509100
2024-07-22,543.2190551757812,543.826272604696,539.6638622867013,541.6030366708314,43346700
2024-07-23,542.3670043945312,545.2659625762393,541.8773090500791,543.111291105197,34439600
2024-07-24,530.0755615234375,537.8519253696913,529.1549319575545,537.5483166712224,74515300
2024-07-25,527.313720703125,536.177254363603,526.3735438881854,530.1931317534066,61158300
2024-07-26,533.2195434570312,535.9128682273114,530.3303285661854,531.1040855758291,53763800
2024-07-29,533.5328979492188,535.7756811771844,531.5349026238763,534.7669398202207,39515800
2024-07-30,530.8297729492188,536.059745722708,527.4215123549488,535.0019870020752,46853600
2024-07-31,539.458251953125,542.0928156342903,536.2948387521341,537.665950025587,65663400
2024-08-01,531.8189086914062,543.4344670666311,528.3126735436618,541.1818806021787,76428700
2024-08-02,521.9173583984375,525.9230331199286,517.7059303208597,524.7085981454201,82789100
2024-08-05,506.7171630859375,512.7893973566776,499.75367969518885,501.0954700551791,146267400
2024-08-06,511.388916015625,518.8322619792666,507.1970948142372,508.5192484468351,84826300
2024-08-07,507.9707336425781,520.6343074860769,507.3733196862517,517.5785536304185,70698300
2024-08-08,519.7136840820312,520.3404486814812,511.08525465156777,513.1125407389065,63276600
2024-08-09,522.0054321289062,523.4941251002426,517.6667385635127,518.8909769209239,45619600
2024-08-12,522.2796630859375,524.6889257907327,520.0074696393324,523.2002926739822,42542100
2024-08-13,530.8689575195312,531.1040615199245,525.2277168327499,525.4725645280489,52333100
2024-08-14,532.543701171875,533.728785456597,528.9885080949739,531.6622256176499,42446900
2024-08-15,541.6715698242188,541.9555715802455,537.567920792545,538.1751381862979,60846800
2024-08-16,542.885986328125,543.581375155023,539.8988570348282,540.0555332245729,44430700
2024-08-19,548.0767822265625,548.0767822265625,542.4452860411917,543.2973511166235,39121800
2024-08-20,547.1856079101562,549.2815184001456,545.8438474042439,547.6263456901657,33732300
2024-08-21,549.0660400390625,550.5253226989936,543.2974141481618,548.2335818085938,41514600
2024-08-22,544.7566528320312,551.5732334533072,543.5422179587766,550.9660160166799,56121500
2024-08-23,550.5447998046875,551.4850362271399,545.8045233685474,547.9984083542695,50639400
2024-08-26,549.2324829101562,552.2881770773529,547.528352675827,551.5732410031779,35788600
2024-08-27,549.9866943359375,550.4763897351174,546.8134777136145,547.9593482100599,32693900
2024-08-28,546.7938232421875,550.0748179978751,543.6009999526875,549.6438836929623,41066000
2024-08-29,546.8427734375,552.0629426061665,545.6969030561269,548.7624007293272,38715200
2024-08-30,552.0629272460938,552.5722295246512,545.657733766081,549.212926690368,62700100
2024-09-03,540.7020263671875,549.2520879225416,538.18498513228,548.9190687874888,60600100
2024-09-04,539.5953979492188,543.0036589607188,538.136115154692,538.860854815549,47224900
2024-09-05,538.2830200195312,542.386670295475,535.8247392878686,539.536669068856,44264300
2024-09-06,529.2235717773438,540.2319142524223,528.3225490242058,538.6061519080256,68493800
2024-09-09,535.1488647460938,536.4221205223048,531.4957564364314,533.4251872668898,40445800
2024-09-10,537.4799194335938,537.8325455941908,532.1814408784411,537.0587885128602,36394600
2024-09-11,542.9937133789062,543.914342923255,528.8317637255883,537.3916279053534,75248600
2024-09-12,547.5675659179688,547.8711746400817,541.3483991843773,543.5716351743016,51819600
2024-09-13,550.4273681640625,551.4263657909838,547.9201304028155,548.1747815451495,39310500
2024-09-16,551.2402954101562,551.5046902542234,548.360884321784,550.1629297590999,36656100
2024-09-17,551.4655151367188,554.9031859740162,549.2324757022386,553.4536471249235,49321000
2024-09-18,549.8300170898438,556.969754476821,549.2717571625421,552.1217580784818,59044900
2024-09-19,559.2124633789062,561.0733295553275,556.3722663136862,559.2418737919741,75315500
2024-09-20,558.245849609375,559.2871857073619,555.2200568119598,557.8430941207945,77503100
2024-09-23,559.6408081054688,560.2892222272916,558.0984411315784,559.3166610051752,44116900
2024-09-24,561.2420043945312,561.3009456701543,557.6071325028291,560.436433653946,46805700
2024-09-25,560.0043334960938,561.8217999280521,558.8942225290759,561.0850037974096,38428600
2024-09-26,562.224609375,564.5922147465825,559.8668975070976,564.2680076290181,48336000
2024-09-27,561.4090576171875,564.1106429805404,560.377555197848,563.2952985697877,42100900
2024-09-30,563.6588134765625,564.2678934162012,558.078818569817,560.3775886747461,63557400
2024-10-01,558.6093139648438,563.9535439565005,556.035444442894,563.3051897855821,72668800
2024-10-02,558.8450927734375,559.866821742494,555.3183290115846,557.715374727311,38097800
2024-10-03,557.8234252929688,559.7685478192003,555.5344286086627,557.3715020969081,40846500
2024-10-04,562.8924560546875,563.2657708110322,558.0983654622065,562.2735426407796,42939100
2024-10-07,557.8037109375,561.8905065573382,556.6543259021896,561.2420924631317,49964700
2024-10-08,563.0791625976562,563.6784689445017,559.5032914013763,560.3775771285751,37398700
2024-10-09,566.9793701171875,567.5393423690588,562.4701514366566,563.0693978961492,37912200
2024-10-10,565.9871826171875,567.4116672245898,564.3760405790135,565.6335348411864,44138100
2024-10-11,569.3763427734375,570.1131388058892,565.7709110163313,565.9084606662699,42268000
2024-10-14,574.0328979492188,574.9661849382893,570.5060744728205,570.9874382986001,36217200
2024-10-15,569.5728149414062,574.6026708937048,568.3545951743074,574.2981309420833,54203600
2024-10-16,572.0484619140625,572.5691599226542,568.767296964022,569.57286786976,30725400
2024-10-17,572.0975341796875,575.8011814159861,571.9108767867559,575.5948569414992,34393700
2024-10-18,574.298095703125,575.0839994048337,572.3234729286785,573.7872313147403,37416800
2024-10-21,573.3550415039062,574.5535342943244,570.378356688641,573.5711395635755,36439000
2024-10-22,573.050537109375,574.2097557683464,570.1622940232531,570.8204817447413,34183800
2024-10-23,567.8143920898438,571.4689321263772,564.3072352656649,571.0268424499369,49314600
2024-10-24,569.0423583984375,569.8479293354313,566.4193810527883,569.7693209618997,34979900
2024-10-25,568.8457641601562,574.1703862188206,567.9027036914881,571.2723100723214,47268200
2024-10-28,570.6044311523438,572.451338311336,570.2998911399899,572.3236221809337,30174700
2024-10-29,571.52783203125,572.6477165136779,568.2466070737139,569.6415908764491,42899700
2024-10-30,569.798828125,573.0505525749719,569.0914726763393,571.0562623128328,41435800
2024-10-31,558.6289672851562,565.4958970216722,558.4324763422399,565.4271221936206,60182500
2024-11-01,560.9866943359375,565.4173043933644,560.5741053167588,561.2617936558026,45667500
2024-11-04,559.7783813476562,562.4210257711015,557.8922001113365,561.1242574334378,38217000
2024-11-05,566.5470581054688,566.586332309216,560.4758658123077,560.6919638738422,39478300
2024-11-06,580.6345825195312,581.508928254242,575.0840880526238,578.8270097230293,68182000
2024-11-07,585.1241455078125,586.145874462509,582.5601095007273,582.6387178727699,47233200
2024-11-08,587.65869140625,589.0831757216504,585.674234913322,585.674234913322,46444900
2024-11-11,588.2186279296875,589.6037779981073,586.4896037587446,589.2501303160354,37586800
2024-11-12,586.3914794921875,588.7393574916656,583.9059918696842,588.1401110548398,43006100
2024-11-13,586.6763305664062,588.6803942959151,584.4856094336134,586.8531544283672,47388600
2024-11-14,582.9039306640625,587.2854330583992,582.2163022724781,586.804069200042,38904100
2024-11-15,575.437744140625,579.8094129170865,573.5810036102117,579.3378226480269,75988800
2024-11-18,577.7954711914062,579.1118465214918,575.0349444617987,575.8993966406199,37001700
2024-11-19,579.9075927734375,580.6345552744816,573.7480186357969,574.4160398519082,49412000
2024-11-20,580.1040649414062,580.3889378159292,574.3374129030207,579.9861823753545,50032600
2024-11-21,583.21826171875,584.6427460672937,577.1077952881657,582.953055915256,46750300
2024-11-22,585.0259399414062,585.654687007179,582.7075025920674,583.2084735757152,38226400
2024-11-25,587.0103759765625,590.281707390563,584.7213793724078,588.9653319760873,42441400
2024-11-26,590.075439453125,590.7434606979054,587.5408441710033,588.2579731618996,45621300
2024-11-27,588.2874755859375,590.2718722436573,586.7647756879834,589.8887838542881,34000200
2024-11-29,591.9419555664062,592.7278593888155,588.8277809402925,589.1028202958577,30177400
2024-12-02,593.0029907226562,593.6808455477146,591.8633791521069,592.3545765627109,31746000
2024-12-03,593.2779541015625,593.5235527754064,591.735647195163,592.7671496331845,26906600
2024-12-04,596.9619750976562,597.2075737883222,594.2997236656325,594.9677449089698,42787600
2024-12-05,595.9795532226562,597.7675188046404,595.6259055147337,596.961947940629,28762200
2024-12-06,597.1093139648438,598.3471408675985,596.3332437457798,596.7458327264936,31241500
2024-12-09,594.0344848632812,597.1584931551176,593.445071963169,596.9915028268559,34742700
2024-12-10,592.1875,595.1346840344664,591.5293123546073,594.7122615181331,37234500
2024-12-11,596.7655029296875,597.7183970026139,594.8399877419274,595.1150870375847,28677700
2024-12-12,593.6906127929688,596.4707466548862,593.6906127929688,595.9010008938557,31543800
2024-12-13,593.57275390625,596.4413297893211,592.1973772710232,595.7242008087076,35904700
2024-12-16,596.1072998046875,597.0799209921157,594.5551592425911,595.3312295236393,43695200
2024-12-17,593.6512451171875,594.5157572113583,592.2759285750876,593.5530296358272,55773500
2024-12-18,575.9584350585938,595.7339866328443,575.5752867073982,593.3467745348553,108248700
2024-12-19,575.7815551757812,582.5601031255708,575.5359564813775,580.948961299734,85919500
2024-12-20,582.697265625,587.231466902458,572.6036351958548,573.4513839180992,125716700
2024-12-23,586.1865844726562,586.7878476994515,579.2570769218985,582.440932357683,57635800
2024-12-24,592.7020263671875,592.7414929129372,586.9553724289615,587.5369625170155,33160100
2024-12-26,592.7415771484375,593.8652307760627,589.5281816588665,590.9278604962976,41219100
2024-12-27,586.5021362304688,589.2325480652515,582.3129057333863,588.9959292183847,64969300
2024-12-30,579.8091430664062,583.278830614674,576.0536238226567,579.4839049805771,56578800
2024-12-31,577.69970703125,582.1945015590405,576.0634095440413,581.4748988586764,57052700
2025-01-02,576.2803344726562,582.6775253068124,572.1995172748154,580.9624149327,50204000
2025-01-03,583.48583984375,584.1265095290074,578.0447499447286,579.129057366777,37888500
2025-01-06,586.8469848632812,591.1249540533898,585.1121413237427,587.7440065436294,47679400
2025-01-07,580.2133178710938,589.2029082453815,578.3897946667151,588.8776099950986,60393100
2025-01-08,581.0609741210938,582.1354148697908,576.8323377526707,580.282291853868,47304700
2025-01-10,572.189697265625,577.5716476388544,570.2774344732991,577.5026413332764,73105000
2025-01-13,573.0768432617188,573.4316812597856,567.1231694250464,567.5372072518853,47910100
2025-01-14,573.8653564453125,576.6351742776535,570.0802375478183,576.0043111010004,48420600
2025-01-15,584.303955078125,585.4473419377294,580.7751281246863,581.8889752343268,56900200
2025-01-16,583.1802368164062,585.8514484014332,582.4803673486446,585.6740294157521,43319700
2025-01-17,589.0353393554688,590.7898562052613,587.0934767089387,588.4242094250709,58070600
2025-01-21,594.4271240234375,594.4369906618805,590.1097477554644,592.0811502463223,42532900
2025-01-22,597.7686157226562,599.1288881406504,596.7040416210903,597.2560318658977,48196000
2025-01-23,601.03125,601.03125,596.8617535693179,597.1377185948221,41152100
2025-01-24,599.2767944335938,602.0466728607889,598.1235407504724,601.0905113090206,34604700
2025-01-27,590.7996826171875,591.115114198888,586.1373355152499,586.3048878621954,70361100
2025-01-28,595.8760375976562,596.713859452747,588.7099714764748,592.031779311243,44433300
2025-01-29,593.2047729492188,595.491606706695,590.651780644399,595.0874355672163,37177400
2025-01-30,596.3885498046875,597.9262410572588,592.130313990855,595.3240359730432,39281300
2025-01-31,593.2147216796875,601.2383441338676,592.4557124803268,598.8134974486875,66566900
2025-02-03,589.2225341796875,591.7064599079472,582.0466016788057,584.1954227420036,65857200
2025-02-04,593.17529296875,593.6878166788046,588.7396375989994,589.281761222817,33457800
2025-02-05,595.5803833007812,595.7282625539741,590.0210739471236,592.0516161255263,30653100
2025-02-06,597.6503295898438,597.778475552574,594.013089933138,597.3250313642651,35771500
2025-02-07,592.1796875,599.4344333824486,591.4699514014874,598.2121736064561,50788500
2025-02-10,596.2012329101562,596.8419626327793,594.1214182142801,595.3930110234221,26048700
2025-02-11,596.6547241210938,597.1968476878733,593.8159001701387,593.9341794878935,30056700
2025-02-12,594.7326049804688,595.9055917033094,589.9519786805068,590.6321148502618,45076100
2025-02-13,601.0115356445312,601.2185545419917,594.5749384975967,595.8366046698266,40921300
2025-02-14,600.9819946289062,602.2535274358258,600.360998100256,601.2185532755497,26910400
2025-02-18,602.7463989257812,602.7463989257812,599.6808827255115,602.145135650955,26749000
2025-02-19,604.1658325195312,604.4615308486234,600.8440242708047,601.3566081495158,31011100
2025-02-20,601.6522827148438,602.9336821985821,598.3403412349714,602.7956695963146,36554000
2025-02-21,591.361572265625,601.5734221193063,590.8982614234848,601.435409514207,76519800
2025-02-24,588.670654296875,594.4074426853949,587.960918125522,593.4118748152965,50737200
2025-02-25,585.7430419921875,589.3408752561445,581.129967827771,588.6114660308307,58266500
2025-02-26,586.0387573242188,591.0067297705009,583.3970853838995,587.4088964020577,43321600
2025-02-27,576.6844482421875,589.4690234968429,576.290203877955,588.3157098294636,74196700
2025-02-28,585.6838989257812,586.2161558854355,574.1117771132394,577.1871598716435,88744100
2025-03-03,575.4227294921875,588.7987001526899,571.6080711867788,587.6552532272791,74249200
2025-03-04,568.6116333007812,577.0196942059655,564.0675647801556,571.420918082598,109648200
2025-03-05,574.722900390625,576.5168836727693,564.8856223320056,568.4439889843314,71230500
2025-03-06,564.5209350585938,571.8742272350298,561.9679425734266,567.2512863712917,80094900
2025-03-07,567.68505859375,569.1340707451673,557.5422141835529,562.7368791286215,81158800
2025-03-10,552.5643920898438,561.3962362827218,547.6457527585567,559.4741670846696,99326600
2025-03-11,547.970947265625,555.9551623983707,544.1267490127518,551.4012280579012,88102100
2025-03-12,550.8788452148438,555.0582088315019,545.7729200294035,554.1316472627199,69588200
2025-03-13,543.5353393554688,551.1153839968962,541.8202288918889,550.5042540653316,74079400
2025-03-14,554.7625122070312,555.7679467233177,543.604366956188,548.1583018697701,62660300
2025-03-17,559.0404052734375,561.5637976935186,554.3089918436672,554.742702735982,49008700
2025-03-18,552.9981079101562,556.9409127203818,551.0661118946721,556.7240271713574,66041400
2025-03-19,559.0206909179688,562.7860764826731,553.5993346617712,554.7821880592443,66556000
2025-03-20,557.4041748046875,562.4115538615378,554.5554838320709,555.2750866351008,62958200
2025-03-21,557.5880126953125,558.4877328401925,551.7054963570508,552.9413292589383,83763000
2025-03-24,567.5736083984375,568.6314886589248,563.7375780431137,564.3307537296456,58766800
2025-03-25,568.93798828125,569.8771730865459,567.1880294433175,568.7797678649376,38355700
2025-03-26,562.1458740234375,569.7981425644431,560.7617168790538,568.6710483477373,51848300
2025-03-27,560.6528930664062,564.4296055114135,558.5371327368356,560.7517355574175,42164200
2025-03-28,549.3623046875,559.8521002775326,548.7790253468997,559.1204968505267,71662700
2025-03-31,553.0501098632812,554.3551567474991,540.6719872727307,543.5984615291653,95328200
2025-04-01,554.6121215820312,556.559825628618,547.4047657676659,551.1320571376683,54609600
2025-04-02,558.1219482421875,560.9890444564371,548.52197624234,548.7592465118332,76014500
2025-04-03,530.6173095703125,541.759539717793,530.6173095703125,538.931968079745,125986000
2025-04-04,499.5533447265625,519.9099817661254,499.3358369172059,517.7349036725598,217965100
2025-04-07,498.6635437011719,517.2405628900261,476.33944038650816,483.64569927250346,256611400
2025-04-08,490.8531188964844,519.0300819148135,483.6160734043612,515.9454474877983,165816600
2025-04-09,542.4021606445312,542.4021606445312,487.46196103833506,487.84755542038147,241867300
2025-04-10,518.6346435546875,527.4535310578508,503.5475844453038,526.1385878330984,162331200
2025-04-11,527.8884887695312,530.3502582115377,514.1756919605745,517.0823733080597,97866300
2025-04-14,533.0098266601562,538.111379094838,527.8094317224818,537.8839447885014,68034000
2025-04-15,531.5169067382812,537.0732068479572,530.7259857198238,533.5535570239268,56892900
2025-04-16,519.7022705078125,531.7936996877118,514.3931376127902,525.6540605978519,83484800
2025-04-17,520.44384765625,525.1499093262158,517.9721816819745,521.6599483491107,79868100
2025-04-21,508.0558776855469,515.7872559194974,502.69729269891565,515.2533374613439,69368100
2025-04-22,521.2743530273438,523.3011070538847,513.305704354498,514.2449494916972,75948100
2025-04-23,529.3516845703125,539.2482437222484,527.8291602174767,534.3049123051696,90590700
2025-04-24,540.4940185546875,541.2256220112762,529.3814182452572,530.6369834977514,64150400
2025-04-25,544.3993530273438,544.8046797538874,537.5281085692823,540.4545832242156,61119600
2025-04-28,544.6068115234375,547.2762226232229,538.8429303961163,545.1407299494361,47613800
2025-04-29,548.03759765625,549.1547955800734,542.3329728897722,542.6888783318544,47775100
2025-04-30,548.2550048828125,550.2126052496137,535.382610300473,541.3640295279456,93101500
2025-05-01,552.1405029296875,557.6770710508032,551.5374308999284,554.0189932525213,63186100
2025-05-02,560.3365478515625,561.9381825044319,556.006184429092,558.3295262045715,60717300
2025-05-05,557.1234130859375,560.2278400664005,555.3339293144951,556.194064255589,38659200
2025-05-06,552.466796875,556.9652171268149,550.64768441023,551.6066618961361,48264700
2025-05-07,554.7902221679688,557.4299447866338,549.7380905688717,553.8015556830171,55588000
2025-05-08,558.6558227539062,563.8463212534109,555.333918196641,558.8337754612519,65130800
2025-05-09,557.9439697265625,561.068128702691,556.381860066797,560.0596697605964,37603400
2025-05-12,576.382568359375,576.3924646775216,570.4999916854949,574.8797762427796,78993600
2025-05-13,580.18896484375,582.403567726764,576.2342995973956,576.7977862928067,67947200
2025-05-14,580.9304809570312,582.3046813078995,578.9036666864055,581.1479585868793,66283500
2025-05-15,583.7679443359375,584.2721134769878,578.4686469334371,578.9234551699535,71268100
2025-05-16,587.465576171875,587.7621640177526,582.6013544692614,584.5489982766968,76052100
2025-05-19,588.108154296875,588.7903364922698,581.4346564328234,581.4346564328234,68168500
2025-05-20,586.130859375,587.3172711404261,582.9176935296509,586.3681900028125,60614500
2025-05-21,576.2540893554688,585.8639582409971,575.2258980125081,581.7708648204313,95197700
2025-05-22,576.4815063476562,579.971467292194,574.8204937262445,576.0563267018498,70860400
2025-05-23,572.5465087890625,575.215919785119,569.0762805285291,569.4519785383726,76029000
2025-05-27,584.4501342773438,584.6082943415249,571.8742669840636,579.4276923460704,72588500
2025-05-28,581.06884765625,586.0517646206928,580.3372442209068,584.8554566278126,68445500
2025-05-29,583.3626098632812,586.4769332279744,579.4277368161022,586.3385054465637,69973300
2025-05-30,582.7100830078125,584.430352826958,576.6297607292682,582.2552747565533,90601200
2025-06-02,585.992431640625,586.0714814983527,578.4291102147669,581.0985213264464,61630500
2025-06-03,589.3341674804688,590.3129375391912,585.1421713516531,585.6266685650614,63606200
2025-06-04,589.176025390625,591.1731510484383,588.7410097129849,590.1943808596019,57314200
2025-06-05,586.3285522460938,592.2111289512687,584.3512195951713,590.8566609128592,92278700
2025-06-06,592.349609375,594.0204580272924,590.0954209877331,591.8750084630755,66588700
2025-06-09,592.8834228515625,594.4356362447949,591.7069074945726,592.9229477814916,53016400
2025-06-10,596.2449340820312,596.6304681071312,592.3001649023746,593.4173023897237,66247000
2025-06-11,594.5443725585938,598.2024500657004,592.4780937113569,597.3423151819753,73658200
2025-06-12,596.9072875976562,596.9072875976562,592.7252483956809,593.2096852350186,64129000
2025-06-13,590.2338256835938,595.0288334634262,588.731033484191,591.7168252456129,89506000
2025-06-16,595.8494873046875,597.599446226556,593.4173461203459,593.5953591830877,79984100
2025-06-17,590.7578125,594.9299553868199,589.9965201271316,593.4074309844862,82209400
2025-06-18,590.6688232421875,594.4059506456396,589.7097855095001,591.6574895866379,76605000
2025-06-20,589.2816162109375,594.4180406328666,587.8735160730708,593.3471074282096,94051400
2025-06-23,595.1021728515625,595.4888465716903,586.9116378864132,590.0351069773628,87426000
2025-06-24,601.676513671875,602.7374608387837,598.3348024442159,599.2471080685161,67735300
2025-06-25,602.0135498046875,603.4910078317407,600.4468221319722,602.7968833801484,62114800
2025-06-26,606.7236328125,607.1599344481853,603.2530708764845,603.8678512919777,78548400
2025-06-27,609.7380981445312,611.2056913389495,605.692457719191,607.7252035075089,86258400
2025-06-30,612.6533203125,614.0117925800773,609.8669572755672,612.1873024714439,92502500
2025-07-01,612.455078125,613.625146088841,610.3429883405835,611.1758893553448,70030100
2025-07-02,615.2315063476562,615.2711481262035,611.4237773441516,612.0484833566157,66510400
2025-07-03,620.0803833007812,621.0124795190609,617.194824993195,617.214676143094,51065800
2025-07-07,615.4595336914062,618.7813935886118,612.6731706581298,618.1169852960921,74814500
2025-07-08,615.1224365234375,616.8775081543645,614.3093261623386,616.1238907210633,59024600
2025-07-09,618.8110961914062,619.4655183729625,615.6875662931247,617.5319680301938,66113300
2025-07-10,620.5563354492188,621.5974919629854,617.7699723301522,618.9499658515675,57529000
2025-07-11,618.3748168945312,619.6043777491163,616.3024294765994,617.5022136064131,63670200
2025-07-14,619.5548095703125,619.9018415613931,616.5701165685465,617.9186632768227,51898500
2025-07-15,616.9072875976562,622.5791484786782,616.8279435196437,622.2420420602726,74317300
2025-07-16,618.9697265625,619.4754466932056,612.8516386863737,618.4937831556223,88987500
2025-07-17,622.7576293945312,623.1146474859103,618.9301097920578,619.1482908768893,68885700
2025-07-18,622.301513671875,624.175571102461,621.1909387049365,624.007017899032,65621600
2025-07-21,623.4815063476562,626.2281670376054,623.0551302914085,623.4815063476562,63375000
2025-07-22,623.5706787109375,624.4333563471947,620.9231528797274,623.8086504006922,60046300
2025-07-23,628.8757934570312,628.8757934570312,624.4334327911965,626.2381323551606,70511000
2025-07-24,629.083984375,630.7994747941685,628.6576082944551,629.2624631630094,71307100
2025-07-25,631.741455078125,632.2174590489252,629.5005143245561,629.7484116245431,56865400
2025-07-28,631.582763671875,632.6734874729789,630.1945147233831,632.1181999979412,54917100
2025-07-29,629.9169311523438,633.2982235137306,629.0046860832861,632.9809077241022,60556300
2025-07-30,629.1236572265625,632.3165451544952,626.2281734095909,630.5713386132512,80418900
2025-07-31,626.763671875,634.4682782312485,625.4646925404661,634.0816044685715,103385200
2025-08-01,616.4907836914062,621.0719812920488,614.0812292944926,621.0322789916852,140103600
2025-08-04,625.8612670898438,625.9108344398344,620.3183179857707,620.4075271113948,73218000
2025-08-05,622.6881713867188,627.2891592865192,621.7660007962415,626.4760489706393,68051400
2025-08-06,627.4578247070312,628.1122469303318,622.8469108529321,623.7591559441935,64357500
2025-08-07,626.9322509765625,631.62244837055,623.8186464662513,630.8886820702932,74205800
2025-08-08,631.82080078125,632.2868791777582,628.4097315038053,628.727047311219,64051600
2025-08-11,630.5712890625,633.5758329217508,629.3218771812983,632.0983749269875,58742300
2025-08-12,637.284423828125,637.4430514601922,631.4340237207567,632.9214074238032,64730800
2025-08-13,639.4659423828125,640.7549961752953,637.2745085703324,639.4857330110176,60092800
2025-08-14,639.5254516601562,640.1897994624859,636.9374184340268,637.3835851461316,59327500
2025-08-15,638.0281372070312,640.6558727131268,637.11589211782,640.5566774831647,68592500
2025-08-18,637.8892822265625,638.5834067295413,636.7787072305159,637.4529805837014,43804900
2025-08-19,634.4286499023438,638.6924711313014,633.1098193903536,637.7108075589789,69750700
2025-08-20,632.7429809570312,634.2799321395609,627.626407225106,634.0221697813646,88890300
2025-08-21,630.2044677734375,632.604096553562,628.4791123479844,630.9283690027011,54805800
2025-08-22,639.88232421875,641.0623176031913,631.8901189367884,632.3958390332336,84083200
2025-08-25,637.0662231445312,639.8625116828326,636.9472372936925,638.6230253017661,51274300
2025-08-26,639.733642578125,640.0807351008626,636.1738713484165,636.7985773675441,51581600
2025-08-27,641.1912841796875,641.9250504526357,638.9998504138363,639.148612992103,48341100
2025-08-28,643.4620361328125,644.0173236548059,639.9121904309055,641.7961735668325,61519500
2025-08-29,639.6245727539062,642.3911452321481,637.7306640961879,642.0242015644989,74522200
2025-09-02,634.884765625,635.1028861742022,629.5797276837342,632.13804448044,81983500
2025-09-03,638.3255615234375,638.7916398746721,635.0731807265284,637.2645539172183,70820900
2025-09-04,643.6603393554688,643.6901160802078,638.0975387911232,638.9998582812316,65219200
2025-09-05,641.7960815429688,646.7243105506017,637.918995020256,646.0004093954814,85178900
2025-09-08,643.372802734375,644.3743174556171,641.7862237872296,643.1645472258064,63133100
2025-09-09,644.8601684570312,645.3856792185645,641.7762803015634,643.5115612591451,66133900
2025-09-10,646.724365234375,649.0446498954948,645.1576374702139,648.122479271532,78034500
2025-09-11,652.0987548828125,652.7928793680376,648.0927566439484,648.6777603299006,69934400
2025-09-12,651.8805541992188,653.5662677492645,651.3748946038203,652.0689585463732,72780100
2025-09-15,655.3511352539062,655.4800466805781,653.7943936028013,654.0918582328915,63772400
2025-09-16,654.4488525390625,656.213910313041,653.6655188822047,655.9064595692537,61169000
2025-09-17,653.6357421875,656.1543568928759,648.7967821934204,654.4587781451693,101952200
2025-09-18,656.6898193359375,659.2977035594738,654.7165666735059,656.3229362038169,90459200
2025-09-19,659.9423217773438,660.7874850308027,656.6311583459587,658.5800832029405,97945600
2025-09-22,663.0645751953125,663.5119788762895,658.4209716621773,658.4508309420254,69452200
2025-09-23,659.4551391601562,663.5617612775759,658.2320617574377,662.9452156846509,81708900
2025-09-24,657.3569946289062,660.8471316064555,655.9350982101993,660.7477220570149,68082200
2025-09-25,654.3242797851562,655.6765652531099,650.7048739536411,654.2149171420698,89622100
2025-09-26,658.072998046875,658.619871988132,654.1553026157394,655.7760789419195,69179200
2025-09-29,659.9224243164062,661.5134019828115,658.112721358766,660.5985670660314,73499000
2025-09-30,662.4082641601562,662.8756347075731,657.8641309647478,659.1766647693167,86288000
2025-10-01,664.6654052734375,665.5801794564833,659.3059076216911,659.4152702620313,72545400
2025-10-02,665.4309692382812,666.7733621981591,663.004842335434,666.6540464714482,56896000
2025-10-03,665.421142578125,668.8714672806448,664.377038831869,666.1966948783695,70494400
2025-10-06,667.8074951171875,668.7024238148077,665.669704301124,667.8174482099862,54623300
2025-10-07,665.3316040039062,669.1796881705657,663.8898014056139,668.7322238208072,72020100
2025-10-08,669.2990112304688,669.398481470165,665.6299006256374,666.4552183740389,60702200
2025-10-09,667.3600463867188,670.1243359074817,665.4211353124821,669.7166839203261,66501900
2025-10-10,649.32275390625,670.1342452495495,649.14378031214,668.324542434099,159422600
2025-10-13,659.2860107421875,661.3642043859337,656.0345659370097,656.9095884512618,79560500
2025-10-14,658.4805908203125,662.0602448848334,649.4718888267987,653.4492417720955,88779600
2025-10-15,661.4039306640625,666.4352795829697,655.1992699391986,663.0446129876665,81702600
2025-10-16,656.8995971679688,664.9239136533134,653.3895542222015,663.0445999065358,110563300
2025-10-17,660.62841796875,661.9906565438909,654.4138037793879,655.7660892614911,96500900
2025-10-20,667.499267578125,668.4041493887289,663.4921159142255,663.5418206897375,60493400
2025-10-21,667.4893188476562,669.1797060532549,666.1867381348511,667.638493864759,56249000
2025-10-22,664.0191040039062,668.1953369980629,659.5445816579371,668.1953369980629,80564000
2025-10-23,667.9566650390625,668.9012985038863,664.019063764971,664.3372592841532,65604500
2025-10-24,673.4155883789062,674.628651928334,671.8246714345047,672.6300829996666,74356500
2025-10-27,681.3603515625,681.658640907831,678.2580209918731,678.8645527756448,63339800
2025-10-28,683.1700439453125,685.0095454543999,680.9526890414517,683.1600908523567,61738100
2025-10-29,683.4982299804688,685.795149064121,679.0038013689816,684.8206562449755,85657100
2025-10-30,675.9810180664062,682.0564104652303,675.9810180664062,680.0279821977349,76335800
2025-10-31,678.1983032226562,681.2012239761448,675.3942622450203,681.1614116072222,87164100
2025-11-03,679.4711303710938,681.9171636388411,676.0903560257897,681.7878948104295,57315000
2025-11-04,671.4169921875,676.1103005794487,670.7607556049009,672.2820616639051,78427000
2025-11-05,673.7437133789062,677.0051112074705,670.3529860359731,671.1583975728993,74402400
2025-11-06,666.514892578125,673.5448715272548,664.9338680034818,672.6399897028363,85035300
2025-11-07,667.1710815429688,667.2805048704689,657.4663915648358,664.1284090392404,100592400
2025-11-10,677.5818481445312,678.3176487268574,671.2081667723378,673.4056154266486,75842900
2025-11-11,679.1329956054688,679.6997756663966,674.8871520395073,676.1002762110339,58953400
2025-11-12,679.5109252929688,681.0819968300743,677.0946904605516,680.9129156193362,62312500
2025-11-13,668.235107421875,677.0051787486752,666.7237544337754,676.6472315164618,103457800
2025-11-14,668.1256713867188,671.8345335183507,659.5147291242073,661.612768198211,96846700
2025-11-17,661.901123046875,669.8956413839408,658.4209391867944,665.9083353081996,90456100
2025-11-18,656.3427734375,661.354216097308,652.146634691611,658.3512953245886,114467500
2025-11-19,658.8783569335938,663.5617119214406,655.0203196831769,657.0388554539629,94703000
2025-11-20,648.8355712890625,671.7351497651099,648.1991802397498,669.1001291109939,165293500
2025-11-21,655.2987670898438,660.7874729698119,647.1650267848305,651.3412595795126,123956200
2025-11-24,664.9437866210938,666.2662734630499,657.8442577670318,658.9380055466532,80437900
2025-11-25,671.1982421875,672.3815071629971,660.717877921785,664.8444060411854,81077100
2025-11-26,675.8318481445312,677.8404309302599,672.8885849296569,673.7934667684052,71879600
2025-11-28,679.5208129882812,679.7991961322198,676.6471609574353,677.0051081523229,49212000
2025-12-01,676.41845703125,679.1230277654502,674.8970904760725,674.9667014318244,61201200
2025-12-02,677.67138671875,679.9483994968172,675.4838303983408,678.0591325179204,62953800
2025-12-03,680.0180053710938,681.0321891246488,675.8417725523884,676.7167950740063,57238500
2025-12-04,680.51513671875,681.4895687361658,677.4824173401821,681.4199577792665,61970300
2025-12-05,681.8078002929688,684.4925257185774,680.7040993957534,681.5890143183475,79241000
2025-12-08,679.7594604492188,682.7524282821314,677.7111260885928,682.7027235077143,55231500
2025-12-09,679.1727905273438,681.5095218770947,678.7253868572307,679.2822138612034,58310100
2025-12-10,683.6771850585938,685.0692222502689,677.4526176554032,678.6955405173951,85671300
2025-12-11,685.26806640625,685.3476304583654,678.3076987410943,681.2609148661827,86173700
2025-12-12,677.9000854492188,684.9797692517327,675.3247225627367,684.2737672143002,113160300
2025-12-15,676.8758544921875,681.8774049984522,675.4042533093998,681.8574988128718,90811000
2025-12-16,675.0264282226562,677.2239376857725,671.1584377196804,675.3843754405706,122030600
2025-12-17,667.5986938476562,676.5874893555698,667.3998140691156,676.0406154817738,110625200
2025-12-18,672.6399536132812,676.8857972779194,671.0788959983324,673.7635606688432,108650100
2025-12-19,678.7363891601562,679.2350273728672,674.6275542880097,674.747283458469,103599500
2025-12-22,682.96484375,683.4933686131409,678.7364013691785,682.0772531068674,69556700
2025-12-23,686.0863037109375,686.325640311278,682.0074163952171,682.0572680421344,64840000
2025-12-24,688.4996948242188,688.9484813838191,685.9267046355759,686.0763204450832,39445600
2025-12-26,688.4298706054688,689.7761694005526,687.392725060237,688.758988861415,41613300
2025-12-29,685.9765625,687.322922191004,684.2014421207446,685.6674092439482,62559500
2025-12-30,685.138916015625,686.6846823672308,684.7100944386586,685.5777200962995,47160700
2025-12-31,680.062744140625,685.4879304984822,679.8533550408816,685.2685588951464,74144800
2026-01-02,681.309326171875,684.999261161205,677.9684744567207,683.842447277036,89377200
2026-01-05,685.846923828125,687.5522884526621,684.5106074856512,684.6701449336617,71927200
2026-01-06,689.92578125,690.4344019511112,685.9067890249802,686.0563439630641,69273800
2026-01-07,687.701904296875,692.0699799720542,687.4426026835383,690.3047811958188,75588300
2026-01-08,687.632080078125,688.7390423054183,685.6175622141362,686.9439569075789,64019200
2026-01-09,692.1796264648438,693.4162394407576,687.3029303433501,688.7489932725086,80125500
2026-01-12,693.2666625976562,694.1941832506386,688.7490319805348,688.7988836287034,63976000
2026-01-13,691.8804931640625,694.194181802135,689.467040360938,693.595779418591,78309700
2026-01-14,688.479736328125,689.8360176539858,684.1714948792828,689.1180078469732,94676700
2026-01-15,690.3546142578125,693.5558934557131,689.3673203481677,692.678285342935,77862000
2026-01-16,689.7761840820312,692.359156800422,688.22043529661,691.7707369284135,79289200
2026-01-20,675.7345581054688,682.9049778344743,674.7272992054969,679.6338820353151,111623300
2026-01-21,683.5332641601562,686.8641332264262,676.2830453044572,677.7989248999835,127844500
2026-01-22,687.103515625,689.2476843606095,685.0491285530771,687.9711412752974,77112200
2026-01-23,687.352783203125,689.0781127396581,685.2884137823622,686.2757685331861,63059600
2026-01-26,690.84326171875,692.2394730275811,688.0409174669724,688.609372319757,60473800
2026-01-27,693.5957641601562,694.6329705879123,691.6810104865692,692.2893344912051,55506100
2026-01-28,693.5259399414062,695.9393926651097,692.0499903412962,695.1515053497095,61172200
2026-01-29,692.1497192382812,695.1615135683285,682.9648421722587,694.4933553961189,97486200
2026-01-30,690.0853271484375,692.3192774332931,685.2485609149509,689.9058246991844,101835100
2026-02-02,693.5159912109375,695.0318708971434,687.5423149981101,687.7019133171445,79286500
2026-02-03,687.6520385742188,695.0617950648859,682.1670182684101,694.3138377504575,107904600
2026-02-04,684.3211059570312,689.5667896413613,679.9031787408285,688.4697490630058,105204600
2026-02-05,675.7744750976562,681.8279505601881,673.9494421186707,679.0854402743204,113610800
2026-02-06,688.739013671875,690.4244132010324,678.995603890688,679.6039887472712,89127600
2026-02-09,692.0599975585938,693.9747512796714,686.4652913399738,687.5423060693106,73885200
2026-02-10,690.2349243164062,694.64286887948,689.7761552680904,693.0572335194393,65185700
2026-02-11,690.075439453125,695.2413241987686,687.3029816841566,694.4933668556342,76353900
2026-02-12,679.41455078125,693.4561594586687,678.5169776231163,692.3491972008484,118829000
2026-02-13,679.8931884765625,684.410879804094,675.6747287653898,679.833354327075,96267500
2026-02-17,680.9901733398438,683.074507822494,673.9394826742099,678.287593220413,81354700
2026-02-18,684.4208374023438,687.2730943282486,680.9702998190471,682.157061237011,73570300
2026-02-19,682.61572265625,684.311104689823,679.6937101433548,681.9775120282383,58649400
2026-02-20,687.5523071289062,688.1805961724377,679.8732661615737,680.4616860592505,100034000
2026-02-23,680.531494140625,688.1207533479937,678.5169762252317,685.9566804858357,90558100
2026-02-24,685.4779052734375,686.4751816677359,678.1479481229125,680.0427976196477,73798700
2026-02-25,691.26220703125,691.7907319065998,688.2204651135966,688.3002642742074,56369500
2026-02-26,687.422607421875,691.4117130049051,682.486077089091,691.391808867856,71671000
2026-02-27,684.1216430664062,684.9892686841309,679.7835149777827,681.2295779636313,83308900
2026-03-02,684.5106201171875,686.744509644098,676.1734035367807,676.8515442239554,87477200
2026-03-03,678.4771118164062,680.7508704958498,667.8361281509542,673.221445388408,105003100
2026-03-04,683.2639770507812,685.2186606854194,677.7689744100875,679.7735096903759,79182200
2026-03-05,679.4544067382812,683.6629449535216,673.7699188745959,680.2223290726917,106606500
2026-03-06,670.5487060546875,674.2685275228549,667.9358467743081,671.5758690877306,100687000
2026-03-09,676.4227294921875,678.0681991431876,660.5859743093405,664.5750801817165,102667700
2026-03-10,675.3356323242188,681.4987932365287,672.9222404542279,675.87413967305,81505300
2026-03-11,674.4879760742188,678.2277626375325,671.5061293267642,675.7345715953234,68441700
2026-03-12,664.2459106445312,669.8207124533001,664.0564256954588,669.3319958917509,108882200
2026-03-13,660.4862060546875,670.5088831921612,659.5587462493693,667.4472371497842,97200200
2026-03-16,667.2078857421875,670.239584206393,665.3030536555561,666.5596317087426,82023100
2026-03-17,668.9630126953125,672.60309589337,667.8760155087483,670.5586914524959,87128000
2026-03-18,659.6285400390625,667.8959397089973,659.3892034355257,666.5396583763402,82062600
2026-03-19,658.0029907226562,661.1743225351036,653.3855958813168,655.1806813207687,111272500
2026-03-20,648.5700073242188,656.6900024414062,644.719970703125,656.510009765625,163617500
2026-03-23,655.3800048828125,662.6199951171875,653.9400024414062,658.0700073242188,134802700
2026-03-24,653.1799926757812,657.030029296875,649.8800048828125,651.3200073242188,96457500
2026-03-25,656.8200073242188,660.8900146484375,654.239990234375,658.6699829101562,90653800
2026-03-26,645.0900268554688,654.8499755859375,644.8200073242188,652.0599975585938,96494400
2026-03-27,634.0900268554688,642.6599731445312,633.1099853515625,642.5,103649400
2026-03-30,631.969970703125,640.3699951171875,629.280029296875,640.1099853515625,99275900
2026-03-31,650.3400268554688,651.5399780273438,637.97998046875,638.9400024414062,152197200
