Date,Close,High,Low,Open,Volume
2016-04-04,72.55699157714844,73.004467423747,72.27731383864908,72.68750595844804,6905800
2016-04-05,71.7552719116211,72.22139683544609,71.39169504003775,71.91375267872114,6012000
2016-04-06,72.9112548828125,72.9765120833085,71.78323349566648,71.85781518551947,6220400
2016-04-07,72.3239517211914,72.69685311798524,71.96037481525562,72.4451416523358,7542100
2016-04-08,72.74343872070312,73.29346971020209,72.53834266063572,72.79005404799129,5327500
2016-04-11,72.54768371582031,73.44264272662626,72.50106837788691,73.05109949299278,5957200
2016-04-12,73.20024108886719,73.2282145535173,72.3891884265275,72.45444561904334,5962900
2016-04-13,74.30962371826172,74.5147197929798,73.56382821587879,73.67569362936075,9187300
2016-04-14,74.88761901855469,75.20458049794325,73.93672035538769,74.35623698178513,11470300
2016-04-15,74.65457153320312,75.22324452470559,74.48676627157123,74.81305230460491,7186700
2016-04-18,75.93175506591797,76.02498575028584,74.42151470919418,74.76644263634586,7761200
2016-04-19,75.2791519165039,76.19275961415453,74.92489964445554,75.97833908600704,8324700
2016-04-20,75.65205383300781,76.10885412963049,75.09270551494949,75.40034246675673,8521300
2016-04-21,75.31645965576172,76.13683689159731,75.2139116122196,75.9783561379418,9536900
2016-04-22,73.75025939941406,73.98332177721211,72.04424108693252,72.71546187299079,18216000
2016-04-25,72.84597778320312,73.49854960990211,72.54765821778366,73.35871787025195,11184600
2016-04-26,73.20956420898438,73.36804494320403,72.81802106120625,73.13498252964557,6071800
2016-04-27,73.42398071289062,73.64771862607743,72.87394974870219,73.09769477438903,6319400
2016-04-28,72.41712951660156,73.89940256345524,72.34254786188616,73.04173487172237,8322600
2016-04-29,72.00698852539062,72.72482501354521,71.65273608334877,72.26801738926389,8092700
2016-05-02,73.14430236816406,73.1536268556138,71.93238216219777,72.53833870893094,7636800
2016-05-03,71.96033477783203,73.05106488877698,71.71794793790029,72.18407264642363,7666300
2016-05-04,71.8485107421875,72.13750598037187,71.17728957124008,71.37306122734918,8854000
2016-05-05,72.11882781982422,72.43578926189049,71.79254189049134,71.91373177495788,6002300
2016-05-06,72.45442962646484,72.52901129073528,71.57811285253469,71.99762937968164,6172600
2016-05-09,72.92057037353516,73.05108475842127,72.32393115334135,72.42647918610909,9242300
2016-05-10,73.83416748046875,73.95536448376068,73.09769653546488,73.10701391071795,6802600
2016-05-11,72.1905288696289,74.08634620076172,72.18118786735468,73.90890278303696,8432500
2016-05-12,72.74152374267578,73.02169679805286,71.97572546642147,72.65747610112072,7512800
2016-05-13,71.75157165527344,73.10572442700582,71.75157165527344,72.57340146758956,7562700
2016-05-16,72.657470703125,72.90027973297605,71.87299048140923,71.92902223828312,8597900
2016-05-17,71.71422576904297,72.76953085022352,71.46206862458389,72.44266707508758,7169900
2016-05-18,72.3119125366211,72.73216489145493,71.34999620770738,71.63950306881091,6288500
2016-05-19,71.79827117919922,72.14381694513594,71.18190052588277,71.78893730383832,5552200
2016-05-20,72.53607940673828,72.88162529626447,72.07846997203471,72.22789040730397,6302100
2016-05-23,72.10649108886719,72.83493268575367,72.04111830773888,72.62013945851727,5934300
2016-05-24,74.13301849365234,74.24508911773229,72.52671563241165,72.52671563241165,7582300
2016-05-25,73.83418273925781,74.40386270291296,73.7314530982645,74.2451013032311,5846700
2016-05-26,73.77815246582031,74.15171415648936,73.65674794451893,74.15171415648936,4284000
2016-05-27,74.39451599121094,74.39451599121094,73.62871075407763,73.62871075407763,4374600
2016-05-31,73.72213745117188,74.5906655510879,73.55403500844302,74.5813245472979,8639600
2016-06-01,73.98358154296875,74.07697014622943,73.3765449341338,73.48861553310283,4507000
2016-06-02,74.66532897949219,74.66532897949219,73.71275377224316,74.0302764662948,5627500
2016-06-03,74.656005859375,74.89881485153104,73.92756463271661,74.2917852460458,7628000
2016-06-06,75.21636962890625,75.5525744795026,74.87082377548847,74.98289443405308,7620100
2016-06-07,75.27237701416016,75.64593862994435,75.21634526557584,75.3657656368324,5515700
2016-06-08,76.25296783447266,76.30899957752347,75.15096509554168,75.2723695805166,8860900
2016-06-09,75.88873291015625,76.15022382842632,75.62724199188618,75.86071704392633,6670900
2016-06-10,74.88014221191406,75.41246521075085,74.56261233755606,75.41246521075085,7859900
2016-06-13,73.21781158447266,74.88015358328154,73.19912958162287,73.77815054332673,10424600
2016-06-14,73.37654876708984,73.54465111177767,72.80686899481965,72.95629646791731,7891700
2016-06-15,73.00302124023438,73.62873304404845,72.89095770826613,73.37658297202248,7424000
2016-06-16,73.17109680175781,73.3298581638289,72.04107814363071,72.74150346169175,9650800
2016-06-17,71.90099334716797,73.15242364993836,71.75157298084767,73.14308265045116,14602200
2016-06-20,72.22785949707031,73.1991168485105,72.2091846225655,73.12441022539602,9957500
2016-06-21,72.21851348876953,72.85356599166477,72.05041114608862,72.66678165252264,9201000
2016-06-22,71.47140502929688,72.6201057938731,71.47140502929688,72.45200341674231,9626700
2016-06-23,73.05904388427734,73.06837775980074,71.7889385537052,72.62010948141987,13566200
2016-06-24,70.0892562866211,71.01381606244279,69.5289101193619,69.85578109196226,18375000
2016-06-27,68.4922866821289,69.65032889601062,68.40823902351235,69.27676712137452,16318400
2016-06-28,70.19198608398438,70.50950892931462,69.56626714596139,70.07991542528679,14815200
2016-06-29,71.66748809814453,71.6861700892628,70.70557218322095,70.95772918767375,12178100
2016-06-30,69.26738739013672,72.04107257528425,68.92184881999535,71.90098609748092,24877300
2016-07-01,69.5569076538086,70.92040143624887,69.20202092783579,69.57558252749907,13821400
2016-07-05,69.73435974121094,70.01453278591099,68.9498866162052,69.34212317870806,11081000
2016-07-06,69.1646728515625,69.80906651480674,68.94987971387827,69.22071172995055,11263800
2016-07-07,69.58492279052734,70.31336398335999,69.36078155804437,69.40747942941869,8806700
2016-07-08,71.3686752319336,71.49008685823983,69.8464199663557,70.32271122126723,10975000
2016-07-11,71.46206665039062,72.08778543133164,71.34066214443571,71.732898663763,8185900
2016-07-12,72.3586196899414,72.44266732164989,71.49009187014077,71.61149637986277,10245500
2016-07-13,72.33991241455078,72.63876020915278,72.09709635484496,72.54537160929468,6559200
2016-07-14,72.9749984741211,73.34856017067425,72.55474601868426,72.90028470979111,6607400
2016-07-15,73.12440490722656,73.54465724142541,72.89092980487283,73.45126862550285,8153400
2016-07-18,73.13375091552734,73.49797156562269,73.05904428545085,73.1711077931135,4864200
2016-07-19,73.51667022705078,73.67543164894806,72.49871467615573,72.6107853343113,9395500
2016-07-20,74.11434936523438,74.47857001536454,73.54466945090856,73.54466945090856,7922100
2016-07-21,73.58201599121094,74.45988467850145,73.21779539224889,74.18905269784598,9018000
2016-07-22,74.62800598144531,74.78676738536828,73.15244121239307,74.69337874336046,12532400
2016-07-25,73.72213745117188,74.87083153890383,73.52601912217126,74.87083153890383,7979900
2016-07-26,73.3018569946289,73.83418005812938,72.78821593341054,73.75947342428961,9673200
2016-07-27,73.3392105102539,73.5820266531105,72.40530994167796,73.27383775545744,10194400
2016-07-28,73.95559692382812,74.7120541924962,73.3579010602959,73.48864658512503,8709700
2016-07-29,72.89094543457031,74.10501195208006,72.84424755404847,74.00228231500897,7777700
2016-08-01,73.08705139160156,73.33920137867929,72.59208529190063,73.13374213915928,8908800
2016-08-02,73.10575103759766,73.283194463691,72.61078477017666,72.90963273117221,7910000
2016-08-03,73.50733947753906,73.50733947753906,73.04038902440381,73.1057618028388,7272700
2016-08-04,74.2264175415039,74.38517892218427,73.54466701697118,73.61938076967803,5954400
2016-08-05,74.84278106689453,74.93616968634385,74.39451284349983,74.45988558962384,6662500
2016-08-08,74.66532897949219,75.0295495403604,74.52524962923064,74.92682705853332,5119700
2016-08-09,74.76806640625,75.16031000328859,74.66533678858453,74.67467778794362,4455700
2016-08-10,74.41316223144531,74.91746915386453,74.25440092024644,74.68399412265707,5945500
2016-08-11,74.8241195678711,74.97353996067994,74.56262141153722,74.71204892944229,6577700
2016-08-12,74.73070526123047,74.7867441290862,74.3851666807433,74.52525316274095,4420400
2016-08-15,75.56187438964844,75.78600845978976,74.73069659289938,74.83342619277532,6290300
2016-08-16,75.468505859375,75.56190162026053,74.9175079206506,75.10428519222927,6182600
2016-08-17,75.62755584716797,75.64627027444723,75.21593123403963,75.50594061970367,4655400
2016-08-18,75.09431457519531,75.39368119724652,74.75753337066807,74.8510841017847,7453900
2016-08-19,75.28140258789062,75.28140258789062,74.59846887631899,74.8510636324671,8480900
2016-08-22,75.83335876464844,75.85207318872993,74.80428670147333,75.15978224694503,7954500
2016-08-23,75.59014129638672,76.48824109464051,75.59014129638672,76.12338827464562,10007800
2016-08-24,75.1130142211914,75.75852627254302,75.01946350848613,75.59013213468877,5028000
2016-08-25,75.14106750488281,75.32816890236458,74.8417009864355,75.11300300900662,5773700
2016-08-26,75.37495422363281,75.90820110296252,75.00074425941902,75.42173314570756,7932200
2016-08-29,75.6556167602539,75.76787475816059,75.34689299108709,75.34689299108709,4766700
2016-08-30,75.93626403808594,75.95497846151517,75.51528229792464,75.77722712624379,4128700
2016-08-31,75.68368530273438,75.96433744995517,75.5059339466044,75.73045709187346,7386100
2016-09-01,76.05786895751953,76.2917492345876,75.74914527879938,75.90818215421535,6240600
2016-09-02,76.71276092529297,76.85309057399026,76.24500018794362,76.31048640567403,6408900
2016-09-06,77.20860290527344,77.20860290527344,76.53502615545135,76.71277755817216,8140400
2016-09-07,77.87281036376953,77.89152479139801,77.04955398468832,77.16181913807056,9304700
2016-09-08,77.62022399902344,78.23766450937755,77.26472124271795,77.66699579395738,7961100
2016-09-09,76.08596801757812,77.47053588990654,76.08596801757812,77.08697577272768,11563000
2016-09-12,77.62022399902344,77.76990373526023,75.94563957118784,76.09531930742463,9882700
2016-09-13,76.60981750488281,77.12435693260714,76.35722996420122,77.0962924433602,8834300
2016-09-14,76.23564910888672,76.91858298085141,76.1982273903922,76.20758460438158,10999500
2016-09-15,76.72210693359375,76.83436492618684,75.95497972187496,76.17014563265265,10580300
2016-09-16,76.77824401855469,76.95599537550187,76.17015365725412,76.46952023147657,11702000
2016-09-19,77.18985748291016,77.68568258508984,76.92791268458583,77.11501407268594,8361700
2016-09-20,77.16178131103516,77.86342211641725,77.01209451323982,77.6201846387295,6473300
2016-09-21,77.85407257080078,77.88213706378511,76.96532318068996,77.57341336603736,7536200
2016-09-22,77.98506164550781,78.38733611841079,77.83537480095713,78.04119064348353,6599400
2016-09-23,77.21793365478516,78.06925437808155,77.19921923066876,77.95699638322928,8283700
2016-09-26,76.53496551513672,76.95595421894902,76.42270757075342,76.85304634495878,8486800
2016-09-27,76.86241149902344,77.06822013082255,76.24496419124893,76.51626614732024,7969500
2016-09-28,77.62022399902344,77.65764571744837,76.65663794633582,77.06826257408423,7974300
2016-09-29,76.63790893554688,77.70440272660235,76.51629372690428,77.38632888670865,5885400
2016-09-30,77.36762237548828,77.68570338537694,76.41339362074702,76.8624470648656,9776800
2016-10-03,77.51729583740234,77.75117616345354,76.99340619103525,77.1056641795647,8155400
2016-10-04,77.39571380615234,78.14412688778037,77.25538412288952,77.91024646149708,5772000
2016-10-05,77.97570037841797,78.06925108266647,77.5547186405691,77.61084763562596,6163400
2016-10-06,77.98506164550781,78.09732677892083,77.53600824931736,77.76053851614338,7687100
2016-10-07,77.53601837158203,78.30314570639815,77.31149521290628,78.10668705037406,8238100
2016-10-10,77.76053619384766,78.15345344286645,77.59214206748797,77.76988626825664,7371500
2016-10-11,76.75017547607422,77.45181651659938,76.3104792820179,77.34890859299207,6227400
2016-10-12,76.94661712646484,77.21791912541204,76.54434273319282,76.56305001632772,3923600
2016-10-13,76.59112548828125,76.83435586853388,75.88012735667535,76.38530967617476,6810900
2016-10-14,77.13372039794922,77.8260112277293,76.75016041587247,76.75016041587247,6698100
2016-10-17,76.85307312011719,77.35825545821952,76.75016521027445,77.25534754837678,8473700
2016-10-18,76.31980895996094,77.05887144583954,76.10463597801281,76.24496556298253,11680400
2016-10-19,77.47052001953125,77.52665615350509,76.38531897467642,76.38531897467642,8440900
2016-10-20,77.18051147460938,77.74182285784151,76.87178771572017,77.69505107275803,6945200
2016-10-21,77.0401611328125,77.21791242574258,76.31981302652562,76.73143745692117,8043200
2016-10-24,77.80730438232422,78.2002216131839,77.37696544317394,77.90085508432018,16267000
2016-10-25,76.74081420898438,77.80730796323573,76.4320904544744,77.80730796323573,15085900
2016-10-26,76.47886657714844,76.95598444052251,76.16079275987313,76.35725137715396,8748400
2016-10-27,76.63790893554688,76.96533998763203,76.34789959476596,76.67533064685112,7039200
2016-10-28,76.91857147216797,77.98506530857065,76.81566354607105,77.19922361269072,10919600
2016-10-31,77.18985748291016,77.55471018592768,77.04952787310485,77.12437128332908,10024000
2016-11-01,76.35725402832031,77.35826157253213,76.08595198433338,77.3114826507387,10881500
2016-11-02,75.3843002319336,76.13271291167077,75.32816410629455,75.67430952080397,9170900
2016-11-03,75.44979858398438,75.8988448366664,75.34689066410694,75.54334929183801,7563100
2016-11-04,75.17849731445312,76.00175354454687,75.15043281555221,75.44979936626461,7588100
2016-11-07,77.18985748291016,77.20856476673599,76.19820014109035,76.37595145600777,7277900
2016-11-08,77.53601837158203,77.79797038374335,76.85309168218339,77.07761484085914,7152000
2016-11-09,77.87281036376953,77.92894650919209,75.98306000867699,76.53501428684825,12158500
2016-11-10,76.59112548828125,78.5463614283718,76.17013665330147,77.92892112951287,17171600
2016-11-11,76.6004867553711,77.3021277787424,76.26369849315594,76.32918470317213,7368000
2016-11-14,73.32614135742188,76.91854609823645,72.31578399239051,76.7314375954828,21773500
2016-11-15,73.50391387939453,74.41137075181918,72.78356556376251,73.18584003903956,18523400
2016-11-16,75.07418823242188,75.17731268719695,73.83670192760086,73.86482547845226,9997700
2016-11-17,76.0022964477539,76.12416754469307,75.16793111279635,75.29917911026297,8081800
2016-11-18,75.7679443359375,76.40543784578068,75.49607136751365,76.0773177640558,7920800
2016-11-21,76.58355712890625,76.66792779212398,75.84293920213398,76.15231260556052,8942100
2016-11-22,74.93357849121094,76.58356294906643,74.30546188680776,76.58356294906643,18133900
2016-11-23,74.59608459472656,74.98982870758864,74.01483817634805,74.98045895667404,12802600
2016-11-25,75.12108612060547,75.34608891530638,74.75546551981961,74.98983806660452,6495700
2016-11-28,74.1366958618164,75.00856167086775,74.10857231192438,74.68044166799459,11793100
2016-11-29,74.20233917236328,74.60546018150742,74.01483687015583,74.17421561515253,8575200
2016-11-30,72.48675537109375,74.48360729115325,72.44925489786696,74.48360729115325,15353900
2016-12-01,70.71490478515625,72.7680111552576,70.54615621840156,72.72113377185954,21053000
2016-12-02,70.98673248291016,71.48360095828902,70.47111020516986,70.68673601744669,13629600
2016-12-05,72.47736358642578,72.74923659714656,71.76487619882901,71.83986997740384,12119200
2016-12-06,72.28984832763672,73.09609023130548,71.91485092901489,73.06796667809293,13896600
2016-12-07,74.3523178100586,74.5210662693742,72.4210910053755,72.43983765530837,13919800
2016-12-08,74.32420349121094,74.87732629141682,74.03358389003208,74.6992009087687,13320100
2016-12-09,74.19296264648438,74.93358065088728,73.90234301718658,74.20233954976281,10728300
2016-12-12,73.59297180175781,74.08984040328343,73.04922583490718,74.05233994151976,11942300
2016-12-13,74.24921417236328,74.53046406757332,73.35860142500141,73.88359360007941,12995100
2016-12-14,74.18359375,74.98046610760014,74.17422399819179,74.32421870442839,20146200
2016-12-15,74.53047180175781,75.36483751765435,74.18359784866719,74.408600649177,14070900
2016-12-16,73.45236206054688,74.492976844297,73.28361352392568,74.26798117962983,19141700
2016-12-19,73.21798706054688,73.68673218532949,73.14298612398574,73.16173993436752,8699100
2016-12-20,73.46172332763672,73.66797228987703,72.83360668989154,73.50860069268468,6917400
2016-12-21,73.2554702758789,73.63984462086557,73.105475590566,73.57422060495094,9343600
2016-12-22,73.03046417236328,73.18045883611204,72.36484720592759,73.14295838205479,12074000
2016-12-23,73.26486206054688,73.57423554947692,73.03048950574825,73.19923803130257,6192900
2016-12-27,73.45236206054688,73.92110720088537,73.3398678044549,73.37736112149673,3776000
2016-12-28,73.4054946899414,73.73361487042979,73.0961211687023,73.49924229115473,7587100
2016-12-29,73.43358612060547,73.91170082331602,73.40546256779666,73.5835807864126,6241100
2016-12-30,73.1429672241211,73.63046603331765,73.06797345942105,73.5273415603138,7127300
2017-01-03,74.53047180175781,74.91484622160009,73.58360468560636,73.83673104805925,13785200
2017-01-04,75.13985443115234,75.24297894383854,74.3992361820805,74.47423712812208,8033100
2017-01-05,76.02108764648438,76.43358568167274,75.2054756346138,75.31796989694982,7805100
2017-01-06,77.07106018066406,77.33355626398756,75.88045090202341,76.21794790986272,8898300
2017-01-09,76.63982391357422,77.29606419312555,76.54607632399298,77.13669257558917,7305300
2017-01-10,76.2273178100586,76.78044068884151,76.0585693058091,76.59293837718549,6017500
2017-01-11,76.68669891357422,76.68669891357422,75.85233323287797,76.17107645809568,7499200
2017-01-12,76.28357696533203,76.37732455092312,75.47733485478052,75.98358039995117,6884000
2017-01-13,76.09606170654297,76.73355519367381,75.73981808085969,75.9554367758192,7291200
2017-01-17,76.18042755126953,76.39604621233623,75.7116826241924,75.7116826241924,6326500
2017-01-18,76.48979187011719,76.71479457931916,75.91792965354827,76.18979541032769,8512300
2017-01-19,76.6210708618164,76.73356509893202,76.32107430870472,76.67731798037421,6479400
2017-01-20,76.72418212890625,77.13668003900192,76.50856342316094,76.95855464100943,9048500
2017-01-23,77.01480865478516,77.15543359208172,76.40543869482097,76.59293384289545,7414200
2017-01-24,78.02730560302734,78.27104788371663,76.73356466368001,77.24918708914191,8397500
2017-01-25,78.6554183959961,79.00228514471578,78.233543572511,78.55229391597629,9360900
2017-01-26,78.03669738769531,78.67419113349513,77.886702645881,78.67419113349513,8428200
2017-01-27,78.53353881835938,78.56166952811465,77.73667370151612,78.11167115428987,5445900
2017-01-30,78.46788024902344,78.5053806930365,77.49289731459727,78.25226163654628,8792800
2017-01-31,77.5398178100586,78.07418696708541,76.96794818468987,76.99607174782555,7479400
2017-02-01,77.28665924072266,77.89602187170804,76.92103880113967,77.71790367837234,7534400
2017-02-02,77.15544891357422,77.53043928418857,76.4710778974856,77.0054470433422,11142300
2017-02-03,80.69913482666016,81.39287537161255,79.78976845088825,80.3803845314244,28079600
2017-02-06,80.4647445678711,80.71786364575816,80.16474814288546,80.68974009849059,9665300
2017-02-07,80.41788482666016,80.9522537991702,80.31476036244939,80.58663329968861,8600300
2017-02-08,79.77103424072266,80.47415186036581,79.76166448891468,80.43665854816926,7587700
2017-02-09,80.23038482666016,80.40850303835244,79.57413762588202,80.03351281217074,6554700
2017-02-10,80.53038787841797,80.75538346300512,79.90227133051849,80.43664031421338,10432000
2017-02-13,81.03665161132812,81.28039390281643,80.62415365268286,80.81164882344036,6046300
2017-02-14,81.4209976196289,81.53349898422842,80.8678820034289,81.11162423134056,5952000
2017-02-15,82.22410583496094,82.22410583496094,81.43511138230507,81.73567899138895,8049700
2017-02-16,82.10200500488281,82.35560602091788,81.51965211081716,82.23350288965615,8680600
2017-02-17,82.14895629882812,82.35559785902039,81.69810850031459,81.97049183028088,5887200
2017-02-21,82.58104705810547,82.69376262531408,81.87659088677384,82.1959480774822,9301300
2017-02-22,82.46833801269531,82.79708279019526,82.19594743531,82.28987349086732,8389900
2017-02-23,82.82523345947266,83.11640628861231,82.534060630333,82.87220005531292,6040500
2017-02-24,83.06004333496094,83.06004333496094,81.99866574236367,82.05501991854359,5151300
2017-02-27,82.65617370605469,83.01309551271763,82.57164242267291,82.95674132379645,6131600
2017-02-28,82.59979248046875,83.01306834077893,82.43072280294803,82.8064339936713,8521900
2017-03-01,83.5860595703125,83.72695221868571,83.05067323937256,83.35124087838976,11131400
2017-03-02,83.15397644042969,83.71753974856594,82.75008808914772,83.59543663440024,10544200
2017-03-03,83.39820861816406,83.5109241716161,82.82525042878746,82.94735357045377,5700600
2017-03-06,83.53907012939453,83.84902524518107,82.90975081482078,83.15396417322111,7347600
2017-03-07,83.65177917480469,83.87721019956629,83.45453240270972,83.58603025077304,5688400
2017-03-08,83.5578842163086,83.877241370354,83.47335292518059,83.7551310617052,5866800
2017-03-09,83.69874572753906,84.06506218500172,83.32303451919151,83.61420730176562,5953900
2017-03-10,84.2811050415039,84.40320814816316,83.6893575131575,84.06506875084973,12246700
2017-03-13,84.63803100585938,84.82588305104575,84.16839372679728,84.34685818599165,8944100
2017-03-14,84.11204528808594,84.5628930937473,83.8208652822456,84.46896706474257,6009400
2017-03-15,84.4595718383789,84.62864155607797,83.98054694331208,84.29989687335663,6350700
2017-03-16,84.57227325439453,84.84466370777771,84.03688709873666,84.82587420556071,9174400
2017-03-17,84.7601318359375,85.12644833045293,84.69438290528335,84.76952658777266,8613400
2017-03-20,83.7645034790039,86.46022397943172,83.56725668620616,84.80709878814626,9438000
2017-03-21,82.71250915527344,84.26231349435106,82.65615497912009,84.05567196032796,11092100
2017-03-22,83.14458465576172,83.6330114620496,82.51527239198361,82.51527239198361,7828600
2017-03-23,83.46393585205078,83.9617502096139,83.05065276301151,83.09761935625544,7710700
2017-03-24,83.77389526367188,84.16838883529469,83.56725372631827,83.65178499191069,7597600
2017-03-27,83.5484619140625,83.58603375309706,82.72190295358888,82.94732682170067,5230000
2017-03-28,83.70812225341797,83.98990022375824,83.11637490012536,83.70812225341797,7045500
2017-03-29,83.7645034790039,83.96175027180165,83.18215068638962,83.58603902386004,4738000
2017-03-30,83.6048355102539,83.68936678590038,83.21972947827344,83.67058444667781,6227100
2017-03-31,83.47333526611328,83.92418305561344,83.47333526611328,83.57665604414382,6429800
2017-04-03,83.9335708618164,84.0274968796811,83.03186819134294,83.7269293228566,9125800
2017-04-04,83.38878631591797,83.90539014095462,83.27607796579761,83.60482259714117,4859900
2017-04-05,83.62360382080078,84.72255321642513,83.54846014432337,83.71752983334984,7251600
2017-04-06,83.6799545288086,83.83963662623238,83.38878175213922,83.59542327084462,8473900
2017-04-07,83.35121154785156,83.82084876643596,83.1445700250992,83.5672478214823,5439500
2017-04-10,83.46393585205078,83.83025234784613,83.14457878340335,83.23851196989119,5999400
2017-04-11,83.45455169677734,83.45455169677734,82.77827279833242,83.2197330329338,7058500
2017-04-12,83.29488372802734,83.79269819065262,83.18216818011129,83.31366606963127,5912500
2017-04-13,83.47333526611328,84.3280714153429,83.06005215399112,83.09762399746553,7242700
2017-04-17,84.35621643066406,84.44075483786055,83.36058803850902,83.6799378374668,6122800
2017-04-18,84.2811050415039,84.45956232568346,83.8208553714354,84.19656660912764,6823500
2017-04-19,84.29986572265625,85.11703691725467,84.1589731489539,84.61921553469385,7301300
2017-04-20,85.61487579345703,85.94362044938849,84.44078261791894,84.66620650111535,12178300
2017-04-21,85.61487579345703,87.16468021838652,85.49276551689961,87.13649596265293,19442600
2017-04-24,86.2723617553711,86.88289161616328,85.4833746117719,86.55414697299695,11705400
2017-04-25,86.51657104492188,86.74199490871364,86.01875672792136,86.40385552997829,7769200
2017-04-26,86.24418640136719,86.86411102617367,86.17843747141158,86.43203843949865,11295200
2017-04-27,86.03755950927734,86.41327081560812,85.73699189743216,86.36630421503034,5856800
2017-04-28,85.6806411743164,85.99060355203063,85.45521724784125,85.84031615698225,6888500
2017-05-01,85.71819305419922,86.10329187362774,85.6054775341711,85.74637014268231,9042100
2017-05-02,86.92046356201172,87.11771034815152,85.97179430535252,86.05633273718145,11627700
2017-05-03,86.82655334472656,86.92987413237687,86.39448785368758,86.788981497754,4909000
2017-05-04,86.99559783935547,87.21162693916563,86.64806373023674,87.07073434540965,5257000
2017-05-05,86.497802734375,87.33376380101382,86.18784753300919,87.25862010597481,8844500
2017-05-08,86.33811950683594,86.56355057041158,85.9624082336397,86.46022979113019,5223600
2017-05-09,86.41326141357422,86.54475928156803,86.25358645473835,86.31933538873525,3969500
2017-05-10,86.6480712890625,86.79835864647133,86.1126851189609,86.13146745558919,6747600
2017-05-11,86.50716400146484,86.7044107500165,86.05631633794516,86.5259535009999,7052200
2017-05-12,87.09893035888672,87.14588978575011,86.39447446107205,86.59172125252864,5898800
2017-05-15,87.56856536865234,87.74702265189039,87.08953336396961,87.0989281155387,7040100
2017-05-16,87.49344635009766,88.0288326829129,87.32437660467717,87.68129843785474,5497400
2017-05-17,86.34075927734375,87.28170039839078,86.29370934976697,87.01823803310738,8240200
2017-05-18,86.29371643066406,87.01824517345622,85.96438844703654,85.96438844703654,8239800
2017-05-19,87.01825714111328,87.32876232334506,86.29372829867637,86.54778647728091,9361300
2017-05-22,87.79924774169922,88.07212163403553,86.97122181857837,87.06531453139445,9186200
2017-05-23,88.3167495727539,88.51434638112036,87.9497830459573,88.03446431576623,7616100
2017-05-24,89.21063232421875,89.38000202632595,88.46728791934889,88.46728791934889,6825300
2017-05-25,89.42706298828125,89.74697958793863,89.28592035598021,89.47410574650661,7262400
2017-05-26,89.07889556884766,89.50232338708072,88.81543319953525,89.38940786645634,4133900
2017-05-30,89.1259536743164,89.27650053681687,88.76839141560563,89.0694994982302,6292700
2017-05-31,89.6058349609375,89.88811301782852,88.88130620607919,89.46469234308611,9866000
2017-06-01,89.76580810546875,89.81285086666615,89.0224635619455,89.76580810546875,8911900
2017-06-02,90.47151184082031,90.5091503561125,89.77521725494672,89.77521725494672,8570200
2017-06-05,90.84789276123047,90.88552409893032,90.43387625840212,90.63147308598484,14510500
2017-06-06,90.13275146484375,90.89491148090056,89.91633184684149,90.58439918591034,7030300
2017-06-07,90.4150390625,90.53736601645757,90.10453391346674,90.35858488609611,6720300
2017-06-08,90.4150390625,90.44327332951379,89.66229038813799,90.20803802274844,7720300
2017-06-09,88.97540283203125,90.56559585121002,88.17560420053623,90.41504180448472,16887100
2017-06-12,87.97801208496094,88.48612125150805,87.31935604248086,88.15679323026801,15610000
2017-06-13,89.46470642089844,89.7093460062705,88.4202609347848,88.44848802703444,8700100
2017-06-14,89.69052124023438,90.33036158863972,89.34237038723911,89.69052124023438,6347000
2017-06-15,88.60844421386719,88.94718367037717,88.00624233091894,88.86250239565604,12793900
2017-06-16,88.60844421386719,88.86250239565604,88.20383915074764,88.74017542708633,14705100
2017-06-19,89.19181823730469,89.24827241273555,88.68370912199184,89.15417972741355,5984300
2017-06-20,88.80603790283203,89.35178558339248,88.75899514480524,89.19182728423897,5626700
2017-06-21,88.95660400390625,89.17301651352282,88.51436038145486,89.02246961711305,5611400
2017-06-22,88.40139770507812,88.92832950867927,88.32612788640047,88.90950666990265,5846500
2017-06-23,89.93516540527344,90.00103100489397,88.34497241310503,88.59903056793564,11637300
2017-06-26,89.596435546875,90.58441964662558,89.48352000169805,90.14218324701116,6970800
2017-06-27,89.29534149169922,89.70935083165111,89.04128329016123,89.53057684484973,6283600
2017-06-28,90.54679107666016,90.70674938643815,89.06951341482346,89.53057267545948,5571300
2017-06-29,88.84368133544922,90.13277358080425,88.45789911149556,90.13277358080425,8872500
2017-06-30,88.241455078125,89.0318493339309,88.241455078125,88.806018301523,9036600
2017-07-03,87.83685302734375,88.83425550648101,87.83685302734375,88.80602124238688,6197700
2017-07-05,88.45789337158203,88.82485990323376,88.18501953390032,88.21324662421009,9339600
2017-07-06,87.74278259277344,88.42026152655023,87.68632840789635,87.93096799490569,8215700
2017-07-07,88.37319946289062,88.83426583884396,87.97800586534086,87.97800586534086,6175800
2017-07-10,89.47411346435547,89.73758308415624,88.58963343801301,88.58963343801301,8851800
2017-07-11,89.77520751953125,89.98220856297152,89.32355256381618,89.4646951861529,5554100
2017-07-12,90.49974822998047,90.75379926078645,89.98222756506189,90.31156281299926,5974800
2017-07-13,90.27391052246094,90.94197798328739,90.11394504573497,90.72555832584189,6721700
2017-07-14,91.2054443359375,91.61946082258773,90.44328414807023,90.46209981618492,6195800
2017-07-17,91.1113510131836,91.5441831649815,90.88551992447913,91.37481343785949,5914900
2017-07-18,91.81704711914062,91.97700540562685,90.90433297571273,91.13015686127048,7435000
2017-07-19,92.44746398925781,92.52274100091688,91.7888080842684,91.87348933827663,6390400
2017-07-20,92.31576538085938,93.28493391679463,92.14639563427171,93.2567068221656,8572900
2017-07-21,93.71775817871094,94.55519541622199,93.23787607423188,93.71775817871094,17400200
2017-07-24,94.44226837158203,94.48931112307129,93.28490756701211,93.6706968948059,9186000
2017-07-25,94.084716796875,94.89392687386996,93.9059428348498,94.70574148895534,6774900
2017-07-26,94.89392852783203,95.02565973533073,93.96239865228762,94.10354128283977,7205400
2017-07-27,93.68952178955078,95.20443780569056,92.72976485464334,95.00684100082174,10543900
2017-07-28,93.29434204101562,93.70835137895173,92.69214011418744,93.26611494738512,6558800
2017-07-31,93.68011474609375,94.09413122068476,93.28492111788188,93.62366056458134,7576600
2017-08-01,94.91277313232422,95.10095856365962,94.05651290847588,94.43289094996071,6018100
2017-08-02,95.29853057861328,95.29853057861328,94.319950797366,95.06329526135612,5955600
2017-08-03,94.6492919921875,95.12917411631612,94.40465239690192,94.97862722527985,5697500
2017-08-04,94.9315414428711,95.35496204153948,94.6680790989165,94.99740702885974,4618000
2017-08-07,95.49612426757812,95.54317420101917,94.64927571732287,94.95978804888512,7047100
2017-08-08,95.29853057861328,95.71254703420578,94.96920257021569,95.50553880640953,6283700
2017-08-09,95.00685119628906,95.31736357103871,94.65870030531404,94.80925437021554,6902100
2017-08-10,93.61424255371094,94.92215031133534,93.55778837617125,94.6022337335277,8560800
2017-08-11,94.17878723144531,94.3763911713606,93.6518625351661,93.67068537649641,5268200
2017-08-14,95.85369873046875,96.07952264633678,94.79984182506315,95.0162614960958,5657600
2017-08-15,96.56878662109375,96.70992922786661,95.94776920162884,96.31473567195157,5386000
2017-08-16,97.3746109008789,97.94950997422121,96.73374015635171,96.84683753139988,13408300
2017-08-17,96.28133392333984,97.57249438362669,96.28133392333984,97.3840060098298,7381600
2017-08-18,96.6112060546875,97.15782529339015,96.07400620276877,96.20594952145957,5670900
2017-08-21,97.28034973144531,97.40286647361805,96.44156411953033,96.71487733548949,5395000
2017-08-22,98.08145141601562,98.20396817716407,97.20496654990185,97.48770638685703,5481000
2017-08-23,97.24266815185547,97.98720969712656,97.0635991045298,97.79871407089614,5057200
2017-08-24,97.28034973144531,97.54423637019991,96.73372329952697,97.374593932376,4082300
2017-08-25,97.40288543701172,97.90238627052685,97.22382357749328,97.68562528522214,4467400
2017-08-28,97.80813598632812,97.85526168823202,97.31806176224151,97.68561922789962,3919900
2017-08-29,97.79871368408203,98.08145352712292,96.73374036399079,96.99762704929674,7135300
2017-08-30,97.76101684570312,98.01547693937798,97.56309465127848,97.73273711051922,8712700
2017-08-31,97.56309509277344,98.19454642136579,97.10129341456208,98.0720224727987,13766000
2017-09-01,97.9212417602539,98.09088423514498,97.48771258894851,98.05318510846105,4466800
2017-09-05,97.08242797851562,97.50653044829811,96.3755857352974,97.44998536975942,6337500
2017-09-06,97.24266815185547,97.77986810345955,97.1672699013633,97.39345746246688,6372200
2017-09-07,98.54325866699219,99.37262506733676,97.64792778339091,97.74217200423739,6508600
2017-09-08,98.42073822021484,98.7411699971906,98.07202670670635,98.32649400289098,5787200
2017-09-11,100.04176330566406,100.04176330566406,99.0993067642831,99.41031914862829,6956000
2017-09-12,100.09828186035156,100.50353835332346,99.67417940531227,100.50353835332346,5212400
2017-09-13,99.74015045166016,100.14540694216801,99.18409750404668,100.14540694216801,6215700
2017-09-14,99.97576904296875,100.69203067548987,99.42914264680435,99.42914264680435,8154000
2017-09-15,99.24067687988281,100.03233692482995,98.9108113374487,99.65535286945726,12622900
2017-09-18,98.7977066040039,99.44799663362045,98.59979162191438,99.28778077055345,7330300
2017-09-19,99.34435272216797,99.83442698579027,98.79772617362424,99.08045883673871,9754400
2017-09-20,98.92967224121094,99.6836332206194,98.4490173532157,99.42917309778272,8198600
2017-09-21,99.25010681152344,99.53284668068144,98.62808916589883,98.95794755300079,4777600
2017-09-22,99.48571014404297,99.59880751747103,99.0144818736519,99.15585179284378,4959400
2017-09-25,97.09188842773438,99.57055421075849,96.83742827632035,99.42918426425106,9395300
2017-09-26,97.0164794921875,98.03432710081451,96.95992720977227,97.17669537988947,6263600
2017-09-27,97.91178894042969,98.12855706317467,96.97875917376923,97.13897502645784,8337400
2017-09-28,98.56210327148438,98.93908731252615,97.77043606625938,97.77986264463787,5947800
2017-09-29,99.18412017822266,99.3631892143793,98.66577341675877,98.72231850591456,7676300
2017-10-02,99.37262725830078,99.89097407957148,99.05218827190994,99.46687148122516,4885600
2017-10-03,99.51396179199219,99.80612814773355,99.23122920335472,99.5705140620167,4411100
2017-10-04,99.25010681152344,99.655363455784,98.86370332673931,99.62709090694291,4146800
2017-10-05,100.12657928466797,100.13600586323004,99.09930512295583,99.52340768340397,4396100
2017-10-06,100.58838653564453,100.8051475064643,99.77787336133464,100.17370337007969,4587000
2017-10-09,100.852294921875,101.45546664326675,100.4093391160836,100.46588421797217,4787000
2017-10-10,101.135009765625,101.40832302712128,100.67320807086298,101.38947705994384,4015600
2017-10-11,102.19998931884766,102.34135204730092,101.4083220876456,101.50256630340536,6473100
2017-10-12,101.88896179199219,102.45443419287871,101.6910468112005,102.25651921208701,6496100
2017-10-13,102.40731811523438,102.97279052952806,102.16227743257076,102.25652163655772,5154600
2017-10-16,102.06806945800781,102.77491202436417,100.9936693323761,102.52987125472247,5552200
2017-10-17,101.3517837524414,102.1811429729348,101.12559618146562,102.02092707642583,5979400
2017-10-18,101.5968246459961,101.78531309038455,101.27638566208783,101.4271821698972,4817300
2017-10-19,100.8616943359375,101.57796330962097,100.74860415455825,101.09730846764116,10840200
2017-10-20,101.36119842529297,101.50256114656429,100.81457193513587,101.50256114656429,7848900
2017-10-23,101.34233856201172,102.00206237589757,100.93708201031832,101.83241993122657,6316700
2017-10-24,102.17171478271484,102.38847575570222,101.01249009937204,101.37062098843137,10511200
2017-10-25,103.18955993652344,104.24511380265189,101.78530176802808,103.11416888137833,13261300
2017-10-26,103.4817123413086,104.36761643999124,103.35918841132448,104.02833157143311,7380100
2017-10-27,103.39688110351562,103.79271102877792,102.4355788292542,103.7361659509893,7862700
2017-10-30,103.70791625976562,103.89640468750048,102.65236236948166,103.35920475904628,5148600
2017-10-31,103.65135192871094,104.32049507044097,102.40730984162374,104.21682429731943,8002500
2017-11-01,104.67864227294922,104.98965464098114,104.06604411510912,104.14144236015427,6167300
2017-11-02,104.59383392333984,104.96139141259219,103.85871175446208,104.63152585883537,5506600
2017-11-03,104.95195770263672,105.00850279241115,104.15087110588458,104.55612769347061,3757600
2017-11-06,105.4797134399414,105.69648156517813,104.80114371443504,104.95194018249039,4094700
2017-11-07,105.63995361328125,105.99809171217208,105.14045278101037,105.79075011605066,3697900
2017-11-08,105.99808502197266,106.41276818804228,105.3854868512896,105.56455588943285,4417800
2017-11-09,105.68705749511719,105.76245573093323,104.54668614229278,105.3666257784563,4334700
2017-11-10,105.44200897216797,105.53626035510536,104.87653662639858,105.28179312576799,4198900
2017-11-13,104.98966217041016,105.42319132495207,104.9331098873844,105.13103209241518,7185600
2017-11-14,105.53626251220703,105.59280759082843,104.43358314649193,104.68805038103046,5679600
2017-11-15,103.90583801269531,105.43262026182434,103.80216721359793,104.93311223418551,6895100
2017-11-16,104.81689453125,105.2134330360082,104.3920405942162,104.56198360965207,5655100
2017-11-17,103.68396759033203,104.7130691777604,103.57066982196618,104.50536020397963,8812400
2017-11-20,103.80668640136719,104.4959017869831,103.56121874346537,103.80668640136719,6873200
2017-11-21,105.22288513183594,105.26065105247258,104.1371455267619,104.27875872525827,6456500
2017-11-22,104.62808227539062,105.42115215846941,104.51478451977582,105.27008848431633,4067600
2017-11-24,105.71381378173828,105.89320006815356,104.93018729205318,105.0906870203661,3045600
2017-11-27,106.10091400146484,106.25197767123078,105.65718067852995,105.74214859043911,6620500
2017-11-28,107.0261459350586,107.27162076238572,106.27084209856493,106.30860801070074,6671300
2017-11-29,103.72171783447266,107.27163480574896,100.92710479856993,107.27163480574896,14505400
2017-11-30,106.2991714477539,106.2991714477539,103.88221054325118,104.3259510349929,18533300
2017-12-01,104.54313659667969,106.15759214123493,103.62733268590013,106.10093964982167,13101800
2017-12-04,101.42749786376953,105.2228827634132,100.99320059089278,105.1095922071661,18909100
2017-12-05,102.51324462890625,103.13636429749013,100.64387121692924,102.80592150330833,12081500
2017-12-06,103.6084213256836,104.01439593527063,102.21111839253214,102.4282634144553,7532100
2017-12-07,105.1756820678711,105.1851253487128,103.33463127182807,103.63675143074772,7384900
2017-12-08,106.30862426757812,106.31806754783396,105.57220687609389,105.86488373601395,7594900
2017-12-11,106.09147644042969,107.01671619391091,105.89321077896942,106.21421026806352,7538600
2017-12-12,107.12057495117188,107.37549309975881,105.74215134268536,106.09148068577721,8754400
2017-12-13,106.97893524169922,107.9797138914651,106.86564470999407,107.39435306624773,8088900
2017-12-14,106.61075592041016,107.7153821269226,106.61075592041016,107.20556018785001,9815600
2017-12-15,107.46045684814453,107.81922225460053,106.1103559300353,107.60207723596817,16388000
2017-12-18,107.20555877685547,108.33850760917021,106.92231796722028,108.28186232848837,8961800
2017-12-19,105.87435150146484,106.95065519994904,105.81770621305431,106.95065519994904,7899400
2017-12-20,105.8554458618164,106.78068562403614,105.7327048299112,106.42192021464044,6201900
2017-12-21,106.1292495727539,106.78069187523806,106.04427445314394,106.30862868639694,8866400
2017-12-22,106.39361572265625,106.79014711694937,105.978197764951,106.11037489638205,6190100
2017-12-26,106.67684936523438,107.101710604723,105.80825472906844,105.80825472906844,3948900
2017-12-27,107.6492919921875,107.69650119476297,106.35584339773031,106.39360931916808,7073100
2017-12-28,107.9608383178711,108.4989900075546,107.62095228195396,107.91363632589541,6937100
2017-12-29,107.6492919921875,108.47068457645494,107.6492919921875,108.33850745297921,5249000
2018-01-02,108.1119155883789,108.6500673458029,107.58319990867071,108.16856086712477,6080900
2018-01-03,109.188232421875,109.32040955714666,108.2535491929929,108.52733954240304,6946100
2018-01-04,109.59416961669922,110.80264998467507,109.54696042606125,109.75466933989044,7805300
2018-01-05,112.21885681152344,112.3510339222418,109.91518624795381,110.4533379710535,8590500
2018-01-08,112.67203521728516,113.74834588377693,111.4729979214546,111.98282701512575,6660700
2018-01-09,112.45491027832031,113.26685966108256,112.0300562259252,113.26685966108256,6562400
2018-01-10,112.33216857910156,112.39825714270573,110.89709233639202,112.05837104328049,7490300
2018-01-11,113.14408111572266,113.27626541147902,112.04889846193358,112.16219619981989,5982100
2018-01-12,113.3801498413086,113.6256247523239,113.0213843583737,113.40847968740218,5585800
2018-01-16,113.66336059570312,115.12675918935355,113.21018402173297,114.40922121027042,8803800
2018-01-17,115.16454315185547,115.33448619450407,113.98438513432713,114.42811849830295,7991500
2018-01-18,116.23139953613281,116.31636745307127,115.21174131419534,115.67436122478982,8661000
2018-01-19,115.84431457519531,116.74123904036907,115.10789708371607,116.17476460100913,8250700
2018-01-22,117.38325500488281,117.38325500488281,115.56109048589731,116.00483111430466,9355000
2018-01-23,117.68534088134766,118.49729004900473,117.26992301795703,117.63813168664899,5683300
2018-01-24,117.59092712402344,118.44063498512706,116.79785732971864,118.06299024824173,6425200
2018-01-25,118.2234878540039,118.45951941186509,117.66644963183354,118.01577893058823,7166400
2018-01-26,119.26203155517578,119.31867682705298,117.78919686147344,118.74275921926181,5604900
2018-01-29,117.86473846435547,119.79075721979417,117.7231252642675,119.65858009763677,6257900
2018-01-30,116.64678955078125,117.34544088992361,115.97645364073345,116.90170044374166,8154400
2018-01-31,117.28882598876953,117.52485758906616,116.16531326636148,116.86396478636792,7338200
2018-02-01,118.69556427001953,119.20539335650136,117.16607701057406,117.7703172901572,11169700
2018-02-02,114.15432739257812,116.80732029275599,113.95605450825641,116.80732029275599,13937700
2018-02-05,109.7735595703125,114.36201387421994,108.58396564197493,112.06778672226622,16623900
2018-02-06,113.26685333251953,113.57841679519527,106.92232232547657,108.763366053809,19053300
2018-02-07,112.96470642089844,115.61769885885782,112.54928856896315,113.38011706972215,9294000
2018-02-08,107.49821472167969,113.12520627173426,107.19609461171406,112.85140879659173,12673400
2018-02-09,109.82078552246094,110.66105746487955,104.81691258622861,108.14968491875004,17695500
2018-02-12,111.85063934326172,112.19996144999665,110.34947484198129,111.2086331973697,11526300
2018-02-13,111.73734283447266,112.1622039786785,110.58550763030078,111.2652796985407,7803900
2018-02-14,114.07878112792969,114.19207167251805,110.9348388595877,111.048136607288,9206400
2018-02-15,115.64876556396484,115.67713751218814,113.46403896293408,115.10021717947083,6921300
2018-02-16,115.24208068847656,116.32025798262384,114.97726622544431,115.03401012019323,6371400
2018-02-20,115.39341735839844,116.3770191746214,114.45709972001144,114.76920559947376,6182800
2018-02-21,113.89908599853516,116.16893553353468,113.88017377265679,115.43123605818171,7676100
2018-02-22,113.85179901123047,114.79756908606736,113.13301894962461,114.12607319881153,4994000
2018-02-23,116.26351928710938,116.29189123575262,114.64625327356528,114.97727136715854,5036900
2018-02-26,117.83348083496094,117.8429405553435,116.63235610986358,116.87825833024309,6270500
2018-02-27,116.67964935302734,118.5049857706792,116.66072991196111,117.9375179891336,7287200
2018-02-28,116.2729721069336,118.20234387233826,116.21622099736243,116.94446797569432,6780900
2018-03-01,113.8707046508789,117.27547506445856,113.1330052364294,116.5756073142952,8819600
2018-03-02,114.22066497802734,114.41928307171375,111.46847742168866,112.63177073811445,7581900
2018-03-05,115.27044677734375,115.67712817223207,112.96277284845297,113.91799536789208,5810200
2018-03-06,114.4948959350586,116.55667450034139,114.12604627015651,116.16891261329235,7464400
2018-03-07,115.24208068847656,115.61093043565047,113.20867361068898,113.52077946311397,7254100
2018-03-08,115.59202575683594,116.15948638833623,114.59896423997034,115.34612350411288,6948900
2018-03-09,117.75782775878906,118.02264221111744,116.2067654960205,116.56615550765865,6397700
2018-03-12,117.50245666503906,118.20233162388882,116.78367669771262,117.98480136032155,8636000
2018-03-13,116.51885986328125,118.22124873127252,116.23513319571762,117.5119212388849,9479500
2018-03-14,115.93250274658203,117.31332625239268,115.28937877799113,117.31332625239268,7855000
2018-03-15,116.71747589111328,117.672698369062,116.045972860166,116.45265423739,5861900
2018-03-16,117.7767562866211,118.26856080814989,116.64183498650698,117.13363229238212,9447100
2018-03-19,116.52833557128906,117.56868125972956,115.64876907142549,117.21875093349196,17387800
2018-03-20,118.13613891601562,118.38203393063797,116.61344857750707,116.68910469665477,7779700
2018-03-21,116.53779602050781,118.63740685365647,116.39592905854983,118.12669011999976,7359500
2018-03-22,113.48295593261719,116.02707989254363,113.20868172890754,115.57310705503888,10501500
2018-03-23,110.65509033203125,113.80450617323797,110.42810755173285,113.38836506298051,10024300
2018-03-26,114.09770202636719,114.19227759136291,111.41171845909254,112.63175551414764,8735400
2018-03-27,111.03340148925781,115.00563267619725,110.40918981424164,114.92996934304632,9008600
2018-03-28,110.64563751220703,111.66707091073181,109.73769911873599,110.58889361750664,9420400
2018-03-29,113.13301849365234,114.05040940139811,110.69292997865098,111.29822224685476,12918100
2018-04-02,111.96971893310547,113.33163015414178,110.42811630393186,112.80199400393151,9877100
2018-04-03,112.73579406738281,113.4829533191117,111.11852804743292,112.44260764270369,7084800
2018-04-04,113.31270599365234,113.60589961220529,110.38082031769225,110.56051893400024,8425700
2018-04-05,114.61786651611328,115.39339761332617,113.8423354189004,114.43816791038576,6816000
2018-04-06,111.31714630126953,114.02204956905997,110.76860508568664,113.66265950151893,8383800
2018-04-09,112.34803771972656,114.12608301572905,112.19671103122236,112.19671103122236,7024800
2018-04-10,114.17337799072266,114.58951918150738,113.1519444582441,114.02205129747226,8947200
2018-04-11,113.28430938720703,115.06236129040009,113.13298996613915,113.4829201861624,5874900
2018-04-12,114.50434875488281,115.3650027315661,113.86122500586539,113.87068472419458,5666000
2018-04-13,114.20175170898438,115.82847760832921,114.10717613206633,115.12860968035085,9174300
2018-04-16,115.27044677734375,116.20676428703129,114.92051648997297,115.48797705558044,6903200
2018-04-17,117.08634185791016,117.52139524023013,115.8757500626442,116.24460704190905,5979600
2018-04-18,117.72946166992188,118.09831142053808,116.68910881879617,117.33223275601343,5171000
2018-04-19,117.23763275146484,117.95641987630984,116.47156146229611,117.56865076433704,7294100
2018-04-20,117.46463775634766,118.05101778714226,116.62290298599987,117.33223052611224,7479400
2018-04-23,117.71052551269531,118.19287020102799,117.18089665689597,117.5592060748892,8004300
2018-04-24,114.69352722167969,118.25908424005756,114.01257886800536,118.09830506831443,9434400
2018-04-25,114.63678741455078,114.76919464489907,112.8965739781715,114.57058379937664,8001200
2018-04-26,120.1884536743164,120.67079118042138,117.06740977915985,118.3536575600781,14345800
2018-04-27,119.17648315429688,120.16953735351895,118.59010313976621,119.58316455464096,6842700
2018-04-30,119.99930572509766,120.96399525206444,119.79124236765388,119.86689849051838,8449200
2018-05-01,120.59516906738281,120.65191297453539,118.70362852864861,119.9804169491633,6407300
2018-05-02,119.52641296386719,121.15314577432954,119.16702295259748,120.94506799901716,8515300
2018-05-03,120.28304290771484,120.54785738407479,118.52390992543422,118.98733525906415,6778600
2018-05-04,121.20990753173828,121.39905867804269,119.23324413928478,119.47914640200348,5798400
2018-05-07,122.250244140625,122.4961536151525,121.29502148637327,121.43688123605668,5737300
2018-05-08,122.85555267333984,122.92176351946914,121.35178140299011,122.13677246122963,5044700
2018-05-09,123.74454498291016,123.89587164843674,122.5623324671808,122.95955414070924,6119400
2018-05-10,123.89588165283203,124.60520921954672,123.63106718242972,124.17014862885361,6585800
2018-05-11,124.6714096069336,124.9267571190155,123.16762432370362,123.89587127194535,5437100
2018-05-14,124.09451293945312,125.31455013438223,123.58378895548628,125.24833929407593,5017000
2018-05-15,123.99043273925781,124.27415214837302,122.85549737758656,123.47970894024522,5532300
2018-05-16,123.79186248779297,124.27420010070578,123.46083714102593,123.98101364395633,5124200
2018-05-17,123.08134460449219,123.90549647804967,122.77821941480536,123.69709158629894,4911700
2018-05-18,123.08134460449219,123.46973685316345,122.2666893333678,122.78768710825082,6082700
2018-05-21,123.77288055419922,124.57806815826946,123.1381981646988,124.04758821805981,5591800
2018-05-22,123.8202896118164,124.83388245565943,123.62135234002524,124.09499736814794,6645500
2018-05-23,124.92863464355469,124.95705219284021,122.95826931758539,123.20455956289362,6569100
2018-05-24,124.93807983398438,125.2412195777536,123.62134728779621,124.87177704909645,6035200
2018-05-25,124.36021423339844,125.13699887280295,124.02865699375087,124.92859394293815,7509600
2018-05-29,122.8540267944336,124.14234160883159,122.25722954486426,123.51712681923482,10401900
2018-05-30,123.75397491455078,124.18973470936409,123.02455750898258,123.33716496851181,10631300
2018-05-31,123.82975006103516,124.64442003990374,123.1287502568232,123.76343282281991,11086000
2018-06-01,123.95289611816406,125.52538645455229,123.48871883762618,124.89070392065207,8323400
2018-06-04,126.05589294433594,126.52953796577646,124.5023233976921,124.98545057044073,7178000
2018-06-05,126.52001190185547,126.57684697198216,125.70534216955372,126.3495066914754,6198200
2018-06-06,129.09664916992188,129.1250667067659,126.56738720933966,126.93682964280684,8065800
2018-06-07,126.78526306152344,129.38084231097142,126.03691048128034,129.17243739910722,8309200
2018-06-08,127.63782501220703,127.80833022757167,126.20740825122994,126.40634545698305,5261000
2018-06-11,126.85159301757812,128.0641229240373,126.75685824649673,127.78940076059926,7988700
2018-06-12,127.75149536132812,128.00726763928097,126.5010659619981,126.97471083365443,5743300
2018-06-13,127.31576538085938,128.61356246060865,127.23051275317813,128.0546503964257,4881600
2018-06-14,127.88409423828125,128.547194058248,127.64727184154368,127.84620901477972,6464100
2018-06-15,127.97889709472656,128.57568002308457,126.93687221267339,127.97889709472656,10044500
2018-06-18,129.02088928222656,129.12509175570048,127.05052443667289,127.28734692597745,8713300
2018-06-19,127.98832702636719,128.11147932731652,126.52950707644798,127.46731473907624,6557600
2018-06-20,128.3577880859375,129.48506543793582,128.3577880859375,128.37673793217627,7192000
2018-06-21,127.43891143798828,128.94509893765212,127.18313911301802,128.1399111805191,8689800
2018-06-22,128.19677734375,128.68937226751046,127.1831699481756,128.45254973073148,6031900
2018-06-25,124.02864074707031,127.79886438112383,122.70244087119367,127.79886438112383,10086200
2018-06-26,125.56324768066406,126.73787761152599,124.6727930850151,125.14643791636088,7733900
2018-06-27,124.11394500732422,126.61479013311747,124.10446285605109,125.99904293481868,7282100
2018-06-28,125.74324035644531,126.10320061446258,123.76339389212836,124.09495106991419,6576500
2018-06-29,125.46856689453125,127.11685682013403,125.46856689453125,126.25481938725846,7259000
2018-07-02,125.51586151123047,126.03687363859038,124.23701487630079,125.00433152995319,7554400
2018-07-03,124.52127075195312,126.3779655587944,124.49285320759574,125.99904087653155,3621600
2018-07-05,126.26422882080078,126.30212850063614,124.88119405115631,125.16538383195082,4729300
2018-07-06,127.0220947265625,127.20208211391216,125.51590730794624,126.53898209827886,4839800
2018-07-09,128.376708984375,128.8029864743919,127.68517707032026,127.82727920332206,8960700
2018-07-10,129.48507690429688,130.09134194714707,128.2062295781369,128.42411669293375,6561900
2018-07-11,130.8680877685547,131.493302542326,129.3998000559804,129.42821759528854,10648700
2018-07-12,132.5258331298828,132.57320050931347,131.35120306517345,131.68274581219845,11816100
2018-07-13,132.07115173339844,132.6489991313706,130.29024215515713,132.42164435930906,7865700
2018-07-16,131.16172790527344,132.19427012797894,130.87753812672804,132.07111785122765,4969900
2018-07-17,132.27955627441406,132.53532858542408,130.17657161610106,130.8965067104484,5412600
2018-07-18,133.47312927246094,133.72890157000106,132.0237770105593,132.53532160563955,7008600
2018-07-19,132.74371337890625,133.55838311806497,132.5542438708973,133.52048343466558,7937000
2018-07-20,133.55841064453125,134.01310575757876,132.5448034948557,132.6205884227798,7153600
2018-07-23,132.6490020751953,133.53945688407745,132.2795595964566,133.24579933104113,7723600
2018-07-24,132.6490020751953,134.01310182884484,132.15640728537818,133.5584067291272,8336700
2018-07-25,135.12142944335938,135.24458175460032,132.52584993899032,132.9426598036551,8376000
2018-07-26,134.98878479003906,135.26349244823092,132.17533317173977,134.1456975193547,10520800
2018-07-27,133.2931671142578,135.59507461453947,131.87223227571457,135.5382395337172,7014900
2018-07-30,129.2861328125,133.01845765765998,128.17780526710192,132.74374992261178,12812400
2018-07-31,129.5323944091797,130.7449240278906,128.48090229949364,129.9018368015292,7683300
2018-08-01,130.96286010742188,131.427037473448,130.16713986952013,130.47974734608871,7087700
2018-08-02,131.59750366210938,131.85327596776943,129.77870889246256,130.20498643223203,12300000
2018-08-03,132.45004272460938,132.48792794975247,130.66913359853854,131.9479659236381,4617500
2018-08-06,132.34585571289062,132.86685350541933,131.72064101646305,132.28900618681098,5143000
2018-08-07,132.8857879638672,133.2741801807305,132.49739574700385,132.60159818434542,10034500
2018-08-08,133.2646942138672,133.5583661321343,132.45950672520894,132.60159438365093,5389500
2018-08-09,132.63006591796875,133.79524300958388,132.52586344118606,133.31211586518313,5679300
2018-08-10,132.36480712890625,133.32157913143283,131.91011204666856,132.50690927957157,6523500
2018-08-13,132.81954956054688,133.79525719454838,132.45957470176975,133.12267487228056,4817500
2018-08-14,133.34051513671875,133.55840221117873,132.50690989118462,132.90476989679104,5888700
2018-08-15,132.5447998046875,133.27421706796432,131.52172498794118,132.95214197412656,5288400
2018-08-16,133.43663024902344,134.2335610822628,133.21843006284303,133.8351029037572,5931700
2018-08-17,134.08172607421875,134.44224195863117,133.360708781618,133.559930577365,7699600
2018-08-20,133.7117156982422,134.33787023562738,133.4840191911323,134.28093525168288,4662200
2018-08-21,132.8578643798828,134.20505061556102,132.63018234946495,133.7686359302223,6854300
2018-08-22,133.90145874023438,134.27145652546574,132.67762436638387,132.67762436638387,4191700
2018-08-23,134.812255859375,135.1442970506565,133.55046458956346,133.77814666901915,4426800
2018-08-24,136.80453491210938,136.97531093354175,135.0209627096326,135.0209627096326,5714000
2018-08-27,137.94297790527344,138.13273224236744,137.28837755670364,137.55401625716706,7194900
2018-08-28,137.75320434570312,138.67345764583735,137.44012713755458,138.16115869918877,4925700
2018-08-29,139.48936462402344,139.74552135886694,137.9619350923172,137.99989174440873,5192900
2018-08-30,139.2142791748047,140.13453279129482,138.85376327005292,139.29017802192215,7804600
2018-08-31,139.35655212402344,140.06808738528903,138.9865543672142,139.2142508622591,5786600
2018-09-04,140.21990966796875,140.2768301826684,139.14785838704393,139.3945187761505,7638100
2018-09-05,135.35299682617188,140.23888160779944,135.23915580196015,139.46092933908918,11363400
2018-09-06,137.089111328125,137.27885114752195,135.22962635510623,135.94116153501,9589200
2018-09-07,135.85574340820312,137.03215312673788,135.4288253129677,136.60523503150245,13626200
2018-09-10,136.69068908691406,137.03222664157323,135.86531269491448,136.73812767321584,5362700
2018-09-11,138.02841186523438,138.05687212853704,135.90328718919355,136.1025235085398,9895900
2018-09-12,139.052978515625,139.2711786204352,137.62990791897795,138.3699034711366,6964100
2018-09-13,140.05857849121094,140.47601474697032,139.5462650950629,139.60318558880843,5803400
2018-09-14,140.25782775878906,140.76064485389432,139.7929673177797,140.32424466534584,4928300
2018-09-17,138.68296813964844,140.31475693731232,138.35092701500537,140.24835450287287,7708600
2018-09-18,140.05857849121094,140.49497859407273,138.46473228524044,138.7019106599929,5692100
2018-09-19,139.85935974121094,141.18756749131538,139.698080163398,140.67525403123108,7432300
2018-09-20,141.58604431152344,141.8232227474322,139.65066016782328,140.40015213197972,7172700
2018-09-21,142.35447692871094,142.55369867572307,141.69038031163632,142.25959977932004,15628100
2018-09-24,141.4626922607422,141.97499125977907,139.71706262730066,141.5101308382619,6706700
2018-09-25,141.90863037109375,142.26914629430624,141.4532517412955,142.03196781350343,4230700
2018-09-26,141.61447143554688,142.70548619499903,141.39625690268085,142.30702825303686,5852400
2018-09-27,142.3260040283203,142.91420176884367,141.88958944662218,142.21214856392731,5868500
2018-09-28,142.39242553710938,142.6580641959428,141.8801265454224,142.12678687827594,6035900
2018-10-01,143.0565643310547,143.78707809617882,142.8858027755902,143.15144151268527,9802100
2018-10-02,141.99400329589844,143.1039967875125,141.5196463605305,143.1039967875125,8047500
2018-10-03,141.7093505859375,142.9806378548038,141.53858908075586,142.9806378548038,7521100
2018-10-04,139.2332000732422,141.6239623530584,138.60706011109306,141.5290852043768,9208900
2018-10-05,137.905029296875,139.8498953516651,136.99425774042783,139.1193817213227,7085700
2018-10-08,134.61297607421875,137.5729579606679,132.9906694010865,137.5729579606679,11637300
2018-10-09,135.01144409179688,135.94117946280875,133.88247247459992,134.20504613395775,10798000
2018-10-10,128.56967163085938,135.37194643245846,128.27557272989833,135.25810543240146,15450100
2018-10-11,126.87149047851562,130.20148513032345,125.47688005576634,127.21302802033634,15657200
2018-10-12,132.8768310546875,133.74964587259743,130.38170953121124,131.3778617555961,12993300
2018-10-15,130.19198608398438,132.87684777951225,130.18250415776262,132.72505010262466,7953000
2018-10-16,134.470703125,134.8501828655208,131.5676266527416,131.59610138569363,11059500
2018-10-17,135.14425659179688,135.53323266271823,133.51246795516136,135.0398975112136,9170600
2018-10-18,132.14633178710938,135.15376711184553,130.8750588371807,135.15376711184553,10222600
2018-10-19,132.89581298828125,134.8975994164156,132.23171631273897,132.72503699958648,8696900
2018-10-22,133.4271240234375,134.28096075386767,132.35507267033427,133.7402013515887,6099500
2018-10-23,131.9850311279297,132.8578459009866,128.63607328492088,129.8694038576263,10736100
2018-10-24,127.37428283691406,132.99066561672166,127.12762251213594,132.53528714166177,13849600
2018-10-25,133.3132781982422,133.67377962807177,125.70458884286325,128.50329188789334,14985900
2018-10-26,130.67584228515625,132.69659280844354,129.08199559472166,130.90352432934438,12034900
2018-10-29,127.44070434570312,134.25246129743283,125.48635657350705,132.4499111811525,12768200
2018-10-30,125.95127868652344,127.9435840867295,123.13359665182861,126.25487414706956,15107600
2018-10-31,130.7801971435547,131.98505319160907,128.06687522051035,128.06687522051035,13205300
2018-11-01,133.6073760986328,133.6453182839079,130.4386752459555,131.8712279787441,16024000
2018-11-02,132.61123657226562,134.1955871531161,130.78022557250966,133.87302788003362,17063100
2018-11-05,132.63021850585938,133.0191947154925,130.9889473588712,132.63021850585938,6280000
2018-11-06,133.56936645507812,133.6832219181908,132.55425054409895,132.63014936076772,4732700
2018-11-07,137.3547821044922,137.46862312751927,135.0209542750953,135.03991812811736,20502100
2018-11-08,137.78172302246094,137.99993765402948,136.28275324303763,137.1840430772858,5927400
2018-11-09,136.54837036132812,137.1555610908405,135.05889722213638,136.80452714081318,8339800
2018-11-12,132.5542755126953,136.27323137267166,132.03248009744644,136.06451320657212,11335100
2018-11-13,132.5542755126953,134.62246437067213,131.88068243551552,133.15196975890962,6287000
2018-11-14,132.3360595703125,135.28655931816263,131.311447189338,134.73630371673815,6613900
2018-11-15,134.80714416503906,134.8736803162815,131.09101020443063,131.96540660874885,8565000
2018-11-16,133.22947692871094,134.8071729706425,132.98237367603633,133.4575822788676,8628000
2018-11-19,128.07818603515625,133.60012082904385,127.59347859981922,133.50507333087793,16253000
2018-11-20,126.75711059570312,127.85959779576802,123.11701174697653,123.84883689728665,12720200
2018-11-21,127.75508880615234,129.04765688470204,127.0042655372864,127.69806608981023,7416300
2018-11-23,126.28190612792969,127.59348626996035,125.92075751805586,126.01579051972246,3676000
2018-11-26,129.19972229003906,129.7509660310584,127.59351482955817,127.92616666538207,9144600
2018-11-27,129.17117309570312,129.55133408052998,127.46991860840483,128.57240576749945,7877900
2018-11-28,134.36997985839844,134.52203557907512,130.08358927671384,130.2736843064353,11265100
2018-11-29,132.2030487060547,133.72370764418022,131.83238654902607,133.71420869223164,8751500
2018-11-30,134.68357849121094,135.2062961580944,131.75629284649622,132.11744138878896,11362800
2018-12-03,137.81044006347656,138.49474133983063,136.71746651213294,137.81044006347656,11285600
2018-12-04,131.76583862304688,137.19272715816118,131.63278079655413,136.03321702634645,13988900
2018-12-06,134.05633544921875,134.11335815511706,126.86167100928866,128.3443193715015,16391900
2018-12-07,130.3116912841797,135.0827892645323,129.2472287555455,133.83774516360177,14007700
2018-12-10,131.04347229003906,131.41413425987264,128.17320950951193,129.4942882740172,15744300
2018-12-11,130.02659606933594,133.1059535215692,129.18072520313547,133.00140703238858,12466300
2018-12-12,130.96746826171875,133.89475442370224,130.91994451027426,132.39309379177618,10387200
2018-12-13,130.72039794921875,132.23157258065444,129.39931839248203,131.4427244277515,8780900
2018-12-14,128.3917999267578,129.94098392606926,127.87858124414312,128.96205579829348,9351200
2018-12-17,124.88480377197266,127.76456648550753,124.21001573798644,127.55548806113661,11796200
2018-12-18,126.08234405517578,127.51746874744724,125.26498471665062,125.73067984410967,12761900
2018-12-19,124.75173950195312,129.13316277876478,123.09802308005133,126.33893427004489,13819000
2018-12-20,122.37569427490234,125.46454969087797,120.84552949369869,123.70628684772753,18091700
2018-12-21,118.09882354736328,123.86785469630593,116.85377229287558,120.87403956687395,25448600
2018-12-24,115.69426727294922,119.0017144487296,115.57070841938709,116.02691178041185,8617700
2018-12-26,123.77283477783203,123.782348231779,116.90132210035839,116.92032725492774,13499500
2018-12-27,125.46453094482422,125.46453094482422,120.24674414436903,121.6438581608709,10883000
2018-12-28,124.44761657714844,126.99472742735968,123.23108385731413,126.48150857770399,7381300
2018-12-31,125.39801788330078,125.8732263703515,123.77279847661394,125.15090018861864,7976000
2019-01-02,126.3294677734375,127.1088169328259,123.17408982869301,123.55425095381783,8788000
2019-01-03,121.77696990966797,124.77077852068498,121.53935834015456,124.70425685268425,9428300
2019-01-04,127.02323913574219,127.9166335267319,123.67778139793538,123.97240837747155,11065800
2019-01-07,129.31378173828125,130.36874557211894,127.39393463930628,127.78360923158367,12928000
2019-01-08,130.01707458496094,131.33815389991238,129.21872762532453,131.12906095778635,9243000
2019-01-09,131.54725646972656,132.56419539702597,130.79641871289928,131.442709991012,9987600
2019-01-10,131.79434204101562,131.9369133122383,129.59888078500333,130.02656559424221,12514900
2019-01-11,131.214599609375,131.72783303151448,130.59683421473534,130.91997259032482,5860100
2019-01-14,130.3021697998047,131.2810980992841,129.87447057003004,130.19762335509273,8666700
2019-01-15,130.5302734375,130.89143655519126,128.5439052946244,130.16912482202193,7594900
2019-01-16,130.5302734375,131.98441035570207,130.2736712770266,131.53771318451965,7258000
2019-01-17,130.47325134277344,131.07201872442616,129.81746125852771,130.17862437790092,5864900
2019-01-18,131.6328125,131.7278600427648,129.86503552099427,131.45223087007818,10263500
2019-01-22,131.20509338378906,132.6022077856216,130.1881400495481,131.06252210678088,8102300
2019-01-23,130.21665954589844,132.08898265038923,129.39930014748006,131.88940315320085,5465800
2019-01-24,130.87242126464844,131.46168968085442,129.75093613773092,130.31167870118966,4924800
2019-01-25,131.79434204101562,132.96335105352583,130.872436262191,132.10798143504803,9756300
2019-01-28,129.24720764160156,130.69183097954883,128.12570808738752,130.69183097954883,9857200
2019-01-29,128.3063201904297,129.912527556131,127.46044947444805,129.81748003658527,7457700
2019-01-30,130.7774200439453,131.0625336185742,128.79103695999345,129.35179416193523,8078100
2019-01-31,128.31582641601562,129.00012798933645,126.69062105604085,127.72657236762902,20095700
2019-02-01,133.20095825195312,133.39105328441048,128.55341895178213,128.67697782243644,13248300
2019-02-04,134.48402404785156,134.50303645109324,132.27904934268247,132.85880437273,11882700
2019-02-05,135.4629364013672,135.8621098086204,134.7976473892785,134.95921654205625,8455700
2019-02-06,134.4745330810547,135.35841410437212,134.05634719819747,134.92123031935986,6146900
2019-02-07,133.21998596191406,134.06585674556186,132.3075935110351,132.98238164625775,10675300
2019-02-08,133.41958618164062,133.438584086182,131.65180941074036,131.81337861264524,5950700
2019-02-11,133.81874084472656,135.23485315092947,133.48608903332558,134.25592462301995,7600100
2019-02-12,134.94973754882812,135.7195731268166,134.24642363077922,134.75964251536658,6090000
2019-02-13,136.37533569335938,137.52533210115962,135.7860673128435,135.80507971278584,6885600
2019-02-14,136.2991943359375,136.6038510808123,135.5756073277489,136.1278131133307,6314000
2019-02-15,137.96533203125,137.96533203125,136.9275727125726,137.62258410161488,6536000
2019-02-19,137.51785278320312,137.93676852634084,137.11798262680605,137.49880719646245,8406700
2019-02-20,137.7939910888672,137.8987200570839,136.64198696601406,137.43221199391635,5283100
2019-02-21,137.0989227294922,138.079559695147,136.3182135574041,137.4321550888029,8573400
2019-02-22,138.87928771972656,139.26964227146618,137.49878076073287,137.49878076073287,9680800
2019-02-25,139.06019592285156,140.14556180759936,138.82217696104263,139.8694662040118,9731200
2019-02-26,139.99322509765625,140.33597298109888,138.07004236100124,138.24140903896034,7332500
2019-02-27,140.16465759277344,140.42172223130265,138.92695564257423,139.47916157504864,9731200
2019-02-28,141.021484375,141.68794915875904,140.17413736474816,140.2026984809063,6250200
2019-03-01,142.3068084716797,142.74475531962113,141.26904906294058,142.29729294108188,7016800
2019-03-04,140.869140625,142.99226557418538,139.9075347771333,142.87802112791357,6979700
2019-03-05,140.85963439941406,142.13541269035824,140.74538993381492,140.90724110258907,9678600
2019-03-06,140.72633361816406,141.4023138856504,140.35502460574907,140.907230359922,8186400
2019-03-07,139.79335021972656,140.72638082822124,139.04120188614613,140.2027360126013,8761700
2019-03-08,140.28839111328125,140.41215110283196,137.5749689594718,138.46992263904474,5168100
2019-03-11,143.4492950439453,143.7349207611331,140.92629935176248,141.0119827086606,9361500
2019-03-12,144.45846557617188,145.80089601985858,143.63967975883722,143.76345426893624,9465100
2019-03-13,145.16302490234375,146.65777662704897,144.7536246792541,145.00117373008436,8308900
2019-03-14,146.81007385253906,147.2765961875798,145.0011357865035,145.24867024503303,9364900
2019-03-15,148.00973510742188,149.30455899389293,146.0103697807665,146.35311770740668,20162000
2019-03-18,147.53367614746094,148.9141831873953,147.01954706684936,148.4476608035106,9689400
2019-03-19,147.18142700195312,148.47625095755734,146.7529957026597,148.47625095755734,9236100
2019-03-20,146.3816680908203,147.44798843883643,145.39151555730894,146.94338937932702,6391400
2019-03-21,148.33340454101562,149.1712213210885,145.9627306970353,145.97226075213626,7027100
2019-03-22,145.7342529296875,148.21915687668826,145.5247950868138,147.56223676315622,8119800
2019-03-25,145.69618225097656,146.6768193225559,144.277583847927,145.0582931043442,7568000
2019-03-26,147.85740661621094,148.14303232347558,146.40073148944091,146.40073148944091,15594400
2019-03-27,146.8291473388672,148.39055124311002,146.01036147886634,148.019242220989,12253800
2019-03-28,147.25758361816406,147.64793823943248,146.2483854480757,147.50511813218685,16902200
2019-03-29,148.7047576904297,148.79995657706715,147.50513259307345,148.26679632380987,12164400
2019-04-01,149.72344970703125,150.17092653895452,149.0474839583984,149.98051426585477,6420100
2019-04-02,150.21853637695312,150.57079981592216,149.23789934885644,150.10429191621193,6215100
2019-04-03,150.86595153808594,151.4847950540031,150.28518466556093,150.95163488136214,8209300
2019-04-04,150.0852508544922,151.08493349868917,149.02844597820268,150.93259786142514,5100200
2019-04-05,150.09475708007812,151.02780190483918,149.69488695269126,150.42798944999637,4178300
2019-04-08,150.18997192382812,150.28518532401338,148.8285103718353,149.99955965098283,5604700
2019-04-09,149.94244384765625,150.4184818139327,148.97132232874512,149.05700567606868,6364100
2019-04-10,150.96115112304688,151.17060898150544,149.9709985873997,150.41847541887708,3918600
2019-04-11,150.29464721679688,151.6656383360525,149.89477722826732,151.48474165677294,5771400
2019-04-12,151.98941040039062,151.98941040039062,150.2947163010853,151.10398670326526,6745100
2019-04-15,152.75111389160156,152.78919054899382,151.56101859454972,152.17034680553905,8142800
2019-04-16,152.55111694335938,153.37943285265527,151.903712306464,153.32229609570103,6021400
2019-04-17,152.75111389160156,153.35092657012544,152.6273393318984,153.16049970057276,4609100
2019-04-18,152.48446655273438,153.3794201463825,151.38005511684844,153.21755447304267,7859400
2019-04-22,152.71292114257812,152.78908893423653,151.44667337287956,151.57043332274372,4602600
2019-04-23,153.91261291503906,154.12207080168918,152.20838870343374,153.2842392550887,6522900
2019-04-24,153.75076293945312,154.26487760228665,152.9510080352838,153.9982974767393,7376500
2019-04-25,153.3032684326172,153.85547420853516,150.9516397522104,152.82723047346644,8862500
2019-04-26,155.12171936035156,155.2169327613289,152.71296849638335,153.53175435120232,7525400
2019-04-29,156.28326416015625,156.61649655959147,155.28359601690335,155.38832495436645,10003600
2019-04-30,156.5498504638672,157.75899105742215,156.06429693142871,157.07349517190494,6432700
2019-05-01,154.98841857910156,157.7970539105938,154.95034193786347,157.60662712183043,5248100
2019-05-02,153.3984832763672,155.26455866260366,152.74154849994963,154.33152823324897,6054900
2019-05-03,154.2743682861328,154.94083302019158,153.4555824530984,154.5219173110775,4317500
2019-05-06,154.5028839111328,154.85514736361318,150.61841229415944,150.6279423512704,10442400
2019-05-07,152.53208923339844,154.02684087052648,151.07539971335814,153.23661611518753,6413600
2019-05-08,153.0557098388672,153.95066347059043,151.87514507150863,152.11316403622118,5445900
2019-05-09,152.1512451171875,152.18933628806658,149.6377653575977,151.24677593039848,6813700
2019-05-10,153.00811767578125,153.66503781530085,149.73297439676446,151.24677152580807,5192500
2019-05-13,149.7900848388672,151.11346959751603,148.92369238882821,149.65679481020916,9730000
2019-05-14,152.53208923339844,153.77930636172567,150.37087283156905,150.52320846507368,9756700
2019-05-15,154.98841857910156,155.34069651629434,151.4752709557967,151.68472880141695,7547000
2019-05-16,157.210205078125,157.9063000636823,155.29359406348294,155.85617942177814,9745500
2019-05-17,156.46644592285156,157.524876383879,155.61779552075728,155.70361066762842,4582500
2019-05-20,155.87522888183594,157.08622909699764,154.78819355755834,155.7608087055551,4747400
2019-05-21,156.2471160888672,157.2006564007607,155.608245825883,156.93366627742014,9095700
2019-05-22,156.60946655273438,157.93488700841337,155.85616155605703,155.99920133321032,5416400
2019-05-23,154.0063018798828,156.61900776487312,153.34837123810513,155.90385247827552,6138000
2019-05-24,155.08377075195312,155.81800074775057,154.20651555236898,155.18866075135276,4105600
2019-05-28,156.10406494140625,158.06835532976294,155.74171502709532,155.80845527191318,10202300
2019-05-29,155.16958618164062,155.9038161788927,153.9776609814962,155.71311105684322,6456000
2019-05-30,155.1981658935547,155.90379073483223,154.4162706557995,155.2363156416593,4750600
2019-05-31,153.8346710205078,154.59750623333724,153.10044085504572,153.43418580749344,5079000
2019-06-03,151.23147583007812,155.26494664982783,149.46742070673398,154.03487169034383,8034600
2019-06-04,154.7882080078125,154.82634322017628,151.27917192562538,152.84297753022204,6684800
2019-06-05,157.7059783935547,157.71550855550487,155.13142333004703,155.90378839411278,7769300
2019-06-06,159.1649627685547,159.62265808931247,157.27695683929102,158.1732871486009,13738500
2019-06-07,162.14952087402344,163.6370413218392,160.0040553320116,160.19476047021655,10528800
2019-06-10,162.88380432128906,164.0280500754333,162.58819452783067,163.85640520988088,7565900
2019-06-11,162.3974151611328,164.1805305257532,160.5952249201904,163.9612203725862,6082900
2019-06-12,163.61795043945312,163.64655547989253,161.81576014243166,162.46417500874978,6772000
2019-06-13,161.4820556640625,164.19963678979857,160.88132061895848,164.14242669976397,6901400
2019-06-14,161.7776641845703,162.71212968197696,160.99575408989327,161.88255420824964,4999900
2019-06-17,161.6823272705078,162.5023726947692,161.17695196193813,161.84442741194775,6410200
2019-06-18,161.41529846191406,162.74071887755636,159.76567784097685,162.72164399787133,6969300
2019-06-19,162.75982666015625,163.2461270664073,161.34859082544637,161.52022112769745,6323900
2019-06-20,165.6680908203125,165.85879596327095,163.7705404556822,164.49522581887214,11474100
2019-06-21,165.382080078125,166.68842601324965,165.11508988043346,165.21997992594618,11728200
2019-06-24,165.77296447753906,166.61206993375043,164.69545942881112,166.4881196054838,5554900
2019-06-25,163.32237243652344,166.8123332345283,162.6644273377342,166.68836834638844,9899900
2019-06-26,163.11257934570312,164.38078951929165,162.8837390165474,163.4272493481606,7129900
2019-06-27,163.27471923828125,164.3903597645347,162.4070085288876,164.12336961551023,5873400
2019-06-28,165.48692321777344,165.48692321777344,162.5976972510651,163.97079762135627,8442700
2019-07-01,165.85882568359375,167.38448165051398,164.71458007093548,167.18424630698178,6103200
2019-07-02,167.13658142089844,167.17473118968232,165.24857526256002,166.0114105896269,5238100
2019-07-03,168.6526641845703,168.76709891175415,167.5560986856592,167.82308879930486,4066600
2019-07-05,168.4524383544922,168.80524362097853,166.402317913065,167.6896031797721,5840400
2019-07-08,168.0043182373047,168.4048035375875,167.25101302615695,168.10920828379838,6720300
2019-07-09,169.4727020263672,169.62527195605625,167.15560623742536,167.2795565741621,4894300
2019-07-10,170.97933959960938,171.88520013746933,170.2832591294483,170.2832591294483,5110600
2019-07-11,172.34288024902344,172.53358540036515,171.1223498205921,171.75167536503267,6986600
2019-07-12,171.95196533203125,172.92458074552772,170.6074696942382,172.92458074552772,7196700
2019-07-15,172.1807861328125,172.6575563026881,171.58005106281055,172.1712414174976,4490400
2019-07-16,170.97933959960938,172.47640512365385,170.42628438020986,171.99009017131877,6800200
2019-07-17,170.82675170898438,171.8375167245167,170.693256638989,171.21770675321062,3994200
2019-07-18,172.14263916015625,172.22845430015514,170.28323837749167,170.33091830522588,4736300
2019-07-19,170.91259765625,173.39179412766293,170.81723779009565,173.39179412766293,5327100
2019-07-22,172.1807861328125,172.57172661420861,170.81721588103542,171.293986050911,4862100
2019-07-23,172.4954376220703,172.8482574334701,170.7409269297755,172.48590745684837,7193000
2019-07-24,174.8125,174.90784527556417,170.9220548302644,172.39050011277837,8169300
2019-07-25,173.15335083007812,175.44185589995652,172.87683059094178,175.32742118904847,6085800
2019-07-26,175.15585327148438,175.2798181899657,173.74461743366058,173.93532261987357,5056300
2019-07-29,174.69810485839844,175.51815000495054,174.24039509064704,175.3465052045766,4621800
2019-07-30,173.09616088867188,174.8602161759112,172.84824566095153,174.05923130583471,5236600
2019-07-31,169.7301483154297,173.59198886965888,167.8802780788444,173.34405911638365,7981200
2019-08-01,170.84580993652344,173.9257409618203,169.89226965811463,170.8648848160552,8417300
2019-08-02,169.17710876464844,169.98762379400912,166.5739479660269,169.73016385352628,8264600
2019-08-05,161.01483154296875,165.4392583899619,159.2221709459543,164.01847796468218,16858300
2019-08-06,164.46665954589844,164.9148247399285,162.2258481256213,163.80871428020012,10281300
2019-08-07,167.17469787597656,167.5656383539277,162.4260565499535,163.5321668262869,8292800
2019-08-08,171.54185485839844,171.58953477245143,168.36657919058104,169.21522928120297,7602800
2019-08-09,170.73135375976562,171.73257375095812,169.58710857691716,171.32254395176616,5373700
2019-08-12,168.14727783203125,170.34995339822504,167.44166738564095,169.19617788729923,7394400
2019-08-13,170.3118133544922,170.60740848443535,166.11624235231886,166.28787260201415,6667700
2019-08-14,165.44873046875,169.01497552886246,165.11500017787955,168.05190530681924,7293500
2019-08-15,168.3230743408203,169.03926145544978,165.69705492051233,166.40368354826032,6698000
2019-08-16,170.19468688964844,170.69124732534559,169.2111245042959,169.97506027363085,8312200
2019-08-19,171.63662719726562,172.28596315933876,170.0896531878108,172.28596315933876,5285000
2019-08-20,171.15916442871094,172.48649720486242,170.4429773645099,171.3405862454502,3793600
2019-08-21,172.78257751464844,173.49876482197396,172.1141389419849,172.5438484122066,3695900
2019-08-22,171.97085571289062,174.10987325575428,170.5575838105536,173.74700043549095,6659900
2019-08-23,167.32994079589844,172.36235262267354,166.38458320104886,171.45518525988473,7051900
2019-08-26,169.58358764648438,169.6599827014329,167.44458439139308,168.45679337044405,7754400
2019-08-27,170.3379669189453,171.11144675728713,168.96288517484177,170.28067427475196,4022100
2019-08-28,170.6148681640625,170.92044832857053,168.0938900903281,169.01061601298798,4401900
2019-08-29,173.00216674804688,173.2122494783749,171.22602202764213,172.26687719189877,4679200
2019-08-30,172.6679229736328,173.96659478215568,171.5697608002087,173.78517297657362,4061200
2019-09-03,171.1209716796875,173.07855270723877,171.02548880691924,172.38146799548744,4644000
2019-09-04,173.5751495361328,173.9857565738391,171.9326922435733,172.7443624009696,4154800
2019-09-05,176.40167236328125,177.30883987416618,175.11254418598122,175.44675612637806,6386800
2019-09-06,177.36610412597656,178.29237381707918,176.22975174797259,176.41118812037482,7990900
2019-09-09,173.36505126953125,178.61709074050052,171.41701392425048,178.49294696305506,7290500
2019-09-10,168.3994598388672,171.59842002708493,165.97396478841694,171.32150076963396,15255200
2019-09-11,167.0912322998047,169.9082321706355,166.58512788037152,169.4021277512023,9113600
2019-09-12,169.9559783935547,171.32151611388647,168.71458443985253,168.87693301353644,7748800
2019-09-13,169.27801513671875,170.71038957449903,168.08436977190183,170.59578971128755,6103200
2019-09-16,168.1702880859375,169.2111432192087,167.59733255285113,168.22758072507324,4253600
2019-09-17,168.49496459960938,170.22336063154634,167.14852922844796,168.8578374269518,5924700
2019-09-18,167.3872528076172,169.19204382683364,165.0381671360604,169.10610486660067,9542500
2019-09-19,168.02708435058594,169.41171011913667,167.69285780571957,168.25625494513028,6964500
2019-09-20,166.21273803710938,169.6217964106233,166.10769665546664,169.4021551584548,12820400
2019-09-23,167.0243682861328,167.3490362431782,164.99993637032557,165.10497771770645,8803500
2019-09-24,166.61380004882812,169.21117367684266,165.5824886461576,168.17031835621978,10039900
2019-09-25,167.37774658203125,167.75016339776798,164.6180387498109,165.96447438011597,7797300
2019-09-26,167.7310028076172,168.49493858207313,166.73789650042855,167.7310028076172,10419000
2019-09-27,166.1553955078125,168.85780972348334,164.58933374218256,168.73366597220942,9212600
2019-09-30,164.25511169433594,167.54002538125263,164.25511169433594,166.3177339494971,16464000
2019-10-01,166.43231201171875,166.93843092362033,165.02859882283545,165.21957911874142,8146200
2019-10-02,162.1734161376953,165.14320603190237,160.98931483234426,164.8567282645424,10596200
2019-10-03,165.0763397216797,165.33417114567465,161.0275048277363,162.24979625657164,7242800
2019-10-04,168.04612731933594,168.56179016111693,166.5755629704592,166.80473350381698,6027600
2019-10-07,167.01483154296875,167.76922347351234,165.96443250327783,166.78566098856712,5248300
2019-10-08,164.6466522216797,166.766567386965,164.13100387619698,165.74481461264855,5336500
2019-10-09,166.9957733154297,168.0557310300379,165.81167181460302,166.26048365769,6277300
2019-10-10,166.9957733154297,167.96977748603524,165.76392308368307,166.0504008983358,4762400
2019-10-11,169.0774383544922,171.12095817755215,168.8769141378961,168.89600196842517,8754400
2019-10-14,169.36390686035156,170.36657160126845,169.12517785398384,169.3830092607024,7240900
2019-10-15,170.69126892089844,171.3406049359251,169.54537240735067,170.09922554591944,4400200
2019-10-16,169.85092163085938,170.22333832611827,168.3230646170966,169.89867034991582,6509000
2019-10-17,169.91778564453125,171.1114308571956,169.4976201983351,170.82495309198325,4887900
2019-10-18,167.788330078125,170.16606206476686,166.68062380123212,169.87958429372702,6311900
2019-10-21,168.4758758544922,168.76235365873265,166.73793576493514,168.06526883941177,4898200
2019-10-22,163.15699768066406,169.77456056776708,163.08060262905917,169.02018311082645,10094700
2019-10-23,163.59622192382812,164.40789181013596,162.50760365714052,163.28109788413366,7122300
2019-10-24,168.2180938720703,168.8960764263156,165.58251501086482,165.60161742067817,7872600
2019-10-25,169.83187866210938,171.07325826031524,165.67798671159852,167.04351009797182,10130100
2019-10-28,171.73211669921875,172.05678469279587,170.30930096289262,170.86313950682344,10086500
2019-10-29,169.62176513671875,171.88491181291212,169.37347760541348,171.69393149173735,7572800
2019-10-30,171.1687469482422,171.33108097090252,168.43768574464337,169.7745627376499,5374800
2019-10-31,170.7963104248047,171.5984365278601,169.98462583449037,171.16872715628503,6830800
2019-11-01,172.77296447753906,173.14539574779815,171.46473407186832,172.0090432476038,7000200
2019-11-04,170.88226318359375,174.17672139284775,170.74857548895596,173.8711557640468,7154800
2019-11-05,168.41856384277344,171.46474882157105,167.28221124482803,170.9968492136157,7447500
2019-11-06,168.80052185058594,170.15650095423177,168.19892004928002,168.4185466708428,6992500
2019-11-07,170.3856964111328,172.50561161345186,168.8769415857886,169.35439970215117,7227200
2019-11-08,170.90133666992188,171.35969232099615,169.78408657431768,170.33793966434482,3894100
2019-11-11,171.4456787109375,172.22871712859285,170.1660942717552,170.45257209701612,3617300
2019-11-12,171.63662719726562,172.89710888811612,170.81539875820258,171.82760750547163,6118700
2019-11-13,171.32150268554688,172.72523053204284,169.8795700349911,171.3119441991002,6138300
2019-11-14,171.93368530273438,171.95281970210021,170.31717154517335,171.21629857685372,9811000
2019-11-15,171.95286560058594,172.82328396791866,171.29286730136255,172.20155447764182,7808800
2019-11-18,171.8476104736328,172.47891432493773,171.19717222206296,171.76152756534697,7173700
2019-11-19,174.8223876953125,175.02324782943847,172.36413521234718,172.54587554007108,8549900
2019-11-20,173.76065063476562,175.25281283505976,172.50761736644867,174.3823800197976,6040500
2019-11-21,172.06759643554688,173.904104697329,171.52239011491434,173.29193527673496,5112200
2019-11-22,171.6658477783203,172.62236333306873,170.5945550274882,172.29715154731886,6865600
2019-11-25,173.1006622314453,173.46414289908262,172.2780580751368,172.55544122998936,5457800
2019-11-26,174.61196899414062,174.96587518340542,173.33024127520062,173.5693702344927,7079000
2019-11-27,176.35279846191406,176.51540438273025,174.33454971078007,175.0423765972196,11452700
2019-11-29,176.48666381835938,176.8118901700155,175.38667686781787,175.93188309526099,3139100
2019-12-02,173.8849639892578,176.3527759814121,172.04845579410645,176.22843887856223,6883200
2019-12-03,173.99020385742188,174.21977288481986,171.84761798279382,172.07717241492017,4543300
2019-12-04,172.74673461914062,174.71715455017042,172.62238291243287,174.71715455017042,10650400
2019-12-05,173.9806365966797,174.11454820818068,172.23978564716683,173.3684671447793,4638600
2019-12-06,174.24842834472656,175.31016114244045,173.45451872163704,174.79364919002725,14526700
2019-12-09,174.96578979492188,175.29100151798056,173.41623956542296,173.99014003047955,10233100
2019-12-10,174.3345489501953,175.18584735267876,173.99020270900698,174.6119466808792,8625700
2019-12-11,174.0953826904297,175.11886129167996,173.3110475619061,175.10930139087824,7138800
2019-12-12,174.697998046875,175.3579961062484,172.96670725070354,173.7606169021767,11192100
2019-12-13,177.08932495117188,177.45280560579684,174.12412029509585,174.56412396097198,8558100
2019-12-16,178.14144897460938,178.69622970669974,177.69188552955802,178.22753186529548,8249900
2019-12-17,177.45277404785156,178.65797842136334,176.094523679055,178.3901552272496,10208700
2019-12-18,176.85972595214844,178.3327681274301,176.85972595214844,177.4527755400467,8968500
2019-12-19,178.4283905029297,178.46665929532654,176.4771053534597,176.4771053534597,5854200
2019-12-20,179.824951171875,179.98755708905531,178.19887740480058,179.44235073089442,11259500
2019-12-23,178.94491577148438,180.21708309725193,178.86839278249823,179.96837973423,5831700
2019-12-24,179.41368103027344,179.84411023421842,178.7823770803417,178.96411742307416,2420900
2019-12-26,180.93446350097656,180.95358330111728,179.53794454153916,179.71968480974684,5237000
2019-12-27,181.1544952392578,181.6327530559933,180.27450260789695,181.48928154908077,5448600
2019-12-30,179.6623077392578,181.24055247283724,178.98317531376554,181.07794658961078,4833600
2019-12-31,179.7292938232422,179.8249512311545,178.42843189009957,178.92582413975532,5273000
2020-01-02,182.80926513671875,182.82839953626672,180.5136334301571,180.78145664274697,8733000
2020-01-03,181.3553466796875,182.6562083581425,179.74839303205798,180.21709088663084,4899700
2020-01-06,180.9631805419922,180.9823149398052,179.02145512914066,179.82492469405804,10109500
2020-01-07,180.48489379882812,181.83358402045656,180.39881091538803,181.34575182376253,4392300
2020-01-08,183.57449340820312,184.12927427172713,180.59016906192227,181.2501672374124,5712000
2020-01-09,184.8466796875,185.48754352670437,184.14842723512402,184.6075507357697,6748000
2020-01-10,185.3440704345703,186.1092859927244,184.71276650444773,185.08580708219785,6586400
2020-01-13,186.83621215820312,187.09447548211773,185.83186776099853,185.98491377481986,11290500
2020-01-14,187.52487182617188,188.38572996162426,186.65443919448578,188.18486987447739,6236500
2020-01-15,191.11178588867188,191.446557532109,187.78311627797797,188.433539764839,10831100
2020-01-16,192.21177673339844,192.73786314988337,191.09265540847636,192.2596054249457,9983700
2020-01-17,195.7987518310547,195.84658053290073,191.28399676787606,192.98659346764666,12518900
2020-01-21,198.27613830566406,199.3283114417627,194.9379077648334,195.25355970566298,14861700
2020-01-22,198.85958862304688,200.99262893273968,198.2761135196531,198.4865481205669,8065000
2020-01-23,197.5395965576172,199.3378358767107,196.37264641258648,198.85957809908396,8520800
2020-01-24,196.08567810058594,198.94566470864228,195.3300372751895,198.40044386624356,7812900
2020-01-27,192.91964721679688,194.4883323269012,190.44227514207637,191.30313340428734,7198900
2020-01-28,194.0292205810547,194.97616180747306,193.00574174996095,193.5892169258014,7215700
2020-01-29,195.95175170898438,196.96565573024208,193.7039346088246,195.41610540305706,7041700
2020-01-30,199.15611267089844,199.43349576347111,194.47875213104794,195.1291757110221,8571900
2020-01-31,190.31793212890625,195.11007058529876,189.638799552378,192.72835580658813,16699600
2020-02-03,192.077880859375,193.46482545604357,191.15963412576448,191.2457170204276,10885900
2020-02-04,194.7083282470703,196.00919014740674,193.4361606493297,194.65093964187872,10205900
2020-02-05,193.99093627929688,196.65962311116897,191.25530094159035,196.56396570823924,8672400
2020-02-06,194.21092224121094,195.73179314731962,193.6752758370365,194.2204967382447,7001200
2020-02-07,193.92396545410156,194.96656388779513,192.34570605903124,193.19700430415324,5691100
2020-02-10,197.03262329101562,197.16653487053875,193.0822098021813,193.1874270857543,6239500
2020-02-11,195.0718231201172,198.6396227577108,194.7848654779312,198.47701683270222,10231900
2020-02-12,198.4196319580078,199.09874997551614,196.0857311640314,196.0857311640314,7355800
2020-02-13,198.66864013671875,199.69360111210318,197.37548269596826,197.9214786065764,9495300
2020-02-14,201.4369354248047,201.90631203822247,199.2529229585104,199.52113399006197,6548800
2020-02-18,202.3086395263672,202.5960126804007,200.54610561902354,201.15916152663897,7651500
2020-02-19,204.329833984375,205.15362932425973,202.80677509601833,203.5730987218379,5927500
2020-02-20,202.5481719970703,204.69387558870875,199.51162745405432,203.1995523048432,8531900
2020-02-21,200.01922607421875,201.36986945602231,198.68774479740344,201.06333424182426,9231500
2020-02-24,190.42111206054688,195.19146903080636,185.84234696198564,189.55900710353535,13316800
2020-02-25,180.46852111816406,191.4748075627922,179.8171555314069,190.42111074138205,18539000
2020-02-26,179.32862854003906,185.36339233585912,179.15619878268024,182.00116553963875,14214700
2020-02-27,172.4317169189453,178.49523070782763,172.4221431728975,174.45288818190608,17536600
2020-02-28,174.10806274414062,174.65407327433994,165.69769399106607,166.47359138332163,22659000
2020-03-02,184.2331085205078,184.33847821941742,175.39168602621987,178.47612854003563,17434500
2020-03-03,177.91091918945312,185.87107284325688,176.7327052470666,185.06643964437862,15226400
2020-03-04,186.11053466796875,186.30212651560387,178.3323850720939,182.345991647713,10789100
2020-03-05,179.08912658691406,183.84030601390225,177.82469060973492,183.18894053455915,10106900
2020-03-06,176.5986328125,178.16001615394822,172.4030216633572,175.8131469594199,15183200
2020-03-09,163.9256134033203,172.01030070453592,161.22432539283395,164.00224724224302,20486400
2020-03-10,174.91270446777344,174.92227821455364,164.64400598619702,171.91447007155054,16119400
2020-03-11,165.6689453125,171.20561093013637,163.0347180349724,170.1710762817204,14598200
2020-03-12,153.34083557128906,164.75901684519582,150.38092418357908,151.82734982536942,27467700
2020-03-13,168.42774963378906,168.89712642763746,155.3811415252636,161.61707233056632,19948900
2020-03-16,145.61048889160156,158.35057189015174,141.75015000803174,144.77711990979242,23692000
2020-03-17,151.2429962158203,156.8083989782826,142.96673172760245,149.19308855326017,22298000
2020-03-18,142.2291259765625,144.33650509902537,133.91455292104646,142.20997848177873,22787500
2020-03-19,145.8403778076172,150.62988118389362,135.51420969767756,140.734765454538,19362800
2020-03-20,140.64859008789062,151.59739029572074,139.53742154237634,148.3022234965524,18692100
2020-03-23,130.02548217773438,137.31510910193282,128.29166915427805,135.3801450611288,30344100
2020-03-24,148.0244140625,148.71410382928167,137.53540289927162,138.7423526829362,24488300
2020-03-25,154.96922302246094,161.09978359218692,147.1144377248716,152.61279474138883,20619600
2020-03-26,161.77029418945312,162.39292387215943,154.9787663078819,155.25656572920485,17062900
2020-03-27,154.75845336914062,160.06523207067525,151.49200808128552,154.29866507042638,14950700
2020-03-30,158.5996551513672,158.8870137212155,153.92509419640226,154.2603507333611,15714500
2020-03-31,154.33697509765625,161.10934089585876,153.78139086932399,159.42342610191076,20613100
2020-04-01,146.66419982910156,151.4153944795908,145.04534505286222,149.739067990937,12595200
2020-04-02,150.76402282714844,151.6836141270084,144.9208214610986,146.10862384499944,14051100
2020-04-03,145.45726013183594,151.08013383887612,144.25988398526636,149.01106434966596,11994700
2020-04-06,162.30674743652344,163.54243329269883,151.58783293049075,153.2833217895117,16479100
2020-04-07,161.49249267578125,171.27266629387805,161.0231306373753,170.27644127476762,15379000
2020-04-08,167.57521057128906,168.59058333685132,160.86031491456325,163.81065187692732,11146500
2020-04-09,166.37779235839844,169.73044515976412,165.57315919400816,168.8491781773739,12231800
2020-04-13,161.87571716308594,165.0655296788218,159.15526684638007,165.00804333325675,14043700
2020-04-14,167.2686767578125,168.04457427007682,163.63823820770838,165.80308931988876,9980500
2020-04-15,158.97325134277344,162.23010879278308,158.00576200899565,161.59789064492193,12118700
2020-04-16,155.58224487304688,160.92733304604496,153.0725494754121,160.07480192587394,20308200
2020-04-17,162.40249633789062,163.7914642007409,158.0057351430429,162.50786601128465,15375800
2020-04-20,157.3064727783203,160.38132620478117,156.32940985585688,160.2855448932653,10505200
2020-04-21,153.77182006835938,155.72594595942678,152.44991223713183,155.1799354669087,10562100
2020-04-22,159.57672119140625,160.63999186680198,156.06122633905687,157.7279793107718,14502500
2020-04-23,159.37557983398438,163.23591985881532,159.2127384110294,160.81243139508007,11411300
2020-04-24,160.27597045898438,161.64576160067352,157.10530650180607,161.34881468835806,8391400
2020-04-27,164.529052734375,165.09422537182604,161.4541990415471,161.5499803613603,9903300
2020-04-28,164.04054260253906,167.64224502054742,163.2071734283201,167.63267127266766,8614400
2020-04-29,174.1367950439453,174.57743588122972,168.6863512988788,169.40477696094146,12862800
2020-04-30,171.19607543945312,174.17514826549345,170.18070267329833,174.12725029009917,11331600
2020-05-01,168.1786346435547,172.07728293209777,166.93336079747377,167.10577590937172,10109600
2020-05-04,168.73422241210938,169.4909722397855,164.49072882516916,165.66894273290558,9386200
2020-05-05,170.92779541015625,173.47581466327523,170.75536569153113,171.55042499004887,13513000
2020-05-06,171.25352478027344,172.91068927416975,170.39141980149475,172.1539539809225,8540500
2020-05-07,175.02761840820312,177.1924687448082,174.06014395573015,174.09845355280424,9262200
2020-05-08,177.29786682128906,177.93008489736818,175.88975138657065,177.24039510826498,6470100
2020-05-11,175.83229064941406,176.8476632866404,173.7919570112541,176.12923759617934,8683100
2020-05-12,171.9144744873047,176.2441906175504,171.81867855141306,175.83228563290552,8219700
2020-05-13,169.91873168945312,173.7567515709431,167.9517435720127,171.27163721149049,13377100
2020-05-14,173.57440185546875,173.71833635120086,166.7811211706227,168.81526653722176,9695100
2020-05-15,176.05955505371094,176.6832273670617,171.6266325686317,172.69168356714573,10785900
2020-05-18,183.62998962402344,185.02126832486587,179.8783232347228,180.38685948647296,11802200
2020-05-19,181.69183349609375,186.6236876905586,181.56709318427755,183.39975090625865,7446800
2020-05-20,186.0095977783203,187.0938428679609,184.61831877144343,185.18442307948118,9545600
2020-05-21,182.90077209472656,185.77928605097156,182.32507808800503,185.6641501778031,11338100
2020-05-22,183.13111877441406,183.62046103736597,181.5671209915228,183.26544888429598,5807600
2020-05-26,185.3955535888672,188.32204670891684,184.9541748556449,187.8710781966034,9662200
2020-05-27,185.01168823242188,186.44134074896814,180.8858154298522,186.44134074896814,7650300
2020-05-28,186.3934326171875,190.26023652513155,184.9062116071199,185.70258785856328,8352200
2020-05-29,187.33367919921875,188.772936067139,185.45304378314995,186.62364054032867,10211900
2020-06-01,186.4797821044922,187.94782342182282,185.68339128514245,186.82520445215133,6011300
2020-06-02,188.40841674804688,189.52144614670559,187.0267271001789,188.00542637423297,8462100
2020-06-03,188.8977508544922,190.11632634386865,187.65040602632823,189.98199622510245,8879400
2020-06-04,185.7985382080078,188.5043491986462,185.29959153382018,188.04377628052669,7829800
2020-06-05,191.5267333984375,191.68025766396474,187.56397430968445,188.25481886367723,8561200
2020-06-08,191.5171661376953,191.86258845530094,189.14718808318372,191.4979719420279,7628100
2020-06-09,191.0182342529297,193.50334839114066,190.21225366338277,190.32738956449444,6892300
2020-06-10,192.361572265625,193.99272795586683,190.89353068031883,191.805057568317,8405300
2020-06-11,181.2312774658203,188.40836951419172,181.10653715250064,187.23777244715401,11974600
2020-06-12,184.47438049316406,187.10342881492159,180.24297561472676,186.34542649401791,11706300
2020-06-15,183.99464416503906,184.68548882605592,178.6694039776172,179.42740636465626,6752700
2020-06-16,185.06930541992188,190.34658224510653,184.03303839552515,188.88813073215383,11057200
2020-06-17,185.72177124023438,187.45847281474627,185.24201877696,185.81772758924257,5968900
2020-06-18,186.05755615234375,186.38378422997766,184.33044479887076,184.8006073631405,5803200
2020-06-19,184.4168243408203,189.1184067654018,183.6204335795791,188.91690431026873,11483300
2020-06-22,187.0650634765625,188.4083643490179,183.54366795349733,184.21533303060647,6674500
2020-06-23,189.95318603515625,192.04489968745,187.89025635856322,188.30283643752867,9866800
2020-06-24,183.65879821777344,189.48298413595657,182.96795366221357,189.04162017266432,9453100
2020-06-25,186.12477111816406,186.37425178205382,182.2099890597431,183.3614067434841,9936600
2020-06-26,181.60546875,186.26866243650537,181.42316050433868,185.2803737119124,11836000
2020-06-29,183.62998962402344,183.6971473307885,179.71520921443292,182.21951673230046,8020400
2020-06-30,185.3475341796875,185.90404870173904,182.45943010025115,183.73557319792232,9040100
2020-07-01,185.932861328125,187.43929107287167,184.858220507999,186.00003369982443,6394100
2020-07-02,187.746337890625,189.9052240980505,187.10347131020885,188.06297629128684,6299300
2020-07-06,189.75167846679688,191.11417362993177,187.75590657349318,190.6823993651376,7292200
2020-07-07,186.33580017089844,190.84546909939434,185.96159394289486,188.84010789396194,7660100
2020-07-08,187.1706085205078,187.60238275269344,185.29956244623443,187.18019829779857,8368000
2020-07-09,184.4264373779297,187.573612178096,182.25794700305536,187.10344952140147,8548200
2020-07-10,184.752685546875,185.01175598912724,181.76862449411863,183.88912228632887,7674200
2020-07-13,181.36558532714844,187.28572766174068,181.0585367907287,185.76970845514842,8564100
2020-07-14,185.50106811523438,185.63539820404264,179.600104703365,181.8261629074808,8003900
2020-07-15,188.5906524658203,189.76124937576242,186.6236648947943,187.32409922914331,7681100
2020-07-16,185.66421508789062,187.7847275523305,184.72390429955456,187.42011097198454,5064000
2020-07-17,187.1897735595703,187.65034636967607,185.29954807729183,186.94030760142317,6395000
2020-07-20,190.43295288085938,191.40204763143748,185.827326089096,186.8540034363115,6985300
2020-07-21,188.52349853515625,192.0640735808817,187.75589176889122,191.9009595221936,7218700
2020-07-22,190.80712890625,190.9414589952848,188.30282074283738,188.52350275177704,6823400
2020-07-23,189.4350128173828,192.81247358427814,188.47550808231213,190.40412196996763,6106700
2020-07-24,187.24737548828125,189.4830236634962,186.17273468473456,187.7463221360206,7160300
2020-07-27,188.93609619140625,189.79964466652405,186.33583170687976,187.25696276910273,5604700
2020-07-28,188.77301025390625,191.29649833157987,188.74422627650614,189.68453703363855,6897300
2020-07-29,190.53846740722656,190.83591155653565,185.23240696581567,185.2707807163246,9471300
2020-07-30,186.20152282714844,188.6002851322305,184.34008093586345,187.29535785263053,10499400
2020-07-31,182.68971252441406,186.80599641581563,181.76859609281655,186.5469260140431,14180800
2020-08-03,182.968017578125,185.5107000660696,182.50745926049228,184.03306875325904,11405200
2020-08-04,184.50318908691406,185.1268760507239,182.38269147625576,183.39017454019262,8204000
2020-08-05,188.15890502929688,190.1546622130399,185.2803905085481,185.72175453616902,8876800
2020-08-06,190.7207489013672,190.8646687466821,186.90190974237777,188.04372265147424,7480300
2020-08-07,188.40841674804688,189.9628102814556,187.3913437130567,189.58860388856516,5654000
2020-08-10,188.82095336914062,190.27940484351987,187.4200844842181,188.40837331043454,5525400
2020-08-11,189.7613067626953,194.6739676468889,188.38920700801643,189.80928494057216,11549600
2020-08-12,190.69200134277344,192.12165421547564,190.21224891228118,190.94146733591177,5432500
2020-08-13,189.86553955078125,192.13339452128437,189.33701123208093,189.43311262203133,7014800
2020-08-14,188.9622802734375,190.33645420022881,188.12625371891767,189.31782909997736,5014400
2020-08-17,191.64334106445312,192.63313868192077,189.02955569347804,189.59651589786904,6256200
2020-08-18,191.2397918701172,192.2872447450424,189.13531116782988,192.1719200882035,6519900
2020-08-19,193.14244079589844,194.92019957710662,191.13403276543954,191.1532559800465,9467600
2020-08-20,196.1790313720703,196.45771663845952,191.80669620348854,192.09497108180128,8849200
2020-08-21,196.15988159179688,197.13044151993208,195.40071841675385,196.51543049024866,9998300
2020-08-24,198.35081481933594,198.3892465850014,196.67874708407157,197.00546841278484,6159600
2020-08-25,199.97483825683594,200.07092500558602,197.51477994796255,199.10036526401473,5828300
2020-08-26,202.0504913330078,202.5694154967861,199.20607136028403,199.974838666945,7035200
2020-08-27,202.79042053222656,203.895513396874,200.8877329116879,202.96340013210244,8619600
2020-08-28,207.2877197265625,207.72014677390283,202.97302420354816,203.722568329076,7349800
2020-08-31,203.712890625,207.52788380155468,203.29967227945008,207.1242697289665,9326900
2020-09-01,205.0198211669922,205.5387305824464,202.8768802692282,203.9243327005761,5642900
2020-09-02,208.02761840820312,208.86365956709437,205.42343751651453,205.76938204291406,9863800
2020-09-03,200.80120849609375,206.5380976487562,199.00421227034943,206.5380976487562,11310200
2020-09-04,196.6691436767578,202.28111992173328,192.33522526227523,200.34960476791235,13243600
2020-09-08,192.30633544921875,194.35317456323506,191.43187742696395,192.94056935257754,14186900
2020-09-09,196.092529296875,198.2354554350996,194.06491309844304,196.3712145353922,7532600
2020-09-10,193.67091369628906,198.91773578763073,192.62347599797982,196.8612921491004,7243000
2020-09-11,192.84449768066406,194.50696086492118,191.14361740012058,193.70936622656396,7439000
2020-09-14,196.97666931152344,198.35084340612687,195.20851457575668,195.41032169787997,11730500
2020-09-15,197.37062072753906,200.08052187993817,196.77483309673434,198.67752060315416,6328600
2020-09-16,197.12081909179688,199.63851797164406,196.94783946589672,198.6679581328752,6135000
2020-09-17,197.25534057617188,197.55323443657744,194.11301196982734,194.92983001411523,7474900
2020-09-18,194.69915771484375,197.68772934262134,193.8439080676927,197.44749051293832,9084100
2020-09-21,189.74063110351562,193.39226436955622,187.0980038885279,192.1045877184676,9656000
2020-09-22,192.7292022705078,192.873354370533,189.11601544030617,190.35564138763922,7543100
2020-09-23,187.74183654785156,193.23850216217284,186.9730840207415,192.9598315705476,6310600
2020-09-24,187.885986328125,189.9520343795433,185.58930372360769,187.53042289255387,9865300
2020-09-25,189.54844665527344,190.40369634770437,185.9544682942522,187.4055202866908,5496100
2020-09-28,192.49859619140625,193.84392791013767,192.02772275834226,192.7964900246242,5565300
2020-09-29,191.6529541015625,194.47816542358328,191.5856801829352,192.74844270979338,5513500
2020-09-30,192.16224670410156,194.63189438270325,191.1244131439019,193.0078921227121,9157600
2020-10-01,195.41026306152344,197.18802154088834,193.76702307251819,194.31477462319128,7234600
2020-10-02,193.59410095214844,194.9106052913816,191.6145203106291,192.19109947425878,6019700
2020-10-05,195.5928497314453,195.6985554087596,193.20008024235415,194.7952696770918,6090500
2020-10-06,192.62351989746094,197.09197160452416,191.91242223816855,196.14062041612615,5841100
2020-10-07,194.56468200683594,194.8721801748592,192.18151621833485,194.1130317006296,6713400
2020-10-08,195.05470275878906,196.32317079349394,194.33398628352882,196.034881270787,3955600
2020-10-09,198.57180786132812,198.99463055060178,195.72737364631465,196.0348863887008,5562900
2020-10-12,198.34120178222656,199.8499088980253,197.69736338130514,198.8601259437563,6622700
2020-10-13,196.3424072265625,197.19765691494203,195.10276659435127,195.43910683732707,5621700
2020-10-14,194.30517578125,196.96702630152032,193.27696114477266,196.71718318027712,5320000
2020-10-15,191.75863647460938,196.707550492848,189.8847765387236,193.1616230263948,8885500
2020-10-16,192.44090270996094,194.73758528579364,191.62409950442205,192.1814553368561,6385900
2020-10-19,189.27938842773438,193.21931147700045,188.82773821164236,193.007900113595,7449600
2020-10-20,189.98085021972656,191.86432896370624,189.02951390541682,189.83671279725948,7427000
2020-10-21,190.68238830566406,192.5946949840094,190.1058238171448,190.1058238171448,6067200
2020-10-22,190.2595672607422,191.97006672070287,188.11662613505925,191.55684826886107,4908200
2020-10-23,190.27877807617188,192.0757746884732,188.36648616826358,191.9508457912874,5877200
2020-10-26,185.5316619873047,188.75085370785325,183.273410982355,188.34725420839712,12608700
2020-10-27,182.63914489746094,186.13702127593305,181.83194604004728,185.46435556142166,8690400
2020-10-28,173.80799865722656,177.48845960199424,172.33773806698719,176.79657054035033,17809500
2020-10-29,177.65184020996094,179.6986801357584,172.33775741962936,175.85485810076892,16820900
2020-10-30,174.615234375,177.02722745681893,172.23205412278546,175.52813918840445,10252900
2020-11-02,177.52688598632812,179.62176148539143,176.71006812263002,177.30585571171883,8057100
2020-11-03,180.98634338378906,182.1298826992593,177.93051213409348,179.53530595342005,6467900
2020-11-04,186.39651489257812,189.19289854741274,184.0517814361401,185.35868133007202,8102700
2020-11-05,189.92324829101562,193.14245514660794,189.5869079939773,190.61513743811,7132100
2020-11-06,190.7208251953125,191.88357305328805,187.79951247942472,189.64455980683604,6180500
2020-11-09,204.3760223388672,209.15197266558678,203.99164597842633,206.30755240708078,17916900
2020-11-10,204.98138427734375,205.70210079306065,202.32915277819103,203.6648801341324,7943600
2020-11-11,204.39520263671875,205.91351386877483,203.40541978655168,203.88589746772075,5337200
2020-11-12,200.43011474609375,204.54919987561658,199.35222770213923,203.48093157844394,7302500
2020-11-13,202.566650390625,203.33657599774364,199.50621482584296,202.018088124438,6377500
2020-11-16,204.7032012939453,207.00334484435007,203.86591503088195,206.5029056470603,12083200
2020-11-17,202.7880096435547,204.11611623682384,201.6234951670606,202.64364033475618,7268800
2020-11-18,200.01629638671875,203.2114679746031,199.86230832136982,201.83523818896123,6977900
2020-11-19,199.76605224609375,200.88242886991205,197.8027413669319,199.44845740725557,5657200
2020-11-20,196.2147674560547,200.2857288458008,196.14739218377284,199.3425778296061,9653500
2020-11-23,200.3339080810547,201.1423234643315,197.00398564263637,197.00398564263637,6101900
2020-11-24,201.79673767089844,205.78110184080867,201.527265893964,202.9227625707229,10110800
2020-11-25,202.9612274169922,203.98137254560828,201.01716867683,201.78709423893363,6772900
2020-11-27,203.06707763671875,204.05835176980503,200.95941225381048,204.02948084826718,3512900
2020-11-30,202.44155883789062,202.62440314638718,198.83254612757722,201.66199975697026,7725500
2020-12-01,203.25958251953125,205.63671994470783,203.10559446066816,204.15462526220202,8047900
2020-12-02,202.27793884277344,203.45207216140082,200.64185600562212,203.06711667681594,9728900
2020-12-03,200.22799682617188,203.17294838811816,199.80453705136244,201.89295031793802,9203300
2020-12-04,204.68392944335938,204.72243379951854,200.67070939264917,201.85447604024327,5720100
2020-12-07,204.6550750732422,206.43552721934122,203.8370410025534,204.00064781669116,10624500
2020-12-08,204.77052307128906,205.11698879393518,201.99879729012022,202.05653912971013,8646200
2020-12-09,201.7004852294922,205.47310440053482,201.09416645169836,205.21325139789334,6251100
2020-12-10,199.80455017089844,201.43101410134582,199.45808439467822,200.67070726889446,10492000
2020-12-11,198.48609924316406,199.11165563187996,196.81151189928786,197.63917948049863,9227600
2020-12-14,199.4580841064453,203.35582041201286,199.1886123570089,200.0355319610142,11967700
2020-12-15,200.52633666992188,201.5657339157647,198.4090525106604,200.69956220167512,9796100
2020-12-16,200.4397430419922,201.26741048242357,199.3522225940124,200.6418395150004,7504400
2020-12-17,203.24034118652344,203.81778909551988,200.99795420702247,201.1423088417164,6517200
2020-12-18,203.36544799804688,204.0102564754482,201.97958483492957,203.08635749010972,13298200
2020-12-21,201.1519012451172,201.9122080485592,197.09055828970466,200.4397322270826,7576700
2020-12-22,198.10108947753906,200.5648395476896,197.87012208665544,200.55522080143902,7396200
2020-12-23,197.58143615722656,199.5351140347168,197.39857714754132,199.5351140347168,6523100
2020-12-24,200.8535614013672,200.96905978072743,198.83252332642078,198.8710129961351,3367900
2020-12-28,204.6358184814453,205.43461498306127,201.0941666994024,201.96033848090462,5816200
2020-12-29,206.3103790283203,207.14767983773712,205.51158257238214,206.54136109386772,6093400
2020-12-30,210.15042114257812,212.10409900114072,207.54230129175136,207.8791483784462,8875100
2020-12-31,210.50645446777344,211.55548514956257,208.071575469737,210.1888596395372,5922200
2021-01-04,209.57293701171875,211.96932651181734,206.18528797400242,211.96932651181734,10318300
2021-01-05,206.4451141357422,210.24661868937804,205.60782801451398,208.17744290820403,6869700
2021-01-06,204.62620544433594,208.04274043859476,204.0968953244017,205.7618490883509,7206200
2021-01-07,205.771484375,207.12847679742833,204.222014194842,204.222014194842,10967900
2021-01-08,207.3498077392578,207.99461624927994,204.75132151951053,206.11793257307968,6513000
2021-01-11,204.88601684570312,206.78195232622463,204.49142800892085,205.91579531948506,7353100
2021-01-12,201.007568359375,204.78980655299966,199.66982826305326,204.35672797370745,9331600
2021-01-13,201.47914123535156,203.0671008418245,200.78620966904467,201.5368830850256,6688500
2021-01-14,194.27072143554688,203.2691977342911,194.145604313295,202.6532602391491,12887500
2021-01-15,194.01089477539062,195.61810666544534,192.89450332483793,193.96277166913902,8755000
2021-01-19,194.0782470703125,196.49387399283825,192.54802939451065,195.41598702901936,9772000
2021-01-20,198.2647247314453,199.4003684116879,194.6268409517939,195.3967666305008,12675700
2021-01-21,197.42742919921875,199.38110688990105,197.05209246763718,198.30321980127914,6513500
2021-01-22,194.4247283935547,197.6102811244861,194.21299848227437,196.32066416313128,7316200
2021-01-25,193.423828125,194.0590178832622,188.39046253537487,192.80789054626064,19282400
2021-01-26,194.4150848388672,195.8394522924275,193.41419187092782,194.17448401449525,9605300
2021-01-27,187.63973999023438,192.1919026968739,186.6677181126752,190.20935459278124,13772400
2021-01-28,190.76756286621094,194.4054457757203,190.719439769344,192.48063938190128,11041300
2021-01-29,185.9844512939453,195.41600725906906,185.56099146143336,190.38264174467824,21503000
2021-02-01,190.90231323242188,191.72036188599876,187.6878898349163,187.8033735280863,12970700
2021-02-02,194.99253845214844,196.6671255258894,192.48066518409166,193.29871388516779,11305100
2021-02-03,193.78953552246094,195.85869681225492,193.42381755705924,195.4352516816591,13458600
2021-02-04,201.38290405273438,201.79673045068054,195.46412923418902,195.59886511783543,14534800
2021-02-05,200.92095947265625,202.22982866805378,200.81509451254652,202.08545934875306,10284000
2021-02-08,199.1116180419922,202.73024916139738,198.16846692033238,202.10469289077903,8637100
2021-02-09,198.7555389404297,199.82380721938813,196.04155451303447,198.02410301440918,7619400
2021-02-10,198.6785125732422,200.15098824711677,198.19731098870523,200.15098824711677,8467600
2021-02-11,203.05462646484375,203.9510439722634,199.70990136537694,199.84484641083498,8411100
2021-02-12,202.37986755371094,203.50762554045897,200.18216835246605,201.80152333634578,6911000
2021-02-16,200.39425659179688,203.4305421207069,199.8641248066011,203.05462273612642,9652700
2021-02-17,200.01837158203125,200.76057679992869,197.6568255700766,197.84960213490592,8373200
2021-02-18,201.7919464111328,202.12930170955363,197.5604369974535,198.44722092768353,7328600
2021-02-19,197.3386688232422,201.96537830572558,196.40368736646914,201.7822354852169,15011500
2021-02-22,200.79913330078125,203.04500152209542,195.77722087828607,196.20133812952588,8337700
2021-02-23,204.45223999023438,206.18725792838993,199.09297379852399,199.91227761105276,10571700
2021-02-24,211.50799560546875,212.56828860949824,203.6618714993711,204.69324875855494,12039000
2021-02-25,206.03309631347656,212.49120680020022,204.90533797228872,211.37308213943126,11404300
2021-02-26,204.72210693359375,207.44030384795545,203.13168258269883,206.32217966866187,11730000
2021-03-01,208.80911254882812,209.93687081792564,207.03553003522353,207.2090392270352,6982000
2021-03-02,207.9801483154297,210.06215554343575,207.06444871732833,209.1271885868238,6155200
2021-03-03,207.09332275390625,209.34883870959237,205.17516199909895,207.38248015240117,6484600
2021-03-04,203.86428833007812,209.18500578910528,201.13645708061816,208.17291063595624,10658900
2021-03-05,207.63314819335938,208.29823977097715,202.06182224425592,206.01379286856294,7582000
2021-03-08,212.31771850585938,217.9661587650869,208.01872894013627,209.14648731425984,14750400
2021-03-09,212.40443420410156,216.8769176055168,212.2405734090818,214.0430568622062,9228600
2021-03-10,215.1129608154297,216.09614018942133,211.47906384007567,212.75141534852435,7822900
2021-03-11,217.98538208007812,219.99029035381992,215.72986578758355,216.42387306341365,10053400
2021-03-12,216.26004028320312,218.3613297403212,215.35397429420416,217.14682420429125,8172400
2021-03-15,215.2093963623047,218.89147712003466,213.73463438162352,216.13472971477876,9306100
2021-03-16,216.5877227783203,217.43595711828812,214.27437511574266,215.63347385376227,8949300
2021-03-17,214.9683837890625,218.07213432691879,213.75386375639346,216.92509416624503,8675600
2021-03-18,212.69361877441406,214.48646865283644,211.65260774424223,213.4358092349254,9321800
2021-03-19,199.43035888671875,212.2212810353643,199.41109152911616,211.20918586077974,32209700
2021-03-22,200.4906768798828,204.6257906190507,198.78457421321946,199.09302846821532,11371600
2021-03-23,200.63525390625,202.37992069384438,200.00872642951362,201.50277046008682,8820700
2021-03-24,200.55812072753906,203.5172778266765,200.42316098429652,201.21356383977326,10101600
2021-03-25,200.4617919921875,201.28111086373096,198.35085382180364,200.17261976058919,8390800
2021-03-26,205.82102966308594,205.9848904712777,200.201505536897,200.73165209746358,7399900
2021-03-29,206.76559448242188,207.51743316326127,203.4979833824954,204.77996849415865,7792300
2021-03-30,204.24984741210938,206.41861650089825,203.7775471125001,205.31977408422816,5498000
2021-03-31,204.0860137939453,206.38009455314193,203.91251930353985,204.87641680465995,13180000
2021-04-01,209.03076171875,209.87899601946378,204.63539253851494,206.06195637415675,6138400
2021-04-05,211.13211059570312,212.54904115550224,209.46457197046342,210.70800803293653,10440500
2021-04-06,210.7561492919922,211.47907230311208,207.56565142284805,209.76333620002003,7828100
2021-04-07,211.35377502441406,213.05986273592086,210.7465149903385,211.20918159787374,5614300
2021-04-08,212.732177734375,214.77565045905624,210.23568671080358,212.02853666956523,11042000
2021-04-09,214.48641967773438,214.56353322249944,211.58507954908052,213.02129174300805,5724900
2021-04-12,213.4743194580078,213.89843658999564,211.3055507031738,212.28872999024512,6315200
2021-04-13,213.04058837890625,213.6189179423467,212.26946758641316,213.02130631441983,4764000
2021-04-14,213.9659423828125,215.04551748050957,212.12490951263314,213.0213270417464,4972600
2021-04-15,218.11070251464844,219.41196988792632,215.77807257139108,215.80698831676108,8698100
2021-04-16,218.2360076904297,219.57582445021262,217.60946557340907,218.96856439886054,6829400
2021-04-19,217.63839721679688,219.36378187645926,216.9540382685905,217.5998477905504,6541600
2021-04-20,215.21896362304688,217.24315360724447,213.81168196065752,216.66480940950117,5799100
2021-04-21,219.23846435546875,219.6432995052913,214.8238124246791,215.24792964103813,9490600
2021-04-22,219.35414123535156,222.5928224219515,218.69868334670113,219.09388481574717,7303000
2021-04-23,221.69639587402344,223.45069615334353,219.4890773604958,220.35657911336193,5345200
2021-04-26,222.0241241455078,224.53989695416274,221.23373592362805,222.43860767666382,5650000
2021-04-27,221.60963439941406,222.8145060386942,220.7228506378526,222.68919468167923,6642100
2021-04-28,225.0218048095703,227.74000205080907,222.34217169385656,222.61206174091373,10111400
2021-04-29,228.30873107910156,228.92562480605213,224.73266537381022,226.73757366337622,7411400
2021-04-30,225.1278533935547,227.4122853119605,223.90369969151482,226.82432207238932,10260200
2021-05-03,224.212158203125,227.22916154829622,223.03620228555246,225.60017270963067,8174400
2021-05-04,223.6531219482422,224.00012561514728,221.91810361371674,223.2386531086124,5884500
2021-05-05,220.93495178222656,225.40743558046344,220.40480521723873,225.40743558046344,6523200
2021-05-06,222.96875,223.21935802507596,220.4047794278192,221.3397610672392,6124100
2021-05-07,223.7398681640625,224.80016122695005,222.38078395715272,223.95192677664,4528700
2021-05-10,217.81190490722656,223.62420527281407,217.03115033690997,223.23865218136885,9627400
2021-05-11,217.339599609375,218.24566559357848,214.02378992586793,215.66242740772103,7633300
2021-05-12,212.66470336914062,216.87693060366792,212.3562491191528,215.55639577718952,7721300
2021-05-13,215.97567749023438,217.095411445437,213.22457360203458,213.82305336509734,6650100
2021-05-14,219.0646209716797,219.61483289741747,217.11471586219122,217.98349246547832,4777200
2021-05-17,218.58200073242188,219.27701621402522,217.5008720851603,218.3310139183982,5534200
2021-05-18,217.74215698242188,221.22686670269226,217.60700119676773,220.4642881836565,6900000
2021-05-19,216.79617309570312,217.04715988529372,214.09333701139187,215.02967681269902,9311900
2021-05-20,218.58200073242188,219.70174953381317,217.42364650617404,217.61670308900315,7478600
2021-05-21,218.90052795410156,221.35237723248457,218.68816131629615,219.00671127300427,5603900
2021-05-24,221.3620147705078,222.1245932629561,219.73065974936546,220.03954726921427,4040100
2021-05-25,221.0724334716797,222.2018297582086,220.49324909071942,221.92188524001187,4689100
2021-05-26,219.19007873535156,221.39095553911642,218.5240211998732,220.1360660245178,4295600
2021-05-27,218.98739624023438,220.49325801656542,218.5143951523268,219.85615811757268,5969600
2021-05-28,219.41212463378906,221.4681982923032,219.26732117126747,219.69205442783067,5779700
2021-06-01,218.765380859375,222.09565434516585,218.4275208369199,221.47786452382863,5091500
2021-06-02,221.69021606445312,225.02048932353912,220.84074959446428,221.2654828294587,9081100
2021-06-03,220.19403076171875,222.3949080577683,219.86583312073833,221.05314501562168,6382400
2021-06-04,222.15359497070312,222.6941592843659,220.79252178355534,221.39101632734446,5085700
2021-06-07,223.2926025390625,226.53598767605132,222.09562845569556,224.7695063886804,5421300
2021-06-08,223.997314453125,224.76955549079517,222.1729025503815,224.09383537703835,4170600
2021-06-09,224.24826049804688,226.70012440332388,224.06485161584848,224.43166938024527,4659000
2021-06-10,225.8313446044922,226.13058446939726,224.07451083374235,225.010850576409,4452500
2021-06-11,226.80630493164062,227.26964360305413,225.59968306807468,226.25607829180458,5378300
2021-06-14,225.9568328857422,227.05727140916014,223.53394154564984,226.55531260202918,5805800
2021-06-15,224.8949737548828,226.6518220119003,224.54746611774027,226.30431437475775,7093800
2021-06-16,221.6322784423828,226.05332736338806,220.08779678377167,225.5127632016548,8905400
2021-06-17,224.09381103515625,225.242517428639,221.25584872859264,221.25584872859264,6876700
2021-06-18,222.41421508789062,224.1227811698014,221.26550863091674,222.45282050954177,8840000
2021-06-21,226.18846130371094,226.85450404132283,222.40448307823107,223.4180481482965,7298400
2021-06-22,227.74261474609375,227.89706586934628,225.14597704160062,226.16918995692657,8858400
2021-06-23,226.53602600097656,227.73300028684528,225.82171522798095,227.27930925191845,6814700
2021-06-24,228.04190063476562,229.98214342576728,227.24070189330382,228.77552147704867,4611500
2021-06-25,229.0843963623047,230.20413020252352,228.11909891880117,228.19630975252377,7825200
2021-06-28,225.96649169921875,230.09796388412437,223.81388236546104,229.7408085170235,9301700
2021-06-29,227.761962890625,228.31218958570977,226.02442428676815,226.42986223539498,11897700
2021-06-30,225.70584106445312,228.1962953497477,225.70584106445312,226.9510682071004,7797100
2021-07-01,226.9897003173828,228.05153345480664,225.92788190922982,226.07267064193724,5329600
2021-07-02,230.3489227294922,230.4937114474413,227.63643939860324,227.6460870700434,4383700
2021-07-06,231.28526306152344,232.26020813353367,228.9782028633993,231.18872742976149,8048700
2021-07-07,231.67138671875,232.67528958031906,230.03038400867953,231.92235875182473,4366100
2021-07-08,228.3990478515625,228.84309119369328,226.41053730785907,228.7465555495388,6388000
2021-07-09,230.1945037841797,231.1404912419593,229.18093842906583,230.47443358776243,5615900
2021-07-12,229.61529541015625,230.23308517739466,229.03612578858457,229.3353656357871,7010700
2021-07-13,233.9398651123047,234.06534377681544,229.982139299802,229.982139299802,8079200
2021-07-14,237.4535369873047,238.24507327694965,234.39354568420165,234.77965879194005,8693400
2021-07-15,239.9246826171875,240.1660069781524,236.79711359654476,236.79711359654476,10135100
2021-07-16,239.50962829589844,241.76843580338746,238.93045859160463,241.31474476725774,8674500
2021-07-19,232.06715393066406,235.96694898715236,230.60954541447012,235.52292042683322,11474600
2021-07-20,234.2777099609375,235.7353186727527,231.19840845232713,232.2891993856556,7072300
2021-07-21,235.2043914794922,238.33194594071776,233.89158629537565,234.84722138996307,11241400
2021-07-22,235.667724609375,236.8357410332795,234.7120748079986,235.32021692971725,10293600
2021-07-23,240.3783721923828,241.33400722949833,238.19679055524884,238.19679055524884,6766000
2021-07-26,241.565673828125,241.6718571310664,239.10416251758895,240.56177101517238,4879000
2021-07-27,242.22210693359375,243.9017299716209,239.6061588238387,240.5424986248383,7038300
2021-07-28,238.37057495117188,242.77232934119158,237.3763196713767,241.37265086539685,9036500
2021-07-29,239.31655883789062,241.6911972124828,238.52502253254067,239.4999677229502,7495300
2021-07-30,237.83961486816406,239.83778746439788,237.46314948863332,238.63116576984183,5804700
2021-08-02,231.4590301513672,239.2296778641083,230.09795716027878,237.69485839548727,9989500
2021-08-03,228.86236572265625,233.01314764614756,225.90855792316034,232.27952689682326,9839000
2021-08-04,228.45697021484375,229.30643677527402,226.89319289157143,228.7755201750051,8171800
2021-08-05,231.8741455078125,231.912750931354,228.22530698905436,228.39906821817266,5337500
2021-08-06,233.02279663085938,234.18116534479356,231.53624505090656,231.67138610362954,4509700
2021-08-09,231.67138671875,233.77572807806231,229.78905964751416,233.36065724690755,5226900
2021-08-10,229.80838012695312,232.9648923088571,227.3854740044042,232.16369362599522,7185700
2021-08-11,226.90281677246094,230.08830131078574,226.43947811956994,229.81801920249347,7375700
2021-08-12,224.0513153076172,226.29386549343496,223.30703360313208,226.08120936376775,9867000
2021-08-13,224.88259887695312,225.48190920722686,223.67433214163884,224.2543060743296,5445400
2021-08-16,227.50213623046875,227.6181251216422,222.51440741910463,224.45730984236235,7575900
2021-08-17,226.69985961914062,227.80179840285422,225.43359831278175,227.15416913736345,6850500
2021-08-18,223.8966827392578,226.52587255717572,223.74202104423887,226.11022109548117,4996500
2021-08-19,223.8386688232422,224.66994217563158,221.25779810379933,221.3931233878336,5761300
2021-08-20,223.63565063476562,224.4089442141124,222.6110429106041,224.12861810129192,5522200
2021-08-23,226.32284545898438,226.8158129496158,224.25429351395888,224.9309198979674,6342000
2021-08-24,226.4195556640625,228.3044490734428,226.13922948433182,227.19283467863264,5081800
2021-08-25,224.8245391845703,227.15408031401657,224.3315718093979,227.15408031401657,5277100
2021-08-26,222.82374572753906,224.86330078034146,222.46608870686808,224.37999403559542,5889100
2021-08-27,224.92127990722656,225.2692613297118,222.5434043953523,223.30703725966592,6369000
2021-08-30,223.510009765625,225.86854879422694,222.24374858617475,224.92127180300724,6448000
2021-08-31,221.45114135742188,224.09965269982825,221.0258290909288,223.20070929511814,9405100
2021-09-01,222.43707275390625,223.07504114310123,221.13215350257119,221.45113769716866,8177600
2021-09-02,216.69541931152344,222.8527576759569,214.54955079247858,222.73675401999466,19708800
2021-09-03,217.59434509277344,219.7112308184068,215.8931108026775,216.52140361879557,11532000
2021-09-07,218.71560668945312,220.38784365402776,218.31929167637182,219.16991614360015,9662600
2021-09-08,221.4414520263672,222.53372984751576,219.4598916802306,219.78855143350725,10652600
2021-09-09,219.89488220214844,222.32107646598968,219.51790357550618,221.65411087669577,5853000
2021-09-10,217.40103149414062,222.35974839271148,217.31403982471932,222.17610422927223,6715400
2021-09-13,217.13038635253906,219.6145752763688,215.95111675077754,218.00033256725123,6808100
2021-09-14,215.58377075195312,218.27095464114694,214.85881075128538,217.48800020032164,6575700
2021-09-15,216.33775329589844,217.33336396674108,213.969553299713,215.09082843850592,6535800
2021-09-16,216.84036254882812,217.68131139689493,215.31311177061198,216.38605311957753,5928500
2021-09-17,214.34652709960938,216.2314203294202,211.97832715705985,215.02315354757346,13787400
2021-09-20,212.7032928466797,213.13826594976825,209.08815323010103,209.71646082287407,8822600
2021-09-21,212.81927490234375,214.7525017422608,211.66900257269708,213.37991245584172,7033600
2021-09-22,215.31314086914062,216.61807489536042,213.71823461429454,214.00820684292083,6005900
2021-09-23,220.68751525878906,221.0644939157656,216.86939506646743,217.48802708687384,7952700
2021-09-24,223.85801696777344,224.20599841781373,220.98717369227876,221.28682151743956,6461200
2021-09-27,221.93443298339844,225.53989668033168,221.13214212602253,223.98364858336865,6881100
2021-09-28,218.02926635742188,221.2287536209274,216.521352157648,221.2287536209274,6951400
2021-09-29,219.1119842529297,221.37387149790018,218.54168571545762,219.22798792533484,6432700
2021-09-30,215.31314086914062,221.15147947863906,215.1971519776901,219.9818854915787,7128500
2021-10-01,222.76573181152344,223.8289977074397,216.00909880064032,216.68572523428702,7925400
2021-10-04,217.22698974609375,222.64002980106395,213.43786760735364,222.3210456612804,10283400
2021-10-05,216.7920379638672,219.78854520722112,216.44405657269928,217.95197101797712,5814000
2021-10-06,218.9475860595703,219.0539141187537,213.8632051144126,214.6268231762939,5420900
2021-10-07,222.8527374267578,223.44237223070235,220.86151604767159,221.26749193327015,6561900
2021-10-08,222.58206176757812,224.95992236532248,222.49505535597336,223.28768538812105,3735200
2021-10-11,217.59434509277344,222.63040744344252,217.3623525648444,222.33074489719453,5620200
2021-10-12,216.56973266601562,218.6672819493587,215.4774548171041,218.02931357303783,5448200
2021-10-13,215.03282165527344,218.31930128804677,211.33069059431443,215.68045085793494,9076000
2021-10-14,217.66201782226562,218.11632734089355,215.61280195056617,216.6374098864159,5590500
2021-10-15,223.27804565429688,223.37469814948255,219.16026292639822,219.6339088256654,6355100
2021-10-18,222.9493865966797,224.98894156847658,220.52319214418273,222.4950770947142,5580200
2021-10-19,225.72357177734375,225.8395606688813,222.9783784330354,224.20598161609246,4409700
2021-10-20,223.69369506835938,225.9942399250247,223.58736699306766,225.66559487388722,5401800
2021-10-21,222.55308532714844,223.1233837209833,218.74462598641284,222.9977192530923,5982200
2021-10-22,223.510009765625,225.046936263345,221.0741546453458,222.60139082024395,3788000
2021-10-25,226.071533203125,227.01881014870347,224.53460677945645,225.65588179629984,4938700
2021-10-26,224.08035278320312,229.0487456748789,223.60670684969944,227.66648067471806,7814500
2021-10-27,208.5758514404297,217.24637536578877,208.45986254489875,217.24637536578877,22958100
2021-10-28,202.83416748046875,212.64530307358004,202.0318765285658,211.93000379433676,23199400
2021-10-29,204.69970703125,206.53626644063226,201.57753538621185,202.22517929043434,14329800
2021-11-01,205.36671447753906,208.06355970243425,204.39042538499478,206.36232522090572,13210300
2021-11-02,202.1575469970703,206.2269963257515,200.88162484548943,206.04333740067625,14688700
2021-11-03,201.1522674560547,203.1338132547981,199.8279969828048,202.68917932166235,11486700
2021-11-04,201.80958557128906,205.27006401794975,200.92996365830695,202.17690345788665,11368200
2021-11-05,209.4361114501953,210.36406675004096,204.30339695404822,204.87369528709812,14273600
2021-11-08,213.12860107421875,214.21120339899184,210.8667144323172,211.07937056744768,13500100
2021-11-09,206.265625,213.0512549400321,205.8113155393112,212.35529213852368,11535000
2021-11-10,208.7300262451172,210.07598380852434,206.57068744382033,206.7837179740273,10063600
2021-11-11,203.7528533935547,209.91133777346346,203.5010967967699,209.61116246855826,13546900
2021-11-12,205.3699493408203,206.81274418231362,204.73085781838842,204.7986469686385,7660500
2021-11-15,205.57327270507812,209.54335524815662,205.0987930469283,206.85144079238125,9596900
2021-11-16,208.3620147705078,208.81712400288825,204.9535566060733,205.43771410645127,8719600
2021-11-17,198.56265258789062,200.74136112998497,193.14009797053245,199.42445226463988,38379600
2021-11-18,196.8874969482422,201.2836406861015,194.89277034922307,199.95705382225796,18292200
2021-11-19,194.49574279785156,197.0520936925806,193.517750010677,195.63834735463095,18032600
2021-11-22,189.38307189941406,195.30915567306883,188.4341272241299,193.66302293319987,21185800
2021-11-23,192.20086669921875,192.61723509396052,188.2210911055751,190.72902363171696,14742700
2021-11-24,196.8100128173828,197.4878303246678,191.37776537812664,191.89097111759338,12026800
2021-11-26,191.38746643066406,192.87867990294242,186.44906847097073,187.1946752071099,10987600
2021-11-29,190.070556640625,194.87340583972664,189.17003072690827,194.63132707470837,14633500
2021-11-30,187.6304473876953,191.39719306413812,186.45877945117724,189.08292024146994,16023000
2021-12-01,184.134765625,190.5740538241768,184.0766690948308,189.81876938135136,13204900
2021-12-02,192.0072021484375,193.12077342195363,185.77126507307628,185.91650643360094,13976300
2021-12-03,190.09959411621094,192.18146530521832,187.89182248291223,191.98780527431515,10660500
2021-12-06,196.25807189941406,197.74928523401522,191.47460833762503,192.47197157913115,10722100
2021-12-07,200.79953002929688,201.35147681770133,199.3664275866447,199.47294285588143,11897200
2021-12-08,202.3681640625,202.8426289724608,199.1920919363367,201.0803032955931,11749200
2021-12-09,204.69210815429688,205.4764409436772,200.60581765439858,201.91304882024207,10176800
2021-12-10,206.63839721679688,207.4614708057313,204.17888383066946,205.1859248424277,8882700
2021-12-13,204.33384704589844,206.56097462749102,203.32679111450858,205.71853048241553,8844300
2021-12-14,203.32681274414062,206.60940053881882,201.84529173439398,204.0530491126563,9832300
2021-12-15,205.5829620361328,205.75726642501942,201.2739630997125,202.76516174753672,10892500
2021-12-16,207.57769775390625,209.41750526030378,204.90515346789624,208.4685458492429,8548400
2021-12-17,205.1666259765625,206.45448694471312,201.2062056435542,206.057474173076,11578400
2021-12-20,202.1260986328125,203.12346200052906,200.3056615226584,202.4650000515159,9434400
2021-12-21,208.5557403564453,209.31102505885718,203.69479373233668,203.9368725414512,6993700
2021-12-22,211.05397033691406,212.00291501868708,207.07419459741072,207.07419459741072,6003400
2021-12-23,209.75637817382812,211.59618543027122,209.75637817382812,211.51871846181234,4798200
2021-12-27,210.7344207763672,211.20888572104562,208.07155424081265,210.78282471130635,4818400
2021-12-28,211.14112854003906,212.7678909548016,208.74938885677597,209.1657572931793,4279800
2021-12-29,211.25730895996094,212.00291574298802,210.44392780137662,210.8602962128009,3223100
2021-12-30,210.96681213378906,212.20625431516038,210.2696240598532,211.06364955668096,3812800
2021-12-31,209.84356689453125,211.0733164044265,208.66222131824668,209.9403895370681,4723300
2022-01-03,214.4140167236328,215.02405999666456,210.134065530651,210.62791571370207,7694500
2022-01-04,215.41136169433594,219.60415264776617,214.78194807829064,214.96593029259137,10629300
2022-01-05,213.029296875,218.13232098722997,212.95182990309866,215.58564784648743,9594600
2022-01-06,212.7872314453125,214.8787954916014,210.65694129830638,210.89902005990515,7877500
2022-01-07,210.08563232421875,213.2229635191364,208.8074494112415,210.42453371455213,10702100
2022-01-10,205.2537078857422,207.41304594778327,199.95702426908335,207.2000154905079,11978600
2022-01-11,207.58738708496094,208.13931898544945,202.1260907429915,204.7211680090657,8803100
2022-01-12,208.87521362304688,210.68595775831875,207.03540644748125,207.684175657577,6923300
2022-01-13,208.18772888183594,213.4940910436895,207.85850532177272,209.9791175753636,8867700
2022-01-14,207.86822509765625,211.33479533483506,206.93865076692484,207.38406749093267,8838100
2022-01-18,208.87521362304688,210.037188548223,207.53893433267226,209.03982538304317,9099300
2022-01-19,207.8778533935547,211.31537453719702,205.38929157118295,206.25109131477203,9399800
2022-01-20,207.55833435058594,212.64198830119201,207.161321638844,207.9166061866231,8532700
2022-01-21,199.4051055908203,208.76872486534668,199.29860512259424,208.63316135314162,16200200
2022-01-24,195.4544219970703,196.29685146265552,189.45085615284333,195.7739529992933,16054000
2022-01-25,195.5996551513672,198.872565000318,190.74840169667732,193.2950604269281,12125500
2022-01-26,199.3470001220703,204.1788971893854,197.21671012201398,197.80738285058231,10817600
2022-01-27,199.61814880371094,204.27575677245147,199.32766609854917,202.86201024762983,12009800
2022-01-28,220.77581787109375,220.89201094187274,209.25287539233338,213.64901894880376,26425300
2022-01-31,219.0038299560547,219.20718263335826,215.01437637083467,218.4034793069085,12380600
2022-02-01,224.99771118164062,227.1764202917668,219.2459167668569,219.7107039065951,12247200
2022-02-02,227.960693359375,228.3770764520481,222.72210617271563,223.97124067542202,10590500
2022-02-03,224.2036895751953,226.09191599054634,223.24506700619492,225.65616234065484,9968000
2022-02-04,221.15345764160156,222.92547582764195,217.8224517470982,221.25997288039025,10848100
2022-02-07,219.9624481201172,222.63499231246865,218.84887695848454,220.77582920796567,5984500
2022-02-08,220.71775817871094,221.2600122999468,217.6288304788317,219.0909810396867,7542000
2022-02-09,223.5548858642578,225.7626429468429,222.82864959300443,222.83834219948926,7772800
2022-02-10,218.79759216308594,223.0263152929257,218.09926982609556,221.16412732740284,6794600
2022-02-11,217.9246826171875,222.20190295615848,216.8092997454677,220.40759974476552,7535200
2022-02-14,218.55511474609375,220.4173026707661,216.10129304332077,216.56683632465032,8280800
2022-02-15,220.96044921875,222.3861745635286,218.13806446001004,220.42700651187158,9461700
2022-02-16,221.93032836914062,222.95840982495437,218.80728009807257,220.650065937812,9561300
2022-02-17,217.84707641601562,221.92061300674825,217.42032228567507,221.52295440353524,8131200
2022-02-18,215.9849090576172,218.9430779225742,215.1604962462942,217.83740338936857,8121200
2022-02-22,214.65618896484375,217.58524784310794,213.29833328148186,214.3652188327408,9928800
2022-02-23,209.44786071777344,217.52705075225026,208.9338199116818,216.13040599632004,8669900
2022-02-24,210.75721740722656,211.30035374200125,195.38444642079978,197.24663448260804,13463400
2022-02-25,212.66786193847656,214.03539608929262,207.79900822048367,210.74746838316898,8463600
2022-02-28,209.61270141601562,212.06652286099614,206.8194272221387,209.4963193077486,8409400
2022-03-01,202.67799377441406,208.6719092156311,201.03887666527302,208.0220844373322,9317800
2022-03-02,202.2027587890625,204.20073076710668,199.9817161492227,200.67033008761263,8865700
2022-03-03,200.99037170410156,205.13180761393193,200.34054694999386,204.2104147476405,8610000
2022-03-04,194.25938415527344,200.15632085183776,190.9326664599841,198.82757544926352,10912300
2022-03-07,184.95811462402344,194.15267238211985,184.3276917213765,193.82291316533082,13412400
2022-03-08,185.93771362304688,190.50588957459445,181.04945723233024,184.28888793927104,11070900
2022-03-09,193.7453155517578,194.46303982951954,189.36142126949017,190.58347793765878,8457600
2022-03-10,192.00921630859375,193.91990170628938,190.3895010099183,190.97142640860454,7061600
2022-03-11,190.78717041015625,194.79280818809036,190.54469778052578,194.70552159326854,5432100
2022-03-14,194.29812622070312,198.2746675843089,192.19346603863013,192.4456321897017,7994700
2022-03-15,199.9331817626953,200.19505628216012,195.33589650691331,196.00512316812822,8277700
2022-03-16,205.49070739746094,207.23651335841691,200.76734512476384,203.6770167932387,9232300
2022-03-17,207.0231170654297,207.11040365554902,202.4355393037924,203.60909848034066,6668500
2022-03-18,212.5126953125,212.65817295904066,203.95825451142062,205.3258035863176,14620800
2022-03-21,210.50502014160156,211.49431256033031,208.09000235384994,209.826099775554,6101500
2022-03-22,211.8919219970703,212.95880718121498,210.6407552993597,211.28088640984652,6259900
2022-03-23,208.21604919433594,210.74746355069348,207.7505059791874,208.81739126322776,6008000
2022-03-24,210.766845703125,211.106313206892,207.55651137636792,208.51670804180986,5487000
2022-03-25,211.8531494140625,212.33809460592659,209.19565923423298,211.8434558379922,5051400
2022-03-28,214.1227264404297,214.32639515456816,210.96087398887758,211.92107089645054,4316800
2022-03-29,221.2513885498047,221.92061527929616,217.0420678562544,218.0701492902286,8032500
2022-03-30,217.2069549560547,219.35041927975578,216.0236874686573,219.040047244014,7084000
2022-03-31,215.0926055908203,219.1176449702855,213.80264953828467,217.16817052662984,10759500
2022-04-01,219.5443878173828,219.8062623647661,215.53873579743663,216.36314854321415,6559600
2022-04-04,220.88282775878906,222.337663245074,218.1865338414891,218.9624342613596,8521200
2022-04-05,219.28253173828125,222.09522296714115,218.5260183593285,220.00025601033943,4658000
2022-04-06,212.4156951904297,216.1594727971531,212.03743851925557,216.0721862113483,7430000
2022-04-07,209.64183044433594,212.0956522814429,207.24619967066155,211.73679752403865,6995100
2022-04-08,210.44683837890625,212.80368001009572,206.66427131570669,208.34217775149986,5438600
2022-04-11,208.28396606445312,210.75718957596223,206.9843164636722,208.76891127065676,6942700
2022-04-12,205.03485107421875,210.45655035671544,204.35593066656006,209.98129867167688,7446600
2022-04-13,206.84854125976562,207.4110794989846,200.93220357087102,204.09404112301166,8052900
2022-04-14,206.3829803466797,209.44783769086692,206.1308141598872,207.81842885432403,8191600
2022-04-18,206.75152587890625,209.33143778352957,205.15121270763782,205.296690341625,4744400
2022-04-19,209.20535278320312,209.99096162602476,206.04351546042574,206.6836466654481,5028800
2022-04-20,211.23243713378906,214.17121884803248,210.8444868688656,212.07625189899625,7178300
2022-04-21,209.93276977539062,217.1778520973957,208.86589923708226,212.9006319700717,8850300
2022-04-22,201.90208435058594,210.0394642774253,201.6887072769906,209.7291070426932,6201100
2022-04-25,203.62850952148438,204.19104779294963,199.14762010312757,200.13691256669435,6839400
2022-04-26,195.0449676513672,202.28034183273948,195.0449676513672,200.74791320681229,8155300
2022-04-27,207.66323852539062,215.12169822693795,206.63515704755636,210.82507596845588,15955800
2022-04-28,214.0160369873047,218.1574586836658,212.66788981133138,213.76385599077815,10799100
2022-04-29,206.71275329589844,214.53976141630952,205.95623994000306,212.03744231628878,7965000
2022-05-02,205.16094970703125,205.75258354272268,200.72855752763454,205.39372877003223,8803700
2022-05-03,202.2803497314453,207.17829946011966,200.05930711433717,207.17829946011966,6616900
2022-05-04,208.06089782714844,208.33246596182468,199.14760246582566,203.0465661127538,7191100
2022-05-05,199.060302734375,208.11907514129928,196.95564242994092,205.87863077849372,7749600
2022-05-06,196.71316528320312,199.52584134117944,194.1914444868883,197.61515619305789,8825300
2022-05-09,187.18887329101562,194.70552493871185,186.29657577456658,194.02660452395224,10314100
2022-05-10,187.7514190673828,191.79586098453478,185.2200040775849,190.7871812994173,11016500
2022-05-11,190.796875,192.34870583894562,185.63705003995815,187.66413258817784,9427300
2022-05-12,188.4889373779297,190.51987611264946,184.5825274753554,189.03311093100126,9308600
2022-05-13,193.60032653808594,194.8733073168171,190.9474726725368,191.43334410427354,6684500
2022-05-16,192.22044372558594,194.29026066489712,190.34498721123097,191.74429923625158,5161300
2022-05-17,198.23556518554688,199.01296252434773,194.4943488331046,197.11806670501008,7265600
2022-05-18,194.33888244628906,199.65431769311502,193.5031828966705,197.08891683831732,8748200
2022-05-19,191.7928924560547,194.75671128246293,187.84761863332963,190.801725368629,9012400
2022-05-20,193.40597534179688,195.96166374371506,188.53754907442737,194.0278901633428,6966600
2022-05-23,201.6949462890625,202.08365233086727,195.0968187728823,195.20371108092618,12187400
2022-05-24,196.90426635742188,198.8866153269753,193.40598602571612,198.14809606922398,7458500
2022-05-25,198.08004760742188,199.15868270206857,194.80527913586653,194.9218835263305,5457200
2022-05-26,202.65695190429688,203.8133281402359,198.8865853187379,199.31415449783645,9212300
2022-05-27,206.8646240234375,207.20472512661937,203.71617183063427,204.06599985205685,4897200
2022-05-31,206.1746826171875,208.29308978074457,203.20115181218617,204.43526940683594,9586400
2022-06-01,203.9979705810547,208.0598634282668,202.91935024573576,206.058075517932,5246100
2022-06-02,208.97329711914062,209.1676427182796,205.11547692437563,205.90258623884074,5337200
2022-06-03,206.64112854003906,208.15705996902292,205.30013337678238,206.93265438513674,4352500
2022-06-06,206.9229278564453,211.4318141528206,206.0969404909023,209.36199710742366,3965100
2022-06-07,208.4388427734375,208.89556310232078,204.76565596112212,205.15434717277546,4493300
2022-06-08,207.46710205078125,209.47861690220773,206.81603610937415,207.71974985819284,3646300
2022-06-09,200.28590393066406,207.67115495105895,200.19845063955012,206.58279296037483,5138600
2022-06-10,193.87240600585938,197.67192401666705,193.5517290937525,195.9519350617734,5162500
2022-06-13,186.8272705078125,190.35470171327725,185.6806210896592,187.53665344712988,7119200
2022-06-14,188.0516815185547,188.8485029495775,186.33169251285645,187.27428426875295,6441200
2022-06-15,190.61708068847656,193.2116323142229,186.79812358414895,190.4421592654139,6490000
2022-06-16,183.70799255371094,186.4482997369679,182.2309392394594,186.00130632019906,9887200
2022-06-17,184.64088439941406,185.90415328072476,180.65674694619932,181.64791414269794,15089300
2022-06-21,188.89710998535156,191.17098491200267,188.25575608472056,190.17981778661357,6241600
2022-06-22,188.34317016601562,190.840541100972,185.63199983125318,185.84578440344293,5138500
2022-06-23,191.08351135253906,191.88034759812933,187.98364932233622,190.59763993282374,4752800
2022-06-24,199.70285034179688,199.8291816461128,191.92890822006112,192.14269281461827,7754800
2022-06-27,197.8079376220703,201.23818809719202,196.88478504134306,199.93605646426658,6121200
2022-06-28,192.52171325683594,200.9467230617861,191.91923735781722,198.23556668858083,4354200
2022-06-29,193.8626708984375,194.970456996181,191.74427890512428,191.74427890512428,4324600
2022-06-30,191.3264617919922,193.23108442805926,187.4006269426076,189.84940841061078,7045200
2022-07-01,193.5517120361328,194.15420261833586,189.20803562524827,191.2292474782354,4131800
2022-07-05,194.87330627441406,194.90247220157207,188.65415791249865,190.6850969276658,4110200
2022-07-06,195.43692016601562,196.78764215458392,193.05615311348268,194.34857290259927,4111200
2022-07-07,197.0694580078125,197.68164593625724,194.38743818324093,196.81679537064588,4650700
2022-07-08,197.8177032470703,198.3327257821792,194.79558232698355,196.60302465905505,3621800
2022-07-11,199.2655792236328,200.8981148628025,196.2920485828658,196.2920485828658,5353600
2022-07-12,199.03236389160156,202.23910321276716,197.03056130382174,197.50672060533927,6779500
2022-07-13,198.38131713867188,199.76120517477628,193.86271835615563,194.76643218161058,7597300
2022-07-14,200.09158325195312,200.25677776494055,192.38565437715943,194.34857917859682,5605500
2022-07-15,204.1048583984375,205.7276819800726,201.32567329915008,203.45379247875093,7245700
2022-07-18,201.35482788085938,206.89375875893998,200.80092737924227,205.52359788110428,4648900
2022-07-19,207.62258911132812,208.0598704456203,202.025340584005,202.33630542557617,4927100
2022-07-20,207.3407745361328,208.0793086180836,205.24182117444985,206.0094915291085,4460300
2022-07-21,210.08106994628906,210.77099900337376,206.7188334679044,207.12696364835264,4801300
2022-07-22,207.6614532470703,211.90797977182203,206.12609769697494,211.77192153230106,5071500
2022-07-25,208.21533203125,208.73035452439902,205.6402047378866,208.51656992411623,4357200
2022-07-26,206.48568725585938,209.07051251518143,205.7665920566548,207.8072584047945,6141000
2022-07-27,204.52272033691406,210.72244451056156,195.51465989912074,204.81424615959196,17432200
2022-07-28,205.37786865234375,206.70915168573188,202.04478278189598,204.68792466648233,7477100
2022-07-29,206.1163787841797,208.10845461421584,203.90080624790727,206.00948647639376,6059700
2022-08-01,205.38755798339844,207.9432462820614,201.69493239257616,202.5597828880282,8028400
2022-08-02,200.43165588378906,202.93875397820096,198.1674934788246,201.92814803425136,9939400
2022-08-03,202.5889434814453,204.38667366959857,201.0341638313308,202.11279897869895,9520100
2022-08-04,207.43792724609375,208.808088090263,202.6569546673499,204.58100117190858,6789700
2022-08-05,209.77011108398438,209.84785228640646,204.55185705270335,204.75592956251367,5553700
2022-08-08,207.29220581054688,210.5086724877938,206.05808815637332,209.1482235097919,4063400
2022-08-09,204.31863403320312,207.4184959109676,203.8230505474071,206.00947182860693,4596800
2022-08-10,206.10665893554688,208.76922478407135,205.33897380099333,208.7595126937725,5746400
2022-08-11,205.47879028320312,207.83457146535628,205.00178755867188,207.63013748230506,6639600
2022-08-12,205.72215270996094,207.56199910985745,204.52479612688725,207.34783583758318,6443700
2022-08-15,210.6770477294922,210.9885632959307,204.78758837969698,204.78758837969698,5290600
2022-08-16,211.37796020507812,211.8354894470666,206.50091119305665,208.8566921550606,6564400
2022-08-17,208.8274688720703,210.4434075711116,207.1044337016938,209.29472736011363,4902500
2022-08-18,209.53814697265625,210.2682450457317,206.79297108802854,208.19476176495476,4516400
2022-08-19,207.172607421875,209.51864428020346,206.75401019440048,208.42836939653608,4178800
2022-08-22,203.07432556152344,205.64426992644897,202.67520175673454,204.3690344635262,5139500
2022-08-23,201.31234741210938,203.7460072820481,201.0495079870693,202.48050117890375,3525500
2022-08-24,201.18582153320312,202.82124892708413,200.2220867374938,201.1468895053436,4230800
2022-08-25,204.25222778320312,204.3398359800615,201.02032010730457,201.88670249085146,4495000
2022-08-26,197.50613403320312,204.6805598196796,197.321173474418,204.203571909006,5060200
2022-08-29,196.96099853515625,198.54774981489973,195.2963683428117,195.90965549586764,4476200
2022-08-30,196.03619384765625,198.98578871136706,194.89724269914356,198.50878598261937,3918200
2022-08-31,193.43702697753906,197.77866785251436,193.36887737155052,195.66625287508487,6559000
2022-09-01,194.81935119628906,195.1113785073722,191.4414299952,193.44676341867228,5608300
2022-09-02,192.51223754882812,197.10698887098874,191.62639658739636,197.06805684624047,4508100
2022-09-06,193.368896484375,194.7317402000408,191.18833168542724,192.6485277467331,4547800
2022-09-07,195.10165405273438,195.80254932447644,191.9865722082596,193.4370389227584,4098300
2022-09-08,195.3839569091797,195.7733365495583,191.73346707857573,192.16177874143978,4377600
2022-09-09,199.7548065185547,200.92296032841773,196.00697909299902,196.70787434969316,4885600
2022-09-12,201.14686584472656,201.69200329393541,199.51143864321853,201.02031077477398,3812300
2022-09-13,194.3715362548828,198.0707020670568,193.5927621596019,196.6883851035264,5217900
2022-09-14,194.1184844970703,195.5494779474052,192.80430198835174,194.69282476519552,4632800
2022-09-15,190.18563842773438,194.99455249660085,189.36793231220287,192.83346143849582,6099300
2022-09-16,188.17059326171875,188.6767986983602,183.22539438314334,185.17232237373767,9398200
2022-09-19,188.00511169433594,188.84229134906877,185.64933053889754,186.50596877931375,8133600
2022-09-20,186.97323608398438,187.907753198184,185.2404565125542,186.0289748233799,5292500
2022-09-21,182.05723571777344,187.96615428806177,182.0377622792985,187.42101684181432,6705900
2022-09-22,180.85986328125,182.2421951811282,179.75985910290137,181.4050155781857,6604700
2022-09-23,179.0784149169922,179.68195774581426,177.3943117754735,178.60141228699706,10755800
2022-09-26,175.79786682128906,179.60411476968682,175.12617425935034,178.18285074040816,9914600
2022-09-27,173.1500244140625,179.94481333783165,172.32258898618628,177.66689645349524,9799600
2022-09-28,174.42526245117188,175.32086235155552,170.19070320479133,172.5562134601384,9751000
2022-09-29,175.2819366455078,177.40409602490973,173.9872276604459,174.08458000820923,9105200
2022-09-30,172.9358673095703,178.06602656031717,172.88720599446225,175.28191902837295,9472300
2022-10-03,176.82974243164062,178.49437252759222,173.422618185529,174.58104280582822,8842300
2022-10-04,180.72360229492188,181.26875466236652,178.21207801514004,180.1395327534846,7081400
2022-10-05,182.6899871826172,183.80947969546767,177.52089571683092,178.4748862781883,6119900
2022-10-06,180.6652069091797,183.05993523898488,180.33423266517173,181.69707652513628,5163000
2022-10-07,178.95188903808594,179.7111897703508,177.1022985243551,178.5819679645634,5610300
2022-10-10,177.3456573486328,179.8766695896918,176.09962466641707,179.24392395636767,4743800
2022-10-11,174.3863067626953,176.81996629374436,173.46151911167246,175.58366309288533,6294500
2022-10-12,173.51022338867188,175.79785480621848,173.4907499501819,174.33765885097884,4884300
2022-10-13,179.7598876953125,180.45103890130406,169.96684103937878,170.356220745243,8426400
2022-10-14,177.77398681640625,182.1643188613808,177.23859351189066,181.83332982008346,6449400
2022-10-17,180.33419799804688,183.56610546450102,177.99789044326837,181.0642959656503,13952100
2022-10-18,182.20323181152344,185.14309687488853,180.81118559929357,184.46167513275222,5209200
2022-10-19,181.4634246826172,182.6607812229282,179.85720019792527,180.56783960049273,4927000
2022-10-20,182.25196838378906,185.9121884217927,181.48292334899978,181.51214094052122,5706700
2022-10-21,185.31834411621094,185.88295504058092,180.13952315931635,180.8696211876406,7582500
2022-10-24,185.64932250976562,188.00510356331904,184.08204490487032,186.3307443262676,7299200
2022-10-25,189.22189331054688,190.04932860685093,185.6590123296281,185.80502595430576,11907200
2022-10-26,197.93441772460938,200.8937414621726,191.28565746634163,191.36353636126177,15450000
2022-10-27,198.86895751953125,200.84510313983446,196.2406076441128,197.92471108850685,7946700
2022-10-28,203.7849578857422,205.90711720984928,197.91497093252434,199.56012753123227,8455600
2022-10-31,201.6627960205078,204.05750902614554,200.72826409014212,203.37608722998363,8674100
2022-11-01,201.43887329101562,204.39821180045826,199.8813399974121,203.36634246564944,5919500
2022-11-02,195.61758422851562,201.50704429088546,195.25740730838754,200.29994360570694,6985600
2022-11-03,189.58209228515625,193.5733001695537,189.02721073884942,193.01841862324687,8236200
2022-11-04,191.7529296875,196.10431484521982,190.15644936222992,191.772403126092,9680100
2022-11-07,194.79017639160156,195.12115062753412,191.93791879542493,193.0574114459738,7821300
2022-11-08,196.42552185058594,198.703423548372,194.43966225982138,196.3087109493288,6943700
2022-11-09,189.20579528808594,196.42553782529836,188.62042041452602,195.81088006533443,7320200
2022-11-10,200.56228637695312,200.74764543892914,195.14748235982802,198.14268888735702,8048900
2022-11-11,200.0061492919922,201.40130699247396,197.2255700421247,200.98178904463606,9601000
2022-11-14,201.82086181640625,204.07458750863103,198.25978228609787,198.54271129487486,5796100
2022-11-15,204.8745880126953,208.5234709994812,202.45499081378256,204.8745880126953,7316100
2022-11-16,205.02096557617188,205.75269549255498,203.14773877668117,203.4989697320284,6125300
2022-11-17,205.85023498535156,206.1331639608501,202.26963891063522,202.8940477514316,5385600
2022-11-18,205.6648712158203,208.95277255234987,204.63069541780698,207.97713275994758,8028500
2022-11-21,201.2940216064453,205.42097401604067,200.8744887283938,205.1770640528032,10450900
2022-11-22,205.20632934570312,205.3526693668787,200.34764711060083,202.484285855177,5273100
2022-11-23,206.5721893310547,207.64539895494354,204.80628385753965,204.8843368199207,3807300
2022-11-25,208.58201599121094,208.78690688940878,206.2404865416762,206.55269840805747,1993500
2022-11-28,206.11366271972656,209.24547308777366,205.51852183489254,207.08930253833435,10229400
2022-11-29,203.9672393798828,205.03068311168246,202.29890377991842,204.25018323808177,8986900
2022-11-30,211.71385192871094,211.71385192871094,202.94284413231446,203.1477350554652,13918100
2022-12-01,211.71385192871094,213.32365176043245,210.05526712604086,211.71385192871094,11261500
2022-12-02,212.35777282714844,213.15778976099404,209.0210863344036,210.4747801797702,5132800
2022-12-05,208.47471618652344,211.62604362350922,207.86007320369623,210.3967278836894,9006300
2022-12-06,203.98675537109375,206.96245950803336,202.581831785976,206.8356215799911,5986000
2022-12-07,202.74769592285156,203.9282265814816,200.1329885146983,203.71358464354887,7923800
2022-12-08,204.0063018798828,205.17706674134743,202.6891821063083,204.40630291065088,4896500
2022-12-09,203.61602783203125,205.39169945350488,202.46477998810795,202.84527892312624,4928400
2022-12-12,209.362548828125,209.5869567090977,204.36727763181966,204.88436555391772,5941700
2022-12-13,207.85028076171875,214.62122284486045,207.4405138630809,214.19193898331199,14585000
2022-12-14,208.1234893798828,211.01137485247793,206.47465573517266,207.66493748270017,7001700
2022-12-15,202.8452606201172,206.66001555204033,201.78181688321203,204.4940941521141,10831800
2022-12-16,201.85011291503906,203.32332361930267,200.2988492421475,202.43550273620798,12472900
2022-12-19,199.83056640625,202.41600612098122,198.98174959151612,201.596472198623,4893600
2022-12-20,200.357421875,201.49891883658765,198.5915159373195,198.91347890911362,5024900
2022-12-21,201.77210998535156,202.89410493966344,200.57207693014007,201.53796590848216,4086900
2022-12-22,200.06468200683594,201.6159456151427,197.2060647243743,200.73787580702816,5690300
2022-12-23,200.81593322753906,201.21594910132202,198.56220776790903,199.15734861592625,3246000
2022-12-27,201.26475524902344,201.84039412373664,199.6159362672338,200.90377323764304,2904900
2022-12-28,199.99639892578125,203.45015711142906,199.8110249902231,201.64521760814105,3139200
2022-12-29,202.9916229248047,203.4501748410148,200.49398731392213,200.93302226493026,3675500
2022-12-30,202.6989288330078,202.97210679863468,200.68911313428904,201.28425403520814,4159400
2023-01-03,202.3379364013672,207.15759936849938,201.13790362242318,204.18189501763013,4202800
2023-01-04,207.4307861328125,208.0064100631676,204.5136176637473,204.5136176637473,6606200
2023-01-05,205.9673309326172,208.94303547570215,205.33317098001277,208.5918045314842,5246000
2023-01-06,212.44558715820312,212.8260861218091,207.8991016741333,208.78693755157505,6829700
2023-01-09,213.27487182617188,216.79693219199154,213.0309618697774,213.7334237351601,6294500
2023-01-10,215.70420837402344,216.97254314180134,212.8650928703916,213.65537364491993,10857000
2023-01-11,216.68960571289062,216.7676437963227,214.3480612587174,215.89932496909245,5408200
2023-01-12,218.17259216308594,218.35796612813408,215.2359213899339,216.68963021686812,4264400
2023-01-13,217.62620544433594,218.30915030821072,214.77733909282864,216.50422565990462,4283200
2023-01-17,217.56765747070312,218.93354712331026,216.9529996834896,216.96276560841721,6101100
2023-01-18,214.11390686035156,219.5091935064146,214.0943898968982,218.62135775780138,6558000
2023-01-19,215.040771484375,216.12373225581098,212.20165609884256,212.78704593256867,4853100
2023-01-20,218.8457489013672,218.9628209069453,215.04075984926783,215.75297269500314,5211000
2023-01-23,218.71893310546875,220.68972975894226,217.71402525700807,219.12871494062517,5501500
2023-01-24,218.4359893798828,224.39714902110052,211.35284994839222,216.61154775822953,5274900
2023-01-25,219.42141723632812,219.48971917814174,215.78228441714816,216.22131941410225,4729600
2023-01-26,219.2360076904297,221.54826905936648,218.22133404644313,220.49457637695613,7043400
2023-01-27,225.80206298828125,227.16795266449316,221.71413011058007,222.44585991292521,11382600
2023-01-30,223.5190887451172,224.80692556639738,222.3775770549404,224.59228361500365,5677400
2023-01-31,224.60208129882812,225.1777053011923,222.88494544488168,223.23617642527213,11294200
2023-02-01,225.27520751953125,226.99234297067088,222.25073329123177,223.78247992480792,5792700
2023-02-02,223.96788024902344,228.59241846980694,222.80686645251086,228.26070449568408,7190000
2023-02-03,224.52398681640625,225.2361996857775,222.09463841047094,223.11906315451986,5243600
2023-02-06,223.850830078125,224.65084708715023,222.48492523071303,223.12885116361792,3402400
2023-02-07,225.6850128173828,226.4752786984359,222.3970964642116,222.46539839817044,4042600
2023-02-08,224.59228515625,226.21185084166882,224.38740912938417,224.72887413652134,4978600
2023-02-09,224.20127868652344,227.26100250298967,223.9862163203512,227.1925817044301,5238400
2023-02-10,222.0995330810547,224.74870224426354,221.08288683827263,223.8200319913274,4509700
2023-02-13,223.74185180664062,224.67052216611214,221.1904433947284,221.7867500324931,4946700
2023-02-14,224.24037170410156,226.22479858426027,222.07020779007485,223.53653395272852,4829400
2023-02-15,223.78089904785156,223.9275405990529,221.70849638711437,222.48075485831225,4407300
2023-02-16,220.76026916503906,223.23347116201126,220.60385747824697,220.99488669522722,3865900
2023-02-17,218.54122924804688,219.72407214272715,216.76209475375325,219.14730590092583,4520200
2023-02-21,215.66725158691406,217.44640119333943,215.05140472920183,215.2175865743776,7276100
2023-02-22,215.08070373535156,216.7718622269107,214.5234926906892,215.46194790203228,4621800
2023-02-23,216.16580200195312,217.10424236834285,214.01517842014195,216.5861416644267,5533800
2023-02-24,214.6212615966797,215.29577397391017,212.57818419045992,213.57527517604925,4414400
2023-02-27,215.40330505371094,216.4688317483995,214.41596928958148,215.7747641807069,4255300
2023-02-28,215.0025177001953,216.79143739058927,214.57239297687775,215.061168359513,5385400
2023-03-01,213.45797729492188,215.32510276295704,211.57129663580395,214.53328906086892,4792700
2023-03-02,214.14227294921875,214.6701587271351,212.21649670610861,212.99854031872167,5539300
2023-03-03,218.74652099609375,218.99090866738518,214.96338970145916,215.25665789025686,6055400
2023-03-06,221.6596221923828,222.31457937429244,218.66831942392633,218.90292204655665,5737600
2023-03-07,218.16001892089844,222.27551451569198,218.07204292529815,221.65965271400577,4386800
2023-03-08,217.20199584960938,217.92537383263925,216.21466008062401,216.97716336160605,4194900
2023-03-09,215.0709228515625,219.33304447473517,214.72878905835157,216.42971771979066,5066700
2023-03-10,211.28782653808594,214.20092370724726,210.64263943866862,214.1129477163016,6638900
2023-03-13,209.65530395507812,212.95943015940668,207.72952784481754,209.81171565005894,6810800
2023-03-14,213.75123596191406,214.9340639354559,211.1900430289649,213.10604893112415,7985600
2023-03-15,211.5126190185547,212.0405046968206,208.87323537594054,209.59662819139294,8372200
2023-03-16,212.56842041015625,212.69550678850942,204.07350149429254,210.33960575918348,13674600
2023-03-17,212.50973510742188,213.751228608888,210.0463032940275,210.0463032940275,18801200
2023-03-20,213.25267028808594,215.59880081936055,211.97208131143188,212.1284929967647,9817400
2023-03-21,216.96739196777344,217.51481801628444,213.77079675049674,216.37108539716513,8971400
2023-03-22,215.1002655029297,219.8511628558106,214.98296418338037,217.505046967378,6700600
2023-03-23,217.59300231933594,220.19329070848798,215.31530744458908,215.49127432346444,6427700
2023-03-24,216.07781982421875,216.36131790610656,213.35045968622148,215.71613080550804,4791500
2023-03-27,216.8305206298828,219.0495649184512,216.4199511215722,217.59300899049396,7210900
2023-03-28,215.3837432861328,218.3163953284718,213.74145038597837,217.81784985112046,6418400
2023-03-29,218.28709411621094,218.53148181340413,215.96051846573448,217.299758273156,4483000
2023-03-30,217.36817932128906,219.20597945337389,216.2440019565505,218.89315606227848,5383900
2023-03-31,220.3986053466797,220.77006449990884,218.2773070285119,218.58036029985098,9509000
2023-04-03,223.859130859375,224.01554256563756,219.08867823205662,220.17376020536088,6421500
2023-04-04,222.5492401123047,224.88558615236082,221.73787108031962,223.8591547303921,5254700
2023-04-05,223.04771423339844,223.34098239088897,221.46408706568292,221.68891952272247,4813600
2023-04-06,220.91668701171875,221.64006497988333,219.63608307117036,221.08286883997926,4285200
2023-04-10,221.3468017578125,221.39568227692538,219.28418406390597,220.49633740696078,4952200
2023-04-11,223.3214569091797,223.99596928626082,221.12196780977956,221.90401136170317,4513300
2023-04-12,222.6958465576172,226.39098740816638,222.22662634764436,224.76824949155187,4373000
2023-04-13,227.46627807617188,227.61290471680735,223.66360639454376,224.30879344582016,7615500
2023-04-14,228.76641845703125,229.71464382711906,227.02637940838846,227.75954243167863,9781300
2023-04-17,228.23855590820312,228.7957670222919,225.7555834469564,228.76644169168105,4865000
2023-04-18,228.35586547851562,229.06947336294323,226.48873993086113,228.5024921272881,4796200
2023-04-19,227.34898376464844,228.80552482728066,226.64514603544387,228.7468741692204,3833900
2023-04-20,229.33343505859375,229.40185586155295,226.30302146129762,227.2414768391433,4925700
2023-04-21,228.79576110839844,230.28164245798686,228.1408038812833,229.72443135830082,6771500
2023-04-24,227.53469848632812,229.8710440927042,226.31276009562433,228.971699227095,9124100
2023-04-25,224.43588256835938,229.74399112094162,224.2794708618718,227.7888895385708,6076500
2023-04-26,223.02821350097656,227.54450843008155,221.6303229888967,226.02930167661805,8400400
2023-04-27,223.86888122558594,224.47497280476367,221.52276550381924,223.536517566313,7128200
2023-04-28,227.50538635253906,228.32654033505773,222.9402260500597,223.51697742402325,11627900
2023-05-01,227.29034423828125,229.32365180942213,226.31279338193903,227.64226314321414,4571100
2023-05-02,221.88446044921875,227.15345828561559,221.13175712704805,226.74288876909327,5244000
2023-05-03,220.90689086914062,223.53650449422415,220.84824021696227,221.88444151541768,4093300
2023-05-04,220.53546142578125,220.98512643044896,218.46304363391778,219.79251328830068,5648700
2023-05-05,226.5767059326172,227.1241319522251,222.187497805866,223.213929050751,6237500
2023-05-08,227.01661682128906,228.20922998383162,226.0586212192642,226.0586212192642,2938400
2023-05-09,228.0234832763672,228.83485219131117,225.63827196867442,225.89242979460934,4352100
2023-05-10,226.07814025878906,229.53866295465346,223.76133510335882,229.04011749904896,5245000
2023-05-11,226.26426696777344,226.76379940580452,223.5805654110368,226.00961362850788,3818000
2023-05-12,226.6266632080078,227.94892059432212,225.09871336854007,227.23392149156012,3432700
2023-05-15,228.02728271484375,228.0468760310234,225.81371623682094,226.44056784667916,2843200
2023-05-16,225.73536682128906,228.31134249629648,224.91262685314587,227.78242755583167,4289700
2023-05-17,227.87054443359375,229.08507585091957,225.8136947897192,227.94890274554893,4990100
2023-05-18,228.8010711669922,229.33976034880777,226.3818121331109,227.62571127312066,6621900
2023-05-19,228.51699829101562,229.5258373109947,227.1751476411119,229.19282568107005,5399400
2023-05-22,226.52870178222656,229.06549057131232,226.43075015251685,228.51699731370678,3987800
2023-05-23,219.96633911132812,224.7754740377313,219.0652409389082,224.55999241548741,8537200
2023-05-24,217.6842041015625,218.51674809312726,215.5098095061373,217.97804403654536,6730800
2023-05-25,218.791015625,220.07410135356088,215.96038670658572,217.88011323402415,6827600
2023-05-26,220.38754272460938,221.56290269973758,218.75185185845422,219.22200182663465,5067300
2023-05-30,217.08676147460938,220.83808206762106,215.23558908777653,220.38752545308847,6916000
2023-05-31,216.48927307128906,216.9790013305003,211.6997312940161,215.44126236814367,20460600
2023-06-01,221.84690856933594,222.05260102077187,217.86051323718368,218.15435319124038,7003600
2023-06-02,224.08985900878906,225.53946547318958,222.7480083087485,224.10945232461097,5897100
2023-06-05,222.1113739013672,223.63932378227707,220.68136071173635,223.22795381013376,4858900
2023-06-06,223.53160095214844,224.54044011998428,221.51392261647675,222.03303345253508,6020100
2023-06-07,220.64218139648438,222.87534113681505,216.47949105533763,222.33663704477894,8517200
2023-06-08,218.46778869628906,220.51484931980477,217.84093709570413,220.46587350274072,6248200
2023-06-09,218.96730041503906,220.5540152180893,218.18373219854143,219.0456587312209,6385000
2023-06-12,221.52371215820312,221.7979588288127,219.03589880472398,219.79987380789677,8621100
2023-06-13,218.81057739257812,222.48353928890822,218.0564066438289,220.98497203083116,6868700
2023-06-14,218.8497772216797,220.83807285252092,218.0074439781715,219.14361718017253,9160700
2023-06-15,221.52371215820312,222.4444038146736,216.82231717653178,217.45897297605757,12534000
2023-06-16,224.20741271972656,225.07912849135252,221.43554876279157,221.79794292039244,13628900
2023-06-20,221.81753540039062,224.85385681118038,221.53348461956807,222.33664619809085,12312300
2023-06-21,222.58151245117188,223.93316734228918,220.3581417834712,221.47472171016588,7032100
2023-06-22,223.6980743408203,224.22697428647336,220.8674455915836,221.70977879786096,6275500
2023-06-23,224.83425903320312,225.25541818529945,221.73917267961082,222.552123427598,5424400
2023-06-26,221.65101623535156,225.372954046934,221.55306460399916,224.72650914877755,5165400
2023-06-27,222.66964721679688,223.91356121287347,221.8665006219565,222.80677053519992,4628500
2023-06-28,223.2769317626953,223.37486845491048,221.3767835789263,222.82637515347645,5324500
2023-06-29,229.5062713623047,229.87845469723143,223.90377856904112,224.08986276384385,7118900
2023-06-30,232.60133361816406,233.3849018347938,231.10276631607047,231.41619958085062,6879400
2023-07-03,233.08128356933594,233.50244272503792,230.5738771154527,232.13120949098342,3087400
2023-07-05,234.5308837890625,235.06958791710358,229.18305903332868,229.59442901874496,7601200
2023-07-06,233.9725799560547,234.67778985113176,231.82756777063864,233.3751108767622,6441800
2023-07-07,231.59251403808594,233.5416380857058,231.27909569229791,231.86676069514618,5729500
2023-07-10,233.2674102783203,234.18810196370183,231.64150857627735,232.14102611086125,4858900
2023-07-11,235.6082763671875,235.755188871731,233.22818917633631,233.90401658787826,3856500
2023-07-12,237.23419189453125,238.9384368295639,236.27431365686633,236.58774694557042,6116000
2023-07-13,238.31155395507812,239.25183875259822,238.15483733127147,238.78168888117827,5819600
2023-07-14,238.16465759277344,239.71220073071478,236.98931272525314,239.7023966002379,4941200
2023-07-17,238.97760009765625,240.32923992340324,238.0079327690227,238.11567358331533,4328100
2023-07-18,235.8237762451172,238.18425535751857,232.7972439095294,238.1059119792494,7674000
2023-07-19,236.46041870117188,237.60638116909803,235.18712208836877,236.29391286689085,4835500
2023-07-20,234.69737243652344,236.64649634060933,234.15868329324556,236.2057438845998,4695000
2023-07-21,234.33497619628906,235.41238436382557,233.82565461296994,234.81491527915907,5427400
2023-07-24,235.79437255859375,236.32327251366647,233.29675539529762,234.75613607327497,6010000
2023-07-25,233.78648376464844,235.8531376604539,233.6591496320325,235.08916275539983,4997500
2023-07-26,232.22915649414062,233.94320547517404,223.00266254149543,226.66583545841954,7551400
2023-07-27,229.62379455566406,233.75710236677267,228.174203055303,232.5425708719551,8160100
2023-07-28,230.90689086914062,231.03422500822032,228.90880600341484,229.7609284533877,6794800
2023-07-31,232.84619140625,233.522018787859,231.15173583250646,231.15173583250646,4799600
2023-08-01,234.85406494140625,235.78454557412147,232.13117722277312,232.26830052711725,4627300
2023-08-02,232.67971801757812,233.88444550531952,231.9255322168128,233.72774380068395,4868200
2023-08-03,233.85501098632812,234.13906171936202,230.4171243099881,231.15171662978614,5033800
2023-08-04,234.08033752441406,236.94034899454618,232.95395347054085,233.11067011295614,5169700
2023-08-07,236.54855346679688,237.20478758254453,234.29581528704153,234.3056044725346,5649800
2023-08-08,234.37416076660156,236.4016430809763,232.5131992243539,235.48095149543346,5080600
2023-08-09,234.83448791503906,236.99909338229938,234.5700454174542,235.5592911141672,4055000
2023-08-10,235.6686248779297,239.38773918680585,235.59992680340255,236.12001375210033,4778000
2023-08-11,235.5508575439453,236.21814823135085,233.96115895311235,235.51161219688618,3607100
2023-08-14,238.3573760986328,238.77934219810277,235.7667489136574,236.21815276734324,4351100
2023-08-15,235.3448028564453,238.13168678735872,234.87378380542103,237.4840262338093,3770100
2023-08-16,234.81488037109375,236.56160524526024,231.60604548203094,232.10650226030248,3218600
2023-08-17,232.9307861328125,235.88450376940062,232.0672537608659,235.51160560236764,4177600
2023-08-18,233.7158203125,234.57936763015854,230.89949891071478,231.17426124389266,4344800
2023-08-21,234.98171997070312,236.03170146590165,233.3135007224813,234.90321430238708,3573600
2023-08-22,236.07095336914062,236.91485558324018,234.20647750332333,235.51160611736805,3848400
2023-08-23,237.76861572265625,238.0041177659728,236.2181623859764,236.80694744111972,4947700
2023-08-24,234.99151611328125,239.00502275477865,234.88357269628483,237.7195243172732,4570700
2023-08-25,238.0335235595703,238.85781049549803,235.71765909189986,236.86577624696125,3541500
2023-08-28,239.2699737548828,240.6437854283983,238.06298100076387,238.4653019365207,3741500
2023-08-29,240.75173950195312,241.23258109568286,238.84801826049952,238.946154087277,3975600
2023-08-30,241.62506103515625,243.58765751184646,241.4484345394971,241.8115100961895,4573300
2023-08-31,241.08538818359375,243.38163786186576,240.85969373997864,240.99707491958247,5532600
2023-09-01,243.46994018554688,244.21572155939518,242.15500395793612,242.84190982508915,4112900
2023-09-05,240.75173950195312,244.03909504447452,240.61435832851961,243.70545719091098,4459600
2023-09-06,241.556396484375,242.04704564120541,239.64286776742114,240.83023034183333,4520300
2023-09-07,242.51808166503906,242.77321385406967,240.5260471463319,240.9087529165903,4007900
2023-09-08,242.66525268554688,243.49936223908313,241.83115810543458,243.15590184093904,3309100
2023-09-11,242.5966033935547,243.71528302478947,241.6643728630967,242.70454682171882,2995800
2023-09-12,242.67506408691406,243.12645290399044,241.40918093912427,242.32179611234753,3499600
2023-09-13,243.19517517089844,245.38346632847555,241.99798996981102,242.5278844976806,5657000
2023-09-14,236.98358154296875,240.94802079082507,234.28501073864922,240.41812620301175,12000000
2023-09-15,236.56161499023438,239.53494797597116,235.5410562582662,237.37607949427905,13077900
2023-09-18,240.08447265625,240.64380496393656,236.2672224391418,236.4340413720808,4771600
2023-09-19,239.00503540039062,240.53585850538974,236.9443177488246,240.41810748913605,4709000
2023-09-20,237.3367919921875,239.9568564858753,237.1503429315729,239.07369406271684,5756600
2023-09-21,232.18499755859375,236.27700978199235,231.85135972131118,236.26720218916316,6881500
2023-09-22,230.68360900878906,233.3429190495031,230.48735234105087,232.32237539321014,5935500
2023-09-25,228.9957733154297,231.06631334028282,227.8672862527596,230.97800008635363,5921600
2023-09-26,225.35516357421875,228.31868882962132,225.30611063469956,227.5925226489552,6193200
2023-09-27,225.20797729492188,226.36590219137295,223.65752406401077,225.9537586702586,6006700
2023-09-28,227.32757568359375,228.19110803572022,225.3747866081958,226.35608494234916,4203900
2023-09-29,225.7084503173828,228.67197581874433,225.35518227766138,228.48552671813775,6045200
2023-10-02,226.9448699951172,227.04299084450517,224.49162415905374,224.9528355741076,5175200
2023-10-03,224.5308837890625,227.41590347156964,223.520147638174,226.1598427214669,5585700
2023-10-04,226.89581298828125,227.3668320188837,224.59957836899108,225.1883484138879,5430900
2023-10-05,229.113525390625,229.81025377953142,225.91449828816238,226.100947362944,6126200
2023-10-06,230.6443328857422,232.16534815997397,228.39716649329787,228.80930995933218,6401300
2023-10-09,230.0555877685547,230.77193137211486,227.3668248967983,228.44625907210093,5372200
2023-10-10,232.1752166748047,233.76491535461187,229.8985971089034,230.5069973496344,4644000
2023-10-11,231.27239990234375,234.04947617328725,230.49718075405562,233.10743809368202,4760900
2023-10-12,232.351806640625,233.28403701635406,230.49715348158085,232.28312354688,4472800
2023-10-13,233.2251739501953,234.1868421278644,231.81210194921456,231.9691132767512,4966800
2023-10-16,235.58030700683594,236.20833736505534,233.872842451634,234.53031056309615,6227300
2023-10-17,236.6891632080078,236.96392555298937,233.83358136542304,235.14853255746306,4527600
2023-10-18,233.02891540527344,236.32607838993013,232.55789639987225,235.47235363512345,9528300
2023-10-19,229.4373779296875,233.47051497761106,229.0448645566259,233.02893368956038,5927400
2023-10-20,229.0154266357422,231.36072922562917,228.28926042533843,229.75140043976646,5748300
2023-10-23,227.19998168945312,230.0751933362985,226.95465712796292,227.03316278445052,5071700
2023-10-24,230.26165771484375,232.10650345142355,228.53457796519822,228.53457796519822,6844100
2023-10-25,232.4205322265625,234.02003843799037,226.96450054025618,227.9065535933626,10365300
2023-10-26,226.95468139648438,231.20370505265873,226.05188871047446,230.1831613560376,6414500
2023-10-27,224.98228454589844,227.06263232712925,223.7654691600969,226.84674548491566,5540900
2023-10-30,228.7210235595703,229.0154160622732,225.7280605667027,227.847668618054,5170300
2023-10-31,230.7032470703125,231.3116472531688,228.63270696188684,229.20186179922072,4828400
2023-11-01,234.1181640625,234.5695529220893,231.27238984007445,231.72379367308838,4996200
2023-11-02,238.70083618164062,238.70083618164062,234.72657466060141,235.4233031140225,6286700
2023-11-03,239.0443115234375,240.73214607729926,237.72936020350363,240.53587440600157,5029800
2023-11-06,238.93634033203125,240.2022086136356,238.0727929936193,239.43679709947028,5254100
2023-11-07,240.19239807128906,240.48679056698967,238.82839398218653,238.85783173441413,4219700
2023-11-08,239.85804748535156,240.6840893798054,238.76648676578674,239.44502653812467,5117500
2023-11-09,237.62574768066406,240.41856449454508,236.9668798763169,240.2710623761472,4866600
2023-11-10,241.17578125,241.19545320122978,237.9502714922183,239.92687493969785,4094400
2023-11-13,240.60540771484375,241.5986236462029,240.05471313883066,240.9299273768447,4088500
2023-11-14,242.8376922607422,243.8112362046131,241.5002847673194,242.0804797447194,14092000
2023-11-15,243.98828125,244.11612643090163,241.26429358392323,242.70987445689266,13258900
2023-11-16,244.4406280517578,245.30599881265877,243.16222135313146,244.4602849971338,7051600
2023-11-17,245.41419982910156,246.08291118016987,244.5291570172826,245.3060265960745,7238200
2023-11-20,245.81736755371094,246.7614111237752,241.51996910316186,245.46334746361134,8604200
2023-11-21,248.03981018066406,249.1313708409966,245.87636081031445,245.87636081031445,7213700
2023-11-22,249.50506591796875,250.31143582713202,248.46267761804216,248.79702575098054,5701400
2023-11-24,250.075439453125,250.46878844345724,249.28872646715834,249.9672662299883,1640900
2023-11-27,249.91810607910156,250.74414800238472,248.32502308344075,250.07545168505155,5478900
2023-11-28,248.738037109375,249.9279275835991,247.43012993132768,249.63292333729723,5234900
2023-11-29,250.00656127929688,251.81600540363584,249.30836466518846,249.70171360226644,4955100
2023-11-30,252.41587829589844,252.50437956331422,248.96419381897127,250.02625404386455,6874700
2023-12-01,252.18971252441406,252.64206232865658,249.68205663025233,251.5406582292336,3939400
2023-12-04,250.21310424804688,253.1141092189964,250.1246029791485,251.65868499459341,5247500
2023-12-05,250.38031005859375,250.58682805084229,247.95134155774056,249.96728907940013,4199100
2023-12-06,250.0655975341797,252.56339514949877,249.3182284457674,251.55052224334267,3874000
2023-12-07,251.57020568847656,251.8848969013241,249.28873941124053,250.6556474807784,3589300
2023-12-08,251.49154663085938,251.78656590770288,249.65260164154023,250.76383441535253,3732300
2023-12-11,252.258544921875,253.3501206274029,250.76380675990796,250.76380675990796,6479300
2023-12-12,255.24801635742188,255.40536193357957,252.14050875215798,253.02555135876983,5946600
2023-12-13,258.021240234375,258.11958499533205,254.39253763249513,254.84488752016847,4859900
2023-12-14,254.43185424804688,258.87675486682394,252.14054460700987,258.8177540186998,8168700
2023-12-15,253.7434844970703,254.07783265775223,250.22295532055895,250.28195617182013,13374000
2023-12-18,254.07781982421875,255.27755375694008,253.66481388625164,254.40235450036874,6041100
2023-12-19,255.67092895507812,256.0151206123997,252.92729919697783,254.31384928430637,8731200
2023-12-20,252.83871459960938,256.487103383188,252.8092141786646,256.1724122193762,7240900
2023-12-21,255.2284393310547,255.6709457676174,252.76997020367466,253.23216360004648,6246700
2023-12-22,254.1367950439453,256.8706107774888,253.93029209578665,255.6807204430109,5111500
2023-12-26,254.85470581054688,255.4250573507542,254.23516688941874,254.23516688941874,2085100
2023-12-27,254.62850952148438,255.45455139214715,254.0188140938955,254.94320071333797,4034700
2023-12-28,256.0740661621094,256.6346041677781,254.24498005173908,254.24498005173908,3020500
2023-12-29,256.0249328613281,257.1164785438654,255.35623658676815,256.241279304345,4074900
2024-01-02,254.56954956054688,255.7692836628986,253.38950241747534,255.2972467993048,5471000
2024-01-03,253.69430541992188,254.55966116791936,252.59288626586414,254.25481345894906,4148300
2024-01-04,255.29718017578125,256.7034469199368,253.71394091854845,253.78278523684574,3843000
2024-01-05,255.3759002685547,257.1164853260557,254.4515136249721,256.4477890338569,3748400
2024-01-08,258.1785583496094,258.25721614363215,255.63158836833526,256.6051323737145,4659000
2024-01-09,258.95538330078125,259.2405740414497,256.8017925672123,257.6474913015105,7055800
2024-01-10,260.1649475097656,260.9614888397447,258.49317705811114,260.5681399130611,4355800
2024-01-11,259.6437683105469,261.7678886490977,258.040842082108,261.0500050590714,5599000
2024-01-12,259.7815246582031,261.1385743851506,259.32914473861166,260.72556838452584,4656100
2024-01-16,260.83367919921875,261.2467151353618,257.9917050571849,259.1422515746486,6196400
2024-01-17,262.20062255859375,262.6628158992338,259.9978440894697,260.0273445150167,5118700
2024-01-18,263.685546875,264.31489928910435,261.99411912184866,263.42985651363574,6694300
2024-01-19,266.399658203125,266.6455050693166,262.6136104616532,263.7248430985359,7226500
2024-01-22,266.6946716308594,267.8255611249434,265.86859981560696,267.71737290675026,5984300
2024-01-23,266.753662109375,267.3535139876631,265.42608318502874,267.038822833184,5883000
2024-01-24,267.13720703125,268.32709749730475,266.57666895652,268.04193673137235,5021700
2024-01-25,268.0812683105469,268.2484574004039,266.3013392279014,267.4322589303194,6894900
2024-01-26,263.4888000488281,266.3701176843398,261.18767732892263,261.5220254153432,8586500
2024-01-29,269.1138610839844,270.5004412366373,262.27930508535064,262.5349954712694,6574500
2024-01-30,272.54583740234375,274.01110517261696,269.63501882902864,270.0283678237029,6549000
2024-01-31,268.7204895019531,275.3386684570524,268.64180169260345,272.5163510114067,6139300
2024-02-01,272.4474792480469,272.58516789524185,268.8187771802759,268.8483076137632,7065000
2024-02-02,272.5752868652344,273.8733653145112,271.1002059030377,272.998136205187,4848700
2024-02-05,271.00189208984375,273.38170285170713,270.55938575705676,272.79166439738873,4899100
2024-02-06,272.1623229980469,272.2803246915351,269.4776644287743,270.23486196905975,4400000
2024-02-07,274.7486267089844,274.8961288204169,272.4573172058564,274.7387832313547,4785900
2024-02-08,271.7043151855469,275.52697844708683,271.2117045604323,275.4087567077099,5833400
2024-02-09,272.3446350097656,273.0835507630099,270.0392214676307,270.93577618955413,4618300
2024-02-12,271.0047912597656,272.58115112653405,270.1870408610098,272.3446776032524,3676200
2024-02-13,271.73382568359375,273.8914622701113,268.72891339394556,269.7042726490754,5493800
2024-02-14,273.45806884765625,273.5369034025487,270.65018164443313,272.3841810531888,4218400
2024-02-15,276.82745361328125,276.96536894169213,273.4579840015479,273.54665029836144,4834800
2024-02-16,274.4432373046875,276.96540137573214,273.763432216278,276.8077623629709,6630700
2024-02-20,271.0836181640625,272.7486444649348,269.30037012504454,270.5122030741698,6157200
2024-02-21,272.6698303222656,272.8767183566813,269.4875550060919,270.57130434492547,4770100
2024-02-22,279.5565185546875,279.86193472469955,274.85702420329994,275.05405040551386,5100200
2024-02-23,279.4087219238281,281.7239976211666,279.31019379630163,280.5121647923733,5107700
2024-02-26,279.9505920410156,281.1328694826165,278.4826221053887,278.85701096411447,3856900
2024-02-27,278.9850769042969,279.97029802120545,277.37916167308583,279.97029802120545,4145200
2024-02-28,281.4087219238281,281.90133249889584,277.91116880090937,277.93089246651266,4358800
2024-02-29,278.46295166015625,281.438309044617,278.0097282321369,281.2806700348581,6633700
2024-03-01,278.9752502441406,280.6993874161044,277.9407499010226,279.01466751242407,3955700
2024-03-04,276.38409423828125,278.8175917363102,274.0195694382826,278.63039730826455,5920300
2024-03-05,275.2510986328125,276.8372903038528,273.57621059681713,276.12792985016307,6227900
2024-03-06,276.28558349609375,277.8323880497936,275.1821405244189,275.86194558135537,4535200
2024-03-07,274.1476745605469,277.01467200513804,272.0787039228808,276.7289494240888,5668500
2024-03-08,275.9013671875,277.50728263517834,274.7092278274227,274.87672866916273,3928800
2024-03-11,276.4136047363281,276.62049273022274,273.8815795193771,275.3200238448975,4614000
2024-03-12,279.72406005859375,280.2757816115114,276.14770173290185,277.1526166900226,7988700
2024-03-13,280.92596435546875,281.87176821124586,279.6254652621737,280.45304739429895,5783800
2024-03-14,282.17718505859375,284.7683214191725,280.3446581377198,284.6894868921658,5484500
2024-03-15,278.8570556640625,281.40877531909587,278.46297314254673,279.35949810070326,9845000
2024-03-18,280.8372497558594,281.99983345157193,279.06386388313797,279.6746961267073,4095600
2024-03-19,283.10333251953125,283.80283118918015,281.0343618788887,282.42352745094064,6595200
2024-03-20,285.0047912597656,285.586068167378,282.4826273601136,283.38904410525356,6105000
2024-03-21,286.0786437988281,286.6599206353756,283.64514649785866,285.6845613751677,5057600
2024-03-22,279.07373046875,286.19685957652536,278.7092034827693,285.7141108725575,8744100
2024-03-25,277.0540466308594,279.3102116088779,275.9013546583214,278.82746283974365,8519200
2024-03-26,276.4530944824219,279.93092436420665,274.29545749496054,279.93092436420665,8752400
2024-03-27,274.89642333984375,277.0934775592105,272.8865936305422,276.10825630566666,5190700
2024-03-28,274.95550537109375,275.6648658019069,273.02448033532147,274.37422850045795,5844400
2024-04-01,274.1673278808594,276.7387705993727,272.6993580557942,276.21657454985336,5084000
2024-04-02,274.32501220703125,275.20184350074396,272.8865975747057,273.891512443881,6912300
2024-04-03,272.8668212890625,276.3348187255204,272.4727388712544,276.3348187255204,4536600
2024-04-04,269.95062255859375,274.95553328039085,269.51712280317435,274.2461727775742,4018600
2024-04-05,273.0442199707031,273.8520785105364,270.96538758756225,272.0195814959189,4392100
2024-04-08,273.6550598144531,273.87180968878374,271.0836167568689,272.1673661285219,5542400
2024-04-09,272.6304016113281,273.89148349815343,269.2806556681886,273.52695647824856,7313900
2024-04-10,270.42352294921875,272.7289369249278,270.0688276863441,271.3496332727811,5276000
2024-04-11,271.60577392578125,272.39396892782634,268.15749971656714,269.95060952133406,8102300
2024-04-12,271.8816223144531,272.90626073730317,270.0097081277627,271.4776780317279,9038400
2024-04-15,267.27081298828125,273.80283452735245,266.34470263051026,273.78314092679597,10267500
2024-04-16,267.3397521972656,270.078665659764,266.177198512201,266.54172550950415,8237100
2024-04-17,268.65997314453125,269.9506105194267,267.48755750373846,269.26094364840793,5940900
2024-04-18,267.35943603515625,269.11312833105865,265.8717426032765,268.54171334171195,8231800
2024-04-19,265.7929382324219,267.9801302036583,264.3249684640028,267.45796424085034,7905400
2024-04-22,268.3052978515625,269.71418713202047,265.37918944840726,266.9457177415937,6463700
2024-04-23,270.0589904785156,270.8274919403925,268.6796867005969,269.9604924038244,6438000
2024-04-24,270.95550537109375,278.8175808421241,270.4333393728859,278.3939429706005,8807200
2024-04-25,271.09344482421875,272.1377767977613,266.49244900124114,268.93580818330884,8064600
2024-04-26,270.4628601074219,272.6796073739074,269.78305520704157,270.94563884627223,6840600
2024-04-29,267.8224792480469,270.4136153488353,267.083563480897,268.2953961629842,4128600
2024-04-30,264.6402587890625,268.0589776421362,264.61070335497806,266.5318967701639,6376400
2024-05-01,263.36932373046875,266.90626403347557,262.76832319733035,264.1870440516337,6119900
2024-05-02,263.655029296875,265.48755635234596,262.70922536926423,265.36933461971523,5061700
2024-05-03,264.5220642089844,265.46789832991874,262.5614833914534,265.0245367065702,3862000
2024-05-06,268.6402587890625,268.74861868142955,265.58606727226476,265.66487173338965,3958700
2024-05-07,272.37420654296875,273.77323368112286,268.7978492751439,269.67471045279166,6377100
2024-05-08,273.09344482421875,274.4333311162837,270.85700370442106,273.6944152758343,9029700
2024-05-09,274.4234924316406,274.66979770558066,272.3151048547645,272.7091872797562,8948800
2024-05-10,276.5910339355469,276.8767565475022,275.11320190115464,275.4186181162701,8986400
2024-05-13,275.2609558105469,277.98014578156506,274.97523325396634,277.30034077216953,10528400
2024-05-14,273.6353454589844,275.85209331284284,270.2166264550378,275.3102336418598,18526100
2024-05-15,277.33978271484375,277.5663944269939,272.975259780103,273.0540642510524,21288400
2024-05-16,276.21453857421875,278.7216401229303,275.6420659986968,278.08991716298056,10341500
2024-05-17,276.47119140625,277.2706951020043,274.49710225679047,276.4218211041876,6177800
2024-05-20,274.9313659667969,276.6389335649095,274.5760143058645,275.602548954751,5460900
2024-05-21,272.37493896484375,274.8227900209365,271.3187941316,274.39836811972134,6578200
2024-05-22,272.00970458984375,274.4773157902539,271.55567256318625,271.96036441471836,4202500
2024-05-23,270.67724609375,273.845650762225,269.49278054853187,271.67414063672834,6115900
2024-05-24,270.9338073730469,271.67409067210735,269.80859242202126,271.4470897386064,4339700
2024-05-28,267.4693603515625,270.90425633014246,266.7290768910463,270.67725534713264,6212100
2024-05-29,265.3768005371094,267.6272911749943,264.7845978663093,265.51500124177016,5469700
2024-05-30,267.78521728515625,268.12083899349176,264.8339632467535,265.21892514161334,4901900
2024-05-31,268.93017578125,269.22630724834016,265.5248898263039,267.9234010864525,8910000
2024-06-03,266.8770751953125,269.5914473512905,264.5871249107581,269.5519571402588,4838800
2024-06-04,268.8907165527344,269.45330910982153,265.8209920305842,266.1368535476167,4188500
2024-06-05,270.9436950683594,271.36811694241584,268.4958140466986,269.98626076978695,5368700
2024-06-06,273.4508056640625,273.55936609601594,270.52913237413793,271.2398055903079,4862400
2024-06-07,275.0596923828125,276.6981596756592,273.27311420128456,274.1121080150813,4515600
2024-06-10,271.4767150878906,274.9511007223029,269.8382176794319,274.53655892001944,5213800
2024-06-11,271.1115417480469,271.2990525014602,268.6932705343072,270.9832211360724,6244600
2024-06-12,266.81787109375,274.00355370409176,266.403299158331,273.18428991716115,7536600
2024-06-13,267.6766052246094,268.3379081831795,265.8308367956515,266.81788131357195,7361200
2024-06-14,267.15350341796875,268.0319574759326,265.7814969223361,266.60076083443363,8537300
2024-06-17,267.6568908691406,268.3083137816134,265.5149908859168,265.5149908859168,9258200
2024-06-18,270.0751037597656,270.35147500719154,267.7851533541184,267.7851533541184,6707500
2024-06-20,273.2336730957031,274.4378686231006,269.5618662516886,269.6506966444218,10164400
2024-06-21,271.6543884277344,273.9443388964981,271.02266548923086,273.5791372511416,14594700
2024-06-24,272.72039794921875,276.7574366785951,271.70374326450144,271.7531135654778,24149600
2024-06-25,269.9862365722656,274.32922563508964,269.9862365722656,273.263231003803,18325800
2024-06-26,270.0553894042969,270.9042332413483,268.2293509995455,269.37432626889114,12172000
2024-06-27,263.13623046875,267.08440908135236,263.0474000646319,265.0313694565726,10529100
2024-06-28,259.0696105957031,265.1201991222167,257.8654149173251,263.7383426360974,13957300
2024-07-01,259.8295593261719,262.32678046394494,257.91469077222047,260.3724518218124,7955800
2024-07-02,264.75494384765625,264.75494384765625,259.00045783180497,259.82957155570443,8697800
2024-07-03,265.505126953125,266.2552905154645,264.6760130736922,265.5841073924301,5017800
2024-07-05,266.8572998046875,267.0448406436324,264.76477057246353,265.51493392824324,7986400
2024-07-08,262.9486999511719,267.92341363357895,262.5242779628998,266.7488280402021,8561100
2024-07-09,262.0010986328125,264.08374810208585,260.500801813083,263.5408856673846,6431300
2024-07-10,259.59271240234375,260.0665046225865,255.16089208446755,255.7629747914554,9635500
2024-07-11,259.1485290527344,260.21455401254326,257.38174103372813,258.73398721897087,8803600
2024-07-12,262.2972106933594,263.9357082711158,260.2441712704869,260.91535433929045,6627800
2024-07-15,264.9721374511719,265.751881004632,261.8135826521019,262.22815464183657,6845200
2024-07-16,265.76177978515625,266.7093342426497,263.9061309693307,265.041226325586,7869900
2024-07-17,269.1670837402344,269.37435467915475,264.7648429846093,264.9622639602936,5324700
2024-07-18,265.6630554199219,270.07514610895043,265.08070270446586,268.76239000838206,5550800
2024-07-19,262.0208740234375,267.43976983500085,260.88577865849453,266.8179268630007,6839900
2024-07-22,264.2416687011719,264.92273180058805,261.5865166462786,263.76790663006983,5313600
2024-07-23,261.3595275878906,264.23183076348005,260.4415532889436,264.0640199408571,8109200
2024-07-24,250.8771209716797,253.86787992771312,249.8506012276718,252.75251472439945,13065900
2024-07-25,250.45269775390625,254.87465326583816,249.42616295401712,252.08131529038346,8573300
2024-07-26,256.09857177734375,257.8160497859534,252.27871416947588,252.27871416947588,7062200
2024-07-29,258.21087646484375,259.306481525253,255.2299824590675,256.9474605666599,6068100
2024-07-30,259.69140625,260.87584154144474,257.6284869210258,259.81972685073634,5941800
2024-07-31,262.2281799316406,262.9092130653955,260.82656319729824,261.11281459585956,7642500
2024-08-01,262.4847717285156,263.54091671396606,260.75744362271246,262.8795835568283,7269700
2024-08-02,263.1263122558594,264.48843849938777,259.47426564171457,260.4119398530104,7017900
2024-08-05,253.11770629882812,259.51376581386165,251.21270248941428,258.06280912341373,9631300
2024-08-06,254.91412353515625,257.1152135033933,252.45637729537378,253.17691556701294,21586800
2024-08-07,253.1966552734375,258.6352803433375,252.98938435366935,256.29598959646995,12908600
2024-08-08,256.4637451171875,257.0757379762813,254.578516733113,254.78578763252847,8223700
2024-08-09,256.9088439941406,258.64950543959316,256.16707610935555,256.32532354668984,7228100
2024-08-12,257.0374450683594,258.7286675468242,256.39455536423316,257.64073518132057,26769400
2024-08-13,257.2747802734375,258.80775517589905,256.4242040630365,257.2747802734375,12005700
2024-08-14,258.2737121582031,258.62974626961955,255.90003068497225,258.00665639202714,8552300
2024-08-15,263.87152099609375,264.4550715617028,259.95499544814714,259.95499544814714,7397800
2024-08-16,264.4452209472656,265.4935838893964,262.4770730020113,263.92103947620024,5111100
2024-08-19,263.5451965332031,265.36499686445364,262.3188165710289,264.48478129945835,6555900
2024-08-20,265.09796142578125,265.09796142578125,262.86275786448476,264.0693681697936,6803600
2024-08-21,265.2561950683594,266.31442759491796,264.45508820546564,265.612229148485,6639700
2024-08-22,264.9990539550781,266.54192875328965,263.64409610380636,265.98807780945026,4425200
2024-08-23,264.5045166015625,266.2550777897824,262.39789116503783,265.75069619671456,3697400
2024-08-26,265.26605224609375,267.4023471737226,264.7320011511438,264.7814402657322,4612200
2024-08-27,267.74853515625,267.97602150517696,264.94961096956513,265.5726706353339,6594100
2024-08-28,266.2353515625,268.9947367517079,264.7320460691463,268.1837298931054,5455100
2024-08-29,271.30902099609375,272.96067386988216,267.4815036496727,268.0056850659053,5565100
2024-08-30,273.3365173339844,273.9497072934235,271.2496914924987,271.9815594850406,6296100
2024-09-03,275.4826965332031,278.993718935248,273.33650161596876,273.33650161596876,7278300
2024-09-04,277.41131591796875,278.5585873129534,275.64098479273053,275.65085450797505,6107500
2024-09-05,275.5617980957031,278.4101913838389,274.36508778458017,277.91567949861,6447400
2024-09-06,276.3035583496094,277.2035735779682,274.38484987290764,274.7211143237324,7187700
2024-09-09,282.47503662109375,283.82012451067817,278.5585113290403,278.99368415955814,10933900
2024-09-10,282.20806884765625,283.256431740462,280.45750745478927,282.79158931194524,5314400
2024-09-11,280.8432312011719,282.03997190708554,275.24535204597146,281.89159416912156,6281800
2024-09-12,282.2377624511719,282.86085237478244,278.38057504622077,280.8828044560776,4160800
2024-09-13,284.1960144042969,285.5707418853645,282.4157533329681,283.34543818316337,4987600
2024-09-16,287.2916564941406,287.7070296055238,284.5817106428442,284.88830561925977,4458900
2024-09-17,288.3597717285156,289.85320729913417,286.8960056640798,287.70701240988654,5135700
2024-09-18,285.3136291503906,288.8147520692398,284.96746474448463,288.6367350088131,5890000
2024-09-19,282.1091613769531,288.2806909014838,279.7651796146909,287.8949571013072,10382100
2024-09-20,281.6443176269531,283.84985173088165,280.14101220478125,282.3663159204415,27810900
2024-09-23,285.4619140625,285.70916998637597,281.49591938509496,281.77284481253173,6505600
2024-09-24,269.7859191894531,277.91569628084494,269.71668027751355,277.1046894962697,13690200
2024-09-25,266.6705017089844,271.2397870017281,265.2858743752154,271.1804479861817,11671300
2024-09-26,268.7078857421875,270.2408605996803,267.03643306137957,267.5309449744562,9552500
2024-09-27,272.14971923828125,274.92887397649326,269.78593763488186,270.1617715452645,6509600
2024-09-30,271.9320983886719,272.66396632206624,270.201306786372,271.9815375042649,5969900
2024-10-01,274.5530090332031,275.99697530964835,271.3485514423519,273.92991921879843,5781600
2024-10-02,273.9596252441406,274.59261503921897,272.34751142882857,273.5343522032931,4741600
2024-10-03,273.8211364746094,274.6420431959103,272.8123429844248,273.6332497057257,3036700
2024-10-04,274.8794250488281,275.3838369325352,272.0805004909171,274.3058044259312,4259300
2024-10-07,270.78485107421875,274.57279917758075,270.24086984166365,274.55302956612184,4339300
2024-10-08,271.9420166015625,273.0695183912258,271.0024619594587,271.6947606142801,4370900
2024-10-09,273.890380859375,274.44423182770663,271.4079513993001,271.98157197985284,4115800
2024-10-10,274.4244689941406,274.6222858516943,272.3277431075768,273.7420400729797,4063900
2024-10-11,274.7903747558594,275.7398291727192,272.34748471111936,273.0101439514207,4746300
2024-10-14,277.59918212890625,278.28161093893755,274.93870579591123,276.0167380740133,3996600
2024-10-15,276.2244873046875,279.5377233321136,275.76951458938026,277.9157096847333,5807000
2024-10-16,284.3641052246094,284.4432440289553,275.2947741004782,275.5617996542724,9442700
2024-10-17,287.20263671875,287.73668784103484,284.4531215703572,285.4026061529749,8815800
2024-10-18,287.43011474609375,287.84551805542185,284.9179856435227,286.7378161406982,5350900
2024-10-21,283.7015075683594,287.2520996950924,283.18719583106986,286.4213232532559,6313100
2024-10-22,281.6640930175781,283.3849847501523,280.41791338634266,281.92121867826637,5736500
2024-10-23,280.6453857421875,282.92012826807473,280.4178994165551,282.9003586590407,5249300
2024-10-24,280.1113586425781,280.50696217802783,278.6377226454166,279.29048206108536,4679900
2024-10-25,278.6376953125,281.96080090343605,277.6981105981872,280.88276854747363,4464600
2024-10-28,281.0707092285156,281.5157820639608,278.43990198886377,278.94431384468635,4306200
2024-10-29,278.7860412597656,282.56411952375953,278.2618598386176,281.14979251198,7534800
2024-10-30,286.9751281738281,292.5334366889096,285.16519785162643,289.131192654303,9606800
2024-10-31,286.6685485839844,293.0873032558338,286.4410622489125,288.883952192088,7950200
2024-11-01,287.54876708984375,289.4576059436179,284.0377447078547,285.3234635620057,5470700
2024-11-04,288.6466064453125,289.9323253317725,287.56857410887204,288.3498811912445,4281600
2024-11-05,290.07080078125,291.5444365951179,288.37954833994513,288.5081262640619,3753700
2024-11-06,304.0259094238281,305.6083535369169,299.49619371000523,302.95777700249454,10320500
2024-11-07,302.4434509277344,304.2533812939965,301.0786235049947,304.1248033771723,6237300
2024-11-08,304.49078369140625,307.7347808806575,302.3347188302057,303.5215595849181,6240600
2024-11-11,307.5072937011719,309.0105990139976,305.905049789044,306.6863870435086,4674100
2024-11-12,307.0316467285156,307.7252614664828,305.30745300158225,306.22901681287175,4616400
2024-11-13,306.6650085449219,308.12163876627693,305.03991132273296,306.674897022623,4046400
2024-11-14,305.4461975097656,308.45855452661425,305.030004470335,306.48663474835115,4415800
2024-11-15,306.8236083984375,307.8937716895116,303.87070282862504,304.7625106111865,5106300
2024-11-18,309.3206481933594,309.56837423494426,305.8921282450232,306.6650322851682,4585600
2024-11-19,309.01348876953125,309.39003721362,305.7038722851678,307.1803099043606,4885500
2024-11-20,304.59405517578125,309.4494796858251,303.4346839614257,309.0233678993548,6349900
2024-11-21,307.0811767578125,308.0919183007014,303.86073840957476,304.5048200312236,5757100
2024-11-22,307.1010437011719,308.755836784716,305.0993978588059,305.1687684105703,5919200
2024-11-25,310.34130859375,310.80703480702834,307.04158046307634,309.02338898936745,14189300
2024-11-26,308.9837646484375,311.63938073060933,308.7063126732852,311.3421215572309,7071500
2024-11-27,311.8375244140625,313.49231728446864,306.6748924119157,307.9432484179726,5204300
2024-11-29,312.2140808105469,313.3734520256155,310.8466584214865,311.4312882684027,3853300
2024-12-02,313.76983642578125,314.532852080359,310.85657540284564,314.0175624975275,5597500
2024-12-03,310.16290283203125,314.4336970950434,309.9250652842114,314.21569698287135,5009900
2024-12-04,307.0811767578125,310.0043559699027,305.99117619194874,309.5782744614266,5981800
2024-12-05,306.26861572265625,308.2603425741231,306.02088970590637,307.16045357494977,5200100
2024-12-06,308.18109130859375,309.71698055509125,305.9911714926289,306.06054203666247,4302700
2024-12-09,305.4957275390625,310.16290770848843,304.8417574322579,308.9936178666401,5785300
2024-12-10,309.53863525390625,310.1331837766131,303.8508552559972,304.5642771952526,4539500
2024-12-11,310.9358215332031,312.67979227309525,308.37927189314206,310.19264342109153,4321800
2024-12-12,311.371826171875,312.67979668525186,310.57908469710617,311.9564559995197,3218500
2024-12-13,311.877197265625,314.0671174540771,311.480841609434,312.9572792807448,4682200
2024-12-16,313.0167236328125,314.6715166139761,311.242996753127,311.8771596786045,6562500
2024-12-17,315.40478515625,315.93988187514907,312.27355459082924,312.94736216870484,8843900
2024-12-18,306.9622802734375,318.69458154734065,306.74428015517265,315.6029654992168,10479200
2024-12-19,312.0158996582031,313.98778921505397,308.3991056042829,308.9936238947946,8317100
2024-12-20,314.8201904296875,317.08936969879414,309.4395874452108,310.71786243400874,24387000
2024-12-23,314.3345947265625,315.07777278954,310.49980075999747,312.7788680571313,7984600
2024-12-24,317.7333984375,318.61531761507683,314.394056408236,315.27597558581283,2684100
2024-12-26,317.9910583496094,318.5261550644452,316.55423521828936,316.86141308939995,2856000
2024-12-27,315.76153564453125,318.5756999405565,314.6715349777618,316.365972690651,3489200
2024-12-30,312.4420166015625,314.2256321552965,310.3809490674699,311.8177420857562,3478500
2024-12-31,313.1654052734375,314.77066541043973,312.3231305655043,313.244664312302,3963800
2025-01-02,311.5402526855469,316.77222528673946,309.56836314198955,314.88951348615774,5369500
2025-01-03,312.045654296875,313.04647724468725,309.1720380815693,311.3222833235061,4271300
2025-01-06,310.192626953125,312.5212576287812,309.231448769556,312.1447092335696,6567300
2025-01-07,308.83514404296875,312.3231161520311,308.4883215039431,310.04404844985936,4958600
2025-01-08,309.75665283203125,311.1835572709654,307.3883773257462,308.1712000954382,5161600
2025-01-10,304.91107177734375,309.0134289925246,303.20671562958603,308.3693474185445,6660100
2025-01-13,304.1282958984375,304.1282958984375,301.07629437396605,302.2257467444819,9568400
2025-01-14,306.2785949707031,307.3388697895356,304.72286802045346,305.9416911501392,5107600
2025-01-15,313.4031677246094,314.30489414248854,310.2818256565633,310.8268108506683,5222000
2025-01-16,314.36431884765625,316.2767564612195,312.87796273017324,312.87796273017324,4606700
2025-01-17,316.7127685546875,317.67394675631306,313.82923394981077,314.61205666824657,5805800
2025-01-21,320.68634033203125,321.6276812051789,317.0893531439055,317.3965310355639,5653000
2025-01-22,320.616943359375,322.77710714206955,319.447683723604,321.8159289099539,5026500
2025-01-23,325.2246398925781,325.5219292790962,320.6268603997117,320.8151346058415,5297100
2025-01-24,327.1965637207031,328.07845269289544,324.82828827763444,325.03636968275924,4327500
2025-01-27,331.4970703125,332.4384110755195,325.066082058218,326.9983571738793,6636500
2025-01-28,331.4376220703125,334.75712669159793,329.86208814295765,331.6258962729518,5999600
2025-01-29,332.8249206542969,334.04371351474384,331.45746796599275,331.45746796599275,5087300
2025-01-30,339.9296569824219,341.30702826782493,335.9165072659505,336.4218780598746,8081300
2025-01-31,338.6910400390625,348.0550967303691,338.60186229076385,343.31857591186593,8624100
2025-02-03,342.67449951171875,342.85285501106176,336.1543329068791,336.90742977965607,8004500
2025-02-04,342.0105285644531,342.86272177662164,339.4242834958784,341.46554343015333,5532600
2025-02-05,346.26153564453125,346.301180276247,342.1096449921182,342.8528230768223,4939100
2025-02-06,344.31939697265625,347.46054630363625,343.44739645175457,346.59846450137985,4294500
2025-02-07,344.8544616699219,347.55964096640815,344.0518317037109,344.83465447272994,4261200
2025-02-10,348.0352478027344,348.6991365960212,344.53735764111104,345.52826171227906,6067000
2025-02-11,348.1147155761719,349.50430976922263,343.67791927669026,345.7126789567772,5154800
2025-02-12,348.8789367675781,349.2164074329278,344.90865088222534,346.5662585673462,6760100
2025-02-13,352.98822021484375,353.4348592315422,348.1246257463355,350.4968559662568,4279200
2025-02-14,351.18170166015625,352.78966255968066,350.59608814063046,351.7970911114926,5720300
2025-02-18,354.080078125,354.08998324321055,349.7822261298304,351.06265197655114,5822000
2025-02-19,352.5911865234375,354.49690684959194,351.54896826896316,353.3752962027272,4152300
2025-02-20,347.8863830566406,353.4845009804059,346.4670130499755,352.5911926687716,5697000
2025-02-21,345.94097900390625,350.69540545577865,344.89879093885025,347.88641086108873,6924100
2025-02-24,347.2610168457031,348.1940363886845,344.7795883358326,346.16921253406036,5055900
2025-02-25,349.4745178222656,349.97080360353914,343.4297606412601,348.7598650855966,6191900
2025-02-26,348.025390625,349.2164583898776,346.3975586348543,347.40006566027046,5960600
2025-02-27,353.097412109375,357.6334716017008,349.0675738273046,349.285940791446,7298100
2025-02-28,360.015625,361.29605080435203,351.0824808867056,352.0750524548494,15857300
2025-03-03,359.1322326660156,363.81717142634926,356.86917082446587,360.3034597833793,9099600
2025-03-04,349.61346435546875,357.5937172692121,347.79704157872015,357.43490219702966,8955800
2025-03-05,350.06011962890625,351.47948964577205,346.3479118029868,348.2238562418129,8244200
2025-03-06,341.6034240722656,346.2784275336947,337.8614402796064,343.3900407238917,8611100
2025-03-07,342.75482177734375,343.81688062691603,336.62073674535804,338.3378661750698,6358700
2025-03-10,338.9433288574219,342.44710506283326,335.13185790834467,337.41476025635785,8204300
2025-03-11,329.6727294921875,337.0872098989899,327.13171845399165,335.89614221230545,9776100
2025-03-12,330.3675231933594,333.66286813012744,326.66522027124824,333.47427710543474,6295400
2025-03-13,326.109375,333.7025716918127,325.26571340391433,328.5312520376789,7915300
2025-03-14,329.3352355957031,330.29803123253635,323.9555146363559,324.77933571343476,7810600
2025-03-17,332.0647888183594,333.61319796124707,327.31039306247374,327.5783764672847,6149400
2025-03-18,332.28314208984375,333.30548949840875,329.8314893326802,332.79929864348503,7778300
2025-03-19,337.3452453613281,338.49663184920973,332.015141655727,334.29804381683005,5614900
2025-03-20,336.97802734375,339.69766358563754,335.1516994018881,336.4817415891937,5432700
2025-03-21,333.1665954589844,336.90857958250007,333.0276208917873,334.86388445718694,17279700
2025-03-24,341.3155517578125,342.6555293209634,335.14175590843905,336.134327393606,5675100
2025-03-25,342.0600280761719,342.9632718885476,338.1393883375077,342.00047620202685,3931200
2025-03-26,341.6232604980469,344.79950149712596,340.4520333673521,343.4198125365693,6187100
2025-03-27,347.2610168457031,348.2337477262875,340.76962167331203,341.44456295818674,7254800
2025-03-28,340.30316162109375,349.0080032008069,339.07235230257794,346.5960616066312,5687600
2025-03-31,347.85662841796875,349.24622257567796,332.0052590294127,336.82917267295846,9950800
2025-04-01,343.77716064453125,347.8467100369184,340.0252414163327,347.8367746283876,7473300
2025-04-02,343.75726318359375,345.61339727308604,340.501629980197,340.88874739233717,5682500
2025-04-03,336.8688659667969,342.1790994173941,328.541176293924,331.419627671556,8792900
2025-04-04,310.8039245605469,332.16405274261683,309.8014176333739,327.548601237895,13201700
2025-04-07,309.99993896484375,319.78667944095287,296.778879280273,299.8260810630953,12163400
2025-04-08,305.9800109863281,323.8562337207618,301.6722542325901,319.8462363061084,9569300
2025-04-09,329.9605407714844,331.54866125033834,303.36957174968546,303.36957174968546,11361800
2025-04-10,322.1986389160156,327.70742923767034,310.9428810827381,325.58331156384054,8709800
2025-04-11,330.92333984375,334.4767628604182,320.144027639236,322.019972067207,6804500
2025-04-14,332.69012451171875,337.0872092038152,330.66530036126704,333.9109984216604,5011800
2025-04-15,333.3154296875,336.868852585166,332.5114492037403,334.21867337845134,4386200
2025-04-16,328.86871337890625,334.7149742599511,326.4170604757067,332.51146424051313,5850600
2025-04-17,327.1614990234375,331.8365329043558,326.0002072551973,328.610675317875,5655900
2025-04-21,317.7221374511719,326.70489724705635,314.29775372186907,326.55601758292966,6362300
2025-04-22,328.9382019042969,330.08958852422495,319.99515293739404,321.45420402020414,5435500
2025-04-23,331.8861389160156,338.7150359152207,330.72484718434157,334.7348143715311,8906000
2025-04-24,333.2161865234375,334.26830994302304,328.78932589248984,330.80424492707886,8055200
2025-04-25,332.68023681640625,333.8713045630103,329.7025220135741,332.27327882511344,4452800
2025-04-28,335.0028381347656,336.81923076822625,332.53131434352156,334.2782499885968,5422900
2025-04-29,338.9830322265625,339.7274609052591,333.96062249755994,335.9854769850612,5519500
2025-04-30,342.9334716796875,343.9458837593796,330.76453474263207,331.95563272299455,9526700
2025-05-01,339.9061279296875,343.1518258838107,337.5934193334326,343.01285133188384,5849900
2025-05-02,345.0178527832031,347.4893460773067,343.5488360869076,344.6406707739598,6113700
2025-05-05,346.0501403808594,348.44221102662306,343.54884082856637,344.4223085902637,3865300
2025-05-06,345.1171569824219,347.05265342534733,343.19156565768407,343.82679572959023,3438500
2025-05-07,347.25115966796875,348.54149055488324,344.6307562601749,346.1097084540244,5454000
2025-05-08,348.66058349609375,352.69042140438404,348.34298363388575,349.38517160328274,4156400
2025-05-09,349.9211730957031,351.17179261651313,348.06506919478625,349.21642550515,3086600
2025-05-12,353.20660400390625,359.20174484896734,348.521664918718,356.4721729946727,7985400
2025-05-13,354.0815124511719,356.7957135338314,352.53050139384237,353.46507058705555,5406200
2025-05-14,354.3996276855469,356.3383686851556,353.15685277328083,354.60843571646035,6207600
2025-05-15,360.20587158203125,361.6276291533864,354.6183603822515,354.8271684149894,5826100
2025-05-16,363.00958251953125,364.0734051456595,358.80405155830886,360.8521422236704,5838100
2025-05-19,365.77349853515625,367.01627342168587,360.22576479180896,360.9217005235553,5081500
2025-05-20,364.71966552734375,366.1215193850763,362.58209856997917,365.6542347658321,5281400
2025-05-21,356.2289733886719,363.8745267472765,356.01024379987655,361.61765852652974,6125500
2025-05-22,355.9009094238281,357.9191746673327,354.4990556821056,355.69213173413715,4936600
2025-05-23,351.49652099609375,353.9422935175656,350.1841434124028,351.7052986849405,5345900
2025-05-27,357.22320556640625,357.91917164775055,352.4310886053113,353.3557058501838,6316000
2025-05-28,357.6507568359375,358.8239291058765,355.9705226776412,357.2629964880913,3299000
2025-05-29,360.3052978515625,360.9416131728053,356.64657577796976,358.2671591242516,4590400
2025-05-30,363.0791931152344,364.9185061271794,359.2613920730208,359.2613920730208,8726900
2025-06-02,363.20843505859375,363.3476100725079,357.8794004131082,360.6731560117977,3845700
2025-06-03,363.7452697753906,364.75939346867773,359.41048567377067,362.4726695459883,5221300
2025-06-04,365.8729553222656,367.5233641421073,364.19272111645273,364.590403043131,4202300
2025-06-05,364.6500244140625,368.8555855440349,363.81488333301803,367.8613656369081,6881900
2025-06-06,368.0801086425781,368.85559898474776,365.4255280436987,366.8771110066502,5008500
2025-06-09,364.5406799316406,367.6525931394453,359.95731031770026,367.6525931394453,4999900
2025-06-10,368.5573425292969,369.2930555729926,364.5605589669432,364.878716628449,4109300
2025-06-11,371.1522521972656,373.33954825373667,367.2449750220648,367.8613865449288,5562700
2025-06-12,369.2532653808594,372.0072739266105,367.4139524946883,370.07848489023866,4874000
2025-06-13,350.81048583984375,360.91176332088634,343.00585382231685,359.4204335216589,14181700
2025-06-16,353.4253234863281,358.137916403319,352.2819462555537,354.4294650172824,7234700
2025-06-17,355.77166748046875,357.5215043223713,351.2778041760744,351.44680457851234,5559600
2025-06-18,338.41259765625,356.4079851502761,336.0861265714273,355.78162171567277,15008600
2025-06-20,336.6130676269531,338.0347949237182,332.98417074968575,336.99087607586944,19332100
2025-06-23,341.76312255859375,342.30993141821295,333.690061070854,335.5492476029829,7553300
2025-06-24,349.5975341796875,352.5105910872146,345.90898699511126,349.48815421768734,10172000
2025-06-25,343.2643737792969,349.25951858703286,343.2643737792969,348.42437750857823,6836300
2025-06-26,344.0299377441406,344.9048561792952,340.05305783248224,341.79294279383276,8829500
2025-06-27,346.5950012207031,349.9753733140441,343.66207058124957,344.58668785023735,6601900
2025-06-30,352.997802734375,353.5545635131853,347.0424345782502,347.3307668769442,7080100
2025-07-01,353.41534423828125,354.9364994508519,349.3887658347658,351.7748874939299,6653400
2025-07-02,352.1725769042969,354.30019172926967,347.9769676803324,352.5503853237964,5131400
2025-07-03,356.7857666015625,356.92497196219716,351.56611171910697,352.5404582199922,3702800
2025-07-07,354.57861328125,357.58114657143045,352.44101614142653,356.8454335264291,5138000
2025-07-08,352.50067138671875,356.20912272568273,351.20819758727356,354.6183647363144,6966800
2025-07-09,355.6921691894531,355.6921691894531,351.7053371426281,353.01771486982267,7297100
2025-07-10,353.8230285644531,355.5529617047032,351.4070811773065,354.7675193867284,6121300
2025-07-11,345.9189453125,351.7649635641954,342.3994284803042,350.4724897455271,7580200
2025-07-14,348.47406005859375,349.9355644627864,343.0158027500212,345.3820508654932,5598900
2025-07-15,345.0141906738281,348.1857546915019,344.7557141229187,346.1078386697819,4891700
2025-07-16,347.8775634765625,348.64313227631465,343.8012555074003,345.2826639034013,5544200
2025-07-17,347.7880859375,349.3390666663444,346.4657867250158,347.97699015945284,4747100
2025-07-18,347.032470703125,347.4798818290788,345.15341072472773,347.4798818290788,4927600
2025-07-21,348.91156005859375,351.60588769225996,346.3862328294221,347.04242165312115,5216300
2025-07-22,349.8262023925781,352.43108403908155,348.17582404493845,349.0706158942277,4614200
2025-07-23,353.2364501953125,353.72360831081886,349.1800153986937,350.9596777844079,4385600
2025-07-24,351.9240417480469,355.11547933584245,351.8146617746286,352.7691347853894,5887200
2025-07-25,354.976318359375,355.582777997423,350.9696129610146,351.95388105478474,3915400
2025-07-28,353.41534423828125,356.24887698280617,352.6796312315113,354.32008797586263,3921000
2025-07-29,349.259521484375,356.2488862541361,348.78228500364895,354.2306210458319,7402300
2025-07-30,348.8817443847656,354.5587320980825,345.2230220609473,349.66718668152214,12129700
2025-07-31,343.4731750488281,350.78069791357024,343.09536660475925,346.9131676575012,8641700
2025-08-01,337.3885192871094,344.16910608911314,336.1457444483777,342.1110636742897,8658700
2025-08-04,340.1723327636719,342.3894540638036,338.0347660466138,339.72495201332026,7335300
2025-08-05,335.4796447753906,340.4805701238393,333.6105063349677,340.17236435347024,7295600
2025-08-06,337.7762756347656,339.4565097752272,333.49119008351096,336.34459648145895,5944100
2025-08-07,330.1705017089844,340.1723520439536,326.80011183390815,339.4565124616352,8797100
2025-08-08,334.8334045410156,335.4299425988389,330.80682574778405,331.7513165265837,6073900
2025-08-11,333.95849609375,335.90715882250316,332.57654605394436,334.78371569509886,5715800
2025-08-12,335.3827209472656,337.2850261197865,333.46050732909305,333.84894997860204,5682800
2025-08-13,341.1693115234375,342.09558618081985,335.42257893128226,335.6217849724466,5693400
2025-08-14,344.0974426269531,344.6850608988738,340.29286279189733,341.55773293031257,6224000
2025-08-15,343.0815734863281,346.9558785686944,341.4780469796213,344.8543977666452,4946600
2025-08-18,341.3585205078125,344.3364894908787,339.5757572803942,342.45409285637004,3999600
2025-08-19,341.0697326660156,344.9440378209097,340.51199223443484,341.17927471045255,4457200
2025-08-20,342.5437316894531,346.039593838693,341.4680981636876,342.01586914906005,5834400
2025-08-21,342.3047180175781,343.13135922785364,338.35071837042835,341.50795467286497,6073600
2025-08-22,348.6291198730469,349.7844479666891,343.82854031012994,343.82854031012994,4973200
2025-08-25,347.4140319824219,349.3063676468326,346.0993451607829,348.20082587581777,8019800
2025-08-26,349.7644958496094,351.97554893901935,346.04954976671655,347.28454198788506,5876200
2025-08-27,348.9378662109375,352.00543842090394,348.4299121185624,349.29640058585716,5531100
2025-08-28,348.4498291015625,349.62509605771004,347.1949283640224,349.1868671034665,4987100
2025-08-29,350.36212158203125,351.20870166850244,347.5933278083949,349.0474346520695,3671900
2025-09-02,348.65899658203125,348.7585995956409,344.6850582193853,347.90205015208494,4940300
2025-09-03,349.4557800292969,349.4757188699106,345.86034506911096,347.9319480564761,4176400
2025-09-04,349.5752868652344,351.20869125607726,347.7427068329104,349.3163554918516,4324000
2025-09-05,341.83660888671875,351.19871489948525,338.8287923269697,349.9637226051439,5448300
2025-09-08,340.9203186035156,342.9919520077189,339.6255705218194,340.9601658905973,4711600
2025-09-09,342.6034851074219,344.9241107011969,339.91438611386513,340.3127677727729,4646200
2025-09-10,336.75714111328125,341.2290336271523,335.0839199528726,341.2290336271523,6557900
2025-09-11,342.10552978515625,342.14537707283733,336.50818645167647,337.36473596665724,5157600
2025-09-12,338.0618896484375,341.8067443574847,337.80295827006614,339.8446834033817,3518300
2025-09-15,337.6833801269531,341.3286314243895,337.02606713399587,339.2370898085397,4367500
2025-09-16,338.65948486328125,339.1674390000394,332.12592781868733,334.8847522042262,5527700
2025-09-17,344.8045959472656,344.8045959472656,338.15149768935095,338.5698181836777,5763500
2025-09-18,336.8169250488281,343.8783444611386,336.8169250488281,343.34054286819156,7526600
2025-09-19,340.2330627441406,341.308726624151,336.8866204387113,339.07776508719815,13674300
2025-09-22,342.97198486328125,343.4699695296953,337.2949779029044,337.6435732483086,5621800
2025-09-23,337.3348388671875,343.8683955239399,336.26914434314534,343.2010826702708,10142700
2025-09-24,337.31488037109375,338.5299641513985,336.5579643598641,337.76307872075415,5207400
2025-09-25,333.58001708984375,338.82879517404456,333.16172697127865,336.986245742455,5398700
2025-09-26,336.01019287109375,338.13161256415685,334.8748035560274,335.870772959751,9619200
2025-09-29,338.7889404296875,339.2670166635244,334.19750588460323,336.02014683051596,7217800
2025-09-30,340.0040283203125,344.21695930197603,337.1456010921614,338.4503185350138,8164400
2025-10-01,346.4280090332031,347.9518409378596,338.9383303898218,338.9383303898218,8381000
2025-10-02,344.55560302734375,345.78062585482786,342.17522173126287,344.8245038053001,5198000
2025-10-03,348.4299011230469,351.7365265398504,344.6053826050675,344.7149246402009,5199700
2025-10-06,347.8721923828125,349.7047724397164,342.9620705133982,348.59926099013336,4735600
2025-10-07,350.9995422363281,353.0113894416703,348.649038694597,348.649038694597,5044600
2025-10-08,349.94378662109375,353.56912975217324,349.6848552507119,352.3540458932983,3927500
2025-10-09,345.6412353515625,351.4477236851982,344.1870981171116,350.053372578839,4434800
2025-10-10,342.2648620605469,348.9876551929239,341.8664803982835,346.22883102731305,6296200
2025-10-13,341.916259765625,346.25870186147023,339.3566416804042,342.3345802589799,4030700
2025-10-14,346.975830078125,348.59926508965935,338.84871599460195,339.62557092345327,5731000
2025-10-15,344.2966613769531,348.66895120043125,342.61347067376323,346.97582147163655,3778200
2025-10-16,334.0481262207031,344.29665972034013,332.8231033275876,343.60943841195035,6241500
2025-10-17,340.511962890625,342.0656725867902,335.641658362382,336.40854379107526,6267100
2025-10-20,343.0218200683594,343.56959107313133,337.57386630815864,340.52192718186024,4665000
2025-10-21,345.8105163574219,348.2406840511567,341.61749382129113,341.73700528252846,4121800
2025-10-22,343.96795654296875,346.7666583503171,343.1114375002872,346.41806300253444,5074400
2025-10-23,344.5655517578125,345.75075772943865,343.07159771571963,344.8046050728569,7217200
2025-10-24,345.9798583984375,347.6729881581522,343.9281638460587,346.7965606090745,3576700
2025-10-27,346.4180603027344,348.11118993015566,343.6193889117696,347.5932968196336,5400300
2025-10-28,345.50177001953125,348.47973911832344,345.1033883485486,347.17499127440243,7445400
2025-10-29,339.9044189453125,349.5653338093142,337.6336100404692,344.605395498532,8361700
2025-10-30,343.6393127441406,348.31041155130293,340.41238169067435,340.84064122785446,6411800
2025-10-31,339.3666076660156,341.6175082630505,336.8069893774489,340.70120303053983,7301600
2025-11-03,335.5420837402344,339.83470940935274,333.47048076827303,339.62556434648224,5538000
2025-11-04,338.9283447265625,338.9482835653288,332.9027425465992,335.12376505447554,5920200
2025-11-05,338.66943359375,340.73106709286975,335.00424320677166,338.75906718983583,4984600
2025-11-06,335.6018371582031,337.2850278589407,332.36493664056536,337.225272127104,8507900
2025-11-07,334.6656188964844,336.9264888333082,333.50035174712497,335.37277903778016,5318400
2025-11-10,333.5003356933594,337.31488484751645,332.9724731650907,335.2930683266491,5295800
2025-11-11,337.553955078125,337.72325285148054,331.85700901827914,334.14772643061497,4453300
2025-11-12,338.1826477050781,343.5515814566134,336.70568232861064,337.5539392647252,6389600
2025-11-13,335.3883972167969,340.7573310621838,334.90940445750977,338.3423280213681,4961700
2025-11-14,329.3408508300781,335.38837770243606,328.35289786675315,335.19879671610136,6422300
2025-11-17,325.07965087890625,332.6739759173699,324.2613310180461,330.47852149051675,6494800
2025-11-18,320.51904296875,324.33118917839323,317.3455943345509,323.83221811811876,9170400
2025-11-19,323.4530029296875,323.90208907652226,319.21174881651825,320.85834726361674,7066700
2025-11-20,323.1037292480469,327.7242064226939,322.4750512555066,323.4530151026438,6510300
2025-11-21,327.3050842285156,330.39868059498417,323.6226751809159,324.71042849279974,8930000
2025-11-24,328.6223449707031,330.0494254219168,325.3291479858861,328.5624708767812,9337100
2025-11-25,333.8415832519531,335.36843350968144,328.22316412466176,328.22316412466176,5854300
2025-11-26,333.1031188964844,335.01915077050296,332.3746101630006,333.841586342223,4309900
2025-11-28,333.75177001953125,334.3305630576491,331.3167887740865,332.74383871779224,4586200
2025-12-01,329.7101135253906,332.6140983109483,329.4606279939679,332.25485376399234,7082300
2025-12-02,328.9416809082031,332.1151295810464,326.53663671382,330.7679320657214,8201900
2025-12-03,328.93170166015625,331.66608389546013,328.67225740707886,328.93170166015625,6296700
2025-12-04,326.4268798828125,331.69601316055844,323.61267574060867,330.5982707162828,6277500
2025-12-05,330.558349609375,333.4224387208775,325.7283132347316,326.15742105214764,5266600
2025-12-08,326.16741943359375,330.6581592570448,324.0417977110623,329.2011721972187,6059400
2025-12-09,325.828125,327.5545759522349,324.4010749776002,325.9378840225944,4325400
2025-12-10,325.0596923828125,328.0834557386547,324.63055413261685,325.9678233516992,5467500
2025-12-11,344.91876220703125,346.60528693573457,329.38079508046536,331.91557675720895,12953600
2025-12-12,347.11419677734375,349.1200701989689,345.25803903865176,347.28386033910544,6942300
2025-12-15,346.1761779785156,347.7329653453619,343.12244688455576,347.11421561078276,7004600
2025-12-16,344.3998107910156,346.904655405941,343.0126869986315,345.28799394865695,7269300
2025-12-17,343.7012634277344,347.07431280569114,342.9727546862657,344.8389016551313,7263500
2025-12-18,345.2979736328125,346.81483473957803,343.56153357971857,344.4597058800123,6805000
2025-12-19,348.5312805175781,349.18992596210575,345.3378535964944,345.3378535964944,18623900
2025-12-22,351.3654479980469,352.71267599172904,348.8705926226271,349.27975255876925,5043500
2025-12-23,352.6528015136719,355.6466279609035,351.2756364751809,351.2756364751809,3703200
2025-12-24,354.4091796875,355.2574061270487,352.28355809570263,352.6527918079347,2023600
2025-12-26,354.26947021484375,355.9959211320052,352.982116288697,354.3692705227613,2017000
2025-12-29,353.8802490234375,355.8162592189493,353.0719183232759,354.75844298281737,3989900
2025-12-30,352.8923034667969,354.1397311728781,351.9342875158643,353.27152636221,3366500
2025-12-31,349.98828125,354.46906219163503,349.9683333708139,352.9222335935573,3503200
2026-01-02,345.7669982910156,349.32962853016494,342.7731719172512,349.1500062568855,5403800
2026-01-05,353.0719299316406,356.80425438171716,343.34199370889576,343.7910798703184,7592200
2026-01-06,356.8241882324219,357.8820044617432,351.2756323845481,352.95216786632784,6775400
2026-01-07,355.14764404296875,357.54269902318487,353.78046822093927,356.41501956274413,6333900
2026-01-08,351.50518798828125,355.6167049317765,348.7807948501946,354.2694768864638,6357600
2026-01-09,349.0502014160156,353.97007917190984,348.44147134622284,351.4352976810692,4902900
2026-01-12,342.4937438964844,345.7969298399835,336.62583942441455,342.0745948107181,13281300
2026-01-13,327.2052917480469,336.8254386707351,323.16360758569283,336.3065196930893,20383500
2026-01-14,328.4926452636719,329.22112357393314,323.27339662748295,327.98368499941245,9388400
2026-01-15,327.0755310058594,331.00742540917696,325.6983660025441,328.65226616102615,8587700
2026-01-16,327.6243896484375,328.57244685544373,324.7303635575226,326.1075285720045,8341600
2026-01-20,325.1495056152344,327.644360890433,320.89826248076747,321.5668970946223,8279900
2026-01-21,324.6106262207031,327.9936647784267,322.3353193026403,325.75825361952474,8974600
2026-01-22,325.6883850097656,327.7142368080782,323.33325615728353,325.7881853155845,6938700
2026-01-23,325.5087585449219,327.1254199321477,323.9519712494617,325.1894097523205,5667900
2026-01-26,327.8139953613281,331.3167819278407,324.3611241733934,327.32501347087873,7540200
2026-01-27,324.5906677246094,328.25309829578197,324.24138188731973,327.80404260907557,6365800
2026-01-28,326.30712890625,327.71423096530964,324.21144434052763,326.05764337353963,8106000
2026-01-29,331.1171875,332.6739747908746,322.844269146056,329.3209038427684,10214200
2026-01-30,321.1676940917969,332.3147207991864,320.9381868988181,331.53632717586584,11199100
2026-02-02,333.15301513671875,334.00127208429024,323.4430267202089,324.16154631106275,8502400
2026-02-03,328.25311279296875,335.0990119599509,328.19323869876354,330.96751673112385,9081200
2026-02-04,329.2710266113281,330.62821332543064,323.7524077058803,326.4368440875912,8472300
2026-02-05,328.45269775390625,336.89527963696725,328.1433381303329,332.3147289199413,8339000
2026-02-06,330.89764404296875,334.4403569413341,326.4268827108616,331.09724465448534,7798800
2026-02-09,324.9100036621094,332.1351258012084,322.9540455040185,330.07936733351744,8513400
2026-02-10,328.1700134277344,329.8800048828125,324.54998779296875,324.7099914550781,5801800
2026-02-11,329.239990234375,331.0400085449219,326.4200134277344,326.9200134277344,8264300
2026-02-12,324.17999267578125,332.239990234375,324.0,328.8900146484375,9392600
2026-02-13,314.0799865722656,326.4800109863281,312.82000732421875,323.8299865722656,11653900
2026-02-17,319.5,321.3800048828125,314.4100036621094,314.4100036621094,8591700
2026-02-18,320.29998779296875,322.2799987792969,316.7200012207031,319.5,7091900
2026-02-19,318.92999267578125,320.20001220703125,315.7300109863281,317.489990234375,5967600
2026-02-20,320.95001220703125,322.3500061035156,317.82000732421875,318.1099853515625,6831100
2026-02-23,306.5199890136719,320.5199890136719,304.7099914550781,319.0400085449219,13048000
2026-02-24,307.2200012207031,309.2699890136719,303.0799865722656,305.5,9120200
2026-02-25,312.989990234375,313.94000244140625,308.25,308.54998779296875,7624200
2026-02-26,316.70001220703125,319.4200134277344,313.94000244140625,314.4800109863281,8725500
2026-02-27,320.1400146484375,320.2300109863281,311.95001220703125,314.4599914550781,12412900
2026-03-02,320.510009765625,322.6000061035156,314.6000061035156,315.5,6674900
2026-03-03,320.8299865722656,322.0400085449219,314.3500061035156,315.80999755859375,5474300
2026-03-04,320.4700012207031,325.7699890136719,319.79998779296875,321.44000244140625,5257900
2026-03-05,319.79998779296875,322.79998779296875,314.7699890136719,319.3299865722656,8267200
2026-03-06,317.3599853515625,317.69000244140625,312.29998779296875,316.04998779296875,6439700
2026-03-09,315.9700012207031,316.3999938964844,310.1499938964844,313.4599914550781,8381500
2026-03-10,314.42999267578125,317.1300048828125,311.45001220703125,315.42999267578125,5271300
2026-03-11,308.9599914550781,315.0799865722656,308.3900146484375,313.25,6376700
2026-03-12,306.5,310.95001220703125,306.0199890136719,308.1400146484375,7514900
2026-03-13,307.1400146484375,310.3500061035156,306.4200134277344,307.5899963378906,4814100
2026-03-16,310.1099853515625,311.1300048828125,307.3800048828125,307.8500061035156,6401200
2026-03-17,308.4599914550781,312.69000244140625,307.3800048828125,311.32000732421875,6872200
2026-03-18,299.0199890136719,307.94000244140625,298.5,307.4100036621094,7191700
2026-03-19,299.7099914550781,302.4700012207031,297.0299987792969,298.0400085449219,6826400
2026-03-20,301.6199951171875,302.9200134277344,299.010009765625,299.8500061035156,14398100
2026-03-23,304.44000244140625,307.8500061035156,302.8500061035156,305.20001220703125,7824500
2026-03-24,303.760009765625,306.0400085449219,300.6199951171875,302.0,5375900
2026-03-25,304.9100036621094,308.489990234375,302.1700134277344,305.4800109863281,6280900
2026-03-26,305.5299987792969,307.8699951171875,303.0,304.1600036621094,7652700
2026-03-27,295.5199890136719,304.5899963378906,294.32000732421875,304.32000732421875,9974400
2026-03-30,299.5400085449219,300.67999267578125,295.8900146484375,298.7300109863281,9330300
2026-03-31,302.239990234375,303.3399963378906,296.5899963378906,301.6000061035156,10245000
