Date,Close,High,Low,Open,Volume
2016-04-04,19.299976348876953,19.375388831714798,19.249701893050435,19.272046273217345,20470200
2016-04-05,19.171491622924805,19.341867285127172,19.06814908674611,19.280421451585646,17337000
2016-04-06,19.283212661743164,19.288799953982537,19.137975027433914,19.188249470218214,16088100
2016-04-07,19.054180145263672,19.252487434630574,18.975975646701507,19.224555772534014,18331500
2016-04-08,19.00950050354004,19.101671676370305,18.95364034899774,19.07932729491414,19548000
2016-04-11,18.825151443481445,19.096077548328594,18.819564151937406,18.99552707707766,23596200
2016-04-12,19.21617889404297,19.235731219833465,18.839118188515293,18.872633949848666,23203800
2016-04-13,19.31393814086914,19.38935061103341,19.23573362252581,19.27483508259954,18788100
2016-04-14,19.21617889404297,19.33907374805522,19.034631857246236,19.313935728408442,20931300
2016-04-15,19.28879737854004,19.38655420313217,19.255280022361934,19.255280022361934,22753500
2016-04-18,19.512237548828125,19.523408933395007,19.230140111074117,19.286000230298967,19868700
2016-04-19,19.487106323242188,19.573691775670046,19.411695455663537,19.49269201747102,24598200
2016-04-20,19.330690383911133,19.548548380909217,19.30834601494198,19.484307321250814,16237500
2016-04-21,19.124008178710938,19.461967408319392,19.059768707814793,19.403313630936918,19852800
2016-04-22,19.1938419342041,19.255287781632177,19.070947042955645,19.221772010143788,18645300
2016-04-25,19.403324127197266,19.411703471098377,19.009502954827173,19.146362908217945,17688600
2016-04-26,19.3558292388916,19.520619166969873,19.29996751494514,19.467551088589126,19945200
2016-04-27,19.38934326171875,19.489893716557205,19.269243682449176,19.408895582540392,15441900
2016-04-28,19.246902465820312,19.445209779116983,19.20221531710343,19.29159121273285,14330700
2016-04-29,18.677122116088867,19.22176642977502,18.534676532675963,19.19662840980956,36297000
2016-05-02,18.87822151184082,18.908945225783203,18.582157358485,18.607295378491227,22829100
2016-05-03,18.71343231201172,18.853085865367255,18.64360713352984,18.674330851340223,17767800
2016-05-04,18.76650047302246,18.850292278557397,18.557021758283003,18.671535680924844,18088500
2016-05-05,18.772085189819336,18.783258175800285,18.596122247538073,18.705052068520683,24273000
2016-05-06,19.062564849853516,19.06535689811226,18.657572416507428,18.688296134725014,29476200
2016-05-09,19.258075714111328,19.299970815589443,19.037424024351164,19.062562044155438,25968600
2016-05-10,19.213382720947266,19.308345888897417,19.118419552997114,19.249692120510698,19208700
2016-05-11,18.684446334838867,18.99111721543076,18.459366641753356,18.98267652570293,43792500
2016-05-12,18.80824089050293,18.864511623298508,18.6760071637738,18.723835596258102,28600500
2016-05-13,18.27086067199707,18.723832510324325,18.189267881406483,18.704138642535078,41234100
2016-05-16,18.574724197387695,18.667570200584635,18.19771520306349,18.248359355660405,30545400
2016-05-17,18.315881729125977,18.6450606436001,18.253984398911076,18.585977413812156,27758100
2016-05-18,17.76724624633789,17.9444975275206,17.64626730857132,17.730670994004218,66767700
2016-05-19,19.46941375732422,19.50598900806704,18.991118177855896,19.15992876117343,105230100
2016-05-20,19.655101776123047,19.733878858388394,19.370938884196203,19.505986690848378,50239800
2016-05-23,19.553821563720703,19.71137576723049,19.5369401812385,19.58195612792622,30299400
2016-05-24,19.762022018432617,19.81266456137312,19.567889319015435,19.596025496113416,26484000
2016-05-25,19.82954216003418,19.975844779362127,19.762018245705228,19.764832345847015,21791700
2016-05-26,19.933637619018555,20.082752700855437,19.863299617630844,19.888621684505654,26081700
2016-05-27,19.90550422668457,19.944893577347113,19.832355335277615,19.936454497109526,17321100
2016-05-31,19.913949966430664,19.975848913079357,19.82954626347616,19.85768083112766,25170600
2016-06-01,19.835168838500977,19.950522796369928,19.80984676680376,19.835168838500977,21662700
2016-06-02,19.961774826049805,19.9758437161128,19.736695123600228,19.835167694659045,19526100
2016-06-03,19.939271926879883,19.989914470336497,19.840799330776925,19.85486661452057,19123500
2016-06-06,19.989904403686523,20.1305803900753,19.975838736923592,20.12213970210024,27054000
2016-06-07,19.984285354614258,20.0630640655051,19.933642817554276,20.00398083728558,22090200
2016-06-08,20.05462074279785,20.102450783126596,19.919572921760587,19.93364020188151,18417000
2016-06-09,20.00116729736328,20.141841730870347,19.933643376092217,20.077131910030385,18209700
2016-06-10,20.015235900878906,20.091200518560242,19.885814640758948,19.97584815162719,22534200
2016-06-13,19.843610763549805,20.0264886474245,19.832357582026827,19.975846110776676,23722800
2016-06-14,19.961774826049805,20.023672146697695,19.7507624037662,19.88018363514896,27199200
2016-06-15,20.00960922241211,20.14747117388495,19.97584806464374,20.032117197556815,24051000
2016-06-16,20.06024932861328,20.105265273437567,19.919574903511688,19.975845639490633,20115600
2016-06-17,19.961774826049805,20.063061497100627,19.807033134327103,19.989909386381747,54177900
2016-06-20,20.003978729248047,20.195295675712263,19.9899098388666,20.063061951241323,21427500
2016-06-21,20.10526466369629,20.178416779240116,19.96177614268338,19.96177614268338,20024400
2016-06-22,20.186861038208008,20.327533874012225,20.1362168854416,20.144657577569333,25372500
2016-06-23,20.285327911376953,20.324717263356245,20.19811012689867,20.313464082731926,20910600
2016-06-24,20.245943069458008,20.459768021023574,19.837983820394427,19.849238612528048,45361200
2016-06-27,20.116519927978516,20.192484541670098,19.94208433643207,20.155909285058836,33910200
2016-06-28,20.119327545166016,20.220614200748464,19.882994698634928,20.189665545150962,25683600
2016-06-29,20.386611938476562,20.39505262779699,20.133396088554377,20.153091566934332,21044100
2016-06-30,20.544170379638672,20.59200042202343,20.347225229685908,20.417563243211063,26140800
2016-07-01,20.48508644104004,20.586371502685168,20.375359079377947,20.57511832245661,22916400
2016-07-05,20.577932357788086,20.712981799951002,20.448512725956252,20.468206597783578,32245800
2016-07-06,20.769256591796875,20.814272548167615,20.586378665329136,20.611700744499274,33188100
2016-07-07,20.687664031982422,20.80020391561904,20.580750740053265,20.743934778749473,23378400
2016-07-08,20.77488136291504,20.777695463653146,20.606072346269947,20.76925477133627,27382800
2016-07-11,20.836780548095703,20.918371767865615,20.6792247006337,20.727054758039117,27120300
2016-07-12,20.6145076751709,20.74393052719914,20.53854306804824,20.696100482744978,37083600
2016-07-13,20.712980270385742,20.71579276049787,20.52166171718872,20.6088811086053,19197000
2016-07-14,20.73548698425293,20.8508393192859,20.710164915396042,20.760807443212883,19939200
2016-07-15,20.7270450592041,20.822703519355755,20.66233364594814,20.814262830239898,17984400
2016-07-18,20.77488136291504,20.870541469241285,20.68766355880311,20.71861222733249,16371900
2016-07-19,20.7242374420166,20.80864274968008,20.701729467299497,20.71861085081166,14394300
2016-07-20,20.76080894470215,20.850840827286564,20.71579300340994,20.78613101539041,15846000
2016-07-21,20.684850692749023,20.724240055946435,20.577937396883563,20.65953022418447,13175700
2016-07-22,20.69328498840332,20.794571661042184,20.65670973741894,20.752368209985555,12949800
2016-07-25,20.749557495117188,20.77206707928439,20.653899006944453,20.6932883643911,14202000
2016-07-26,20.743928909301758,20.839587380852162,20.653895417969753,20.738300709289298,15744900
2016-07-27,20.62857437133789,20.7692487796085,20.577930232047006,20.724232840170146,17333700
2016-07-28,20.60606575012207,20.62857371912962,20.389426749661535,20.577929581439935,13809600
2016-07-29,20.530099868774414,20.60887856031957,20.471015045167128,20.58636898282367,18906600
2016-08-01,20.757991790771484,20.817076613684947,20.485083693023007,20.485083693023007,17605200
2016-08-02,20.575119018554688,20.74111550676962,20.434442991659168,20.73548891646498,19539300
2016-08-03,20.521665573120117,20.651086829609582,20.400685008347065,20.538545346655614,19704300
2016-08-04,20.622947692871094,20.676405936031937,20.423190050588346,20.48227327422272,14834700
2016-08-05,20.752368927001953,20.805825560255972,20.667965241766552,20.667965241766552,16246200
2016-08-08,20.63420295715332,20.839588804418288,20.54979766006799,20.819894932720473,19731600
2016-08-09,20.69046974182129,20.786129818984023,20.5610501254781,20.639827213256694,19283700
2016-08-10,20.948253631591797,21.106887993020596,20.789619270162998,20.840608481107093,24156900
2016-08-11,20.905763626098633,21.18903847098694,20.82927899654015,21.104055369153308,18870900
2016-08-12,20.93125343322754,20.996407834614864,20.837773497850677,20.905759642178182,29982600
2016-08-15,20.76978874206543,20.965248717459595,20.710301064416566,20.90859278294023,28908300
2016-08-16,20.64798355102539,20.7669589266535,20.455355285844615,20.563000445183345,29289900
2016-08-17,20.659313201904297,20.66497993081182,20.39303529629428,20.39303529629428,43029900
2016-08-18,21.047409057617188,21.29952509465698,20.659320654269784,20.659320654269784,80574900
2016-08-19,20.62531852722168,21.044565646074478,20.5856595340844,20.990744695073936,46039200
2016-08-22,20.594160079956055,20.7188005583339,20.523340558000054,20.696138505818123,30936300
2016-08-23,20.38736343383789,20.69896698765677,20.38453169101504,20.64797778675331,28174200
2016-08-24,20.46101951599121,20.608322035270554,20.327878954885023,20.387366635433814,30152100
2016-08-25,20.174909591674805,20.560164451860324,20.12675212630747,20.500676771652273,31542600
2016-08-26,20.152250289916992,20.308052922111763,20.081430764290467,20.228734923736617,30115500
2016-08-29,20.225900650024414,20.299553536895754,20.140919168194035,20.15224938407094,22404300
2016-08-30,20.200410842895508,20.3278847117317,20.155086728601834,20.225904644111836,17322600
2016-08-31,20.237228393554688,20.29388270331581,20.155078671850543,20.242893500347293,18934800
2016-09-01,20.63381576538086,20.639480872371095,20.228730628603458,20.274054726360536,35284200
2016-09-02,20.537504196166992,20.732964181625814,20.514840524458126,20.67630824418911,24248700
2016-09-06,20.67914390563965,20.701807581642708,20.45252497570747,20.611157740384584,28712700
2016-09-07,20.412866592407227,20.693309735194052,20.398701389246725,20.67914453203355,28854900
2016-09-08,20.347707748413086,20.486513417701897,20.313715482599793,20.364704691778602,28983600
2016-09-09,19.9143009185791,20.25706514017494,19.9143009185791,20.203242551929765,36517800
2016-09-12,20.378875732421875,20.463858859447253,20.033279735681894,20.053108429589873,32592000
2016-09-13,20.242895126342773,20.370368954462073,20.155080290792363,20.35054026863646,22523700
2016-09-14,20.25989532470703,20.41286459139895,20.22590143392308,20.288222486415037,20941500
2016-09-15,20.509183883666992,20.55450800396013,20.186248310889564,20.24857100244063,21886800
2016-09-16,20.642318725585938,20.667812523045153,20.458188930559423,20.48651609258875,41807100
2016-09-19,20.42136001586914,20.642315410229788,20.42136001586914,20.57716100292523,20762100
2016-09-20,20.38736343383789,20.551662870592082,20.367534750408065,20.438352634741353,17731800
2016-09-21,20.449689865112305,20.548836550259512,20.257061602875986,20.44685650062431,20027700
2016-09-22,20.47234535217285,20.54882995963889,20.393029002044937,20.517669443936626,17615700
2016-09-23,20.495018005371094,20.61399340259807,20.492184640325416,20.565837543249074,23089200
2016-09-26,20.288223266601562,20.489350012665795,20.25989610380423,20.483683283371935,17846100
2016-09-27,20.489347457885742,20.53467156107729,20.27689052156065,20.37603719990688,19033200
2016-09-28,20.336380004882812,20.486515907382486,20.220236372327435,20.45818874560925,18554700
2016-09-29,20.036109924316406,20.313719699606416,20.004949395316803,20.274060697159825,23990400
2016-09-30,20.42986297607422,20.52617630521747,20.225902858837387,20.254230022541044,29947800
2016-10-03,20.398698806762695,20.43835780457146,20.282556798711294,20.347709592961642,17573100
2016-10-04,20.325050354003906,20.55733600465915,20.268394407963275,20.395868260407223,19707900
2016-10-05,20.30238151550293,20.472347689480642,20.282552830936474,20.35903744713469,19393200
2016-10-06,19.64801788330078,20.302384005251668,19.514877319143338,20.302384005251668,60330900
2016-10-07,19.461055755615234,19.679179428512573,19.310919860911866,19.61969012259285,37961400
2016-10-10,19.25710105895996,19.534712471282273,19.191946632390447,19.475224774618397,26965200
2016-10-11,19.089962005615234,19.251429716361212,19.064466592049772,19.248596352325837,25774500
2016-10-12,19.10979652404785,19.237270378136593,19.084301104862902,19.18911290442658,26822100
2016-10-13,19.32792091369629,19.41573577766586,18.999320273223915,19.033314169546454,27581400
2016-10-14,19.390230178833008,19.492208563917995,19.322244048470612,19.38173170992306,19248000
2016-10-17,19.325082778930664,19.446891509158263,19.20610741300335,19.446891509158263,22480200
2016-10-18,19.50921058654785,19.540371107033497,19.327914191662366,19.424227496215874,23573100
2016-10-19,19.51487922668457,19.64235307480193,19.458224903484822,19.608360805065665,21369900
2016-10-20,19.469560623168945,19.56870733771198,19.424236503430322,19.540380168104935,18882000
2016-10-21,19.359081268310547,19.441231022449234,19.259934566165736,19.359081268310547,23533800
2016-10-24,19.599863052368164,19.650852269304522,19.373242509408815,19.438395307665385,21490800
2016-10-25,19.64801788330078,19.792488662623498,19.54603784222449,19.54886958555693,22889100
2016-10-26,19.713171005249023,19.775492052462344,19.585697167442195,19.63102127070319,15151500
2016-10-27,19.781158447265625,19.82931429704023,19.656516344728747,19.716005652432735,21394800
2016-10-28,19.826478958129883,19.88879999809699,19.752827704123817,19.772656389150804,20858700
2016-10-31,19.834983825683594,19.87747457340891,19.786826348193735,19.846314043376427,19167000
2016-11-01,19.63102149963379,19.84631018217525,19.585697395844235,19.823649751198285,26515800
2016-11-02,19.673511505126953,19.820815647406384,19.602693608671434,19.602693608671434,22935900
2016-11-03,19.72450065612793,19.851976111204443,19.645184288149963,19.72450065612793,20411700
2016-11-04,19.591360092163086,19.812315476170053,19.582861621133862,19.747162692836156,21786300
2016-11-07,19.76699447631836,19.783991421040977,19.59136316299301,19.72167037100329,29266200
2016-11-08,19.769826889038086,19.840646413834325,19.679180296257417,19.747166456531357,22863900
2016-11-09,20.14091682434082,20.254225453595293,19.628186524008886,19.631019888107318,50338500
2016-11-10,20.223073959350586,20.421367375001804,20.11259703281716,20.18341495203669,42963900
2016-11-11,20.177745819091797,20.19190940011138,19.999281132225565,20.14375192791044,24671700
2016-11-14,19.96812629699707,20.20041199072153,19.88314317263798,20.157919618082847,38752500
2016-11-15,20.23155975341797,20.23155975341797,19.928454710562704,20.05309514281984,29175300
2016-11-16,20.223073959350586,20.412868900511807,20.206077010370592,20.325054032312284,33577200
2016-11-17,19.599863052368164,19.693343013265157,19.296757873545285,19.568702525096505,70320900
2016-11-18,19.41573143005371,19.659348896086584,19.387404270073468,19.52620994744518,33405900
2016-11-21,19.65085220336914,19.659350676316347,19.38174091735212,19.415733188222973,25068000
2016-11-22,19.863304138183594,19.948287225233997,19.752827259660364,19.752827259660364,32952000
2016-11-23,20.064434051513672,20.081429374917118,19.88030427017485,19.89163610669497,22196700
2016-11-25,20.177745819091797,20.296721196390656,20.106926293075936,20.14375192791044,12703200
2016-11-28,20.166414260864258,20.259895841988993,20.055937354831542,20.092762990175782,21297600
2016-11-29,20.217405319213867,20.33638069945934,20.16924784582023,20.220237062937148,21930300
2016-11-30,19.951122283935547,20.1579124808595,19.877469404412537,20.08992632962744,27978300
2016-12-01,20.019105911254883,20.03610285214943,19.843474637485382,19.900130566828043,20549400
2016-12-02,20.078596115112305,20.098424801377746,19.956787391538747,19.993613020841824,20022600
2016-12-05,19.812318801879883,20.10975885416074,19.775493168516746,20.084263436793396,31583700
2016-12-06,19.931297302246094,19.939795776035545,19.687681410927148,19.83215060259337,23334000
2016-12-07,20.142419815063477,20.156684767543265,19.942707215308115,19.95126651329982,20898600
2016-12-08,20.0682430267334,20.22801279291187,20.06253737178542,20.10818587640784,20532600
2016-12-09,19.994062423706055,20.093918720689278,19.897059770143738,20.04826858855035,32270100
2016-12-12,20.447694778442383,20.479078327533717,19.976944807110726,19.991209759876025,27252300
2016-12-13,20.484785079956055,20.607467271854645,20.430578909550583,20.447695874274753,26662500
2016-12-14,20.353548049926758,20.678793254059084,20.307899542942593,20.513317824371335,26008200
2016-12-15,20.279359817504883,20.484778016032575,20.265094868894188,20.31930265312606,21408900
2016-12-16,20.250835418701172,20.43913507701484,20.142419820800907,20.276513312683605,53534400
2016-12-19,20.42201805114746,20.47052019545969,20.210892510481717,20.210892510481717,17667900
2016-12-20,20.49049186706543,20.52187541707238,20.402046871813326,20.464813971827223,18324300
2016-12-21,20.325014114379883,20.541843663336493,20.325014114379883,20.444841013343247,15303000
2016-12-22,19.854263305664062,20.325014887022277,19.74584771080488,20.325014887022277,36320400
2016-12-23,19.840002059936523,19.89991552288835,19.788647896337736,19.808618506481867,14411700
2016-12-27,19.88564682006836,19.919882378508316,19.757258986490946,19.771525571069976,13307100
2016-12-28,19.774375915527344,19.971234849394804,19.760110964669586,19.954117887876883,14627100
2016-12-29,19.760107040405273,19.83428542314174,19.72016583894327,19.745842092380464,12895200
2016-12-30,19.720169067382812,19.808612412623376,19.637429743263606,19.720169067382812,20668500
2017-01-03,19.58893394470215,19.754409367657495,19.41489759045127,19.754409367657495,31419600
2017-01-04,19.703048706054688,19.865670431584153,19.571808888990425,19.588927480894196,23754000
2017-01-05,19.7458438873291,19.780081071715816,19.43486374757086,19.523307086371865,21297600
2017-01-06,19.474811553955078,19.543284313419615,19.403486783170784,19.517608048945014,28473300
2017-01-09,19.603199005126953,19.628875269075962,19.49192975295017,19.49478339673087,26055600
2017-01-10,19.46624755859375,19.76296275313845,19.463393915682413,19.583220797657297,30769500
2017-01-11,19.551837921142578,19.577515810662053,19.454835281600477,19.457688924608934,20092800
2017-01-12,19.392070770263672,19.560398168006717,19.377804187047108,19.503338365216322,19634700
2017-01-13,19.15241813659668,19.406336907935444,19.138153183826567,19.39492559872703,30037500
2017-01-17,19.520456314086914,19.76866938655808,19.417746386931285,19.429159326623648,39502500
2017-01-18,19.432016372680664,19.432016372680664,19.269392959425648,19.366397258131798,21964500
2017-01-19,19.292211532592773,19.454833251691586,19.252268697236392,19.43771466046475,20463300
2017-01-20,19.16667938232422,19.35212699750654,19.121030889281084,19.326449107975197,36164100
2017-01-23,19.01546859741211,19.166679023723553,18.989790708361188,19.118176888578095,23854200
2017-01-24,19.229448318481445,19.232300329246733,19.018322793455084,19.08394352884236,32131800
2017-01-25,19.083942413330078,19.323597827115023,19.055410879711648,19.263682749279578,26168700
2017-01-26,19.038299560546875,19.178098729394033,19.006916007029375,19.152420831283507,19512300
2017-01-27,18.733022689819336,19.106770010308413,18.624607087612286,19.07538646058957,40300800
2017-01-30,18.949851989746094,18.966970586168728,18.72446312275185,18.72446312275185,25924500
2017-01-31,19.04115104675293,19.083945906234835,18.795788301824572,18.889938951707858,27962700
2017-02-01,18.89563751220703,19.0325829583252,18.841428103201956,18.96125659294422,27150000
2017-02-02,19.02973747253418,19.155270035689053,18.927027527662744,18.927027527662744,26996100
2017-02-03,18.972675323486328,19.095354227976525,18.95555672936435,19.0639706829259,22875900
2017-02-06,18.94413948059082,19.075379284812758,18.935580185476496,18.935580185476496,27291600
2017-02-07,19.083942413330078,19.115324325028148,18.975526830129297,18.989791780679038,17417100
2017-02-08,19.34642219543457,19.349275838810737,19.083944142995602,19.083944142995602,22982400
2017-02-09,19.708757400512695,19.725875995058097,19.32930283984512,19.34642143439052,33241500
2017-02-10,19.406335830688477,19.57181286517841,19.33215742739385,19.471956568811432,37336800
2017-02-13,19.335010528564453,19.586077267883045,19.275097078928308,19.491926628443924,25122900
2017-02-14,19.58893394470215,19.59463959971319,19.31789492518634,19.366397074078463,25386900
2017-02-15,19.597492218017578,19.60319787273006,19.332158867396675,19.343571809340872,25689900
2017-02-16,19.648845672607422,19.75440762734885,19.57466726644088,19.591784229966038,25241400
2017-02-17,19.791494369506836,19.911321261879234,19.597489080191426,19.637430289302912,38512200
2017-02-21,20.38492774963379,20.621727906402615,20.17095020952401,20.31645500209942,67238700
2017-02-22,20.459104537963867,20.647404170704625,20.393485438946026,20.61316698337779,45728100
2017-02-23,20.34498405456543,20.68449576721521,20.302187568821882,20.541842991428727,38399100
2017-02-24,20.653112411499023,20.770087306159795,20.3421322060809,20.35354514745912,41669700
2017-02-27,20.467662811279297,20.661668088033355,20.40774773645348,20.621725248989097,27764100
2017-02-28,20.2365665435791,20.256538779200426,19.97123325475011,20.219447950909068,47857800
2017-03-01,20.09962272644043,20.279363066756453,20.01403138854371,20.24798115429601,40568100
2017-03-02,20.188064575195312,20.228007414248886,20.01973555509421,20.09106193679567,26748900
2017-03-03,19.97979736328125,20.26224768029046,19.93700250381774,20.188069270879343,27893700
2017-03-06,19.937000274658203,20.096770017651703,19.90847037153913,19.971235831897282,27547800
2017-03-07,19.934146881103516,20.03114952449111,19.93129323798193,19.942704545430377,21848700
2017-03-08,20.060606002807617,20.126707607184283,19.985882164029984,20.02899169151176,23939400
2017-03-09,20.077848434448242,20.129580191082116,19.991627743709856,20.046234126360073,22693500
2017-03-10,20.146825790405273,20.22154962580074,20.060605094821202,20.11808446219526,21296400
2017-03-13,20.103715896606445,20.247415956932215,20.03473967030732,20.115211112061488,20407500
2017-03-14,20.325010299682617,20.46583734987763,20.325010299682617,20.353749977021153,29875200
2017-03-15,20.28477668762207,20.31926562101608,20.12383216900337,20.261784613533685,26441400
2017-03-16,20.244537353515625,20.31926281738448,20.138199231094625,20.149696088813922,21183000
2017-03-17,20.086467742919922,20.33363127507699,20.063475671706055,20.284774151574183,42235200
2017-03-20,20.11233901977539,20.247416852221196,20.0347405561923,20.15832152815175,22398600
2017-03-21,20.089336395263672,20.23303804277834,20.028982426897322,20.16693482445535,26240400
2017-03-22,20.1899356842041,20.21580074007824,20.037611752341046,20.126705423948206,19366800
2017-03-23,20.077848434448242,20.207178648294374,20.046234126360073,20.175564340206204,20696400
2017-03-24,20.00600242614746,20.166946987029938,19.983010346021395,20.115215217877108,17577000
2017-03-27,20.020366668701172,20.138201663071737,19.9341476257461,19.98013012860844,17377800
2017-03-28,20.210052490234375,20.22442233071279,19.92552537300234,19.92552537300234,21756600
2017-03-29,20.33076286315918,20.457220105516903,20.207180247045233,20.218677107497307,20973000
2017-03-30,20.575050354003906,20.612413911423904,20.302020105011927,20.316389945009107,24424500
2017-03-31,20.715879440307617,20.853831891180196,20.47158884745279,20.497453904164566,29819400
2017-04-03,20.64402198791504,20.845202992241234,20.629652151109227,20.71587281646651,24873900
2017-04-04,20.69576072692871,20.71013221311619,20.557808273521818,20.618163910844927,16701900
2017-04-05,20.592296600341797,20.781980807037687,20.56642989939662,20.589421974284694,19063500
2017-04-06,20.52906608581543,20.721624900770664,20.514696245903917,20.606664536955805,17823300
2017-04-07,20.9515438079834,20.977410504290297,20.635402423830424,20.721623100330802,32304000
2017-04-10,20.99753189086914,21.118241518436598,20.90269060898684,20.977414441869364,22487700
2017-04-11,21.10386848449707,21.109616091267092,20.960166803587708,20.98028424954413,17431500
2017-04-12,21.106740951538086,21.218828325698258,21.05213622176881,21.13835525478723,19881900
2017-04-13,21.023401260375977,21.16997596318637,21.023401260375977,21.086629886004605,16009200
2017-04-17,21.121116638183594,21.146981695427435,21.023399083413178,21.02627370956159,16396200
2017-04-18,21.23607063293457,21.296426256922135,21.118237299511588,21.13548011898543,19883700
2017-04-19,21.287811279296875,21.37690496610183,21.227457279264723,21.29643351423335,17821800
2017-04-20,21.49760627746582,21.586701581073093,21.299299869196876,21.307922101450654,23043900
2017-04-21,21.5378475189209,21.586706297526522,21.440131606232665,21.48036815070065,17267100
2017-04-24,21.491859436035156,21.670048405071583,21.388395934351237,21.578080117120226,23437500
2017-04-25,21.569459915161133,21.603948848651118,21.5148535334839,21.546467841008766,17161200
2017-04-26,21.678674697875977,21.77639061099503,21.603950861051,21.632690545287833,20845500
2017-04-27,21.681550979614258,21.75627482214481,21.560841336461273,21.710290666045527,18156600
2017-04-28,21.6068115234375,21.681536962180097,21.53496235381088,21.624055981956722,21991200
2017-05-01,21.62118911743164,21.762014516445486,21.580952584346594,21.580952584346594,18497700
2017-05-02,21.70453643798828,21.75914446092737,21.626937986792598,21.64130947123712,21955200
2017-05-03,21.77351188659668,21.808000816807862,21.606819775969857,21.670048385008553,16570800
2017-05-04,21.940210342407227,21.957454811207423,21.79363564665169,21.822375331636643,16502400
2017-05-05,21.986190795898438,22.014930476046477,21.894222503806482,21.96319872287545,16793400
2017-05-08,21.876985549926758,21.991945954516275,21.86261570491849,21.986198345417638,19536600
2017-05-09,22.049413681030273,22.1442549297906,21.937326326328495,21.968940624089388,24765900
2017-05-10,22.19118881225586,22.214333093496073,22.043633258417596,22.084137406115957,22535700
2017-05-11,22.026269912719727,22.196971376362416,21.96840425217562,22.089921642659927,25048200
2017-05-12,21.904752731323242,22.060988183395114,21.80638128044681,21.97419052607434,17678700
2017-05-15,22.07256507873535,22.124643022141157,21.930795596406682,21.930795596406682,26531700
2017-05-16,21.731168746948242,22.066784102132285,21.72248881113783,22.043639814009154,25115400
2017-05-17,21.73405647277832,21.91054403633862,21.687764598548473,21.73116260981595,32913000
2017-05-18,22.434219360351562,22.468939091781817,22.026272449213593,22.246158011336167,57500400
2017-05-19,22.79008674621582,22.983934151823394,22.500761741337595,22.55862740452436,55745100
2017-05-22,22.726436614990234,22.85663229692611,22.65410660031915,22.755370276386586,26692800
2017-05-23,22.709081649780273,22.847957284426773,22.69461564477895,22.735119796571396,22754700
2017-05-24,22.61071014404297,22.743799707659875,22.607817936362522,22.72933370267319,22281000
2017-05-25,22.656997680664062,22.81323315342736,22.61070581136589,22.6714653384066,18405000
2017-05-26,22.604921340942383,22.723544885234816,22.5065515256058,22.674359149802548,18377400
2017-05-30,22.61071014404297,22.683041824504542,22.547060053207186,22.567312129082914,16231200
2017-05-31,22.740903854370117,22.833487595865257,22.630960247462667,22.668572185504082,24605100
2017-06-01,23.090988159179688,23.090988159179688,22.740906874857703,22.752479016317686,24459300
2017-06-02,23.036020278930664,23.12571017845144,22.92029057526115,23.088098231699878,23989500
2017-06-05,23.221179962158203,23.281939488983,22.995508341777423,23.030226415863762,30437100
2017-06-06,22.836381912231445,23.018657204839723,22.642534478631422,22.981045263324503,34577700
2017-06-07,22.900039672851562,23.001303383019586,22.778523882861325,22.87978759302935,25533600
2017-06-08,22.836381912231445,23.183570974904313,22.633856200651632,22.900033654270146,32799000
2017-06-09,22.9781494140625,23.018655215088323,22.77562206446128,22.865311943742558,28215300
2017-06-12,22.926074981689453,23.25301199163703,22.810345286424134,22.972366859795578,31231800
2017-06-13,23.0070858001709,23.021551805678506,22.824812144141216,22.917395903812462,16584000
2017-06-14,23.11703109741211,23.157536909074327,22.93186356470293,23.00708746098395,15019500
2017-06-15,22.830591201782227,22.94342700339582,22.497868210733692,22.908708931948443,33891600
2017-06-16,21.768774032592773,21.84399956807193,21.204591621902953,21.395545184674408,168699000
2017-06-19,21.844005584716797,21.991559522367467,21.56046654206404,21.809285842543634,48285300
2017-06-20,21.855571746826172,21.96551535957977,21.79192000728167,21.953941563513506,30057600
2017-06-21,22.0580997467041,22.16514949966854,21.867144522524057,21.87293224848929,27034200
2017-06-22,21.84978675842285,22.006022263959103,21.78613666643209,21.997342329703958,24333900
2017-06-23,21.65304183959961,21.92500697658113,21.56913803622263,21.87292903923124,39240900
2017-06-26,21.844005584716797,21.968413579428166,21.676196256760548,21.68487619230384,25762500
2017-06-27,21.99155616760254,22.09571372270459,21.829534591743478,21.844002252460903,19363200
2017-06-28,22.136219024658203,22.220124507958534,22.02916925627562,22.060996787084367,20966700
2017-06-29,21.968408584594727,22.081246065473863,21.841106755136686,22.060993990829733,21190500
2017-06-30,21.896080017089844,22.06677987019644,21.893186153865194,22.011809713153397,20889900
2017-07-03,21.803495407104492,22.087032737483806,21.722483795265777,21.94237103694678,14545800
2017-07-05,21.791919708251953,21.974194991216564,21.748521698536926,21.85846365425392,18110700
2017-07-06,21.835317611694336,21.979979287933567,21.768772015533706,21.800597882301343,18485400
2017-07-07,21.794815063476562,21.93658289823642,21.71380345316116,21.88739881496384,15921300
2017-07-10,21.187236785888672,21.789031279432617,21.158304772196534,21.74273939531385,45200100
2017-07-11,21.256671905517578,21.42447955019956,21.216166098189053,21.23063210319321,22597800
2017-07-12,21.392648696899414,21.470766424113684,21.311637107370675,21.311637107370675,17100600
2017-07-13,21.713802337646484,21.771666351589325,21.55756685115605,21.603858724521512,24481500
2017-07-14,22.0870361328125,22.15068788682377,21.96262648834624,22.06678239897527,27455700
2017-07-17,22.0957088470459,22.240370522545415,22.043630908750522,22.072562912744864,26506800
2017-07-18,22.046525955200195,22.144895774766667,21.988660284231198,22.06099361458846,12944700
2017-07-19,21.9510555267334,22.05231923478521,21.87293776179262,22.011813420458797,15940800
2017-07-20,21.994449615478516,22.060995224726145,21.901865859593247,21.98287747375693,14896200
2017-07-21,22.032058715820312,22.05520465180432,21.858463368176267,21.942368834705242,21459900
2017-07-24,22.246152877807617,22.324270599971303,21.997333711734775,21.997333711734775,22164000
2017-07-25,22.717758178710938,22.816129653988742,22.39082284869856,22.45447459022466,34512000
2017-07-26,22.82770347595215,22.905821227118153,22.54995220759664,22.72643978575652,20148300
2017-07-27,23.08230209350586,23.105449681332875,22.706181107523317,22.77561890442137,24157500
2017-07-28,23.090988159179688,23.134387828474885,23.01287040997644,23.088095951578744,14925600
2017-07-31,23.143062591552734,23.244326256579033,23.056264927883376,23.09387686251696,18789600
2017-08-01,23.290620803833008,23.35716640909761,23.145960763330947,23.218290783581978,17179500
2017-08-02,23.299299240112305,23.467108518472653,23.232755294651987,23.244329090465225,26019000
2017-08-03,23.397666931152344,23.655164393954454,23.33980127248808,23.533648662945474,29840700
2017-08-04,23.284835815429688,23.551013263349017,23.206718071059882,23.452643444913264,21425400
2017-08-07,23.51629066467285,23.565476395661598,23.30219118724476,23.310871119509113,16453500
2017-08-08,23.605985641479492,23.68410338773813,23.40635213683099,23.48446988308963,22144200
2017-08-09,23.760290145874023,23.870925310408435,23.553578478194538,23.614718525452677,19819500
2017-08-10,23.483699798583984,23.699145959088582,23.451673747815835,23.60306780678413,24135000
2017-08-11,23.408008575439453,23.655480865710054,23.396363643774325,23.504086758413887,23716500
2017-08-14,23.495344161987305,23.652562347092946,23.437114525824065,23.463318111988674,23376000
2017-08-15,23.515727996826172,23.69914980224816,23.448765485414494,23.53319705752185,21198300
2017-08-16,23.576875686645508,23.71080240936428,23.448771430321013,23.66130728015859,34608000
2017-08-17,23.204212188720703,23.236236588248996,22.80534406943332,22.956738197900943,51881100
2017-08-18,23.090656280517578,23.39344609002005,23.081921750846973,23.180911976486367,29259000
2017-08-21,23.207117080688477,23.311929785161816,22.939263687211046,23.035341860816487,28841700
2017-08-22,23.2973690032959,23.338129588323532,23.20711496910874,23.233318559328207,19638300
2017-08-23,23.2799072265625,23.454592872353672,23.256615696060898,23.393452813029675,23397900
2017-08-24,22.808246612548828,23.54775293207686,22.665587066167248,23.46914549457012,57384000
2017-08-25,22.892684936523438,23.02661165843739,22.849013939916205,22.854838072217223,29706600
2017-08-28,22.717994689941406,22.843186854028218,22.668499571042442,22.828629858102968,25864500
2017-08-29,22.933441162109375,22.994582878025124,22.563687130726453,22.61318225020159,22995600
2017-08-30,22.866477966308594,23.029518650034696,22.860653835290922,22.94799747520096,17489400
2017-08-31,22.729639053344727,22.927617858060863,22.72672865379711,22.88394687137443,24584400
2017-09-01,22.81697654724121,22.85482672463802,22.770393507612265,22.79950749089513,19423200
2017-09-05,23.233320236206055,23.25952216237539,22.680146063863628,22.694703059722457,36205500
2017-09-06,23.314834594726562,23.40800068039087,23.210023581324727,23.25660662415688,25278300
2017-09-07,23.32648277282715,23.512814956812143,23.291546321300526,23.384710747351892,20462400
2017-09-08,22.96546745300293,23.25661237567654,22.63065154160192,23.215851786632776,29998800
2017-09-11,23.023693084716797,23.102302183456633,22.901411338931972,23.044072542710364,21000600
2017-09-12,23.17799949645996,23.26534312566161,23.049895284838726,23.087743802106502,18015000
2017-09-13,23.25078773498535,23.489525449719668,23.172178629877692,23.17800109464163,26471100
2017-09-14,23.198383331298828,23.239143921408296,23.064458295990033,23.230409390246162,20817900
2017-09-15,23.40218162536621,23.50990638530553,23.079010677430784,23.236228886375518,39953400
2017-09-18,23.29155158996582,23.617632985700805,23.276992927100256,23.35269164342344,24528300
2017-09-19,23.306102752685547,23.42547243843179,23.20420379244167,23.343952937048446,18523200
2017-09-20,23.437124252319336,23.454593317012137,23.25370407087003,23.341047728392333,15954600
2017-09-21,23.294462203979492,23.45750290334615,23.210030621478733,23.45750290334615,19290900
2017-09-22,23.154712677001953,23.314841308117835,23.07319316154306,23.259523720583605,17265900
2017-09-25,23.0440731048584,23.3206609897534,22.959641539766615,22.977110599010757,25643400
2017-09-26,23.113956451416016,23.15762745016547,22.97711932258094,23.01205578839214,17505900
2017-09-27,23.0848388671875,23.166358385381578,22.90432910169422,23.122687393414203,18943800
2017-09-28,22.98584747314453,23.023695994739864,22.74419768209001,23.000402802744357,37118400
2017-09-29,22.750019073486328,23.000401717296274,22.703436023576394,22.956730732733686,31060200
2017-10-02,22.84027862548828,22.950913812235854,22.563690658619354,22.68014997746856,23127600
2017-10-03,23.0644588470459,23.192561419954387,22.92762007682507,22.950911605166752,23810100
2017-10-04,23.026609420776367,23.227498651154573,23.020786954982892,23.079014944800775,18520200
2017-10-05,23.11977195739746,23.23622958494262,23.023695455886024,23.049897380870362,15416100
2017-10-06,23.000402450561523,23.04989756739674,22.782044188904667,22.936352004349356,18740100
2017-10-09,23.445852279663086,23.69332618497212,23.116860537582475,23.145974526698392,40479000
2017-10-10,24.493976593017578,24.71233487933657,24.05143755478294,24.071817017341996,75372000
2017-10-11,24.95980453491211,25.122843539241035,24.485237852620454,24.6249869985663,55683000
2017-10-12,25.06753158569336,25.14614070094563,24.76474005571495,24.951073945679163,38631000
2017-10-13,25.218917846679688,25.31499599455829,25.1082843725073,25.1082843725073,28167000
2017-10-16,24.962717056274414,25.21892384562147,24.753093319535914,25.207278915440018,27900900
2017-10-17,25.03258514404297,25.14322028178508,24.840430518345208,24.892836022455334,17554500
2017-10-18,25.102468490600586,25.146141147595063,25.04132843674984,25.082089027964177,16416300
2017-10-19,25.154870986938477,25.230569694641893,24.971450847451553,25.0820860106062,21087000
2017-10-20,25.457658767700195,25.46056916676362,25.11993086264414,25.213096951495316,22853400
2017-10-23,25.8099422454834,25.888551341942016,25.40525183494368,25.428543357378043,31758000
2017-10-24,25.614877700805664,25.853615393914232,25.594496577066156,25.821589341701685,23102700
2017-10-25,25.760454177856445,25.795390635828856,25.45475225737601,25.57703235919161,19224000
2017-10-26,25.80122184753418,25.943881450154176,25.626534511909743,25.812866781406797,19454700
2017-10-27,25.670194625854492,25.73424673281443,25.373227280804954,25.661460096183482,19851000
2017-10-30,25.31500244140625,25.606147358068878,25.151961754538767,25.603235292503935,21156000
2017-10-31,25.419811248779297,25.463483898715566,25.21309959221847,25.288796630852996,18020700
2017-11-01,25.603233337402344,25.737160022159138,25.32955750314488,25.349936962719084,18528300
2017-11-02,25.853620529174805,25.961343635682343,25.56247560228456,25.702224767365927,15549300
2017-11-03,26.109825134277344,26.168053115189732,25.84197175744468,25.917668799007306,19536300
2017-11-06,25.824508666992188,26.109829486089147,25.81868453517717,26.03413243190984,15772200
2017-11-07,25.897281646728516,25.92930769309431,25.71094949764813,25.873990128093467,16047900
2017-11-08,26.2786865234375,26.32526957143361,25.940960258436316,25.94387065772282,20302500
2017-11-09,26.290332794189453,26.368941894956112,26.013744908910244,26.185520104520176,20713500
2017-11-10,26.470842361450195,26.695023067586217,26.261218649303903,26.27286357811922,22943400
2017-11-13,26.491228103637695,26.7794609844511,26.456291642963546,26.505785101080388,25474800
2017-11-14,26.52033805847168,26.552364114343455,26.25539674711549,26.40679249615102,29502300
2017-11-15,26.153499603271484,26.450467010112586,26.10109408028233,26.301983306692037,25300200
2017-11-16,29.003801345825195,29.021267074340017,27.577192510940886,27.69365013702146,114367200
2017-11-17,28.377843856811523,29.15228674361249,28.118723318049938,28.893169536733872,70726500
2017-11-20,28.380752563476562,28.42733561926874,27.879985546681407,28.0779643667689,49182900
2017-11-21,28.101253509521484,28.508856070241904,28.04302552424225,28.456452216243743,38239500
2017-11-22,28.069223403930664,28.185682689579718,27.98188143860568,28.13909964169658,26754600
2017-11-24,28.1303768157959,28.307972875038857,28.104171551341548,28.203161812872228,13488300
2017-11-27,28.1303768157959,28.430253002880523,28.03720735490117,28.197337680352685,26714700
2017-11-28,28.17403793334961,28.20897272056439,27.89745004363411,28.1216307547038,26128800
2017-11-29,28.40404510498047,28.607846385876066,28.206064623498357,28.305054864239413,34272000
2017-11-30,28.307960510253906,28.66024374048797,28.098335145600434,28.5583447890901,38564100
2017-12-01,28.34290885925293,28.447719913479528,28.01682743241647,28.418605916854546,24888600
2017-12-04,28.243915557861328,28.52050182783988,28.147837380235185,28.45354097558046,26869500
2017-12-05,28.48265266418457,28.514678720801662,28.21771134666256,28.241001206811696,27030300
2017-12-06,28.322521209716797,28.572905521319353,28.31087628012385,28.52923453643386,21423000
2017-12-07,28.32544708251953,28.559593201484716,28.287400766533416,28.407397889213108,22507800
2017-12-08,28.258134841918945,28.302035985518884,28.138134363414704,28.184962919809816,17463300
2017-12-11,28.369352340698242,28.468860927035937,28.182038120012617,28.3781312294118,26786700
2017-12-12,28.302034378051758,28.46008116558903,28.27276695064743,28.345935519158253,23431800
2017-12-13,28.612272262573242,28.656173402352074,28.258132382359953,28.29032722141955,23638200
2017-12-14,28.427885055541992,28.849342020332035,28.419106167489836,28.682516351803336,28157400
2017-12-15,28.42203712463379,28.82593641128988,28.363502258241873,28.597645073252565,48428400
2017-12-18,28.653244018554688,28.73226740449692,28.495200596112262,28.501052071348184,23893200
2017-12-19,28.916662216186523,29.241534700088877,28.767394307728093,29.241534700088877,36036600
2017-12-20,28.902029037475586,29.165439254968277,28.81422339868293,29.106904395401596,32189400
2017-12-21,28.70008087158203,29.071781916190055,28.676664918269953,28.97519738898263,22107300
2017-12-22,28.74398422241211,28.80544649909079,28.588864824180874,28.767396828078812,16436100
2017-12-26,29.02202033996582,29.1039711365637,28.784950187008718,28.784950187008718,12887700
2017-12-27,29.051294326782227,29.15080627009174,28.92544236589661,29.139099967773774,15422400
2017-12-28,29.092260360717773,29.156653380032594,29.01031291673565,29.127382607819737,29291700
2017-12-29,28.902029037475586,29.177145556993082,28.902029037475586,29.092267331067287,21432900
2018-01-02,28.85519790649414,29.2064103820141,28.83470936769601,29.062997309311868,30451500
2018-01-03,29.10689926147461,29.26787009689065,28.907875414943863,28.931291364305974,26710800
2018-01-04,29.133243560791016,29.203484720329442,28.948856748879784,29.133243560791016,20491200
2018-01-05,29.30592155456543,29.37909012060228,29.153729597431873,29.162508485579394,21852000
2018-01-08,29.739093780517578,29.780070869392237,29.32934298843054,29.341052642076594,26531700
2018-01-09,29.382022857666016,29.955675237565945,29.358610252068353,29.862014766846713,21938100
2018-01-10,29.17129135131836,29.235681037987415,28.83763996514216,29.19470730530834,23791200
2018-01-11,29.27373695373535,29.399588940999212,28.9108147102691,29.180079816675896,19613100
2018-01-12,29.522520065307617,29.689345831009806,29.355694299605428,29.38203432854678,20853600
2018-01-16,29.46982765197754,29.8268983878872,29.367391632275783,29.660069323723942,21512100
2018-01-17,30.0581111907959,30.128352356896716,29.472752509222452,29.604459301145404,26045700
2018-01-18,30.526397705078125,30.713711952847298,30.327377154184116,30.65517708778017,36923700
2018-01-19,30.611270904541016,30.710779488901004,30.33907846763588,30.625904618401083,25135800
2018-01-22,30.862974166870117,30.862974166870117,30.450296075738933,30.584926910368324,21924900
2018-01-23,30.99467658996582,31.06784515540164,30.605414462739716,30.816144620413983,24863400
2018-01-24,30.962478637695312,31.152720238139942,30.67857994313411,31.12638022712025,20469300
2018-01-25,31.199552536010742,31.26101480207362,30.980043485945526,30.980043485945526,17571300
2018-01-26,31.723451614379883,31.729303090573747,31.222971204626308,31.316628318153963,20358900
2018-01-29,32.06296157836914,32.18881354878955,31.60638225894992,31.641504518007473,25065600
2018-01-30,31.5302791595459,32.00734691416286,31.360526078273836,31.94295723687997,27541500
2018-01-31,31.199552536010742,31.661986587206336,31.044433164571835,31.541986118201716,29438400
2018-02-01,30.883460998535156,31.187848285741296,30.783952410932056,31.012240364254772,19160400
2018-02-02,30.579071044921875,31.161502139391317,30.482486539633324,30.775164118237115,27759300
2018-02-05,29.294214248657227,30.617119964196196,28.41617808857578,30.26298009739943,37684800
2018-02-06,29.531282424926758,29.583965802758026,28.463007950460288,28.577150244931268,49241400
2018-02-07,30.102012634277344,30.61127532864788,29.270804839013632,29.41421793512307,33495600
2018-02-08,29.27373695373535,30.286404329510308,29.267882126627853,30.21323573788368,41925300
2018-02-09,29.0834903717041,29.589825649103904,28.223015151096266,29.422996599049466,42553800
2018-02-12,29.136167526245117,29.399577704872556,28.91665848581523,29.305920603607593,27405300
2018-02-13,29.55470085144043,29.62494536109899,29.07178157058682,29.07178157058682,19868400
2018-02-14,29.765426635742188,29.926397472629017,29.329332626465497,29.51957423768292,21922800
2018-02-15,30.21323585510254,30.333233015724456,29.80348504151684,30.014215275439906,22484700
2018-02-16,30.666873931884766,30.713702479383063,29.847372675943582,30.172248445634587,48192900
2018-02-20,27.54399871826172,28.664958341758286,27.541071305445424,28.386914414176687,156265500
2018-02-21,26.78595542907715,27.90398914155142,26.70400630483022,27.83667205495895,148511100
2018-02-22,27.151805877685547,27.3332669431164,26.72449574111454,26.759617993975247,61095000
2018-02-23,27.186922073364258,27.36252994910037,26.856194856403043,27.18399466137102,38374500
2018-02-26,27.25424575805664,27.453266279099285,26.99083388059964,27.189856076363515,44097900
2018-02-27,26.78595542907715,27.429848821924722,26.783028016713637,27.40350713481623,40128300
2018-02-28,26.34401512145996,26.95571547207364,26.341089383242764,26.92644804157351,42431100
2018-03-01,26.071823120117188,26.39376986480025,25.670854651705483,26.390844126719212,56728800
2018-03-02,25.98109245300293,26.01914044441076,25.533293770025473,25.542074333384388,57130200
2018-03-05,26.335229873657227,26.48742349001042,25.77621304257954,25.79669990403897,40149600
2018-03-06,26.065967559814453,26.487426204163427,25.940115616488217,26.443523389793153,33164100
2018-03-07,25.679636001586914,25.910851378410825,25.562562932007655,25.749878838501672,34359000
2018-03-08,25.88573455810547,25.947563270974648,25.714967696455368,25.84156998840886,28766100
2018-03-09,26.121267318725586,26.121267318725586,25.77090244660862,25.97994409754539,29263200
2018-03-12,25.929893493652344,26.333254183678825,25.873952837027808,26.11538128871387,25422000
2018-03-13,25.997610092163086,26.174264973599378,25.90339628935775,26.024108829790272,21519000
2018-03-14,25.81212615966797,26.200765920778938,25.76207523064793,26.059440992888263,33121800
2018-03-15,25.7650146484375,26.141876575215115,25.290992374397888,25.815067254852288,49845600
2018-03-16,26.253761291503906,26.524631678916677,25.762074814301368,25.826846702851448,85188000
2018-03-19,25.74734878540039,26.227259105141744,25.644300391865183,26.17720818350855,36160200
2018-03-20,25.894561767578125,25.953445601260306,25.72379494354726,25.868063031597725,24774000
2018-03-21,25.962278366088867,26.403913855024644,25.81506709801217,25.87689579691027,35508000
2018-03-22,25.65608024597168,25.988777639187447,25.611917367184567,25.77090474164168,36744600
2018-03-23,25.149673461914062,25.818014860309827,25.10845376043226,25.717911315030573,30375300
2018-03-26,25.76207160949707,25.8180105779438,25.352821213338554,25.385207995937638,27599400
2018-03-27,25.33514976501465,25.92105321790387,25.167329527518003,25.897499352579313,19637400
2018-03-28,25.841567993164062,25.97994805458759,25.376378564749164,25.396987572545633,34728900
2018-03-29,26.194873809814453,26.303810248948192,25.841564071956498,25.87983890045978,27823800
2018-04-02,25.187938690185547,25.979938890943444,24.978898765847855,25.909275609809185,57386700
2018-04-03,25.55597496032715,25.600139523708005,25.187945917251128,25.394042720479565,29086500
2018-04-04,25.679636001586914,25.762075403015896,25.155561041074304,25.20266878911773,19609800
2018-04-05,25.85334014892578,26.01232918356331,25.629577554294357,25.791511454279092,19142700
2018-04-06,25.523590087890625,25.8798413556756,25.35871129607186,25.56480810113947,19050000
2018-04-09,25.40287971496582,25.74735494115863,25.391103619309263,25.570701713367544,25104300
2018-04-10,25.45292854309082,25.64430270430824,25.220332999095387,25.567753039821273,27382200
2018-04-11,25.29393768310547,25.573639267521354,25.2615509001174,25.320436419560906,18837000
2018-04-12,25.152616500854492,25.564808431612217,25.146726769137793,25.376377449618772,20568900
2018-04-13,25.326326370239258,25.399932858797566,25.081956399802323,25.288051535294844,22677600
2018-04-16,25.56775665283203,25.806240277479368,25.35577177026976,25.379325646110015,21062100
2018-04-17,25.87984275817871,25.959337292575853,25.73557633457785,25.75618534231913,20405700
2018-04-18,25.782686233520508,26.074165655731267,25.765020405578987,25.968172372788228,17562000
2018-04-19,25.87689781188965,25.92106069033982,25.491202945425023,25.735574579202115,19764900
2018-04-20,25.60897445678711,26.021166411057763,25.517702141736365,25.871011937834016,24974700
2018-04-23,25.349882125854492,25.63841666554806,25.326326566791767,25.582476003362554,22081500
2018-04-24,25.47648048400879,25.5883617985322,25.193834016605962,25.547142100859496,25409100
2018-04-25,25.664915084838867,25.82095928991156,25.28805141514045,25.4146536988121,20281200
2018-04-26,25.891620635986328,26.00350195776434,25.58542027644532,25.66491481114517,17347500
2018-04-27,25.70025062561035,25.87984874368346,25.63842190338078,25.87101751311323,16953300
2018-04-30,26.044719696044922,26.398027776591356,25.885730638622572,25.891618685455228,26057700
2018-05-01,25.735576629638672,25.91222984221971,25.42348653572577,25.81212629893359,20873100
2018-05-02,25.420541763305664,25.688465589068098,25.36754428661319,25.65313562264563,18249000
2018-05-03,25.388153076171875,25.405817215706957,25.06134206653986,25.376375298442763,20628300
2018-05-04,25.770904541015625,25.93872651157067,25.13200512824201,25.32043778983526,20914500
2018-05-07,25.164396286010742,25.76207778998372,25.105510753147477,25.759132923693418,32350800
2018-05-08,25.2438907623291,25.276277552612715,25.00246395304938,25.17911718176187,19654200
2018-05-09,24.454830169677734,24.637373094382756,24.1427401097931,24.307618894460166,96795600
2018-05-10,24.499269485473633,24.819249114775626,24.297799448616004,24.48445578641809,47572800
2018-05-11,24.703704833984375,24.74518421455767,24.280027554421185,24.499273044806642,29804400
2018-05-14,25.002944946289062,25.121456247853523,24.78369946222465,24.854806243163328,28497600
2018-05-15,25.041461944580078,25.1481229680656,24.828141592928485,24.905175213625597,27968700
2018-05-16,25.518470764160156,25.518470764160156,25.10664545474189,25.145161417695277,41200800
2018-05-17,25.032575607299805,25.951038675643286,24.842957512948608,25.788084566235543,89162100
2018-05-18,24.78073501586914,25.017759304484088,24.73629391537095,24.958502808500523,36129300
2018-05-21,25.038497924804688,25.047386483889788,24.834066151805278,24.928875188287282,32147100
2018-05-22,24.700746536254883,25.12738729335084,24.677042576652106,25.035541654998667,24201900
2018-05-23,24.59408187866211,24.59704360168669,24.34520729266812,24.576304759236947,28197600
2018-05-24,24.546674728393555,24.591117522197116,24.229656812311507,24.591117522197116,25728600
2018-05-25,24.431129455566406,24.691854324128048,24.389650075374472,24.546677341115988,17740500
2018-05-29,24.413347244262695,24.448899780355294,24.238542895566507,24.282983989512022,25284600
2018-05-30,24.922950744628906,24.95554156374633,24.371871933169746,24.42816501207081,27942300
2018-05-31,24.45482635498047,24.97923943183059,24.44593779660616,24.869616704079377,34406100
2018-06-01,24.588157653808594,24.71555752223866,24.546678272043565,24.60297135544193,15713700
2018-06-04,25.30811309814453,25.33774050028031,24.680002340013427,24.73925714428498,32766000
2018-06-05,25.071088790893555,25.32292508261495,24.961464358847476,25.316999941653332,24844200
2018-06-06,25.053312301635742,25.228116679286554,24.99109408167856,25.168861877544227,22088400
2018-06-07,25.168861389160156,25.408845705006932,25.091827774942836,25.118493452401058,23117100
2018-06-08,24.994062423706055,25.2399736290836,24.92888077269328,25.11849888813431,22807200
2018-06-11,24.976276397705078,25.047383165646455,24.82517430391477,25.008867211593092,18756900
2018-06-12,24.91702651977539,25.06220351191111,24.730371840160483,24.982208164842003,24185100
2018-06-13,24.914064407348633,24.997021476330538,24.84295762165579,24.854807904944845,19075200
2018-06-14,24.82517433166504,25.127378519583466,24.78962009999507,24.952574169617296,22552200
2018-06-15,24.798513412475586,24.88443559037865,24.60889532806491,24.739256913437547,37509000
2018-06-18,24.59111976623535,24.75999731214193,24.537788408804378,24.605931771762545,25506900
2018-06-19,24.7718505859375,24.77481230907012,24.404464682572787,24.47260804909584,28057500
2018-06-20,24.7718505859375,24.834068810875827,24.638523880704536,24.80147798918061,23899800
2018-06-21,24.94961929321289,25.050353491898377,24.561494506312126,24.70963323324015,24276000
2018-06-22,25.130346298217773,25.139234858277337,24.91702594274673,25.023686968141995,32439000
2018-06-25,25.619203567504883,25.657719525828785,25.029608825043947,25.06219964254554,47818500
2018-06-26,25.474027633666992,25.791045567361884,25.408845996013238,25.636980032482043,30378600
2018-06-27,25.74364471435547,25.921412534123462,25.346631386150584,25.450328998461984,30899100
2018-06-28,25.43846893310547,25.86214608464047,25.388101007963996,25.7317845362139,25401000
2018-06-29,25.376258850097656,25.539212967817704,25.3377428846328,25.45032905772673,24766800
2018-07-02,24.887393951416016,25.46217496363014,24.709626173635378,25.37625279733402,24375300
2018-07-03,25.017759323120117,25.19848883872775,24.91406172656112,24.91406172656112,13188600
2018-07-05,25.056276321411133,25.355517146160594,24.96739242134434,25.165899063521774,16102500
2018-07-06,25.038497924804688,25.145158938506594,24.834066151805278,24.946652306457484,16841100
2018-07-09,25.459218978881836,25.619209686532038,25.115535299311755,25.18367867334219,19726200
2018-07-10,25.83845329284668,25.87400753427684,25.444403390473177,25.459217092629228,18145200
2018-07-11,25.636981964111328,25.820674913467176,25.595504278224087,25.794010929013872,16787700
2018-07-12,25.63402557373047,25.89771392194093,25.545141651316627,25.75846204791796,14665800
2018-07-13,25.983631134033203,26.069551626532622,25.628095489412775,25.634022326724153,19165800
2018-07-16,25.965848922729492,25.98955118136993,25.72586291825033,25.9599237818992,13341600
2018-07-17,26.128807067871094,26.279909202082706,25.89474616787606,25.89474616787606,17734500
2018-07-18,26.093246459960938,26.425078051488462,26.054730505002098,26.17027836987862,15136500
2018-07-19,25.989551544189453,26.2147238520767,25.897705926420294,26.031030921219095,14649300
2018-07-20,26.090288162231445,26.12287898328142,25.835490125937937,25.894744931251026,14445300
2018-07-23,25.962886810302734,26.11695234687302,25.888818307901072,25.96881364675035,12450000
2018-07-24,26.060659408569336,26.220650087131744,25.95696180932775,26.108063928490097,16768500
2018-07-25,26.042879104614258,26.078433337866073,25.80881995187669,25.856224465999677,17427300
2018-07-26,26.140655517578125,26.496189427452748,26.12584181658161,26.220650859214842,19644900
2018-07-27,26.11103057861328,26.3332395051606,26.081401478505953,26.26213271647824,14038200
2018-07-30,26.333234786987305,26.35101190480263,26.039919124311524,26.072508246547265,18032100
2018-07-31,26.43693733215332,26.564337208159845,26.3095374561468,26.3687939615236,20124300
2018-08-01,26.143617630004883,26.407304207082518,26.036956614710615,26.327310564760975,15150000
2018-08-02,26.297685623168945,26.321387886387544,25.959928796133816,26.05473784900821,12918300
2018-08-03,26.546558380126953,26.74802675575101,26.3687922660657,26.425083653872807,17241600
2018-08-06,26.567296981811523,26.65914430410735,26.407306293886723,26.460637653407964,13954800
2018-08-07,26.596923828125,26.77172990913863,26.56137128450757,26.614700947593427,13580100
2018-08-08,26.679887771606445,26.73321914037189,26.478419362891717,26.65618550615061,15123300
2018-08-09,26.524921417236328,26.709681258793438,26.4504210135791,26.659020779686614,14183700
2018-08-10,26.873584747314453,26.930204791057495,26.41764547201493,26.43254691945569,24734700
2018-08-13,26.712656021118164,26.980856409392157,26.63219778031817,26.879537172132544,17637600
2018-08-14,27.0732421875,27.153702153449853,26.709683730750804,26.71266265586661,17510400
2018-08-15,26.88550567626953,26.942125720248516,26.721605100233994,26.89444415753855,25850700
2018-08-16,29.394651412963867,29.86250794160591,29.177109790478323,29.832708466817483,127893900
2018-08-17,29.159238815307617,29.701594142174113,29.087717332879166,29.13539718438747,49389900
2018-08-20,28.60793685913086,29.290354489007314,28.593037119372184,29.105596351867007,38037900
2018-08-21,28.63178062438965,28.7152178091285,28.417219581397543,28.59601988216895,31593900
2018-08-22,28.509597778320312,28.861237108546376,28.378479039605672,28.667537072873987,23297100
2018-08-23,28.363582611083984,28.56622115053126,28.327821865789648,28.45894061981444,18289200
2018-08-24,28.295042037963867,28.50662247104679,28.116243425177352,28.33676233950833,25782900
2018-08-27,28.17285919189453,28.491720127672806,28.09836048718722,28.387418530750473,21120900
2018-08-28,28.628799438476562,28.71224003192795,28.169879584825946,28.241399362713132,29949000
2018-08-29,28.500652313232422,28.855273913078605,28.46787220833485,28.691373388590748,23588400
2018-08-30,28.637739181518555,28.756940521752913,28.44404084026141,28.458938876333104,21176100
2018-08-31,28.566213607788086,28.739054322462806,28.342714124210794,28.66455222104939,18974100
2018-09-04,28.41722297668457,28.688402385316536,28.381463935357427,28.54834173510576,24842100
2018-09-05,28.792699813842773,28.855279405954146,28.41721885084254,28.509597923927714,28423800
2018-09-06,28.742040634155273,28.8225006005624,28.61092018366482,28.765878855881454,18452400
2018-09-07,28.557279586791992,28.750979635739053,28.500659546251065,28.548339400899625,20017200
2018-09-10,28.87613296508789,28.962554176112377,28.63475311050038,28.6407143699957,24997800
2018-09-11,28.79865264892578,29.102612076392703,28.753953435248874,28.986391392567626,19390500
2018-09-12,28.598997116088867,28.82845618121619,28.587078006164145,28.68541663112389,17700000
2018-09-13,28.345699310302734,28.494698421582964,28.28311971766836,28.40529827274842,22958700
2018-09-14,28.187753677368164,28.2622523636789,28.11623391541048,28.169873310587338,18958200
2018-09-17,28.256298065185547,28.452978726023964,28.1221986997195,28.23543706500611,15989400
2018-09-18,28.43807601928711,28.485755867345073,28.05663723482342,28.14901800616439,20279400
2018-09-19,28.381460189819336,28.57515852387509,28.274179669663365,28.47979881936579,17025300
2018-09-20,28.53343963623047,28.54535874658756,28.29503867226262,28.414238301663545,16656900
2018-09-21,28.578140258789062,28.69436096888114,28.497680291853346,28.584099814259762,28590300
2018-09-24,28.28609848022461,28.607938332114013,28.2682198146932,28.441058850992174,16011000
2018-09-25,28.339740753173828,28.762898175906,28.30696064060783,28.604960578829406,18579600
2018-09-26,28.187753677368164,28.48575183294237,28.166892681068656,28.33973338467395,17755800
2018-09-27,28.050676345825195,28.298015759006447,27.958295578878488,28.068556714287887,16090200
2018-09-28,27.985122680664062,28.122202695681235,27.919562451068956,28.09538213671064,18918900
2018-10-01,28.131139755249023,28.208619087886277,28.023859236456982,28.098359644094955,14982900
2018-10-02,28.35464096069336,28.491720968633327,27.96724086411666,27.99108079135987,23263800
2018-10-03,28.032800674438477,28.47085954417923,28.023860488709147,28.458938728151434,18982200
2018-10-04,28.074514389038086,28.16093389060063,27.773535595786083,28.032794100473716,18135900
2018-10-05,27.806320190429688,28.068561088306257,27.68116100201846,27.970220751602543,20080200
2018-10-08,28.21755599975586,28.289075768931692,27.719896540178723,27.788435679535056,17287800
2018-10-09,28.929779052734375,29.126459725980013,28.36655929501502,28.500658668940467,34796700
2018-10-10,28.53641700744629,29.159237381757173,28.518536637718224,28.786737068141452,27008400
2018-10-11,27.98809814453125,28.694357387218435,27.892738448238653,28.551316137613668,29779500
2018-10-12,28.253320693969727,28.36060122181632,27.913602148593444,28.238420952217783,25661700
2018-10-15,27.95829963684082,28.306960051805877,27.95829963684082,28.160939863443023,24916500
2018-10-16,28.55131721496582,28.628798250001623,28.113258380446307,28.220538895406527,33725100
2018-10-17,28.77482032775879,28.792700698959127,28.280139720490396,28.363580315981274,28618200
2018-10-18,28.658597946166992,28.980437788310127,28.530458135326,28.727135386377547,34195200
2018-10-19,28.95063591003418,29.099636726321958,28.60793846600392,28.60793846600392,26852100
2018-10-22,28.947656631469727,29.078777067651334,28.828455304850507,29.007255589613447,21368700
2018-10-23,29.144332885742188,29.20095462232141,28.640715567932126,28.756936260631242,28217400
2018-10-24,29.072816848754883,29.552595981721858,28.989376258166732,29.054936478605143,31094100
2018-10-25,29.55557632446289,29.644974764010556,28.905935386555154,29.206914225430527,32211300
2018-10-26,29.484054565429688,29.701592812468657,29.20989457894775,29.445316606125186,44776800
2018-10-29,29.740337371826172,30.31547625601907,29.528756951809026,29.653916143547217,38118300
2018-10-30,30.521089553833008,30.57473065870436,29.817810982622483,29.86251019818284,38125500
2018-10-31,29.88336944580078,30.541948762874128,29.835689603262978,30.541948762874128,37064700
2018-11-01,29.972780227661133,30.148596502307583,29.716500571240072,29.788018651226313,23205300
2018-11-02,30.19925880432129,30.267799668273373,29.89232205253426,30.062180486749682,21909600
2018-11-05,30.667118072509766,30.74459741598402,29.987677533737124,30.15455874301434,22850400
2018-11-06,30.79226303100586,30.825043131582078,30.410824340905076,30.556844478896327,19106100
2018-11-07,31.087289810180664,31.13198902568579,30.70882826744158,30.890609169560268,26017800
2018-11-08,31.25417709350586,31.367417186846993,31.000878051409206,31.090279920011458,17884200
2018-11-09,31.456809997558594,31.558127539023637,31.233310505907816,31.289928831109023,25351200
2018-11-12,30.953187942504883,31.650505235046683,30.88762773068212,31.438928271798446,26829300
2018-11-13,30.676055908203125,31.036637173742104,30.55685797008488,30.893597601800767,23870100
2018-11-14,30.255874633789062,30.738630986627694,30.10091256256239,30.693931766407882,31445700
2018-11-15,29.662858963012695,30.634336454894182,29.38869893854534,30.491296886954558,48247800
2018-11-16,29.111553192138672,29.627093036775435,28.882095843678687,29.448292755539338,42705600
2018-11-19,28.84037208557129,29.278432577350795,28.736073917241786,29.18605351762122,27643200
2018-11-20,28.05961799621582,28.369537010044453,27.89273852723117,28.303976792366157,37861800
2018-11-21,28.06260108947754,28.28610062464105,27.806321440605657,28.1192211308678,28052700
2018-11-23,28.339740753173828,28.47384012856541,28.050681000667165,28.050681000667165,14670000
2018-11-26,28.35464096069336,28.6288009765733,28.232460694134634,28.515560895876536,30103800
2018-11-27,28.32185935974121,28.470858470892285,28.13411887683481,28.306959619142706,27126900
2018-11-28,29.04301643371582,29.090696282469665,28.324836367257895,28.444037694308406,30212400
2018-11-29,28.992359161376953,29.15327909500954,28.828458597430398,28.91189919456066,18723900
2018-11-30,29.099634170532227,29.33207555993936,28.9267951486046,29.02513547409749,31992000
2018-12-03,29.427438735961914,29.677757113853758,29.105598872768322,29.209897060112553,27246300
2018-12-04,28.55131721496582,29.49001617907844,28.491718255116986,29.27843577921682,31278900
2018-12-06,28.395523071289062,28.587283304976854,27.895147639965145,28.44646002628928,31101600
2018-12-07,27.92210578918457,28.503378386225215,27.700383517293478,28.314615108448397,25489500
2018-12-10,28.146825790405273,28.23971069869793,27.66742534267296,28.03296775545104,21830700
2018-12-11,28.119850158691406,28.31161199283362,27.940074189264017,28.239701947956803,19357500
2018-12-12,27.898136138916016,28.25468957317609,27.883155089477576,28.25468957317609,28917600
2018-12-13,27.853193283081055,28.068923483308136,27.694390385529346,27.940082684947942,24126900
2018-12-14,27.520610809326172,27.733344134380054,27.43671486612627,27.580535013493474,34480800
2018-12-17,27.197006225585938,27.5685423488378,27.014235059031872,27.331839072286165,27005400
2018-12-18,27.289892196655273,27.343824308793184,27.050190301048147,27.20599627602214,28820100
2018-12-19,27.131086349487305,27.865169573830475,27.041198362806604,27.35281027856246,36694500
2018-12-20,26.151317596435547,26.99925904023126,25.8097452168845,26.99925904023126,49121400
2018-12-21,26.10637664794922,26.807501125420664,26.007499657486605,26.028474499720613,44764500
2018-12-24,25.713863372802734,26.238208631573702,25.701877505573453,25.929593552690232,18330900
2018-12-26,27.089141845703125,27.09213702628645,25.85768029247608,25.893636175242815,30084900
2018-12-27,27.442705154418945,27.448697231176368,26.498883629042176,26.89139465989897,29644500
2018-12-28,27.604503631591797,28.00600366562453,27.4606834915523,27.58652739994034,29622000
2018-12-31,27.910118103027344,27.982028163372984,27.640455805348957,27.76629798233606,21017400
2019-01-02,27.967050552368164,28.059935463274954,27.457687990935014,27.457687990935014,24458100
2019-01-03,27.823230743408203,28.377538176188306,27.77529069671818,27.928099809851535,24831900
2019-01-04,27.997013092041016,28.06292936660403,27.772293921767044,27.92809820733389,24087300
2019-01-07,28.326597213745117,28.515362192343463,27.91910687470806,28.05094284163205,23369100
2019-01-08,28.52435302734375,28.69214317790731,28.13783578758315,28.482405061085068,21602700
2019-01-09,28.431467056274414,28.805998413999998,28.39551288259466,28.677161053382363,18816900
2019-01-10,28.45244026184082,28.45843233803147,27.901129819467606,28.128844144951472,28188900
2019-01-11,28.416484832763672,28.551315978812323,28.329593725953252,28.461429691093915,16183800
2019-01-14,28.449447631835938,28.59926156036039,28.248698476347894,28.30862439065193,21255300
2019-01-15,28.838956832885742,28.94382759974895,28.57828350686261,28.60525042243924,21174600
2019-01-16,28.86892318725586,29.02173056983092,28.713115480209183,28.743079292089448,16230000
2019-01-17,28.985780715942383,29.126603974660373,28.81199845742412,28.859938509047883,16843500
2019-01-18,29.282407760620117,29.42323100032505,29.018735797817264,29.04869789741895,18361800
2019-01-22,29.210493087768555,29.492142968249016,28.997758086917703,29.108619216050194,24189600
2019-01-23,29.576025009155273,29.767788531918075,29.222466907553624,29.623968461551687,25037400
2019-01-24,29.471168518066406,29.50113061509858,28.89289113009566,29.42322847702648,22829100
2019-01-25,29.045700073242188,29.635965074932482,28.988772771607128,29.588025031313656,21654600
2019-01-28,29.081653594970703,29.08465049037953,28.78802299480576,28.922852427723978,17627400
2019-01-29,28.976787567138672,29.11161700614714,28.916859943081526,28.994765511461587,15760200
2019-01-30,28.404504776000977,29.003755352888327,28.242706691623567,28.96779946103944,35547900
2019-01-31,28.713117599487305,29.024729607638083,28.353567260626313,28.353567260626313,44169000
2019-02-01,28.122852325439453,28.764050774408737,27.898133178764382,28.740080754956345,37775700
2019-02-04,28.395523071289062,28.395523071289062,27.970054624176335,28.122863774705262,21805800
2019-02-05,28.644203186035156,28.746075349012848,28.470419243930642,28.539334127436785,18299700
2019-02-06,28.656185150146484,28.767047991515916,28.53034297523168,28.59326406268908,12794700
2019-02-07,28.98277473449707,29.00974336247981,28.46442501758376,28.49738229258136,21030300
2019-02-08,28.638212203979492,28.970795622798352,28.506376223169045,28.865928274662537,18507600
2019-02-11,28.823976516723633,28.868923091630712,28.656186371528666,28.659183267048103,16628400
2019-02-12,29.054689407348633,29.11461360184636,28.91386617870208,29.00974626147534,17643900
2019-02-13,29.3453311920166,29.3633091389975,29.0906498961823,29.153570996144055,16375500
2019-02-14,29.51910972595215,29.722854051189977,29.06967139481947,29.2674253577794,21602400
2019-02-15,29.959558486938477,29.962551953375222,29.620981316915064,29.65693377463471,28443000
2019-02-19,30.621726989746094,31.21498537754124,30.582777638377916,30.675660817342717,62091900
2019-02-20,29.926591873168945,30.66367373068043,29.558052658884,30.504872587276,52895400
2019-02-21,29.779788970947266,29.938590171203494,29.635968821907124,29.86068801909127,19239600
2019-02-22,29.82772445678711,30.010493939447002,29.704875740880464,29.908623492553026,24260700
2019-02-25,29.698890686035156,30.001512043108594,29.677915842216468,29.998515146999793,27705000
2019-02-26,29.570051193237305,29.680912345194123,29.324357149713688,29.66892818986057,25464300
2019-02-27,29.396263122558594,29.480155622235372,29.24045541828274,29.399260018034663,23706900
2019-02-28,29.65993309020996,29.803753219650247,29.294390689833698,29.39626456737395,34127700
2019-03-01,29.342330932617188,29.83072205427777,29.099633819608773,29.803753422426357,31057500
2019-03-04,29.318363189697266,29.540085466409682,29.174543056510096,29.399262228923952,23051400
2019-03-05,29.465179443359375,29.719860737840058,29.390274188789398,29.402258343732043,18357900
2019-03-06,29.44120979309082,29.66293207967771,29.321357962292645,29.44420668892573,14089800
2019-03-07,29.198505401611328,29.423224528135304,29.135584320499955,29.276407529228184,18379800
2019-03-08,29.24045753479004,29.489148443171832,29.06367840727031,29.22847338096051,16977000
2019-03-11,29.507123947143555,29.537086043709717,29.309369995076302,29.37528797909872,16035900
2019-03-12,29.474157333374023,29.585018433577975,29.378277277579183,29.52209736127144,15211500
2019-03-13,29.671918869018555,29.76780238950639,29.480158685927986,29.573045310628302,16446900
2019-03-14,29.587575912475586,29.650835569723064,29.397793493340384,29.64480952716892,14777400
2019-03-15,29.647823333740234,29.674933631166446,29.400807293368885,29.60564792952962,43800000
2019-03-18,30.021350860595703,30.05448719209174,29.599617612859937,29.611666247751597,17310300
2019-03-19,30.078590393066406,30.271382378917433,29.994243037408424,30.120765794591716,16243200
2019-03-20,29.714092254638672,29.98821855775419,29.683968939666734,29.882783507959996,18969300
2019-03-21,29.84061050415039,29.861694755451758,29.551422553747095,29.596607524611557,19653000
2019-03-22,29.60564422607422,29.982192558545062,29.503225644502113,29.696017618511284,20124300
2019-03-25,29.572498321533203,29.70805664263102,29.409829715172346,29.46104071308466,16222200
2019-03-26,29.617691040039062,29.77734664964543,29.530330684126234,29.629739674422684,14837700
2019-03-27,29.283313751220703,29.780358686282867,28.617581045576895,29.56346603758377,25413600
2019-03-28,29.259231567382812,29.482146924299336,29.078488174852787,29.397799548132863,24162900
2019-03-29,29.379716873168945,29.42189227347766,29.232113314266062,29.397791552245174,22319700
2019-04-01,29.467079162597656,29.62974783746335,29.38875784643876,29.512264139528625,25517400
2019-04-02,29.201988220214844,29.614685946696852,29.189939582606108,29.449004251853975,18822000
2019-04-03,29.277297973632812,29.340557626023525,29.156801263550378,29.256210273705072,17062500
2019-04-04,29.55443572998047,29.605643295460666,29.292358071239683,29.295371092124945,12078900
2019-04-05,29.771329879760742,29.88278753914952,29.56950226326525,29.596612560918686,13968000
2019-04-08,29.891826629638672,29.897849225015364,29.599625608386066,29.656859225125515,16267200
2019-04-09,29.72916030883789,29.8918290026011,29.56649161507468,29.762296651915328,13102500
2019-04-10,30.003278732299805,30.039428087436377,29.67191538920161,29.674928410028368,12273300
2019-04-11,30.364768981933594,30.37380804650968,29.964123303886634,30.033409009397772,16820700
2019-04-12,30.593690872192383,30.73226219497197,30.42499969551875,30.42499969551875,15486000
2019-04-15,30.855777740478516,31.000371698758794,30.50333018263233,30.515378817307713,15335700
2019-04-16,31.00640106201172,31.14496899410539,30.88891738101109,30.994348978653104,14485200
2019-04-17,31.075687408447266,31.147986128578193,30.849759079127207,31.027489410824224,11187600
2019-04-18,31.08170509338379,31.268470991181456,30.994344737947973,31.060617397783737,11183400
2019-04-22,30.83771514892578,31.190162844883144,30.777468504548548,30.96122145937776,15238200
2019-04-23,31.048574447631836,31.11484711960036,30.708175472244616,30.88590578868954,15152400
2019-04-24,31.187137603759766,31.283537023343648,31.054595727539706,31.06965738273271,14093400
2019-04-25,31.18413543701172,31.3739144059521,30.976281788068533,31.09978807946287,11883300
2019-04-26,30.58466911315918,30.828672100949664,30.02135485025735,30.259331796105197,24323100
2019-04-29,30.593690872192383,30.726236155758645,30.358727053735617,30.69008681526042,19139100
2019-04-30,30.979290008544922,31.003390729960035,30.560569707718212,30.656965698593535,18400800
2019-05-01,30.533451080322266,30.970245941165235,30.509350365483996,30.958197307441914,16011600
2019-05-02,30.470199584960938,30.744325897908514,30.196073272013358,30.554546938343087,15021000
2019-05-03,30.750356674194336,30.952184301774228,30.666009307826634,30.8226519543716,15950700
2019-05-06,30.86481475830078,30.891928496793334,30.286438898876405,30.349698543038944,13841100
2019-05-07,30.515382766723633,30.777460427335686,30.35271411168114,30.66600278553136,13726800
2019-05-08,30.214143753051758,30.437059018780577,30.081598422923683,30.1990820971183,17646000
2019-05-09,30.144495010375977,30.265628362855914,29.935537204783362,30.062728611169657,18720300
2019-05-10,30.862218856811523,30.92278552706511,30.192946060251618,30.211116754468804,26228100
2019-05-13,30.250486373901367,30.63206405473102,29.983990921840114,30.42007722442696,22084500
2019-05-14,30.37162208557129,30.54726751784151,30.250485273074673,30.326197080524707,19061100
2019-05-15,30.24744987487793,30.392815405536066,30.0203214317821,30.344361383885023,20220900
2019-05-16,30.680524826049805,31.483043851100412,30.538191720851135,31.14083997938899,51366000
2019-05-17,30.544240951538086,30.874335586404513,30.25654576402857,30.356482862604974,37113900
2019-05-20,30.744115829467773,30.883419885724805,30.359512561920383,30.40190854451006,21582300
2019-05-21,30.62297248840332,30.78347275078564,30.404927660872417,30.741076782015305,20667300
2019-05-22,30.959129333496094,31.01969600848011,30.604809432851436,30.768342227872942,22022700
2019-05-23,30.847082138061523,30.868278396627474,30.480646099687583,30.83496602950257,19363800
2019-05-24,31.09236717224121,31.15899188353555,30.913696221030843,30.94397955058192,13449600
2019-05-28,31.016664505004883,31.364929789766723,31.01060645170787,31.05906394667289,30815100
2019-05-29,30.925811767578125,31.155965786948034,30.728966641282412,30.922782741197224,19560600
2019-05-30,30.94700813293457,31.340698386952077,30.862216188193624,31.037861596164515,15058800
2019-05-31,30.719886779785156,30.8955356940938,30.465503955305966,30.692632467364117,17782500
2019-06-03,30.87736701965332,31.095408464715053,30.70777614842194,30.777429913289073,19844100
2019-06-04,31.059070587158203,31.086324901410695,30.719888844118667,31.07421225793251,17894700
2019-06-05,31.622346878051758,31.731367595643302,31.071181770080436,31.11660678026807,20708700
2019-06-06,31.831287384033203,31.99784912983224,31.555704979940355,31.643529391099186,24191100
2019-06-07,32.11899185180664,32.20984531513841,31.813126034284426,31.867638112283487,20428200
2019-06-10,32.56114196777344,32.63987933963711,32.21288011541035,32.24618901461286,18977100
2019-06-11,32.688323974609375,33.00024781114384,32.63078634215107,32.70649466530802,20241900
2019-06-12,32.9548454284668,32.98209975036226,32.68228834668315,32.68228834668315,13905300
2019-06-13,32.903343200683594,33.184983737310226,32.757981125648456,33.009334864150674,16455000
2019-06-14,33.03053283691406,33.18800754345067,32.84580036007704,32.94270840497727,13577700
2019-06-17,33.05780029296875,33.17590810271083,32.7852467414694,33.045687648963685,12441000
2019-06-18,33.206180572509766,33.30005959779543,32.98208113611646,33.251605571934576,14733600
2019-06-19,33.19709396362305,33.26371867638352,32.96996552128688,33.25160257173253,11773800
2019-06-20,33.409088134765625,33.4605711938113,33.0941351925311,33.25766798446171,15004500
2019-06-21,33.65439224243164,33.97540331831692,33.390925759302085,33.41515104859156,39535800
2019-06-24,33.68769454956055,33.98447328554221,33.6240953928803,33.76340288031527,18098400
2019-06-25,33.53022384643555,33.74523971257116,33.43331577517809,33.57867788206428,18315000
2019-06-26,33.36063003540039,33.6392415530822,33.342459342322734,33.569587807235415,12485100
2019-06-27,33.342472076416016,33.4666344832103,32.966952362705825,33.330359431639984,16443900
2019-06-28,33.46056365966797,33.76945501297903,33.38485186871077,33.478730885164524,19520100
2019-07-01,33.49993133544922,33.90876323216585,33.31822788516349,33.705860064063685,16544100
2019-07-02,33.796714782714844,33.79974380904518,33.41513717631103,33.563528275151114,12188700
2019-07-03,34.0147590637207,34.038987810727555,33.61501419660425,33.66952627809055,9621900
2019-07-05,33.91179656982422,33.990533932960616,33.67861004131199,33.91785115732363,10738200
2019-07-08,34.135894775390625,34.199490468904244,33.82699992159359,33.89362464159936,14147100
2019-07-09,34.18434524536133,34.33576189716053,34.09954984093077,34.18737427153832,16270200
2019-07-10,34.214637756347656,34.40542486823051,34.03596328671785,34.25703720279225,13737000
2019-07-11,34.49930191040039,34.505359964028635,34.22674841412674,34.32365647794429,11689800
2019-07-12,34.70523452758789,34.756717586877905,34.40845227923778,34.55078534971785,11229900
2019-07-15,34.82032012939453,34.850603472408,34.65981633199929,34.726437607205035,10038000
2019-07-16,34.75368881225586,34.97475925384624,34.535643931829156,34.926305221052054,10464600
2019-07-17,34.70523452758789,34.87785093513132,34.584097713628694,34.76883022856209,8065500
2019-07-18,34.7415771484375,34.759744378754135,34.44479488957925,34.629527411053445,9670800
2019-07-19,34.49325180053711,34.92025452841475,34.481139157413836,34.826372013517364,11388900
2019-07-22,34.16617202758789,34.6264869327115,34.01475192128044,34.55380417265841,13550700
2019-07-23,33.94511795043945,34.2812672128134,33.78763971661836,34.25704192496794,17262600
2019-07-24,33.91786193847656,34.15710659624016,33.787641478822934,33.92694902117236,12531900
2019-07-25,33.984474182128906,34.03595723468245,33.81488682362318,33.97236154202964,11554500
2019-07-26,34.22674560546875,34.323653661334,33.86334212882681,33.95419213156093,14187000
2019-07-29,33.99961471557617,34.21463053227265,33.84516902876807,34.17223456048547,11239800
2019-07-30,33.936031341552734,34.0389974805981,33.81792353096617,33.936031341552734,9105600
2019-07-31,33.42726135253906,34.02082595275389,33.20013281924808,33.890605501248224,18633900
2019-08-01,33.12441635131836,33.969334565499416,33.10624565722026,33.4090859379145,22365000
2019-08-02,33.1304817199707,33.35458122048702,32.75193301837014,33.23344785402687,16970100
2019-08-05,32.04630661010742,32.70649214805769,31.976652878740982,32.70649214805769,22710000
2019-08-06,32.48543167114258,32.65804807348433,31.97666261297461,32.158366095585,21049200
2019-08-07,32.76707458496094,32.90032406020834,32.076605387497764,32.40972560990998,21835500
2019-08-08,33.0257453918457,33.12313047085094,32.79749889525436,32.870539445890856,13123200
2019-08-09,32.64836883544922,33.00747665608282,32.47490279702134,32.88574708041814,12580500
2019-08-12,32.02146911621094,32.51448249119697,31.905823874568565,32.47796220799077,17605200
2019-08-13,32.68793869018555,32.900968967204015,31.90885812635336,32.030587723069715,20025900
2019-08-14,32.3197021484375,32.88575242943018,31.9971110583739,32.100584000730606,27938400
2019-08-15,34.2947998046875,34.583914625237604,33.524850882972906,34.24610725886804,59438700
2019-08-16,34.38609313964844,34.97649143728873,34.10306625398457,34.71781256070228,32895600
2019-08-19,34.635643005371094,34.93083866559513,34.571734271607,34.79998074441157,21534300
2019-08-20,34.10002136230469,34.705635842617255,34.08784909948937,34.65085891856596,18336900
2019-08-21,34.09090042114258,34.714775172213166,34.04829226791146,34.68738322148872,24469200
2019-08-22,34.05741882324219,34.32522951845538,33.88699668491422,34.14567557037334,17986200
2019-08-23,33.7287483215332,34.05742386604654,33.51571800500661,33.9691705886129,18710100
2019-08-26,34.08177185058594,34.166981190911734,33.84743745777629,33.950910420298946,17807100
2019-08-27,34.2126350402832,34.33132422339039,33.9356959348771,34.2126350402832,17201100
2019-08-28,34.303924560546875,34.41348189541581,33.98742133643509,34.170019216393236,16113000
2019-08-29,34.717811584472656,34.873017512954355,34.48347724078801,34.754328372914685,15811500
2019-08-30,34.772586822509766,35.11343454412873,34.663029496966246,34.99778934609101,17115900
2019-09-03,34.88824462890625,35.09214663797567,34.538268454831716,34.59608933336433,17828100
2019-09-04,35.27473831176758,35.28995451454099,34.94302230509481,35.20778562645835,17348700
2019-09-05,35.13169860839844,35.8986069385125,35.07996213470466,35.81035019129782,17479200
2019-09-06,34.91563415527344,35.22604960151876,34.88216129174009,35.13170843749926,13039200
2019-09-09,35.402565002441406,35.487774358613116,34.815206942673136,34.84564283589575,17921100
2019-09-10,35.317352294921875,35.594291410425775,35.14388267880182,35.29909215202681,14572200
2019-09-11,35.30821990966797,35.515165870612904,35.064757146291065,35.30213551731235,15852300
2019-09-12,35.58210754394531,35.627759632153115,35.27169215106515,35.49993866104276,13422900
2019-09-13,35.737308502197266,35.96859889421135,35.59123090978277,35.65513963879133,16915800
2019-09-16,35.171260833740234,35.658186177324424,35.113436490134426,35.466459976306545,18270900
2019-09-17,35.457340240478516,35.512120666321564,35.073887707875066,35.09518830450906,13813500
2019-09-18,35.655147552490234,35.676451627809726,35.35690442907857,35.57906654458534,11868000
2019-09-19,35.63992691040039,35.85295718875718,35.53645396632957,35.72818017202122,10141800
2019-09-20,35.600372314453125,35.80123038385092,35.545595373901584,35.71297709839975,33997200
2019-09-23,35.795143127441406,36.03556191435708,35.47255197074276,35.48776817331891,15487500
2019-09-24,36.03251266479492,36.476833376593895,35.91382351598756,35.98686406379671,21819300
2019-09-25,36.05381774902344,36.12989875281982,35.85295971968286,36.05381774902344,13840800
2019-09-26,36.0020866394043,36.382495197850766,35.96861029619126,36.15424866967663,11960700
2019-09-27,36.0477409362793,36.28511583061772,35.834710577519395,36.27903143810618,10304100
2019-09-30,36.11772918701172,36.3490161523845,36.08120890935509,36.11468525007944,10204200
2019-10-01,35.865135192871094,36.24859114839891,35.82557446046321,36.169466200817716,11187900
2019-10-02,35.338653564453125,35.77384257340944,35.183444103574104,35.728190478420046,17833500
2019-10-03,35.39646911621094,35.545590679911,34.86997947927845,35.265607691205304,15619500
2019-10-04,35.959468841552734,36.00207698481537,35.3599422444158,35.42385097654506,13881000
2019-10-07,35.676456451416016,36.00208808514715,35.56993954318233,35.94122327059405,14085000
2019-10-08,35.78296661376953,36.114686091812175,35.50298361648538,35.54863570600287,15375300
2019-10-09,36.19381332397461,36.3064146208412,35.91687424621825,35.965566793046115,11710200
2019-10-10,36.4007453918457,36.48291425884708,36.09337399536342,36.18467118858065,13024500
2019-10-11,36.59247970581055,36.73551338641056,36.12989884293846,36.495091144837104,18383700
2019-10-14,36.266841888427734,36.65942610807857,36.245541298592705,36.47378777593552,13719900
2019-10-15,36.37640380859375,36.51639354606769,36.17554578795444,36.31553900819334,13550100
2019-10-16,36.34293746948242,36.552923874841454,36.24555236894589,36.30946112350012,11344800
2019-10-17,36.47075271606445,36.59552628002199,36.32467507432183,36.41901623159537,11732700
2019-10-18,36.257720947265625,36.70204172929931,36.25467701016491,36.65639312108533,16776900
2019-10-21,36.440311431884766,36.46769989467492,36.160328482728715,36.30640608888429,10230300
2019-10-22,36.39162063598633,36.571174586474534,36.33379628839724,36.443357110324456,7634100
2019-10-23,36.321632385253906,36.47379790666861,36.12077431491839,36.266851961680814,8520000
2019-10-24,36.24555206298828,36.38858577517532,36.06599806771684,36.2607682671458,8700900
2019-10-25,36.22727966308594,36.3155364035485,35.97164473352704,36.21510740043187,7692900
2019-10-28,36.282066345214844,36.42814397062612,36.07207649359366,36.29119467309322,10213800
2019-10-29,35.652103424072266,36.13294444663756,35.630802831632515,36.06294783008195,14373300
2019-10-30,35.94122314453125,36.02339203699603,35.62167590371677,35.66124012269697,8988600
2019-10-31,35.68558120727539,35.995996606286184,35.55471977943,35.889483191483514,14643900
2019-11-01,35.795143127441406,35.901656545474495,35.676453961134975,35.88644034289834,11287800
2019-11-04,35.77991485595703,36.24858353457918,35.658185264559364,36.032509330530694,13938000
2019-11-05,36.17250442504883,36.25771724133126,35.6308020905192,35.813396504711996,12651300
2019-11-06,36.36728286743164,36.40380315169215,36.12686404778759,36.16338433204811,10843200
2019-11-07,36.589439392089844,36.79942577009603,36.37945301408366,36.51944277183263,13324200
2019-11-08,36.349021911621094,36.787254864639316,36.1968598685518,36.613788742433954,11498100
2019-11-11,36.22727966308594,36.40683359760104,35.995989258835166,36.12380672361462,13317000
2019-11-12,36.25164031982422,36.519447605478604,36.15729567373421,36.397717970935496,15189300
2019-11-13,36.81768035888672,36.93332556862129,36.11163683702429,36.26380231988872,23135400
2019-11-14,36.717262268066406,38.15673472055862,36.370326535691646,37.91935984015439,67512600
2019-11-15,36.175559997558594,36.82377943162968,36.026438391791295,36.726394319630586,30413100
2019-11-18,36.59552764892578,36.7842134532966,35.983828589611434,36.04773734259157,19644000
2019-11-19,36.4859733581543,36.62900708007633,36.431192929799295,36.55292605411059,11146200
2019-11-20,36.254676818847656,36.66552125613661,36.032518170385934,36.58335236867882,15227700
2019-11-21,36.476837158203125,36.51944182699868,36.11468528376211,36.163377826427904,12908400
2019-11-22,36.32467269897461,36.61074008931022,36.29728423130314,36.565091482269274,11529300
2019-11-25,36.19076156616211,36.5255249299918,35.88034621186772,36.51943705691674,17644500
2019-11-26,36.27293395996094,36.306410299593544,36.047731393031725,36.202937343862715,18877500
2019-11-27,36.14207458496094,36.45857786097753,36.13294625671023,36.33380082311485,10302300
2019-11-29,36.24250793457031,36.51031869875646,36.21511946378432,36.257724138647625,9471900
2019-12-02,36.300315856933594,36.33074825422607,35.86208306694563,36.26075513355923,17012700
2019-12-03,36.11468505859375,36.20293833256974,35.84078994315202,36.0325161756847,19784400
2019-12-04,36.120765686035156,36.27597510769805,36.002080020794985,36.25163058043621,16669800
2019-12-05,36.273616790771484,36.310300876806835,35.894556064642565,36.18191007407012,13058400
2019-12-06,36.61600112915039,36.622116310904296,36.35310428793632,36.40201524680434,13022400
2019-12-09,36.487606048583984,36.64045408913502,36.43257991437265,36.55180145597021,14448000
2019-12-10,36.42034912109375,36.54873992201344,36.38366503557757,36.484544521553595,12846900
2019-12-11,36.3775634765625,36.57626141522951,36.23388468470634,36.49983913112681,10519200
2019-12-12,36.6098747253418,36.71686938291153,36.27972847797346,36.377550365724076,12447000
2019-12-13,36.77190017700195,36.881948940101836,36.38366666824366,36.42646593606208,16098900
2019-12-16,36.84831619262695,37.09592849138914,36.8116321116874,36.8116321116874,16052100
2019-12-17,37.07453155517578,37.202922349407366,36.89722981559947,36.973652074454755,13727400
2019-12-18,36.64045715332031,37.19681972945356,36.634341971767434,37.14485118141692,15309000
2019-12-19,36.70771789550781,36.83916284111721,36.61600764481848,36.664918612390004,13392300
2019-12-20,36.77190017700195,37.33132026187261,36.68936273008026,37.13567296313589,23863200
2019-12-23,36.386722564697266,36.89417408552959,36.38060738432585,36.74438365191238,13457400
2019-12-24,36.5334587097168,36.56097352548779,36.38061067210075,36.41729476087056,6682200
2019-12-26,36.53651809692383,36.6373975968081,36.36227391427935,36.56402941566047,12671400
2019-12-27,36.55791473388672,36.664905907831596,36.45397765191627,36.664905907831596,10632000
2019-12-30,36.499839782714844,36.625176528946255,36.41730231505532,36.62211893784998,8837400
2019-12-31,36.328643798828125,36.62210949743757,36.129942409447075,36.53039928013019,14736000
2020-01-02,36.35921096801758,36.64961906244424,36.285842797676956,36.3347537451084,20294700
2020-01-03,36.03824234008789,36.313369571095556,35.946535595344045,36.154406315796265,16197600
2020-01-06,35.96487808227539,36.099384108249374,35.69586603032742,35.88845229566939,19336500
2020-01-07,35.631656646728516,35.92512231656012,35.521607895138345,35.845642468279074,20540700
2020-01-08,35.50938034057617,35.683624485392706,35.36264750852365,35.552176104696485,17627400
2020-01-09,35.87621307373047,35.879270663883794,35.48492549539041,35.50632512807678,16691100
2020-01-10,35.57663345336914,35.87010264577029,35.454357830056765,35.8395337399422,18164400
2020-01-13,35.423797607421875,35.62861072602935,35.26789544980596,35.57664217402808,18337800
2020-01-14,35.5155029296875,35.52467570235044,35.19452585423925,35.29846295409285,19757400
2020-01-15,35.2403678894043,35.42072721150845,35.00804003408596,35.04166652626063,22362600
2020-01-16,35.42990493774414,35.43907770964618,35.24037629908487,35.30762929948331,16108200
2020-01-17,35.142555236816406,35.55218493196854,35.04473332449314,35.47576265621209,30135000
2020-01-21,35.33513641357422,35.365705319501764,35.00804422240765,35.029443855911744,22061100
2020-01-22,35.49103927612305,35.62248766043724,35.20980046568493,35.222027327429174,14778300
2020-01-23,35.40239334106445,35.555241386078784,35.16701133990405,35.5246724767534,12915300
2020-01-24,34.96218490600586,35.46963635438551,34.89493192507027,35.46046708352449,13150200
2020-01-27,35.41767501831055,35.530781373299746,34.44557118380006,34.60147330881131,21055200
2020-01-28,35.643890380859375,35.7355970994678,35.44518899215404,35.45435826466005,15810600
2020-01-29,35.426856994628906,35.80286024496475,35.426856994628906,35.63167012362073,11326500
2020-01-30,35.63777160644531,35.680567371136185,35.25565332066999,35.34124834843844,13744500
2020-01-31,34.998878479003906,35.5399565646085,34.81851911713571,35.39933538509819,23327400
2020-02-03,34.93162155151367,35.273998191663935,34.879653012686155,35.12420775565063,13041300
2020-02-04,35.23732376098633,35.533847124028554,35.12115978894979,35.228154486157,15696600
2020-02-05,35.70808410644531,35.750879873441825,35.10892237817271,35.338192662312615,17048700
2020-02-06,35.555233001708984,35.83647179892525,35.47881074641686,35.71419269207125,16058700
2020-02-07,35.59803009033203,35.69279439009972,35.387101859163494,35.49409651894255,11068800
2020-02-10,35.231204986572266,35.760052688863354,35.17006367259293,35.38404952555246,18434700
2020-02-11,35.27706527709961,35.30763419089975,34.98359950655278,35.286234551884476,17390400
2020-02-12,35.41461944580078,35.58886360736201,35.28011346223008,35.3076247776379,14206800
2020-02-13,35.90066146850586,35.93123036574835,35.33207228334635,35.41460970525547,15999600
2020-02-14,36.03824234008789,36.24611655892818,35.815087162178365,35.97098932792051,24391800
2020-02-18,36.57013702392578,36.66795891294067,35.876211030883894,36.21553355084349,34539600
2020-02-19,35.97405242919922,36.664921206931,35.97405242919922,36.530415161994085,21563400
2020-02-20,35.97710037231445,36.105491199544055,35.723376308672655,35.8303674985681,15068700
2020-02-21,36.249168395996094,36.3011334440693,35.86093484207634,35.900676524189684,18726300
2020-02-24,35.55830001831055,36.212484492521746,35.4451936511384,35.90678839353822,19848000
2020-02-25,34.96830749511719,35.787566802165045,34.86437041194089,35.56746577261147,23292900
2020-02-26,34.78182601928711,35.20674004157891,34.742084348834,35.06306480708606,20019900
2020-02-27,33.74858474731445,34.87048243097593,33.733300295102296,34.408884277717654,28476900
2020-02-28,32.91710662841797,33.17388828651105,31.90526095357359,32.92016421927864,52369200
2020-03-02,35.423797607421875,35.58275735604749,32.79788667215017,32.89265450151148,51222600
2020-03-03,34.51588439941406,35.92819053995982,34.341640199627676,35.484934314016996,33340800
2020-03-04,35.695858001708984,35.71725763695209,34.68707003057425,34.922455523086434,24625200
2020-03-05,35.43601989746094,35.84259198955618,34.821577122589446,34.971364078844985,25638300
2020-03-06,35.83647918701172,36.0443498632931,34.54644886205237,34.809349170907616,29411100
2020-03-09,35.81508255004883,36.87583915389326,34.460860202749814,34.794064131120834,59243400
2020-03-10,36.61905288696289,36.89111895908257,35.1303247203115,36.102432059458344,37797300
2020-03-11,34.980533599853516,36.386724290704976,34.4822513275553,35.922068515270745,31620000
2020-03-12,31.80743408203125,34.08179505222491,31.48034187864145,32.40964994743718,56323200
2020-03-13,34.87966537475586,35.02945586385798,31.75547523961569,33.08830168494338,42962100
2020-03-16,32.635860443115234,34.032881791055885,31.180758875361768,32.15897782874445,36753900
2020-03-17,36.457035064697266,36.46009265504394,33.76692929511239,34.47308223454778,52806000
2020-03-18,37.4719352722168,39.15324949945227,35.00193071889756,35.15477524058188,77355900
2020-03-19,36.676692962646484,38.994893138121334,36.11786858671869,38.21499731340195,57100500
2020-03-20,34.99407196044922,37.70221934031604,34.355412685890386,36.6920354568992,55423500
2020-03-23,35.08925247192383,36.09022290914657,34.45366437278547,35.05547719102534,39366000
2020-03-24,35.31954574584961,36.038033147723006,34.17733167074122,35.577463579575046,42705000
2020-03-25,33.59087371826172,35.003286567377145,33.176360411400985,34.687028006300665,53287500
2020-03-26,33.71983337402344,34.0422341814978,32.807907592752805,33.59087445658047,58250700
2020-03-27,33.64613723754883,34.47516018727719,33.34523081537505,33.8088714111681,36160500
2020-03-30,35.36866760253906,35.555963709198366,34.063719525052804,34.34620275852337,29212500
2020-03-31,34.88660430908203,35.67571329755812,34.58569786957915,35.098465858898074,26258400
2020-04-01,35.04627227783203,35.473066556474265,34.327784876691446,34.43524946934512,28269600
2020-04-02,36.43104934692383,36.5722927318045,34.49358759495926,34.75150540892686,29515500
2020-04-03,36.68589782714844,36.81792784738702,35.93363171540159,35.98890132173396,28625100
2020-04-06,38.7093391418457,38.80759389212262,36.520098071454605,36.5569444812752,47768700
2020-04-07,37.45658874511719,38.83829746742127,37.34912063709781,38.067611562125485,41369700
2020-04-08,37.41053009033203,38.01541062903463,37.02672096524929,37.9785642221424,27876600
2020-04-09,37.398250579833984,37.72679365208641,36.127080998000025,36.29902506322562,32828700
2020-04-13,38.47291564941406,38.586522495251664,37.20481362472873,37.235517797780254,24194100
2020-04-14,39.60898208618164,39.8515478304833,38.70012393262918,39.02559585199789,34098900
2020-04-15,39.5352897644043,39.87918137823577,39.03173506547494,39.6089825814445,22435200
2020-04-16,40.631439208984375,40.8125965807176,39.378689688262014,39.60897442328109,31882200
2020-04-17,40.56696319580078,40.82795211571699,39.83312028962714,40.37045372603486,30915300
2020-04-20,39.869964599609375,40.953837745709414,39.84233155495818,40.64986371294729,24401700
2020-04-21,39.6734619140625,40.23228622400626,39.3510646251976,39.93752198451067,27900600
2020-04-22,40.40423583984375,40.64680159873427,39.57828029781523,39.91602968836148,19448100
2020-04-23,39.464664459228516,40.25070229185412,39.21902763653301,39.86996433820952,28839900
2020-04-24,39.74407958984375,39.88224833657711,39.47387730737869,39.716446543270386,17343600
2020-04-27,39.39405059814453,40.01121565351693,39.35413306921252,39.91602851080222,17923800
2020-04-28,39.301937103271484,39.98972032615936,39.20982108261076,39.38790737073229,20732100
2020-04-29,37.950931549072266,38.61414931035486,37.62853075637829,38.55581209375444,44612100
2020-04-30,37.32148361206055,37.901802197502576,37.1648916602005,37.79126649537392,40497900
2020-05-01,37.74214172363281,37.97856876328325,37.08506261557631,37.29999532965839,31143900
2020-05-04,37.981624603271484,38.1965572308866,37.370601998217055,38.0246097232482,17807700
2020-05-05,38.297889709472656,38.4606238892961,37.846530059004046,38.01233535804424,19337400
2020-05-06,37.85881042480469,38.53124496800842,37.72064168702831,38.44527120062777,17309100
2020-05-07,37.59051513671875,38.235064979250865,37.47023930629033,38.07469602890499,27345600
2020-05-08,37.91432189941406,37.93591076897429,37.50723918212045,37.855728076880325,20830800
2020-05-11,38.13945007324219,38.336827467550535,37.93591048080309,37.945160836645414,25341900
2020-05-12,38.17338180541992,38.75316853580624,38.17338180541992,38.38925995596772,19100100
2020-05-13,38.151798248291016,38.93204354997765,37.96059006233839,38.08703515302493,29175300
2020-05-14,38.06236267089844,38.58972133469462,37.40856244234497,38.50337289157087,22233000
2020-05-15,38.83952331542969,38.83952331542969,37.960591033766846,38.077782239943495,31770000
2020-05-18,39.36996841430664,39.647525060903234,38.88886857985456,39.320624932037816,38633700
2020-05-19,38.534202575683594,40.70531516056339,38.49102483549818,40.63130172346772,74746200
2020-05-20,38.68839645385742,39.03996996522699,38.43550987241725,39.00913074078943,32246400
2020-05-21,38.54653549194336,38.90119010392094,38.31832240660288,38.5156962673647,22448100
2020-05-22,38.34299087524414,38.65755589469851,38.17029051849201,38.58045783626657,22359600
2020-05-26,38.19805145263672,38.70690578137779,38.12711910951437,38.34608186698546,23730600
2020-05-27,37.772464752197266,38.39234101428648,37.32528887688987,38.23197561313405,31073700
2020-05-28,38.14562225341797,38.534204285714715,37.98217222953329,38.1548761392926,24424800
2020-05-29,38.259727478027344,38.460185979799306,37.60284277668573,38.31524020337632,29311200
2020-06-01,38.228904724121094,38.3676848326315,37.73546982836708,38.068539265332234,20550300
2020-06-02,38.22271728515625,38.28748036383892,37.874231923350976,38.11477999712616,19187700
2020-06-03,38.077781677246094,38.23815063188454,37.82797965166555,38.21039249838179,20262900
2020-06-04,37.658355712890625,38.207299595125626,37.5689191319926,37.871149200601636,24015000
2020-06-05,37.488746643066406,37.83415101723219,36.97989220527994,37.80022715275814,39337200
2020-06-08,37.390052795410156,37.390052795410156,36.8411053354628,36.87811382249826,28344300
2020-06-09,37.423980712890625,37.62443925519824,37.18034795057441,37.50107879480741,20746200
2020-06-10,37.365386962890625,37.77863907473668,37.35613660389507,37.4887474352186,28141500
2020-06-11,37.035404205322266,37.80331462854632,36.84728415118729,37.31296440076317,34162800
2020-06-12,36.3106575012207,37.238933011919,36.10094865022882,37.16491604726121,32359200
2020-06-15,36.415523529052734,36.60056246136247,36.08553878600793,36.51421048904139,32703300
2020-06-16,36.89970016479492,37.07857334720258,36.55738047375539,36.94596253950388,25167600
2020-06-17,36.70849609375,37.04773116115074,36.514206822529836,36.96446735576244,20166900
2020-06-18,36.387760162353516,36.717744825938524,36.28598859762339,36.55737590758049,20070000
2020-06-19,36.96138381958008,37.100160361987214,36.31374936704195,36.66532296058959,40078800
2020-06-22,37.52574920654297,37.65219075633267,37.1309978834137,37.30678643675278,27338400
2020-06-23,37.33763122558594,37.886578781567316,37.30370736142265,37.85573954675054,19727700
2020-06-24,37.10016632080078,37.35305300196879,36.878122405556425,37.235861785297,20614800
2020-06-25,36.91819381713867,37.0569738428028,36.508026525479856,36.93361342784328,20569800
2020-06-26,36.48952865600586,37.266689170868254,36.397010975629286,36.88427993518644,26991600
2020-06-29,36.717750549316406,36.90895519456013,36.45869465435306,36.545046619340845,16511400
2020-06-30,36.939788818359375,37.04772611121652,36.55737605659792,36.767088443923285,20509200
2020-07-01,36.91204071044922,36.98296953221148,36.59439097441557,36.83802373030303,19733700
2020-07-02,36.764015197753906,37.27903538132088,36.65607434215441,37.03540259284034,17695800
2020-07-06,36.665321350097656,36.96755145387169,36.45869356609183,36.94596258093821,21695100
2020-07-07,39.1510124206543,39.33605139368811,36.45870577452063,36.52963814553731,93458100
2020-07-08,38.376922607421875,39.51490712430943,38.36458762140438,39.47481753742168,52217100
2020-07-09,39.3977165222168,39.53032732952523,38.534207489594976,38.73774711455598,42771600
2020-07-10,40.30131530761719,40.51410878282486,39.24659475799386,39.703024462623475,44236800
2020-07-13,39.94358825683594,41.2110992512575,39.74929894595205,40.5017897409178,42338400
2020-07-14,40.711490631103516,40.86260568616987,39.792465314194025,39.86956692086847,26455800
2020-07-15,40.70840072631836,41.36528543645545,40.338322944349784,40.791668050795124,31731300
2020-07-16,40.770084381103516,40.93353442234879,40.474023529490516,40.72382553478719,17676600
2020-07-17,40.62822341918945,41.13091206128396,40.544956083668396,41.13091206128396,18189600
2020-07-20,40.544952392578125,40.93661553210621,40.44318082183695,40.69606743434623,18342600
2020-07-21,40.81017303466797,41.32211197574726,40.5387821857146,40.57270604183377,21712500
2020-07-22,40.91193771362305,41.026044247902455,40.458592675278304,40.88417959008503,16164600
2020-07-23,40.59738540649414,41.06306204426976,40.495613823433786,41.01680319633066,16796400
2020-07-24,40.474021911621094,40.83176121068927,40.24889341761978,40.38458885151585,13037400
2020-07-27,40.464778900146484,40.70224242324845,40.356838047471214,40.356838047471214,14045700
2020-07-28,40.634395599365234,40.82560380318706,40.37534319409138,40.55421288008163,14414100
2020-07-29,40.30439376831055,40.665221146292986,40.04534147272372,40.57269994835281,14223300
2020-07-30,40.12861251831055,40.22113019553236,39.69685629929577,39.91273440880315,13788300
2020-07-31,39.90656661987305,40.11936363809256,39.357622734580545,39.98366821638387,21631500
2020-08-03,39.875732421875,40.12861905519519,39.55808622740884,40.063855964725484,14971500
2020-08-04,40.59738540649414,40.6189707512714,39.76471202629479,39.983674808395186,18219600
2020-08-05,40.03300857543945,40.32290010900411,39.730778528624626,40.23038243556594,25483500
2020-08-06,39.89115905761719,40.162546429687154,39.792468569481514,39.82330780294465,14496300
2020-08-07,40.082359313964844,40.233474364794155,39.817137700126395,39.962083493211125,16558500
2020-08-10,40.67139434814453,40.81325903461806,39.9836703754549,40.16562464730142,17683200
2020-08-11,40.153289794921875,40.97670919937853,40.00834047924888,40.89035724158523,25360200
2020-08-12,40.67447280883789,40.779328993432905,39.80787932443385,40.2365508889209,19094400
2020-08-13,40.82931900024414,40.86338232927183,40.48249463258363,40.63113364729528,19867200
2020-08-14,41.061561584472656,41.17613725314183,40.76118628904724,40.98104923977268,20106300
2020-08-17,41.990562438964844,42.15468446299873,41.44865002859194,41.60348012079354,39465000
2020-08-18,41.71495056152344,42.61917372086044,41.23806758934781,42.167062141191934,80232600
2020-08-19,41.002723693847656,41.69946964260792,40.82931330611834,41.56012257915577,38155200
2020-08-20,40.43294906616211,40.897446438981895,40.27192080594209,40.631134422894085,26810700
2020-08-21,40.76118087768555,41.08323021373092,40.28739525899729,40.426742302690236,24864000
2020-08-24,40.66828918457031,41.024401895544145,40.358621951564224,40.95317793581609,19813800
2020-08-25,40.45152282714844,40.64041978163003,40.15424481421028,40.50416647307501,21722400
2020-08-26,40.47319793701172,40.528938889905426,40.163534245435336,40.32146162955099,18814800
2020-08-27,42.30950927734375,43.151800466717766,40.535129708920834,40.59087066146025,119018700
2020-08-28,43.44597244262695,43.684415668457035,42.68419729641116,43.66273804506362,64050900
2020-08-31,42.99696350097656,43.0093491970762,41.96887630421497,42.572724172942245,45236400
2020-09-01,45.703433990478516,46.322764854569705,43.36856198404235,43.72467466161596,106798200
2020-09-02,45.73130416870117,46.86158134884015,45.09029920207289,46.8368099562698,51666000
2020-09-03,44.75895690917969,46.32586262894479,43.91357202541697,45.42783410735077,48015000
2020-09-04,44.22944641113281,44.91380686442822,43.38406121959173,44.59794846627912,33982200
2020-09-08,42.87310028076172,43.94144189644919,42.81426202144386,43.789705598839554,33966900
2020-09-09,43.31900405883789,44.16129139868932,43.18275080908042,43.380936065516046,33669000
2020-09-10,42.3652458190918,43.52029788804193,42.29711917658092,43.37165890724534,33709200
2020-09-11,42.3311882019043,42.870006794792516,41.97507547952031,42.43957280007913,28879800
2020-09-14,42.5231819152832,43.693713588823236,42.07726137468072,42.157777266618154,45733800
2020-09-15,42.53556823730469,43.0681922105602,42.32499720502925,42.804977534257574,30427800
2020-09-16,42.194923400878906,42.94431282144468,42.1298940772271,42.86070318477345,27860400
2020-09-17,42.328094482421875,42.600601112302925,41.81095701789807,41.937918401092496,37245000
2020-09-18,41.89455795288086,42.5882065376758,41.72733865463868,42.25067063125495,54709200
2020-09-21,42.445762634277344,42.498406276663964,41.89456190391515,42.26925493341228,47275500
2020-09-22,42.82973861694336,43.040313142351444,42.29092369660305,42.445753737247266,33102000
2020-09-23,42.111324310302734,43.11773388334603,42.05868067196619,43.04341261891021,23133300
2020-09-24,42.3311882019043,42.66872415003925,41.82643647869482,42.03081288993405,29453100
2020-09-25,42.50770568847656,42.59131536019765,42.10204302913217,42.27545699412176,22618800
2020-09-28,42.50150680541992,42.749238484970085,42.33738478920753,42.47363809891849,21197100
2020-09-29,42.46743392944336,42.777097573296665,42.235185310595206,42.501497249212164,27702900
2020-09-30,43.3252067565918,43.89189398369205,42.486016500700785,42.54485121406296,34826400
2020-10-01,44.30685043334961,44.709415722528234,43.43359674719033,43.60081606596196,43290900
2020-10-02,43.50791549682617,44.313046094081116,43.39333981925016,44.07770011815018,24585000
2020-10-05,43.91047668457031,44.03124697161876,43.68442266097084,43.752549307827245,14259000
2020-10-06,43.54816436767578,44.26349053371136,43.430491404236356,43.9321492677677,21475500
2020-10-07,43.628684997558594,43.8330649535253,43.43049966225755,43.74326067303993,16949100
2020-10-08,43.774227142333984,44.000284729139786,43.6999094127426,43.82067616630776,14676900
2020-10-09,44.213951110839844,44.38736150140708,43.836160771264915,43.86712678587216,14494800
2020-10-12,44.669151306152344,45.02217021063121,44.28826370052584,44.28826370052584,18402300
2020-10-13,45.282291412353516,45.39687062428062,44.70321845161727,44.802311112878726,23800200
2020-10-14,44.57315444946289,45.375187574097794,44.517413505227864,45.334929634844826,19710900
2020-10-15,44.75586700439453,44.889023004068235,44.232534937118906,44.309949979777976,13692600
2020-10-16,44.811614990234375,45.25753208479425,44.73729370255737,45.02528337655469,16935000
2020-10-19,44.26658630371094,45.0159757631977,44.204650742485335,44.93236612218404,14643300
2020-10-20,44.56077575683594,45.0655274687036,44.47406878901105,44.62580509674629,14523000
2020-10-21,44.71560287475586,45.12746005873711,44.542192494403814,44.542192494403814,13114200
2020-10-22,44.4523811340332,44.76514560970286,44.18606921396404,44.650566419309555,13344000
2020-10-23,44.5452880859375,44.63508881077751,44.23562442621984,44.58244871737682,10540500
2020-10-26,44.02195358276367,44.319235097302425,43.644163271304166,44.232528136555,16111800
2020-10-27,44.2418212890625,44.49884488899812,43.9631236044797,43.98789499945743,11831100
2020-10-28,43.365474700927734,44.0126744163623,43.31592836209782,43.65036703515816,16849200
2020-10-29,43.328304290771484,43.696806210173705,42.95051398536033,43.353079226516805,15153900
2020-10-30,42.965999603271484,43.38095056561004,42.53866294422376,43.09915558843609,18601800
2020-11-02,43.47693634033203,43.60390122109259,43.05269708486527,43.53577458844847,16575600
2020-11-03,44.213951110839844,44.641287782553015,43.839254537659066,43.86402947564479,15413100
2020-11-04,43.96003341674805,44.712520476492884,43.76804267114678,43.83926310112221,17927400
2020-11-05,44.427616119384766,44.662962065373975,44.26349412795799,44.59173811081155,14202600
2020-11-06,45.13983917236328,45.27918975339888,44.452381739797474,44.703210659362064,16198500
2020-11-09,44.44929504394531,45.892333230488894,44.430714727263094,45.83039766027049,28198500
2020-11-10,45.07481384277344,45.34731686598704,44.44619460524536,44.51432124700696,18199200
2020-11-11,45.8242073059082,46.12767636627751,45.334935075789346,45.495959764461475,18805800
2020-11-12,45.901615142822266,46.05025411148249,45.551693572966066,45.979030164885124,12564300
2020-11-13,46.6169548034668,46.74081887468158,45.681765472927424,46.1214914309405,19738200
2020-11-16,47.20531463623047,47.50259264971315,46.226773622558284,46.61385591970766,34560300
2020-11-17,46.254642486572266,47.453046384099814,46.1958042239715,46.60456412046145,42711600
2020-11-18,46.16793441772461,46.966870330340036,46.155548720990204,46.40637768498573,24936900
2020-11-19,47.10622787475586,47.20841431765803,46.239165186634146,46.282516903506774,18590700
2020-11-20,46.52405548095703,47.304407613524056,46.390899481733264,46.81204156497577,21937200
2020-11-23,46.73772430419922,46.88326600290708,46.25464663833538,46.5643103548805,18557100
2020-11-24,46.870872497558594,47.06286319019361,46.53333658662544,46.988545469888514,17155200
2020-11-25,47.01642608642578,47.18983650697012,46.82443180130469,46.836821044355865,13833300
2020-11-27,46.9451904296875,47.292014728286375,46.79036036842288,47.115507040911524,10999500
2020-11-30,47.313697814941406,47.36324414903089,46.48069852263487,46.94519584770295,32695500
2020-12-01,47.267242431640625,47.583100711943175,46.96376984723568,47.564520396180335,22935300
2020-12-02,46.610755920410156,47.2610528663271,46.304189537118305,47.06906215596587,23547000
2020-12-03,46.23295974731445,46.53643232591375,45.95116479399591,46.53643232591375,25725900
2020-12-04,46.1121940612793,46.29799369002367,45.70034040292639,46.29799369002367,20889300
2020-12-07,45.86446762084961,46.13697424651397,45.57028690911363,45.97285222654195,18479100
2020-12-08,46.279415130615234,46.403282735760776,45.5764780774683,45.6322154875255,20716500
2020-12-09,45.91400909423828,46.449730357215905,45.79633611324224,46.449730357215905,20139600
2020-12-10,45.69955825805664,46.04454169269637,45.55348457565462,45.920224875941265,20652300
2020-12-11,45.68712615966797,45.84563080847444,45.357682335257,45.66226066285875,16860900
2020-12-14,45.26756286621094,45.91091465581001,45.189864835230225,45.904697390616406,25088100
2020-12-15,45.24580383300781,45.488223793100985,45.022028552563214,45.22715559657181,31871400
2020-12-16,45.199180603027344,45.65294486289821,45.09040337547355,45.45092645493952,25650900
2020-12-17,45.40741729736328,45.51308589515088,45.11215770235363,45.39498632529194,30679500
2020-12-18,45.360801696777344,45.743081680145416,45.11526952945289,45.56903383167145,41384100
2020-12-21,45.367008209228516,45.5845662069204,45.084183167907774,45.22093451904904,25553100
2020-12-22,44.816898345947266,45.44781548089561,44.487454491329856,45.11215436230913,37599000
2020-12-23,44.51232147216797,44.82311710201126,44.226387785454236,44.611776358260805,20430600
2020-12-24,44.59933853149414,44.87594985827388,44.499883652756644,44.611773058926595,9054600
2020-12-28,45.1339111328125,45.1587766318484,44.54650773333055,44.767170808739934,19344900
2020-12-29,44.84797668457031,45.329715042812715,44.62731361295768,45.26444444276172,17938200
2020-12-30,44.810691833496094,45.11216160544335,44.73609888103939,45.028246312323425,18751200
2020-12-31,44.80136489868164,44.8386613740464,44.39733160485557,44.816904503952344,17814000
2021-01-04,45.541053771972656,45.65293961881903,44.84176100480568,44.84797471159401,32182200
2021-01-05,45.29862976074219,45.708883789052635,44.90702752294065,45.56281010781493,26498100
2021-01-06,45.581459045410156,46.02900958299876,45.068645018874456,45.093510518423706,21918900
2021-01-07,45.57836151123047,45.923348616155295,45.38877759194986,45.87983842733387,20538000
2021-01-08,45.57212829589844,45.68712276272221,45.31727386729047,45.64982629867489,24478200
2021-01-11,45.77727508544922,45.99483314408188,45.37634681554565,45.37634681554565,26264400
2021-01-12,46.29939270019531,46.59775730634275,46.097374331218816,46.30871859482992,23373300
2021-01-13,45.826988220214844,46.33047631808724,45.820770956532506,46.231021439891826,16069500
2021-01-14,45.67780685424805,45.997924804815526,45.38876455237847,45.9419836576574,23017200
2021-01-15,44.95363998413086,45.34524216666197,44.652166768950686,45.10903953869005,35920500
2021-01-19,44.56515121459961,45.087291112457116,44.34137951322287,44.95364839529512,24123600
2021-01-20,45.22404861450195,45.27066742889927,44.4097612299511,44.62731925392614,23775600
2021-01-21,45.018917083740234,45.292419791851756,44.82000731667265,45.17742530506501,14325900
2021-01-22,45.47888946533203,45.79279365622217,45.10282331711157,45.25200561248867,19219500
2021-01-25,45.43849182128906,45.45403142397299,44.83865391004299,45.177423650769384,19031100
2021-01-26,45.84564208984375,45.9388832798389,45.21161978181533,45.26134367409579,15031500
2021-01-27,44.70501708984375,45.95442051708834,44.61488453695809,45.67470407509366,29910300
2021-01-28,44.67704391479492,45.45714340878697,44.639747442887675,44.89770700054026,22301700
2021-01-29,43.66385269165039,44.67704993644215,43.62033894963131,44.499893449398954,32509200
2021-02-01,43.28466796875,43.97463840863256,43.25980602761591,43.79437688665589,25945200
2021-02-02,43.7508659362793,44.179764680802336,43.337506795149864,43.436961679583824,27002400
2021-02-03,43.88450241088867,44.14867918775144,43.70734953471123,43.716671872705106,14966700
2021-02-04,44.29787063598633,44.49988904982076,43.90315970502288,44.06788164561058,17346300
2021-02-05,44.86661911010742,45.018910043600606,44.297860472346066,44.586902738509586,20451600
2021-02-08,45.074859619140625,45.2457988034795,44.897703171085055,45.00648394540507,15825300
2021-02-09,45.32349395751953,45.475784897890584,44.93499680582956,44.93499680582956,15906900
2021-02-10,44.795143127441406,45.34525363497342,44.61177651505137,45.32350032385542,18576900
2021-02-11,44.760955810546875,45.049994553984384,44.66460600594731,44.79824872284435,12791400
2021-02-12,44.900814056396484,44.94432779102314,44.6521768470556,44.80446780467449,13423500
2021-02-16,45.27067565917969,45.49755606456639,45.043795253792986,45.357699595948304,27891000
2021-02-17,45.749290466308594,45.842531645383936,44.91014119535434,44.956760006498364,25571100
2021-02-18,42.78428268432617,43.72910753320816,42.73455524790011,43.20075040899279,96927300
2021-02-19,42.99562454223633,43.33128205167273,42.78738891320343,42.827794009124815,36606000
2021-02-22,42.79360580444336,42.995624168722095,42.3460589056295,42.80914540501968,32106600
2021-02-23,42.103633880615234,42.70036305685083,41.97620844926902,42.613342719572984,31300200
2021-02-24,41.4012336730957,42.318084324391975,41.351506240428556,42.22795535337521,46565700
2021-02-25,41.00963592529297,41.64987535657082,40.86356224287776,41.36705388707003,33324600
2021-02-26,40.378726959228516,40.96613399567507,40.36007872160302,40.86357046712863,42470700
2021-03-01,40.829376220703125,41.20233024435706,40.75478328190008,40.89464326376224,34634400
2021-03-02,40.437767028808594,41.25827150319042,40.40668782583162,40.872882984059764,29230800
2021-03-03,39.65457534790039,40.381842512792836,39.642144372948685,40.24819975089435,41837400
2021-03-04,39.63592529296875,40.27305985752657,39.24743155679435,39.73848883439959,45348000
2021-03-05,40.13008499145508,40.32588612827558,39.393495697564,39.41836119706468,34073700
2021-03-08,39.744693756103516,40.35385399312245,39.72293689009988,40.19534933780349,40988400
2021-03-09,40.05859375,40.36628068936302,39.8814408792629,40.030623180090615,31988700
2021-03-10,41.08111572265625,41.351506192177595,39.92805887833985,40.04927060682037,44929200
2021-03-11,41.065582275390625,41.48826733090484,40.879107026604466,41.44786578304945,35489700
2021-03-12,41.68407440185547,41.80839124144438,41.05004856094677,41.186796373137064,28437600
2021-03-15,41.469600677490234,41.879854578910525,41.280016880730074,41.87674594812053,25071900
2021-03-16,41.45718765258789,41.7337954472468,41.28003474553526,41.28003474553526,19881000
2021-03-17,41.112205505371094,41.37949096904044,41.01896432223792,41.180581187406275,24156300
2021-03-18,40.57539749145508,41.1808614650779,40.55043174596415,40.934307763077214,29815500
2021-03-19,41.11532211303711,41.352514554509646,40.54106710438121,40.61284987337256,57703500
2021-03-22,41.31193542480469,41.33690473883048,40.88124600968316,40.884367620391004,24654000
2021-03-23,41.80192184448242,41.91427482075468,41.080983401098415,41.10594914176482,29154900
2021-03-24,41.54288101196289,41.95484787038843,41.52415492097658,41.95484787038843,23547300
2021-03-25,41.82377243041992,41.98606405634916,41.46798735536732,41.58970161026766,28125900
2021-03-26,42.173309326171875,42.19515702693644,41.63962824988558,41.820645933415065,28653600
2021-03-29,42.65394973754883,42.760059518663546,42.007915502190905,42.13275137918177,30146400
2021-03-30,42.363704681396484,42.941081382895874,42.27943902767206,42.54784047496926,27230100
2021-03-31,42.39179229736328,42.713246829351284,42.120269259755325,42.30440503892291,24546000
2021-04-01,42.32624816894531,42.722607042913275,42.235739308985124,42.42611471854268,25595100
2021-04-05,43.51533126831055,43.743162471791415,42.50726864463492,42.669556722889226,40043100
2021-04-06,43.72441864013672,43.98969835832923,43.23130781087193,43.41544352284941,31044600
2021-04-07,43.63079833984375,43.927290657042015,43.58398489132945,43.78684673986193,20361600
2021-04-08,43.602718353271484,44.04277270127032,43.587113867796454,43.833667595612084,19095600
2021-04-09,43.624568939208984,43.72131746986354,43.29062792772271,43.57775190805792,20676600
2021-04-12,43.63079833984375,43.81181248374802,43.487236383405794,43.715063975824364,18723000
2021-04-13,43.496604919433594,43.693223562916266,43.3405565061293,43.630802054612055,17397900
2021-04-14,43.48100280761719,43.52469822656718,43.200118482581686,43.41858486241774,21924600
2021-04-15,43.7431526184082,43.83990112128061,43.44354227759475,43.505960205688304,21710400
2021-04-16,43.88359451293945,43.99282946261416,43.60271025491998,43.97098175835179,26488500
2021-04-19,43.602718353271484,43.87111978940726,43.57150938232143,43.78373252776445,19281000
2021-04-20,43.93976974487305,44.24562329677906,43.324944602071675,43.5121983800025,24452100
2021-04-21,44.067726135253906,44.223774518036365,43.85862465966399,43.93352545468655,17335200
2021-04-22,43.590232849121094,44.145761784771366,43.51220685481603,44.03028717056844,19705200
2021-04-23,43.662017822265625,43.79934016162709,43.39049832682768,43.41234603671829,22971000
2021-04-26,43.04094314575195,43.6932205393669,42.95667750842802,43.66512961250076,22846200
2021-04-27,43.1876220703125,43.36551458702408,42.92858196431253,43.06902586862583,16151400
2021-04-28,43.03470230102539,43.25316864794635,43.02846265042832,43.17826783931948,14286600
2021-04-29,43.57773971557617,43.69321788369229,43.03781891896769,43.03781891896769,19596000
2021-04-30,43.66512680053711,43.69009611485044,43.41545151558882,43.602708872209284,19680000
2021-05-03,44.354854583740234,44.54835515419611,43.593345887671845,43.593345887671845,27139500
2021-05-04,43.91792297363281,44.32676825505458,43.72442597034544,44.17384147585797,19084200
2021-05-05,43.88047409057617,44.06772787132795,43.77123914683404,43.91480109307112,18351000
2021-05-06,44.19379425048828,44.290922704205045,43.692482632275784,43.864809621556184,16302000
2021-05-07,43.92747116088867,44.40371897458059,43.65174798755895,44.37551773188606,23408400
2021-05-10,44.121726989746094,44.516512106908095,43.9619354895671,44.005798908956955,26307600
2021-05-11,43.72381591796875,44.13740070886844,43.33843237187093,44.13740070886844,26464200
2021-05-12,42.59272766113281,43.54522332821322,42.583329636951895,43.51075793011061,25998300
2021-05-13,43.31337356567383,43.54522977688351,42.536338643982496,42.683598282381716,21475200
2021-05-14,43.71441650390625,43.94000494116821,43.372896392397635,43.49195835093283,16091700
2021-05-17,43.517024993896484,43.990138989120986,43.47942930899563,43.86481286812386,19675800
2021-05-18,44.4632568359375,45.299820957316875,44.24393251952995,44.964568534679294,58183800
2021-05-19,44.46638107299805,45.030355715484895,44.021464795713015,44.08726171781437,34874700
2021-05-20,44.62303924560547,44.764034700770544,44.08413196891466,44.33478776702552,30540900
2021-05-21,44.41312789916992,44.829843045597606,44.36613059736186,44.65438573504798,22927500
2021-05-24,44.416255950927734,44.62304476892534,44.29092624352765,44.416255950927734,18945900
2021-05-25,44.59798812866211,44.69198273503325,44.20007260842746,44.428794968662544,21505200
2021-05-26,44.544708251953125,44.76716638242297,44.41624828222,44.61363904127232,19294200
2021-05-27,44.394317626953125,45.01782505477642,44.394317626953125,44.91442886416797,56577000
2021-05-28,44.500858306884766,44.632452186093616,44.37866245376328,44.46952677237449,21186300
2021-06-01,44.384925842285156,44.74210816920627,44.26273000114691,44.557249265192596,20767500
2021-06-02,44.28778839111328,44.4005825985344,43.89300328664456,44.30032028401269,23298000
2021-06-03,44.366127014160156,44.44445584418075,44.099805406426135,44.30033007981005,18374400
2021-06-04,44.44444274902344,44.582304317771204,44.256450026700385,44.32224694166401,13635900
2021-06-07,44.14679718017578,44.482049550642074,43.98700208413276,44.44445028267153,16630800
2021-06-08,43.81154251098633,44.14679486386245,43.805274771432245,44.024599042201395,20120700
2021-06-09,43.57656478881836,43.86795021846867,43.56089902117042,43.658027497720525,17085300
2021-06-10,43.827213287353516,43.92434174757158,43.57655746146959,43.57655746146959,16378500
2021-06-11,44.099796295166016,44.13112782070099,43.8209392637109,43.9368673424556,25232400
2021-06-14,44.0402717590332,44.15619985944431,43.87421249126422,44.15619985944431,15140700
2021-06-15,43.86480712890625,44.14992831966636,43.75827707146592,44.127994817096095,19327200
2021-06-16,42.97184753417969,43.87734233377261,42.91544863145529,43.81781314672764,28794900
2021-06-17,43.150428771972656,43.34782309334688,42.833976103848876,42.92484038420608,19341900
2021-06-18,42.35148239135742,42.73373213538133,42.11022455376158,42.436078969479986,44812800
2021-06-21,42.73685836791992,42.846518719987344,42.40787372605399,42.5050021835893,20775000
2021-06-22,42.934242248535156,43.150432633517894,42.683586469883934,42.683586469883934,19107000
2021-06-23,42.599002838134766,42.92172337152916,42.58960481231311,42.76819598823808,19390500
2021-06-24,42.89665222167969,43.00004842494806,42.64286610450225,42.66479602471272,23444100
2021-06-25,43.40423583984375,43.50763205314696,42.89979025542326,42.96558719376818,28640700
2021-06-28,43.269493103027344,43.438686196062875,42.79951308585375,43.25069347206084,15549000
2021-06-29,43.018856048583984,43.385440047758394,42.9969225386369,43.206848854373675,35962500
2021-06-30,44.18439483642578,44.673174545222864,43.4543573502256,43.72694665457341,45511200
2021-07-01,43.65176010131836,44.256468060034436,43.55463162400078,43.99328029293792,26348700
2021-07-02,43.89927673339844,44.203197586117845,43.6611528090344,43.6611528090344,26280600
2021-07-06,43.84601974487305,44.09980948038175,43.711291993393026,43.83348426238052,18279300
2021-07-07,43.77395248413086,44.237664910432144,43.66429211843251,43.78961825065919,25607400
2021-07-08,43.7363395690918,44.06845801870365,43.30709268016523,43.344691942371895,21267000
2021-07-09,43.95880126953125,44.12799437758624,43.84287318966591,43.993266665085535,15185400
2021-07-12,43.88047409057617,44.112330258949264,43.654882076206164,44.08099873194354,19515000
2021-07-13,44.04653549194336,44.234528248846615,43.84601084075685,43.861676605026815,18947700
2021-07-14,44.3504524230957,44.42878123753006,43.81154157419542,44.08726115240234,18812100
2021-07-15,44.384925842285156,44.69197700177314,44.206331093160664,44.4914523320406,17974800
2021-07-16,44.35358428955078,44.532175412660266,44.16245768816734,44.39744770652025,18095400
2021-07-19,44.25019073486328,44.798499615018294,43.79274256361001,44.30658604779172,27383100
2021-07-20,44.45071792602539,44.638710679806294,44.109197816417804,44.1687305881858,19020300
2021-07-21,44.23139572143555,44.66064269539093,44.087266382980665,44.64811080072729,18591900
2021-07-22,44.262733459472656,44.52905508316536,44.115473815944156,44.2188664435013,13013400
2021-07-23,44.62617111206055,44.71703540352443,44.18125843501032,44.34104993040499,15947400
2021-07-26,44.6888427734375,45.07422992975981,44.32225883862388,44.604249790631805,18517200
2021-07-27,44.69197463989258,44.80477244990394,44.478918085977355,44.80477244990394,15395700
2021-07-28,44.51024627685547,44.88309790748572,44.38492016712908,44.64184012633356,14071500
2021-07-29,44.566654205322266,44.757780864166946,44.49772339674432,44.69198034043547,11063100
2021-07-30,44.66378402709961,44.79224403660611,44.24080113697977,44.24080113697977,16332300
2021-08-02,44.56037902832031,44.76403754955811,44.38805203563239,44.75150565527088,19958400
2021-08-03,45.06168746948242,45.08675484194761,44.60424288221042,44.62930666901226,18915300
2021-08-04,44.754642486572266,45.09929290908924,44.72331095594925,44.923832034803766,15301500
2021-08-05,45.58494186401367,45.600607630376416,45.11496170180317,45.19016024887561,27005400
2021-08-06,45.50347137451172,45.89198876801382,45.41574094649574,45.81052607973592,19263600
2021-08-09,45.61314010620117,45.895127467812365,45.55674119961339,45.71653272311633,15811800
2021-08-10,46.58443069458008,46.669027259442,45.82306161082284,46.04865364567586,38262000
2021-08-11,47.00114822387695,47.493061873714865,46.73482662062843,46.84448698081032,41455800
2021-08-12,46.87535095214844,47.2369930131597,46.79673029630045,46.85648213869925,18269100
2021-08-13,47.023155212402344,47.28416601620759,46.906800521700696,46.97598137658789,15981300
2021-08-16,47.40681838989258,47.71500307422847,46.86906969308012,47.070332279048316,47791500
2021-08-17,47.39107894897461,47.95712888087341,46.8879226542073,47.29673489441968,50950200
2021-08-18,46.887939453125,47.979160283290646,46.86277982994365,47.34392568341354,28211700
2021-08-19,47.20555114746094,47.37851228985948,46.54201160044196,46.64578828588108,22630500
2021-08-20,47.62694549560547,47.711853366327944,47.09234224972395,47.32190624148614,19400400
2021-08-23,47.312477111816406,47.73387109400422,47.299895501259414,47.6521050208192,16166100
2021-08-24,46.825035095214844,47.328195092824345,46.76214144508557,47.328195092824345,18828900
2021-08-25,46.843902587890625,46.9445338648006,46.55144496372885,46.67094505491673,21921300
2021-08-26,46.337615966796875,46.62692826098736,46.12377175083968,46.375350005913525,23466900
2021-08-27,46.076595306396484,46.44452823003347,45.96967321279682,46.387921780682106,23088600
2021-08-30,46.447669982910156,46.54201045889077,45.919353960386665,46.045144860552625,16440600
2021-08-31,46.573463439941406,46.680381932150866,46.303016408652695,46.53887121041105,25078500
2021-09-01,46.472816467285156,46.51999029445374,46.092305640281644,46.40363562507721,19056600
2021-09-02,46.71812057495117,46.790450438053874,46.444528135265955,46.579751653836006,20018100
2021-09-03,46.935096740722656,47.06088402532696,46.51055745746714,46.60490151977836,17211900
2021-09-07,46.31244659423828,46.90994347470816,46.24640754110968,46.847049823892064,25345200
2021-09-08,46.3721923828125,46.64263938560535,46.14262841019645,46.21181286196749,19508400
2021-09-09,46.04514694213867,46.41937065839143,45.86275318768216,46.372196819410036,22328700
2021-09-10,45.87847900390625,46.303018384963266,45.73381927465633,46.290436774518,15775200
2021-09-13,45.617462158203125,46.27471091372448,45.485384046381576,46.07659374599216,19529400
2021-09-14,45.37846374511719,45.87533298411457,45.258963639506646,45.74954207336604,16533900
2021-09-15,45.457088470458984,45.519982132016445,45.218088237909726,45.30614152340562,14850000
2021-09-16,45.60802459716797,45.69607786177354,45.18663068676085,45.422485460504696,18428400
2021-09-17,45.51368713378906,45.96338612953418,45.290413936055245,45.328147970198366,73032600
2021-09-20,44.88788986206055,45.658347960300894,44.535680342897564,45.12688647949129,25054500
2021-09-21,44.9759407043457,45.466519161279514,44.86587680126529,44.87530941055717,17437500
2021-09-22,44.872161865234375,45.15833591706857,44.746374553434414,45.11745288141832,15044400
2021-09-23,44.89731216430664,45.167759147150704,44.796680896218525,45.03882645955594,15585300
2021-09-24,45.02311325073242,45.18664181064485,44.80927264021202,44.8124180430898,13360500
2021-09-27,44.73379898071289,45.14261136520814,44.60486266045837,44.92877076417532,21250800
2021-09-28,44.18345642089844,44.6771801470693,44.0230769142829,44.61742830817832,20580900
2021-09-29,44.16459274291992,44.60171368174193,44.12685871270818,44.23063179436346,21375600
2021-09-30,43.831260681152344,44.57027200092037,43.79038124068969,44.22749866639569,22457700
2021-10-01,43.09853744506836,43.909874984830715,42.74318252159025,43.79352027877172,30014400
2021-10-04,42.68342971801758,43.469614815657856,42.362667033115585,43.1111144975065,29970300
2021-10-05,42.96330261230469,43.30607583494889,42.73688046623235,42.75260387648729,20597400
2021-10-06,43.27778625488281,43.33124730391705,42.809222023165546,42.843814254960705,19376700
2021-10-07,43.787227630615234,44.246359191349754,43.63628071187684,43.64256791753776,21068100
2021-10-08,43.91930389404297,44.05452739467436,43.714895942031966,43.91930389404297,13847400
2021-10-11,43.87842559814453,44.27151813279636,43.85012417365698,43.87528379453598,13048200
2021-10-12,43.831260681152344,44.15516879629986,43.7337747859809,43.818682668614535,15789300
2021-10-13,43.51362991333008,44.02936425645928,43.43815466372884,43.86898474934362,17937900
2021-10-14,43.98534393310547,44.0482375816447,43.55451740221007,43.55451740221007,19783500
2021-10-15,44.19919204711914,44.37215320900387,44.01365287314979,44.22120626741146,20737200
2021-10-18,44.5545539855957,44.65833069904346,43.972780348045525,44.02624140638463,19887000
2021-10-19,45.50110626220703,45.79042209893713,45.17719819720948,45.482237446892185,33444300
2021-10-20,45.91306686401367,46.06715918756921,45.56399918456517,45.56399918456517,17453700
2021-10-21,46.16779327392578,46.20238190488285,45.85331780308088,46.095463411791236,13954500
2021-10-22,46.64894104003906,47.073480456988136,46.25899385702136,46.25899385702136,21195600
2021-10-25,47.18983459472656,47.33449073557957,46.54516376941792,46.787309403978284,19287900
2021-10-26,46.777870178222656,47.34392389034547,46.686675094934195,47.170962733958596,17418600
2021-10-27,46.39421081542969,46.86277500968334,46.3501859779644,46.8439061939529,14565600
2021-10-28,46.68352508544922,46.85019542011681,46.450815697379696,46.64893285758549,12598500
2021-10-29,46.98856735229492,47.20240793901685,46.4036484421933,46.513712338652624,22022700
2021-11-01,47.10491943359375,47.4068132800055,46.966550520940395,47.16466768286213,12549600
2021-11-02,47.082908630371094,47.227568358220495,46.94453970768342,47.16152929945752,13638900
2021-11-03,47.22755813598633,47.26215035917089,46.865912493498506,47.04516441322139,14209500
2021-11-04,47.573486328125,47.75273828386578,47.11750013016034,47.22756762563046,15149100
2021-11-05,47.243282318115234,47.799899701199806,47.051452386517546,47.799899701199806,15081900
2021-11-08,46.9413948059082,47.33133832758871,46.771579066337026,47.24014325191513,15373200
2021-11-09,47.10491943359375,47.130079053557324,46.81560359773452,47.02001156436179,15001800
2021-11-10,46.68037796020508,47.05145624603343,46.53572184829672,46.77157662998663,16803600
2021-11-11,46.699249267578125,46.85334159434077,46.60176338703193,46.78415713747352,13603200
2021-11-12,46.4665412902832,46.93196008825894,46.39735683130973,46.85648842319794,18313800
2021-11-15,46.19923782348633,46.683525418171605,46.0388546934682,46.58918134202609,28896000
2021-11-16,45.02311325073242,46.126915734990014,44.749524380970705,45.63005004607455,73986600
2021-11-17,44.63630294799805,45.510541239284834,44.59856891724673,45.01996285093324,33116100
2021-11-18,45.01996994018555,45.06084937965134,44.296682053442346,44.69920723570924,24394200
2021-11-19,44.77781677246094,45.28411856783207,44.636302462393104,45.16461847460683,28119300
2021-11-22,45.52941131591797,45.71180867888495,44.65517653015696,44.86272991631046,29126400
2021-11-23,45.85331726074219,45.90677830608502,45.04826697470982,45.36273884297655,29907900
2021-11-24,46.0828857421875,46.24641068496927,45.799857096557645,45.82816212043586,18089400
2021-11-26,45.56714630126953,46.504274689391316,45.41619937434672,46.05143390862288,21039600
2021-11-29,44.85329055786133,45.67721323937486,44.7275032530467,45.598592575007146,33039600
2021-11-30,44.22434997558594,44.81241430460196,44.029374600879834,44.49165161615151,64818900
2021-12-01,43.12683868408203,44.25265170455689,43.09539185543052,44.18661264461694,36621300
2021-12-02,42.60165786743164,43.53564429103415,42.52933161829326,43.28092072096074,39805800
2021-12-03,43.24319076538086,43.35954546387389,42.54506257442264,42.724310926401934,44142600
2021-12-06,43.71174621582031,43.82495908807397,43.11424942953253,43.258905523379426,32589300
2021-12-07,43.57024383544922,43.97276897218421,43.42558411514846,43.90043911203383,37739100
2021-12-08,43.12997817993164,43.55451750630275,42.77147790445622,43.41614860009908,34496400
2021-12-09,43.72989273071289,43.75199197568718,42.84897982533971,43.13945698418262,32351700
2021-12-10,44.5286979675293,44.61394769641053,43.436241824596145,43.679362358569975,38575500
2021-12-13,45.33068084716797,45.387515208987885,44.20664755794329,44.279268640266174,54039300
2021-12-14,45.76324462890625,45.870597225060614,44.88233184442774,45.24543366317414,46721400
2021-12-15,46.025306701660156,46.24632439874811,45.27700387561454,45.848491098650335,33489900
2021-12-16,45.258056640625,46.265266683259256,45.11597616590627,46.025304212160584,39069600
2021-12-17,43.80882263183594,45.45066703622532,43.69515750917757,45.07177847623196,78581100
2021-12-20,43.95090103149414,44.12455495334584,43.44571875941011,43.609902094500264,31017900
2021-12-21,44.08351516723633,44.15929070866449,43.57517477954478,43.85618131625389,24620400
2021-12-22,44.14033889770508,44.20033132125098,43.73935117195776,44.171912336056224,17028000
2021-12-23,44.042457580566406,44.25400466210651,43.8403846979092,44.14033595560071,17592600
2021-12-27,44.443458557128906,44.478193683395205,44.06773166286611,44.0772022512302,16040700
2021-12-28,45.08124542236328,45.14123423447748,44.39293504961024,44.39293504961024,15783000
2021-12-29,45.05914306640625,45.31805033070112,44.936003760865596,45.04335634655217,13045200
2021-12-30,45.204383850097656,45.37172887019492,44.986524214644874,45.23280283792105,14949000
2021-12-31,45.68430709838867,45.794817752000405,45.12544853702134,45.213856337241005,17947800
2022-01-03,45.67168045043945,45.715882545815866,45.153865893093545,45.466449467590635,20706600
2022-01-04,44.834964752197266,45.826388046580526,44.75918922388774,45.47907300289583,33930000
2022-01-05,45.44118881225586,46.082142685730574,45.068620032820704,45.10335154130135,35418000
2022-01-06,45.314903259277344,45.668530928500964,44.96127559005372,45.346476706646484,21828900
2022-01-07,45.74746322631836,45.89586348335863,45.13808631497641,45.308585816527476,19723500
2022-01-10,45.65904998779297,45.96847186986799,45.18859922462451,45.92111170955179,22731600
2022-01-11,45.52960205078125,45.66221558021112,45.20754784886429,45.532760117992545,21668700
2022-01-12,45.289634704589844,45.453821661942236,45.15071228223619,45.36541385619077,18946800
2022-01-13,45.93059539794922,45.99690035875888,45.18545049232697,45.286486967213065,24252600
2022-01-14,45.80112838745117,46.296840048271356,45.535908611053635,45.535908611053635,26867400
2022-01-18,44.9991569519043,45.68746737352136,44.87601763897986,45.595901502198316,21123900
2022-01-19,45.44750213623047,45.77903047971775,44.80970998236904,45.00546675381314,22674000
2022-01-20,44.58869934082031,45.611692679379715,44.54133917379102,44.94548504713292,22387200
2022-01-21,44.263484954833984,44.91706390050858,44.222440924051426,44.58869720085232,27508200
2022-01-24,44.26664733886719,44.37084187950188,43.35416101151385,43.909861614882914,28699200
2022-01-25,43.30363464355469,44.320315320636695,43.196282055783136,44.20033407940632,29479500
2022-01-26,42.861602783203125,43.82144917876753,42.6753165792823,43.36362702969606,26185500
2022-01-27,42.890018463134766,43.91301536514295,42.74162183500858,43.23101743047083,27759000
2022-01-28,43.42046356201172,43.436250284260765,42.29327569469352,42.940538533602755,25131900
2022-01-31,44.143497467041016,44.21611854408491,43.161548347071864,43.284687648722716,20193600
2022-02-01,44.49081802368164,44.56659356329233,43.88459925340055,43.95405865914831,20323200
2022-02-02,44.47187042236328,44.721303493937654,44.25085272467688,44.519230583292796,18149700
2022-02-03,44.51607131958008,44.831812943984275,44.13087029568946,44.28558304124478,20741100
2022-02-04,43.99195861816406,44.519243906347526,43.68253663948284,44.48451238860222,22036500
2022-02-07,43.559391021728516,44.22559867162095,43.44888034905064,44.222444217748084,20010300
2022-02-08,43.5688591003418,43.96353437333659,43.41730440255443,43.67305363257355,19458900
2022-02-09,43.47414016723633,43.82145167249506,43.40467714351476,43.729889405479625,21473700
2022-02-10,42.96580123901367,43.259436453032585,42.77004081631847,43.11419787964842,27810600
2022-02-11,42.72898483276367,43.313100643549646,42.36272501445493,43.19943554775988,23733300
2022-02-14,42.29327392578125,42.927908083017556,41.90175672635161,42.728993222989665,29363400
2022-02-15,42.425872802734375,42.83633107068186,42.242744711904265,42.542695957459586,21824400
2022-02-16,42.16065979003906,42.58690849340893,41.8985980474832,42.41325455846846,28490700
2022-02-17,43.8498649597168,44.03615477870708,42.23959767571287,42.30906069612309,53831400
2022-02-18,43.5688591003418,44.07404142629969,43.306797349591335,43.603590611085714,31103400
2022-02-22,43.08262634277344,43.64780116514698,42.92159742600133,43.49940090458755,25380900
2022-02-23,42.64058303833008,43.31626480206043,42.57427808868168,43.212070277370444,21030900
2022-02-24,42.47639846801758,42.627953150448,41.68073548192071,42.280638078202045,31717500
2022-02-25,43.060523986816406,43.18682139046519,42.33748191997429,42.564815801202315,24997800
2022-02-28,42.675315856933594,42.962638518682006,42.236438503714005,42.624797626443204,26286600
2022-03-01,42.937374114990234,43.53727664792784,42.63110671574801,42.89948454504623,24024900
2022-03-02,42.991058349609375,43.202605494220656,42.68163641413132,42.83319112130911,23863800
2022-03-03,43.97932815551758,44.35190063239199,43.11420192842365,43.347848340019546,29885100
2022-03-04,45.09387969970703,45.131769277004096,43.44256476712357,43.512027787718544,35576400
2022-03-07,44.73078918457031,45.34964039239283,44.34558802025521,44.61396596949155,45870000
2022-03-08,43.8056640625,44.980215694334156,43.75514582930334,44.67710629515419,28305600
2022-03-09,44.032997131347656,44.279272158772635,43.61621900491448,44.20349661700687,22122900
2022-03-10,45.03388595581055,45.150712751300475,43.89091144296341,44.04246613439091,27512700
2022-03-11,44.85707473754883,45.482238302250686,44.79708230530455,44.92969582429494,19162200
2022-03-14,45.482242584228516,45.7348337647901,44.83182164928839,44.841292237719145,22646400
2022-03-15,46.02846908569336,46.145292271966916,45.419092231519656,45.63379381529957,22872600
2022-03-16,45.8927001953125,46.39472444090877,45.3717311613269,45.905328849789086,24615900
2022-03-17,45.962425231933594,46.05434524354755,45.214398524422805,45.78492939797653,19023000
2022-03-18,46.098724365234375,46.139930768668755,45.67716762333882,46.016315185689855,31233300
2022-03-21,45.71520233154297,46.685101649707775,45.52185507323894,46.095552658241004,21350700
2022-03-22,45.578914642333984,45.949757796313975,45.3190059554514,45.835653047548874,20235000
2022-03-23,44.99252700805664,45.55671733215995,44.8562339417655,45.3697106511401,19625400
2022-03-24,45.27146911621094,45.613787039008955,44.970353979038556,45.13200572139321,13440900
2022-03-25,45.46797561645508,45.62011648746664,45.090791906866684,45.46797561645508,14085300
2022-03-28,46.27622604370117,46.295244105624455,45.4204313937755,45.4838225153035,20105700
2022-03-29,46.66608810424805,46.94184456622752,46.35546579932117,46.466403891362695,19934400
2022-03-30,47.50285720825195,47.60111415838269,46.60585627803078,46.63438155327547,24991500
2022-03-31,47.20174789428711,47.71522467492384,46.96719784703063,47.160545116971434,27163800
2022-04-01,47.864200592041016,47.94660978317922,47.17639815372714,47.436303227165,20939700
2022-04-04,47.87370300292969,48.55833503878476,47.56942129203319,47.83249660095815,25332600
2022-04-05,48.0099983215332,48.599543710513345,47.82298799061219,47.82298799061219,18657900
2022-04-06,49.12569046020508,49.26198352208711,47.702539012796784,47.8673573485022,28018500
2022-04-07,49.61697769165039,49.93393685945234,48.951360174675024,49.160555184179074,27088200
2022-04-08,49.89273452758789,50.20969369816899,49.512380621031625,49.7342531286355,23294400
2022-04-11,48.90382385253906,50.155816553483184,48.694628813053,49.75327788113047,24712800
2022-04-12,48.56784439086914,49.25564668687695,48.35230879844449,48.88797387100103,26761200
2022-04-13,49.832515716552734,50.013185474925315,48.60588166499347,48.63757722290905,29284500
2022-04-14,49.78813934326172,50.17165992127303,49.58211460321493,49.797646559073236,22360500
2022-04-18,49.40779113769531,50.07340876858313,49.19542943830224,49.68354758335693,14671800
2022-04-19,49.968807220458984,50.063897518539235,49.45850077395421,49.65818495893678,15855000
2022-04-20,50.59638595581055,50.82459903159863,50.171658986771334,50.19067704536399,19821600
2022-04-21,50.67246627807617,50.95772994784972,50.418898168574756,50.68831405821224,18168300
2022-04-22,49.718406677246094,50.82776924484733,49.65501556690425,50.792903408694556,21046200
2022-04-25,49.7437629699707,49.911755220483315,48.92283791309116,49.56309684984716,18057600
2022-04-26,49.22395706176758,50.12095449593641,49.192261500785214,49.56310464253307,19601100
2022-04-27,48.88798141479492,49.509222411158596,48.81824972734728,49.29686069446997,17496900
2022-04-28,49.512393951416016,49.756454863686706,48.84360959497176,49.20177163167599,14955900
2022-04-29,48.49177169799805,49.515554870461784,48.403021962378716,49.38560236184618,21088800
2022-05-02,48.171634674072266,49.12568602103503,47.6454805324128,49.116175179070844,20016000
2022-05-03,48.339630126953125,48.90065018068394,48.10825038889098,48.31427513276841,17950500
2022-05-04,49.0084228515625,49.071813970656834,48.0226757148836,48.18749407545859,20022600
2022-05-05,48.58850860595703,48.935252527411556,48.16223776511299,48.87480915626831,23234400
2022-05-06,47.5769157409668,48.97342974520361,47.16655022969585,48.260858259751714,34258200
2022-05-09,48.133609771728516,48.70302907894278,47.14109777951676,47.230170115332506,28207200
2022-05-10,47.45603561401367,48.44536597462853,47.258807359194385,48.17178894987292,24861300
2022-05-11,46.95977783203125,47.95546804992204,46.73391699391188,47.526015369134306,27878700
2022-05-12,46.91523742675781,47.7645973292116,46.609849678471264,47.036120532184874,25244400
2022-05-13,47.096561431884766,47.201539155555494,46.48896772522651,46.98840554367094,19962300
2022-05-16,47.14746856689453,47.631001094690326,46.590772711202995,47.519659739246066,21449100
2022-05-17,41.78407669067383,43.7213806646703,41.5582158917842,43.40008757129649,132940200
2022-05-18,38.946529388427734,40.804307138304225,38.66022511793706,40.72795836203737,104253000
2022-05-19,37.877662658691406,38.74293167034382,37.72815057494974,38.45026747291811,71008500
2022-05-20,37.91901779174805,38.44072098794715,37.30506044743909,38.05898809625566,49356000
2022-05-23,39.00060272216797,39.37279384370978,38.128973753163436,38.14805730356762,43680900
2022-05-24,39.4873161315918,39.620922836893705,38.51707297491257,38.5584255243819,34584900
2022-05-25,39.245540618896484,39.65908785902104,39.00059626383732,39.4459506295382,27121800
2022-05-26,40.082183837890625,40.20942692434238,39.573204211064706,39.859504796090604,28197600
2022-05-27,40.87110137939453,40.91563572860839,39.862683967648366,39.919945537074085,25299900
2022-05-31,40.9188232421875,41.3228251680546,40.53390486828208,40.54663209026949,36912300
2022-06-01,39.90721130371094,41.01106083000417,39.66226696531651,40.87745416533293,28534800
2022-06-02,40.56253433227539,40.568894302266266,39.550935052782656,39.945395172084915,23214300
2022-06-03,39.86586380004883,40.533897207747046,39.79269684948796,40.29531280770939,18302700
2022-06-06,39.722713470458984,40.177613297006,39.633641131968126,40.02491941981132,19855500
2022-06-07,39.245540618896484,39.28371499440219,38.45343870944279,38.567961835959906,47707800
2022-06-08,38.9051628112793,39.41732418709888,38.79382512286632,38.92106819533829,22522800
2022-06-09,38.49798583984375,39.55730134846779,38.488444063955015,38.809737246351105,19880100
2022-06-10,38.71429443359375,39.045132973839316,37.96354865887144,38.093977176333254,25238100
2022-06-13,37.98582077026367,38.56796733799273,37.88402484806566,38.090798497625876,24897900
2022-06-14,38.00172424316406,38.17350530829211,37.59135876985919,37.89674652108479,21544200
2022-06-15,37.97627639770508,38.30393316893746,37.50547115473699,38.16396650245333,25914000
2022-06-16,38.37074279785156,38.73338853027531,37.610451472828565,37.64862585745518,30706800
2022-06-17,37.62953567504883,38.45344484146444,37.527739751139826,38.17987148140473,36838800
2022-06-21,38.863807678222656,39.057857737595015,37.60726410107455,37.632714900561865,23916600
2022-06-22,38.39300537109375,39.207372768023404,38.361194599714864,38.84154525665679,20235000
2022-06-23,39.325077056884766,39.43323294965052,38.55524402474216,38.73020326438097,18040800
2022-06-24,39.35688018798828,39.86267789913286,39.178735537234346,39.47458147346516,31845900
2022-06-27,39.484130859375,39.68136273505893,39.06104178289681,39.375971326241576,19889100
2022-06-28,38.92744064331055,39.94540001624153,38.901989838732334,39.65591759203241,15399000
2022-06-29,38.78428649902344,39.239190028085154,38.482080508478994,39.09285610050933,19111500
2022-06-30,38.67612838745117,38.82882227673706,38.13851614940684,38.45344570333609,19166100
2022-07-01,39.01014709472656,39.10239760969019,38.54251998748137,38.79064984536973,17460900
2022-07-05,39.52548599243164,39.608194722414,38.6856678317098,38.8765360919433,18218100
2022-07-06,39.805419921875,40.171251029513606,39.541388367052114,39.59864629240653,21300000
2022-07-07,39.86586380004883,39.93266714081865,39.48412730378496,39.82450761742511,17487300
2022-07-08,39.89130783081055,40.27622610179325,39.81178091720239,40.02491450187574,14751000
2022-07-11,39.90721130371094,40.187151851028645,39.643179778862255,39.77042283454589,11532900
2022-07-12,39.78633117675781,40.441644611913716,39.674993494750694,39.799058395679985,13732200
2022-07-13,39.881771087646484,40.22851138711919,39.41732584447541,39.585925106895274,12689100
2022-07-14,40.66114807128906,40.82020556772276,39.490494945342995,39.49685491527433,20905500
2022-07-15,41.05878829956055,41.44052117855216,40.73431335013759,40.97289776469832,21184200
2022-07-18,40.96336364746094,41.45007802608981,40.801127948258156,40.925189256880195,14243700
2022-07-19,41.214656829833984,41.34189988723979,40.909269123449704,41.16057707423307,16995300
2022-07-20,41.5582160949707,41.771353317072915,41.19557046175084,41.51686355669552,18564900
2022-07-21,42.16581726074219,42.16899906563695,41.51368559665893,41.57094716323757,18764700
2022-07-22,42.05765914916992,42.43303204815384,41.745907788180794,42.16263687116682,13616400
2022-07-25,41.997230529785156,42.21354600051589,41.81908580764682,42.114931862426154,20535300
2022-07-26,38.80337142944336,39.02923227807316,38.192595873015854,38.532976228348446,95391600
2022-07-27,40.26987075805664,40.327132331912935,38.501165624714375,38.56796897395863,42159600
2022-07-28,41.275108337402344,41.51687458410423,40.16807667559183,40.16807667559183,33262200
2022-07-29,42.00676727294922,42.073570625618224,40.72159090441707,40.82020867119912,30141900
2022-08-01,42.16264343261719,42.70025206525358,41.67275096090259,41.691838153373254,24996300
2022-08-02,42.20717239379883,42.53482914840155,41.799988714490304,42.356684468449444,19695000
2022-08-03,41.51369857788086,42.289891751501145,41.310106687061754,42.04176549975668,32003100
2022-08-04,39.94538497924805,41.609111930622575,39.86903987527243,41.56775939445076,53106000
2022-08-05,40.266693115234375,40.339860082640406,39.802251427813125,39.92631272322873,32007000
2022-08-08,40.59434127807617,40.78520952949395,40.27622995271927,40.28895353201136,18175200
2022-08-09,40.99516296386719,41.0269737307952,40.467092583233644,40.68341162315839,19325100
2022-08-10,41.081058502197266,41.40235168444726,40.842474059480864,41.35463552400592,25251000
2022-08-11,41.477237701416016,41.65296260279911,41.08745091173761,41.4388970581388,23854500
2022-08-12,42.244022369384766,42.44210955254596,41.477227965651586,41.534735260704,26625000
2022-08-15,42.36543655395508,42.67535001144845,41.96925848812474,42.0555230964617,26516100
2022-08-16,44.528446197509766,45.02685994767675,44.1514347372528,44.37827928347777,91773300
2022-08-17,44.57636642456055,45.598759143555576,44.218525316547506,44.27284061531252,41792100
2022-08-18,44.432594299316406,44.8639174037519,44.250481724717,44.579561892948284,19197600
2022-08-19,43.777610778808594,44.43258259236808,43.74246580710095,44.38465862813877,22918800
2022-08-22,42.994842529296875,43.681763665155856,42.95330623237156,43.515625790182945,18667200
2022-08-23,42.812740325927734,43.11945816433535,42.56033413394153,43.00763189571057,16955100
2022-08-24,43.12264633178711,43.224885593485034,42.68493197889234,42.924555477019624,15766500
2022-08-25,43.41020202636719,43.44854267086222,43.14182117126711,43.22169812335927,19414500
2022-08-26,42.045936584472656,43.71690967336597,42.01717927962599,43.486869516413904,21331800
2022-08-29,42.45490264892578,42.77120750224868,41.72325297416192,41.79993426819124,17381700
2022-08-30,42.32710647583008,42.70091865309904,42.09067857365701,42.601875026021865,14468100
2022-08-31,42.34946060180664,42.745638655517425,42.15136974676904,42.422942557501685,22460700
2022-09-01,42.96609115600586,43.176957344983656,42.30153230820592,42.34626426978027,21741900
2022-09-02,42.49323654174805,43.34629569222316,42.31431964472695,43.08430984411747,17234400
2022-09-06,42.28237533569336,42.69133247029371,41.76478759107784,42.509216232540915,21899700
2022-09-07,43.368656158447266,43.44214176813582,42.410162195555664,42.51240145409439,17058900
2022-09-08,43.58911895751953,43.729698883147506,43.09389721108335,43.26003512880817,16956000
2022-09-09,43.72010803222656,43.93097422804351,43.49326352364029,43.547578817962574,16140600
2022-09-12,44.11309814453125,44.17060545509989,43.76164832943349,43.796793310943265,14284500
2022-09-13,43.2025260925293,44.074755610287944,43.07153316144445,43.72650147323365,17687400
2022-09-14,43.1066780090332,43.621070099226664,42.84469212544629,43.333522566109295,19934700
2022-09-15,42.64340591430664,43.180160292845855,42.48365567212165,43.148210975681856,20189400
2022-09-16,42.5539436340332,42.98845871469616,41.94370000449075,42.17374019617952,41874300
2022-09-19,42.91817092895508,43.05555151900892,42.323901977807964,42.43572823512589,16853100
2022-09-20,42.66896057128906,42.77439550351045,42.34626810551023,42.64659458847597,13963500
2022-09-21,43.058746337890625,43.91500111417929,43.010822366992706,43.2728118601451,24903600
2022-09-22,42.61784362792969,43.04277539002531,42.44211872979675,42.99485141499767,16744500
2022-09-23,41.55391311645508,42.55074785033367,41.14176036410844,42.451704240784814,27195300
2022-09-26,41.95328903198242,42.218470558697426,40.98201589441733,41.13537481087498,23011200
2022-09-27,41.8382682800293,42.630620806601854,41.63059407406143,42.24722536635443,17171700
2022-09-28,42.52838134765625,42.70091057473516,41.445285668773344,41.98523567681918,16838400
2022-09-29,42.25361251831055,42.85107713918677,42.05552530318368,42.652986267695184,15241500
2022-09-30,41.43889236450195,42.28875580815098,41.43889236450195,42.25041882558104,19602300
2022-10-03,42.343074798583984,42.42614375261393,41.537939592529625,41.61142521417204,17574900
2022-10-04,42.89260482788086,43.19612694101788,42.61144869515702,42.76799958895641,16134300
2022-10-05,42.46768569946289,43.0108314639121,42.33668909699822,42.73606291834548,14553900
2022-10-06,42.071495056152344,42.96609039543114,42.039545744944434,42.51879272579174,14200500
2022-10-07,41.07466125488281,42.06190888453401,40.91810670183707,41.95328195559373,17080500
2022-10-10,41.31747817993164,41.51237335918538,40.98519877342465,41.3845724624168,11411700
2022-10-11,42.38779830932617,42.748831394446356,41.36221001087162,41.37818466728476,21276000
2022-10-12,41.90855407714844,43.05874769682146,41.84465544726792,42.49643170987047,16947600
2022-10-13,42.263206481933594,42.474072726562866,41.01396904879939,41.30471225030771,20545500
2022-10-14,41.672122955322266,42.5635226664754,41.55071337424627,42.31431583565485,16641000
2022-10-17,41.972450256347656,42.43891823060617,41.72323978589051,41.84145369651509,17812500
2022-10-18,42.85746383666992,43.164181640704726,42.598670003947184,42.63061931815523,16842300
2022-10-19,42.73604965209961,43.04596308549334,42.48364717191317,42.91816584240724,11339400
2022-10-20,42.841495513916016,43.26003597956249,42.70091558552339,42.80635053181786,12754800
2022-10-21,43.70732116699219,43.902216343973585,42.81272952549908,43.07152332193767,18134700
2022-10-24,44.54122543334961,44.88308825788761,43.8127678135855,43.91500709463677,18806700
2022-10-25,44.7520866394043,44.870300566320985,44.192966319515676,44.43898116157631,15051300
2022-10-26,45.09394836425781,45.38149950247297,44.67221230130131,44.84474152168456,20754300
2022-10-27,44.962947845458984,45.40066214776203,44.822367962781684,45.05240810319581,16602900
2022-10-28,45.53165817260742,45.656259753211145,44.74249776575071,44.74569342809732,13648200
2022-10-31,45.474151611328125,45.71057945871169,45.29523472264513,45.47734727398337,22572000
2022-11-01,45.26967239379883,45.86393766593437,45.20896942972476,45.678629454740665,14814300
2022-11-02,44.96934509277344,45.870328143975215,44.95337043639821,45.100338006323156,15522000
2022-11-03,44.95976257324219,45.27606738236211,44.43578721060602,44.5731714629049,10976400
2022-11-04,45.03963851928711,45.43581295305883,44.343130284662536,45.37830564821571,14669400
2022-11-07,45.51249694824219,45.67863485981749,45.13229349304506,45.13229349304506,11364000
2022-11-08,45.621124267578125,46.03008134747302,45.212163531318524,45.55402997518066,15068400
2022-11-09,44.560386657714844,45.73933381220053,44.47731405950212,45.61153290879695,15932100
2022-11-10,45.483741760253906,45.58917304065183,44.889472781475554,45.5316657343193,20310600
2022-11-11,45.55403137207031,45.726560602487076,44.72653019864046,45.58278502501817,19270800
2022-11-14,44.21532440185547,45.79044946686991,44.176983768526604,45.25369156935793,37525800
2022-11-15,47.106781005859375,48.01095961814978,46.18343207679693,46.52209914158666,76548600
2022-11-16,47.44545364379883,47.98859927613839,47.00454727534353,47.24736278479528,32593200
2022-11-17,47.285701751708984,47.5189375779527,46.8735490481732,46.96940063990499,24791400
2022-11-18,47.99818801879883,48.0013836814804,47.531719989134665,47.81926747227723,18987000
2022-11-21,48.29212188720703,48.608426669710866,47.985404092493056,48.11959632699938,21157200
2022-11-22,48.46466064453125,48.707479860572334,48.28254806068306,48.563707922702264,16898400
2022-11-23,48.69788360595703,49.00140571729041,48.52535440119897,48.58925302329772,16920600
2022-11-25,48.90555953979492,48.91194720841554,48.518964818217725,48.602037417565455,8777400
2022-11-28,49.046138763427734,49.407171863374415,48.79373625664312,48.79373625664312,17674800
2022-11-29,48.87361526489258,49.11004312460498,48.739423020926964,48.89278192909431,13841700
2022-11-30,48.69788360595703,48.80970619462986,48.30809689224463,48.758586565677994,31338000
2022-12-01,49.001407623291016,49.07808889788361,48.15793188459461,48.57967158212502,22732200
2022-12-02,48.9534912109375,48.959882536928205,48.39756285342565,48.39756285342565,20733000
2022-12-05,48.451873779296875,48.883196835589715,48.087645014386844,48.80332354974461,23608200
2022-12-06,47.88956069946289,48.53494566340146,47.67230315500498,48.30810478660837,20625600
2022-12-07,47.640350341796875,48.311293246956716,47.54769440632191,48.08445238681439,17550300
2022-12-08,47.714115142822266,47.874463933826824,47.508865754217574,47.83598242607487,13512600
2022-12-09,46.60128402709961,47.37417703779921,46.57241830510486,47.29399896244036,27929400
2022-12-12,47.470375061035156,47.49603306670399,46.68144735647782,46.79048378766295,19432200
2022-12-13,47.30039978027344,48.169501808914475,47.059872968750696,48.10536230454785,23408100
2022-12-14,47.03742599487305,47.63393150191964,46.8097263341191,47.17212043161116,20334600
2022-12-15,46.617313385009766,46.95725722700235,46.062497024303916,46.68786832129481,17514000
2022-12-16,45.7802734375,46.41206010119065,45.7225493454915,46.3350897516483,40343100
2022-12-19,45.79631423950195,46.04004881771786,45.45316267205683,45.863661468989406,15067500
2022-12-20,46.19718933105469,46.38640383226131,45.619926368455836,45.83479520703873,17009400
2022-12-21,46.55958938598633,46.803323972850784,46.26454244768456,46.283785038242165,13726500
2022-12-22,46.0143928527832,46.495446572216636,45.51730425404523,46.428099345107846,13082400
2022-12-23,46.10738754272461,46.117010670961406,45.62954160444297,45.87648384711446,9547500
2022-12-27,46.12022018432617,46.32546955296249,45.921382564617105,46.19397915295295,10044600
2022-12-28,45.31204605102539,46.075315699875375,45.19017878992116,46.011176195130375,15246300
2022-12-29,45.587860107421875,45.86687217359992,45.45958106007959,45.58465606735751,9171900
2022-12-30,45.4724006652832,45.536543848431464,45.15811484949473,45.39864169339268,11505900
2023-01-03,46.05287170410156,46.0881454976065,45.568610341308776,45.716131944672696,17249700
2023-01-04,46.10417938232422,46.1971846036298,45.56219394169121,45.995142954410255,13338300
2023-01-05,45.94704818725586,46.22284886069976,45.74821053458616,46.007979997980385,13274400
2023-01-06,47.07270431518555,47.319646567130135,46.25812226098846,46.373574113128946,21231900
2023-01-09,46.48582458496094,47.419069998044414,46.43771994586512,46.92518909705966,17756700
2023-01-10,46.45695877075195,46.646173271980906,46.09456464669323,46.48261310813127,11970600
2023-01-11,46.8642463684082,46.88028124562629,46.415262466005494,46.73917506013675,14834700
2023-01-12,46.44091796875,46.95724906167108,46.30622353931806,46.954041352370716,12472800
2023-01-13,46.5948600769043,46.76483198692325,46.136256690818215,46.6718267577863,13699800
2023-01-17,46.31263732910156,46.72955147297527,46.24529011141711,46.594857037606374,15122400
2023-01-18,45.16773223876953,46.26132629993157,45.052280386630144,46.24529142241633,22674300
2023-01-19,44.52312469482422,45.38901914178356,44.51029385594231,45.34412221614214,17342100
2023-01-20,45.071529388427734,45.14849607742545,44.311463607525894,44.70592752277959,29543100
2023-01-23,45.744998931884766,45.86365850331593,44.96248656836867,45.04586867233528,13149900
2023-01-24,45.86686706542969,46.99894641483155,45.21904914014076,46.99894641483155,13669200
2023-01-25,45.64878845214844,45.80914090639823,45.023417183707835,45.61671869532816,12491700
2023-01-26,45.60708999633789,46.10097446746908,45.46277610827127,45.870067108355336,15819000
2023-01-27,45.9566650390625,46.331886352620124,45.45957644082355,45.73217305887569,18412800
2023-01-30,45.587860107421875,45.68407306307757,45.305644001179466,45.5782406469308,15897600
2023-01-31,46.139469146728516,46.14267318656075,45.43071571703433,45.6423768638442,14103600
2023-02-01,46.396018981933594,46.69748127406946,45.76423602340523,46.072110064215444,12849300
2023-02-02,46.059288024902344,46.45695962276214,45.841211472585094,46.312642044374435,17806800
2023-02-03,45.446746826171875,46.16832736577319,45.17415022278672,45.97590515451649,17155500
2023-02-06,45.11642074584961,45.571820084209506,44.90796366407977,45.482022566345094,17454000
2023-02-07,45.2126350402832,45.3152597377832,44.478227278183155,44.82458654978281,16341300
2023-02-08,44.96889877319336,45.25111482258599,44.89513613374095,45.00417623813597,11691300
2023-02-09,45.385807037353516,45.52050147138372,45.081140706080625,45.177353637636536,13064400
2023-02-10,46.09136962890625,46.16192458135029,45.59428092135459,45.88932790335255,15002700
2023-02-13,46.793701171875,46.861052074375124,46.344717176100936,46.40886036846073,16015800
2023-02-14,46.65899658203125,47.18494715629576,46.360745666382584,46.73596692810065,13831200
2023-02-15,47.00536346435547,47.01498659425747,46.36075322657216,46.48903226407587,14674200
2023-02-16,46.26774597167969,46.81935461726065,46.23888392352905,46.655794447393745,16312200
2023-02-17,46.96366882324219,47.043846888839916,46.36395553692589,46.537135167214934,24770700
2023-02-21,47.24909210205078,47.573001035220834,45.58785088201384,45.821965968275066,54393900
2023-02-22,46.25811767578125,47.326053624983984,45.78347580598775,47.069491940020406,29844000
2023-02-23,45.56861114501953,46.29981109613195,45.126038986825726,46.29981109613195,22021200
2023-02-24,45.69047927856445,45.77706908613545,44.747610853836626,45.16773272357136,20623500
2023-02-27,45.360164642333984,45.88932305966135,45.110014624590775,45.76745576104397,16647300
2023-02-28,45.58143997192383,45.74820417085024,45.203010979642,45.21904585760999,18054000
2023-03-01,44.946449279785156,45.308843394242345,44.6963029812966,45.23828846309596,14180100
2023-03-02,45.05869674682617,45.135667102895,44.73799549355274,44.84703560793405,14785500
2023-03-03,45.11321258544922,45.27997678113934,44.8245811174784,45.23187214816891,16888800
2023-03-06,45.10679626464844,45.21262865715675,44.904754608122474,45.058691632639615,16720800
2023-03-07,44.65781784057617,45.43712245311594,44.510292558920455,45.276773673248826,17387400
2023-03-08,44.289005279541016,44.55198239875688,44.026028160325154,44.43653055111374,19090800
2023-03-09,43.990753173828125,44.571227494428555,43.910578784860455,44.52312286104795,15415800
2023-03-10,43.926612854003906,44.34673471878664,43.64439680794408,43.942647731502255,20065200
2023-03-13,44.054901123046875,44.417295272638555,43.80154709037085,43.833616849428715,28142100
2023-03-14,44.289005279541016,44.34352532902884,43.936234317796085,44.157518555007115,25542600
2023-03-15,44.78289794921875,44.837418013139434,43.84324070213555,43.90096847631317,33133500
2023-03-16,44.528499603271484,44.96966120211294,44.39969111820478,44.89881708810492,28905600
2023-03-17,44.88916015625,44.91814050044532,44.3063103040206,44.499517512244445,43081200
2023-03-20,45.3721809387207,45.70063831860747,45.02118124608761,45.11456766873019,33928500
2023-03-21,45.217613220214844,45.52997000273361,44.93101592223838,45.52997000273361,19013400
2023-03-22,44.927799224853516,45.47522697166132,44.90847776864735,45.288457808589676,18548400
2023-03-23,45.29167938232422,45.60081902647804,44.918141019875684,45.14677397448066,22044300
2023-03-24,45.6619987487793,45.87775195110705,45.27558065810732,45.407606317018164,22752300
2023-03-27,46.4251823425293,46.68601650314061,45.97757899764098,45.980799854906195,26775600
2023-03-28,46.24484634399414,46.50245962035832,46.06451889313472,46.2577260865146,21282900
2023-03-29,46.444496154785156,46.67956710376651,46.193320922129004,46.4895770935023,24216900
2023-03-30,46.908203125,47.207680172903046,46.698891645681755,46.85345961245955,21879000
2023-03-31,47.48138427734375,47.80017903093451,47.16580669484764,47.201228743601085,20868000
2023-04-03,47.88069152832031,47.964419067607544,47.49749431363261,47.571555596953715,19766700
2023-04-04,47.410552978515625,47.91289982405407,47.34292971903845,47.829172278804954,18113700
2023-04-05,48.19626998901367,48.263893244819855,47.38156637716885,47.39122894810748,26540700
2023-04-06,48.56015396118164,48.63743979512422,47.82595696468414,47.91611885736195,17891700
2023-04-10,48.46676254272461,48.66319427947223,48.228470721221605,48.41846074407255,14519100
2023-04-11,48.32508087158203,48.624554252111786,48.18017178183515,48.624554252111786,18370500
2023-04-12,48.09001159667969,48.61490081349567,48.035268074747805,48.23492070266457,11209800
2023-04-13,48.138309478759766,48.30253633340162,47.72290737147723,48.18982844985511,13272600
2023-04-14,47.81306838989258,48.267113402462115,47.70680222225367,47.99017866929076,10464900
2023-04-17,48.147972106933594,48.196273909983134,47.819514686928855,47.864595632736815,16166700
2023-04-18,48.25423049926758,48.41201931192434,48.12220117000459,48.23168818740497,13482300
2023-04-19,48.305755615234375,48.75657976433775,48.22846979072936,48.57302777373382,12433500
2023-04-20,48.614891052246094,48.750137558573996,48.17372947825356,48.37015752403803,13641600
2023-04-21,48.85962677001953,49.04317508180555,48.682516487038505,48.9336880550189,25335000
2023-04-24,49.1912956237793,49.25248084406246,48.85317938207718,48.85317938207718,13579500
2023-04-25,48.80810546875,49.510101220977425,48.730819639415735,49.36197496167498,17246700
2023-04-26,48.59556198120117,48.75657163193688,48.373370800596284,48.61810429045366,12910200
2023-04-27,48.74691390991211,48.92724503148209,48.55370304685591,48.55370304685591,12861000
2023-04-28,48.614891052246094,49.00130911529854,48.36049863866785,48.71793636041887,14088600
2023-05-01,48.814537048339844,49.12045578298018,48.60200841613232,48.637430469032026,11409600
2023-05-02,48.68252182006836,48.7823462867964,48.1286522818464,48.77590825728614,11329500
2023-05-03,48.502193450927734,48.97877714470444,48.38948555687507,48.80488770287966,12334500
2023-05-04,48.63794708251953,48.80603458342802,48.321174333002666,48.66380812080936,14011200
2023-05-05,49.05815887451172,49.135734588768905,48.43107217951013,48.58299421512257,14556000
2023-05-08,49.365234375,49.43958069385095,48.828655780697716,48.896535915582525,14926200
2023-05-09,49.449275970458984,49.51392671215822,49.24240247507717,49.365234075358856,15209700
2023-05-10,49.31028747558594,49.89212201315628,48.88361177405322,49.678782312794795,15827700
2023-05-11,49.49453353881836,49.543018822345374,49.132504909617275,49.310284282549674,11926800
2023-05-12,49.478370666503906,49.80160958194837,49.36200154962435,49.64968755063277,16119300
2023-05-15,49.09370803833008,49.73049021377492,48.93208675097053,49.617357902055865,16113900
2023-05-16,48.4149055480957,48.98057453401821,48.34702541775259,48.76077238334478,15512100
2023-05-17,48.33409881591797,48.85774502963532,48.06904076755943,48.85451563692019,26985900
2023-05-18,48.9611930847168,49.872729086532686,48.46986661611226,49.067859239830575,46768500
2023-05-19,48.456932067871094,48.95795405373393,48.1983401944964,48.93855920083209,27594000
2023-05-22,48.03025436401367,48.5118852128266,47.933283795339705,48.389053606325525,16117800
2023-05-23,47.93974685668945,48.11752622101078,47.54216163232167,47.842772595142534,16302300
2023-05-24,47.71994400024414,48.01409249693614,47.29003522803123,48.0043969197661,20515200
2023-05-25,47.244781494140625,47.65852849144126,46.89891463238525,47.477512330527254,21299100
2023-05-26,47.32883071899414,47.4581248260756,47.021753515485166,47.09609614738079,15720900
2023-05-30,47.212459564208984,47.61004481403207,47.06376692004697,47.29003527922345,15742500
2023-05-31,47.474281311035156,47.61650406209164,46.873051989392096,47.00557916392716,30130800
2023-06-01,47.64883041381836,47.80721863380426,47.17366945305069,47.260944443688224,20239200
2023-06-02,48.10459899902344,48.16601295052499,47.54862554673595,47.58741525252111,19178100
2023-06-05,48.42137145996094,48.890069885389266,48.28237810828778,48.28237810828778,15553200
2023-06-06,48.4149055480957,48.547432717015184,48.004391674270266,48.389048212341024,15015600
2023-06-07,48.48602294921875,48.60238836852368,48.17571269827895,48.24359283447266,24256500
2023-06-08,49.18745422363281,49.27149982341515,48.41814474960408,48.61208958899616,18873000
2023-06-09,49.48483657836914,49.688480697416686,49.00320941425309,49.18422558691976,15603900
2023-06-12,49.811309814453125,49.875956858945415,49.51069513885995,49.594737036537936,14713500
2023-06-13,50.199195861816406,50.26707599848114,49.80161061884152,49.94707016837453,15738900
2023-06-14,50.70668411254883,50.855373055172535,50.299399592787346,50.39637385901152,21103200
2023-06-15,50.98466491699219,51.146282509928426,50.742234828398246,50.74869731260194,18160500
2023-06-16,50.2735481262207,51.120437087809655,50.1927356117305,51.097809139849545,34675800
2023-06-20,49.8306999206543,50.24768000740372,49.7401918407542,50.005249896465216,19994400
2023-06-21,49.927677154541016,50.212126380760715,49.57211099777871,49.84686464662769,19251000
2023-06-22,50.34465789794922,50.45132774631668,49.93414026642686,50.095761585091815,13307400
2023-06-23,50.250919342041016,50.51921052307632,50.10869287012786,50.38667962916161,18975000
2023-06-26,50.118385314941406,50.354349239036594,49.882417691656336,50.31232644199449,14106300
2023-06-27,49.9373664855957,50.376974488280666,49.798373132463446,49.82746356012704,12093600
2023-06-28,50.208892822265625,50.32202514509225,49.98585387015143,50.01494799823015,18889800
2023-06-29,49.86949157714844,50.021413614130175,49.50099675833289,49.943837899173786,21530400
2023-06-30,50.806884765625,50.92001708713795,50.03110917768111,50.09252312666446,19073100
2023-07-03,51.1365966796875,51.21417239924343,50.53213788885266,50.6872930271548,8647500
2023-07-05,51.10750198364258,51.4339739953849,50.858605684984475,51.12366374466804,17585400
2023-07-06,50.784263610839844,51.13013050456875,50.70668789126949,51.049321692684984,14427000
2023-07-07,49.614131927490234,50.51920534783131,49.601203258419936,50.3640502214177,19774800
2023-07-10,50.06343460083008,50.26384191480278,49.88241844050188,49.95999785183966,12967800
2023-07-11,49.98908615112305,50.26707286458664,49.73372738153364,50.027875855138845,11460900
2023-07-12,50.11515426635742,50.389907906741854,50.0440410371958,50.202429256765775,16509900
2023-07-13,49.82100296020508,50.29616759209159,49.67877650991063,50.241216127278754,11859600
2023-07-14,49.9923210144043,49.995554106385136,49.643221064271756,49.81777103933803,10427400
2023-07-17,50.053741455078125,50.09576055560198,49.72080324709783,49.9082819013499,10135200
2023-07-18,49.963233947753906,50.31556331439106,49.73373249113639,49.99555747135804,13437300
2023-07-19,49.97938919067383,50.166867822638785,49.698169393131565,50.037570045896594,12372900
2023-07-20,50.90385818481445,50.92648613006336,50.069897993757614,50.079597269945715,14987700
2023-07-21,51.19154357910156,51.32407075856727,50.89092890709574,51.039617847491655,16960500
2023-07-24,51.492156982421875,51.550341544031,50.929721016960876,51.21740333444959,12529800
2023-07-25,51.450138092041016,51.88327996572829,51.162452074186014,51.86711820396915,15553800
2023-07-26,51.63438034057617,51.941457493474076,51.37578846984269,51.47276273336144,15094200
2023-07-27,51.446903228759766,51.9252972790656,51.437203952524094,51.74428481375665,13400400
2023-07-28,51.6893310546875,52.02226923940986,51.48892374498095,51.48892374498095,11020200
2023-07-31,51.67317199707031,51.925297693359056,51.36609483257772,51.70549551973374,13033200
2023-08-01,51.43074035644531,51.8638822058638,51.3822550738845,51.702260898137816,11782500
2023-08-02,51.4662971496582,51.85741620270745,51.24326188974864,51.24326188974864,12660000
2023-08-03,51.479225158691406,51.556804569416826,51.23679504895934,51.4016494471559,13202700
2023-08-04,51.18184280395508,51.79923389081405,51.05901120496915,51.6408456789851,14262000
2023-08-07,51.87681579589844,52.10955035313415,51.43074523531946,51.55680994128841,14268900
2023-08-08,51.928524017333984,52.242067325169465,51.56002924845679,52.03842693941742,11017500
2023-08-09,52.012569427490234,52.397225981642045,51.94792238621122,52.012569427490234,13209600
2023-08-10,51.98662185668945,52.469964881186,51.91201494908412,52.158551483595254,15169500
2023-08-11,52.29154586791992,52.49591019867583,51.93471943544169,52.08069236640723,14195100
2023-08-14,51.902278900146484,52.8040806215542,51.63628228833064,52.55105863931319,20813700
2023-08-15,51.63628387451172,52.15855078243091,51.551939498833434,51.75306296895326,14559300
2023-08-16,51.662235260009766,52.216940621855066,51.37353024143588,51.863355026063836,26980800
2023-08-17,50.50416564941406,52.272086160343555,50.28682296012894,52.194230954527825,53614200
2023-08-18,51.23079299926758,51.79522834895242,50.380893533185635,50.380893533185635,27954900
2023-08-21,51.09455490112305,51.525991989203234,50.942092784820225,51.13347879236547,15679200
2023-08-22,50.93235778808594,51.02967679467481,50.68258038124561,50.919383157987596,16670700
2023-08-23,51.28594207763672,51.383257369427625,50.77016063659173,50.802602779529124,14210400
2023-08-24,50.89342498779297,51.65249831230129,50.87072031552478,51.295668178485386,14033100
2023-08-25,51.19511413574219,51.26648017062799,50.77989626901789,50.98750520238004,12267000
2023-08-28,51.48706817626953,51.52275119679098,51.2080931839531,51.2080931839531,11871000
2023-08-29,51.91849899291992,51.97689039550439,51.532478698245036,51.577891758694896,12702300
2023-08-30,52.29154586791992,52.32073971164498,51.876328035651326,52.03203472275205,10967700
2023-08-31,52.74894332885742,52.872211604249145,52.213698036100965,52.26560398479926,19582800
2023-09-01,52.41157150268555,52.862472366316496,51.950936882555006,52.8332785214985,12553500
2023-09-05,51.9898681640625,52.810573873624776,51.96067431717797,52.502405051450474,15209400
2023-09-06,52.37913131713867,52.60620403409485,51.87308365398891,52.032034927092255,14594700
2023-09-07,53.02791213989258,53.03115301301075,52.3856215757001,52.55105831068073,19120800
2023-09-08,53.12522888183594,53.15442272707989,52.89815615395737,53.03115446266922,12667200
2023-09-11,53.31013107299805,53.35554784738433,53.08954750938365,53.19984114736113,11912100
2023-09-12,53.3685188293457,53.50151713308396,53.212812139966665,53.36202965849397,11757300
2023-09-13,53.381500244140625,53.79996272110223,53.3198679625761,53.501523933772155,14364300
2023-09-14,53.60532760620117,53.764278898837496,53.332841797305036,53.52423152315845,14923800
2023-09-15,53.40745162963867,53.73832884082658,53.12523206755532,53.59235218117225,63925200
2023-09-18,53.01169204711914,53.58910578237691,52.956548940737335,53.42042445291843,12997800
2023-09-19,52.99871826171875,53.12847570268318,52.66460018310802,52.99871826171875,14019600
2023-09-20,53.1706428527832,53.43015401589589,52.86247404265073,53.070082973140885,10120800
2023-09-21,52.525108337402344,53.36203324113205,52.48293986105582,53.284181747385865,18782400
2023-09-22,52.66460037231445,52.95006080371681,52.52510917379773,52.625672768651214,13215000
2023-09-25,52.89815139770508,52.91112602638686,52.508886550870834,52.67107869024339,10459500
2023-09-26,52.713253021240234,53.05061565475023,52.664595377446325,52.85598136723432,14435700
2023-09-27,52.460235595703125,52.62567606546587,51.99636004540123,52.55106543916066,15711000
2023-09-28,52.72623062133789,52.820305041179,52.41806181427226,52.551060123937525,11617200
2023-09-29,51.879581451416016,52.91762620877237,51.639530352979094,52.88518777414759,18842400
2023-10-02,51.93471908569336,51.989862187393726,51.35406081409923,51.73684021468659,12992700
2023-10-03,51.607086181640625,52.14557230370299,51.47408787199514,51.801720480094346,11253300
2023-10-04,52.22666931152344,52.24288852616889,51.58113417408157,51.78874309141561,15755700
2023-10-05,51.603851318359375,52.21369983228388,51.577898343117425,52.04826307235223,14269500
2023-10-06,50.737728118896484,51.574653090257826,49.19363562602384,51.46435944350233,42616200
2023-10-09,50.552825927734375,50.556070513535644,49.71590098336298,50.30628937960844,21022500
2023-10-10,51.123748779296875,51.2794554813848,50.49443279956378,50.67933706052736,16014300
2023-10-11,51.32810592651367,51.736838282347264,50.94208566732761,51.33783968221976,12026100
2023-10-12,51.561676025390625,51.67845512610538,51.1788965780594,51.42543312249997,13514100
2023-10-13,51.847137451171875,52.05150179477465,51.545454101800765,51.66223319638228,13809000
2023-10-16,52.29479217529297,52.577011715062454,52.006083464553015,52.077449495866695,14348100
2023-10-17,52.36292266845703,52.456993389740276,52.028800840214885,52.142339077773165,10893000
2023-10-18,52.4018440246582,52.667840651226726,52.1358436857491,52.512133950671775,10559100
2023-10-19,52.152069091796875,52.49267637958217,51.973653982794566,52.36616722259964,11745900
2023-10-20,51.50004196166992,52.2591154255931,51.48382274463941,52.171530168692,15056700
2023-10-23,52.22990798950195,52.340201614327924,51.25998488757389,51.49030218066808,17097000
2023-10-24,52.9565544128418,53.03116132838432,52.35318764252151,52.35643222848878,17535000
2023-10-25,52.7975959777832,53.30688824794449,52.70352155914791,52.92734970021487,16621800
2023-10-26,52.47644805908203,53.151180770207056,52.42454582840629,52.781375984514746,16220100
2023-10-27,52.28181076049805,52.541325611298696,52.08069102031872,52.38237434292786,13829700
2023-10-30,52.88193893432617,52.95979042869499,52.15855224829753,52.37589122773686,12653700
2023-10-31,53.008453369140625,53.07657482087163,52.5348440804493,52.8754513391043,14168400
2023-11-01,53.48206329345703,53.647500046101165,52.868966508250786,53.2679651784204,14899500
2023-11-02,53.69291305541992,53.91025575603914,53.07981627084087,53.323108233191526,15492300
2023-11-03,53.41393280029297,53.945933449010134,53.36203056961376,53.809686845179385,17240100
2023-11-06,53.48530197143555,53.72859392404835,53.22254621713286,53.362033702293274,14529000
2023-11-07,53.73508071899414,54.04649410757923,53.631276256132445,53.774008320652385,15023400
2023-11-08,53.29716110229492,53.939451760085966,53.06360288801139,53.796719677834425,15591900
2023-11-09,53.17388916015625,53.368523466878145,52.95655017816091,53.31986581828283,15080100
2023-11-10,53.91025161743164,53.99134769454266,53.167397444201015,53.378250957030104,14319900
2023-11-13,54.39358901977539,54.45522500609976,53.8648329633908,53.971882008843416,15408900
2023-11-14,54.38385772705078,54.87044161944833,54.254104002326365,54.55254276646921,19792500
2023-11-15,55.07481002807617,55.126712260766176,54.33844501359519,54.620664563953504,35769900
2023-11-16,50.61770248413086,51.72387235811596,50.44253197534356,51.496799613848744,97658700
2023-11-17,50.39387893676758,51.10429108192408,50.28358528415294,50.588513265711796,42487800
2023-11-20,50.37765121459961,50.607968526843365,50.28357679591569,50.455506417971186,26663100
2023-11-21,50.55931091308594,50.88045434634704,49.998116410836644,50.4295534781642,29382300
2023-11-22,50.17328643798828,50.62094271646107,50.07921202012237,50.513893668926194,26416500
2023-11-24,50.62419128417969,50.64689595980129,50.183020429667664,50.32899709003271,13975200
2023-11-27,50.85450744628906,51.04589716584885,50.58850710537902,50.58850710537902,23393700
2023-11-28,51.461116790771484,51.55194291895145,50.8188261602207,50.8188261602207,23535000
2023-11-29,50.630680084228516,51.503284317237075,50.47821425346694,51.503284317237075,29896500
2023-11-30,50.50416564941406,50.71826375306678,50.12138621628132,50.61121470124042,29925900
2023-12-01,50.06624221801758,50.47821552036933,49.51153683852325,50.40360489598285,39273600
2023-12-04,50.05326461791992,50.25762896406523,49.73211746339969,49.73536204902241,24883200
2023-12-05,50.51713562011719,50.556063219434535,49.871600495408586,50.10191779363933,21883800
2023-12-06,49.96892547607422,50.54958010065756,49.84241261931658,50.45875026215616,26447400
2023-12-07,49.64006805419922,50.31730302536942,49.56518033047208,50.25544184568398,25362600
2023-12-08,49.119117736816406,49.55867044198119,48.91725101910347,49.49029599074757,34069500
2023-12-11,49.24284744262695,49.31122189888862,48.68933852007885,49.210288532609816,31883400
2023-12-12,49.281917572021484,49.392617116242334,48.91399594234997,49.23633211899385,21381900
2023-12-13,50.15776824951172,50.15776824951172,49.04749369045233,49.34378426370711,35348700
2023-12-14,49.5456428527832,50.121944448257196,49.46750222136249,49.9851955486749,30891300
2023-12-15,49.731239318847656,49.96566496506953,49.34052494030659,49.418669306466185,70003500
2023-12-18,50.45730972290039,50.489868631495625,49.85821537158904,49.929850187078095,26316000
2023-12-19,50.639652252197266,50.69174725957989,50.17079718575364,50.41499276574275,24417000
2023-12-20,50.04706573486328,50.83825694484482,50.017763460753876,50.60383129971268,21967800
2023-12-21,50.40195846557617,50.48661609991214,50.11218119600427,50.14148346873394,20087700
2023-12-22,51.00430679321289,51.16710132890534,50.51917236981885,50.61359245529485,19405500
2023-12-26,50.926170349121094,51.11501800167624,50.82849361252663,51.00431471929959,11679900
2023-12-27,51.404788970947266,51.42758169713065,50.84476680739363,50.89360516967671,19896000
2023-12-28,51.30385971069336,51.55131190405857,51.281066982688316,51.3689775322752,16776000
2023-12-29,51.32990264892578,51.46990819363957,51.170361013539335,51.29083046758047,21948300
2024-01-02,51.86388397216797,51.94528125236759,51.18013564010519,51.199671732578835,23539800
2024-01-03,51.86713790893555,52.19273448843496,51.74666844140453,52.02017001531948,18756000
2024-01-04,51.36572265625,51.94528097612372,51.277812103650454,51.837834331154426,19282500
2024-01-05,51.02384948730469,51.47642506214212,50.66244109993266,51.41781678602967,21709500
2024-01-08,51.5252571105957,51.538279928314175,51.01407332233263,51.02058659425591,20680800
2024-01-09,51.87038803100586,51.880157939273346,51.355951312765946,51.421069130036166,23322300
2024-01-10,52.51506805419922,52.58344251269404,51.95179293070036,51.95179293070036,20121900
2024-01-11,52.45646667480469,52.710428432257615,52.15040618512019,52.53460732089453,14355300
2024-01-12,52.52482986450195,52.59646094828588,52.21876944050444,52.541109317532126,13629000
2024-01-16,52.69089126586914,52.87647855691469,52.49553406543091,52.56390852666499,17032500
2024-01-17,52.44343566894531,52.74298286009548,52.30017348281326,52.5443690360371,14827800
2024-01-18,53.14997482299805,53.198813186700804,52.31645482552709,52.47273982505289,18190500
2024-01-19,52.869964599609375,53.25742233169921,52.56390414169155,53.21183687726019,19175400
2024-01-22,52.87321853637695,53.0555491664391,52.583437548088206,53.00345416840303,13938300
2024-01-23,53.0067138671875,53.02299332213139,52.671351133537804,52.78531104427347,12066600
2024-01-24,52.25784683227539,53.094623470350896,52.19923855984234,53.039271834074405,22932900
2024-01-25,53.019737243652344,53.029507152398494,52.2317989472426,52.55088222930495,16369500
2024-01-26,53.4853401184082,53.521151939274695,52.96113345866603,53.0881124651678,15746400
2024-01-29,53.73604202270508,53.856511475573335,53.24114139295317,53.51138257134923,18240300
2024-01-30,53.91511917114258,53.98675026010372,53.27369973268751,53.62534190535922,15270000
2024-01-31,53.804420471191406,54.634687610764125,53.75883874076684,54.634687610764125,26134800
2024-02-01,54.80073928833008,54.81376583381978,53.78163194534646,53.950939775426896,20792700
2024-02-02,55.21098709106445,55.53983655227848,54.67375389954173,54.748641627959145,21670800
2024-02-05,54.91469192504883,55.35424089771644,54.722591391955014,55.35424089771644,19145100
2024-02-06,55.289127349853516,55.33471280428513,54.81050616122011,54.957021254705936,14181300
2024-02-07,55.14912796020508,55.5658880122361,55.0905234067187,55.438908995596435,17082600
2024-02-08,55.1458740234375,55.53007142889047,55.070986288566694,55.149126933803814,14427900
2024-02-09,55.11656188964844,55.26308070659548,54.99934907176779,55.15237743485201,14329800
2024-02-12,55.448665618896484,55.468201708733204,55.04167182057584,55.100280090085995,14795100
2024-02-13,55.070980072021484,55.6993767039934,54.78771234698935,55.55285788728622,18574200
2024-02-14,54.89516067504883,54.986324132657515,54.55003175746742,54.943999040080996,18484500
2024-02-15,55.11981964111328,55.30215400695338,54.690036816102165,55.28587082596018,16948800
2024-02-16,55.46821212768555,55.97939601706889,55.11982653343554,55.44541939757338,22373400
2024-02-20,57.258975982666016,59.046489336502,57.05385259895232,58.112032156036236,71788500
2024-02-21,56.55569076538086,57.16780795734897,56.26265312502256,56.978960318767015,40501500
2024-02-22,57.112457275390625,57.13199336681645,56.428708980000394,56.614296259353104,29512800
2024-02-23,57.16130065917969,57.8417923780524,57.07990337619976,57.333865134774385,74365800
2024-02-26,58.21621322631836,58.450642576083595,56.82918439576903,57.747358252915994,32154800
2024-02-27,58.20644760131836,58.41157095549495,57.84503925451273,58.25528596286591,18012700
2024-02-28,58.23575210571289,58.37250101374008,57.93295201683219,58.16737765169929,14803300
2024-02-29,57.249202728271484,58.108772068400896,57.2296666380267,58.06969988791133,29245100
2024-03-01,57.395721435546875,57.48363198412833,56.84872577870979,57.434793618500514,19030900
2024-03-04,57.923179626464844,58.01109016730511,57.044077944190256,57.141754666844726,16033300
2024-03-05,58.645999908447266,58.93903380186676,58.19668102346216,58.47994500896175,19676900
2024-03-06,59.163700103759766,59.212538470637284,58.646006707826686,58.724147349605005,12698700
2024-03-07,58.95857238769531,59.65208683424586,58.948802479361774,59.58371238042416,16195300
2024-03-08,58.724143981933594,58.880428982656255,58.34319952555512,58.60693116292368,12143600
2024-03-11,59.251609802246094,59.30044816842106,58.47995094784469,58.704610413152345,14154000
2024-03-12,59.98419952392578,60.14048453931111,59.24184663237766,59.53488057045906,16613100
2024-03-13,59.85721206665039,60.033033160867,59.46650142204667,59.83767597550094,15935200
2024-03-14,59.806243896484375,60.217887828630964,59.39459622551915,60.06107055845817,16584700
2024-03-15,59.47301483154297,59.933667261159655,59.257389653625516,59.47301483154297,50946300
2024-03-18,59.64943313598633,59.688638392512736,59.188780718848584,59.48281266515859,16801700
2024-03-19,59.65922927856445,59.85525181152761,59.39459941988702,59.757242414455455,12353600
2024-03-20,60.031673431396484,60.06107550359388,59.531819509946004,59.62982890981663,12007600
2024-03-21,60.227691650390625,60.43351361864862,59.83564660138796,60.06107119597795,14265900
2024-03-22,59.65922927856445,60.306101020169685,59.63962665138626,60.100279043026845,14029400
2024-03-25,59.36520004272461,59.7768477545111,59.15937805624087,59.659231986104096,14186600
2024-03-26,59.30638885498047,59.62002714777622,59.031959554955336,59.257384156950096,13738300
2024-03-27,59.51222229003906,59.835656330057475,59.178985065851414,59.659236403204055,14363400
2024-03-28,58.97315216064453,59.561219758317854,58.96335271648511,59.45340717847014,17535100
2024-04-01,58.80653381347656,59.55141493003369,58.73792648979967,59.1103689174876,13837600
2024-04-02,57.983245849609375,58.90454692485179,57.70881653758375,58.70852812415862,19510100
2024-04-03,58.24787139892578,58.31647872184599,57.767616399665656,58.19886670238545,14615100
2024-04-04,58.31648254394531,58.620317664518836,58.11066056169499,58.35568779927459,14436100
2024-04-05,58.659515380859375,58.845738462199805,58.30667932221061,58.36548346257606,10335900
2024-04-08,58.590911865234375,58.84574228610631,58.23807204483873,58.41449195503655,11070100
2024-04-09,58.60071563720703,58.777135549177245,58.12046060155056,58.67912240984992,10013500
2024-04-10,59.41420364379883,59.551418298914975,58.20867008108261,58.434094691461844,15097600
2024-04-11,58.894752502441406,59.67883898853195,58.87514987293673,59.541624320818514,10987600
2024-04-12,58.94375228881836,59.51221728056615,58.757532932290104,58.806537632553436,12280600
2024-04-15,58.73793029785156,59.4926146460432,58.718327669984625,59.3063915507168,10557200
2024-04-16,58.64971160888672,59.0907613231728,58.590903734042435,58.83593093766599,14726300
2024-04-17,58.4635009765625,59.22798476916318,58.38509046510654,58.95355545670529,15329700
2024-04-18,58.08125305175781,58.7477274175837,58.04205153639421,58.639918576810274,12061500
2024-04-19,58.345882415771484,58.48309706543058,57.797023817135106,58.26747564688863,14165800
2024-04-22,58.94375228881836,59.19858271229805,57.86563392774913,58.37529103588954,14910000
2024-04-23,57.914634704589844,59.14957026613251,57.39517818711491,59.051560872245474,17963900
2024-04-24,58.67911911010742,58.84573956818471,57.64020606339246,57.80682278265099,18529100
2024-04-25,59.01235580444336,59.325990352449026,58.63991711544834,58.855538530440526,19263000
2024-04-26,58.963348388671875,59.18877297598093,58.80653112189955,58.914343693834006,11045200
2024-04-29,59.04176330566406,59.188777401169034,58.747727637016446,58.98295542417077,9785100
2024-04-30,58.16946029663086,59.10056447661953,57.983240956160586,59.00255508454437,14209200
2024-05-01,57.679412841796875,58.22827522479642,57.55200136443733,58.13026582085537,15464300
2024-05-02,58.52230453491211,58.69872444510121,57.414784112836976,57.76762019439626,17574100
2024-05-03,58.6301155090332,58.786932787252134,57.96364114189804,58.43409297655483,14207400
2024-05-06,58.67911911010742,58.806534314658435,58.208667284248406,58.806534314658435,11119400
2024-05-07,59.41420364379883,59.590623554325006,58.85554184007226,58.9731538674834,14520200
2024-05-08,59.10056686401367,59.63962601983992,59.022160094949996,59.42400460080071,11015700
2024-05-09,59.442832946777344,59.58052631668185,58.96091928327407,59.20679467331962,14550500
2024-05-10,59.4821662902832,59.58051868475947,59.16744613147961,59.41332149002993,12356600
2024-05-13,59.41331481933594,60.33780471305337,59.295295710975374,59.619849196906884,19260500
2024-05-14,58.87239456176758,59.551009178949265,58.45932202174734,59.521505337433574,18780100
2024-05-15,58.8428955078125,58.95107751942528,58.488834373776726,58.8428955078125,22240600
2024-05-16,62.95392608642578,63.35715775456923,61.90157614731361,63.16046047794123,60545600
2024-05-17,63.583370208740234,63.8095713401461,62.58019828007274,63.18013101276892,29330400
2024-05-20,63.121124267578125,63.69155691761464,62.81623746306616,63.35716251798194,15001400
2024-05-21,64.07511901855469,64.11445997578011,63.38666352239036,63.4653454368412,17131700
2024-05-22,64.17346954345703,64.60621258211803,63.66205209155631,63.90792745379178,14879400
2024-05-23,63.770225524902344,64.43900675974523,63.49484634058822,64.09478277935257,16222900
2024-05-24,64.30133056640625,64.60622115844575,63.93743978424526,64.05545517153139,11795000
2024-05-28,63.96692657470703,64.38983244126759,63.67187317812261,64.14395711195377,13349600
2024-05-29,63.848907470703125,64.13412376990478,63.58336540097469,63.68171403778078,11538600
2024-05-30,63.81940841674805,64.09478762186772,63.7013855416165,63.85874937512522,13051900
2024-05-31,64.67505645751953,64.81274605811859,63.101455662444216,63.60303599168917,27632200
2024-06-03,64.73406219482422,64.75372892138074,64.0849551691756,64.42917916031655,11578700
2024-06-04,65.5011978149414,65.54053877501295,64.74390496824665,64.90126130501193,14780800
2024-06-05,65.98310089111328,66.04211607354198,65.18646721176306,65.4716834990227,14982700
2024-06-06,66.04212951660156,66.32734586191779,65.66839413138386,65.95361047670008,13256000
2024-06-07,64.7930679321289,66.4551876582468,64.55702970293821,66.28799422521672,20213200
2024-06-10,65.85527038574219,66.21916870194269,65.17665183784905,66.0814790695473,21659500
2024-06-11,65.6290512084961,65.85525232674956,65.25531587717622,65.84541521184111,13367500
2024-06-12,65.21598052978516,65.83559126246335,64.81274882610136,65.7470722277147,11704700
2024-06-13,65.59954833984375,65.65856353339966,64.86192220032441,65.206153734917,11196600
2024-06-14,65.91426086425781,66.00277989254198,65.20614615558574,65.44218439180976,12590100
2024-06-17,66.30767059326172,66.32734482560853,65.31433946185969,65.81591983388685,12103000
2024-06-18,66.48468780517578,66.75023736384185,66.18964191095968,66.51419164424543,12093500
2024-06-20,66.88794708251953,67.00596247432206,66.1896618347744,66.23883241351817,13860800
2024-06-21,66.78958892822266,67.4190292734421,66.71090700919002,67.13381294458942,25883000
2024-06-24,67.76325988769531,67.9009495076484,66.77975831458949,66.92728505125967,12470400
2024-06-25,66.30767059326172,66.47486405060411,65.45202907420295,66.06179521357429,20869200
2024-06-26,67.16331481933594,67.46819786724821,66.10113145409758,66.28799913044152,14177500
2024-06-27,66.76007843017578,67.4485339751877,66.55354401772847,67.16331764270687,12899200
2024-06-28,66.59288024902344,66.97644520254899,66.20931529549789,66.75024407791615,18816700
2024-07-01,66.3666763305664,67.11413197578025,66.14046771193587,66.7699079939686,8666000
2024-07-02,66.94694519042969,66.95678230617834,66.15031139576726,66.32734196163901,9436500
2024-07-03,67.1141357421875,67.12397285751133,66.50436965547858,66.69122982550851,6287500
2024-07-05,68.88444519042969,68.99263095450206,66.97644990063063,67.0354650923652,21586100
2024-07-08,68.53038024902344,68.98279000842426,68.20582297482704,68.74675176515436,12077700
2024-07-09,68.74675750732422,69.09098153741137,68.52054885696917,68.74675750732422,9758400
2024-07-10,69.24833679199219,69.27784063326548,68.56971842862588,68.94344625728782,10803400
2024-07-11,68.64839935302734,69.2876692474685,68.11730770719127,69.02212717631049,15624800
2024-07-12,68.0976333618164,68.87460035143022,68.02878856544658,68.7467478734634,12145300
2024-07-15,68.46154022216797,68.8156013635196,68.15665715737335,68.15665715737335,10171100
2024-07-16,68.83525848388672,69.08113382531003,68.43202682578284,68.66806505256365,9836800
2024-07-17,69.85810852050781,69.9269533235695,68.79592512739538,69.02213376803851,13533800
2024-07-18,69.65156555175781,70.01546375380444,69.26800062419076,69.51387596255528,10682700
2024-07-19,69.58273315429688,70.15316584177789,69.48438450213284,70.02530584079558,11665500
2024-07-22,69.21882629394531,70.08431233399007,69.07130708577428,69.69091027065339,12666100
2024-07-23,69.48439025878906,69.53356083718417,68.95329848887789,69.30735966881868,9263600
2024-07-24,69.4352035522461,69.67124180838076,69.17949106437969,69.35652163236091,22490800
2024-07-25,68.8647689819336,69.60239507751503,68.79592417982015,69.4352016300282,18821200
2024-07-26,68.62873077392578,69.0811405457341,67.69440738703132,69.07131093365527,16789300
2024-07-29,68.47137451171875,68.74675372062005,67.98945339262079,68.6975756460931,10315300
2024-07-30,68.04847717285156,68.69758431812738,67.84194274010372,68.4025383442826,12522500
2024-07-31,67.5075454711914,68.1074820141246,67.16332143103006,68.03863720609233,22908800
2024-08-01,68.63856506347656,68.64840217867103,67.38951405699049,67.77308651437153,17275500
2024-08-02,67.33050537109375,69.08113667364618,66.62238315803428,68.45169637393116,23578700
2024-08-05,66.47486114501953,67.44853300855823,65.80608734488176,66.97644899864363,20770500
2024-08-06,66.62239074707031,67.4977064980548,66.56338305710048,66.72073939819376,14815100
2024-08-07,65.80608367919922,66.88793374156883,65.70772753428533,66.75024414291381,18499200
2024-08-08,66.54371643066406,66.7994214232742,65.57004452353702,65.7372379810562,12489800
2024-08-09,66.82891845703125,67.09446804228122,66.21915237916312,66.7305698157803,13805600
2024-08-12,67.5665512084961,68.07797619924739,66.94694795412701,67.21249006213631,17385300
2024-08-13,67.00595092773438,67.4780349241597,66.03228659553781,67.30100436344028,26557900
2024-08-14,67.52721405029297,67.65506653921366,66.73057276288043,66.7994175651486,22928600
2024-08-15,71.97264099121094,73.21185499805566,71.57923888547218,72.89713481416885,49567500
2024-08-16,72.44408416748047,72.60189654660316,71.52682040732793,71.70435557138676,19872100
2024-08-19,72.71039581298828,72.96683718472595,72.33559514854655,72.38491340173381,13709300
2024-08-20,73.51915740966797,73.72628050542333,72.71038781080547,72.73997574949793,14434000
2024-08-21,74.20957946777344,74.5449270507876,73.56847977002727,74.26876287942846,14832000
2024-08-22,74.54491424560547,75.17614867882534,74.12080290532575,74.33779115266533,16511100
2024-08-23,74.66326904296875,74.7717631710621,73.98272385982023,74.56464006967705,12299100
2024-08-26,74.98875427246094,75.16628944108533,74.53505495817829,74.86053735480778,9508200
2024-08-27,75.08738708496094,75.40300434253619,74.73231672957515,75.40300434253619,11557800
2024-08-28,75.03807067871094,75.38327585229729,74.77176416986688,75.2353286279293,9814300
2024-08-29,75.37340545654297,75.4227237028726,74.63367691104584,74.94929412279497,11856800
2024-08-30,76.17232513427734,76.40903618588891,75.17615515158687,75.39314341760941,23230000
2024-09-03,76.11314392089844,76.74437842665745,75.74821594017115,76.27095630979262,22666100
2024-09-04,76.18218231201172,76.41890088712557,75.67917227093915,76.27095365890656,18442800
2024-09-05,75.90601348876953,76.38930071459102,75.34382007610549,76.19204277239274,13082900
2024-09-06,75.59040069580078,76.26108827344768,75.25506066943161,75.84684205561217,14548600
2024-09-09,76.28080749511719,76.4090319314867,75.4424499434527,75.7975202635543,22260200
2024-09-10,77.73068237304688,77.81945372198842,76.2216371652196,76.2906782033258,17686300
2024-09-11,77.76026916503906,77.83917535739664,76.50766534222436,77.306569846346,19518800
2024-09-12,78.56904602050781,78.81562222691176,77.54328809887838,77.90821606841469,14877700
2024-09-13,79.49617004394531,79.58494139411137,78.59863653618424,78.72685345874757,12994100
2024-09-16,79.45671081542969,79.91041011207778,79.04246461304338,79.73287495035389,15346400
2024-09-17,77.5235595703125,79.1608292304238,77.18821953385142,78.66767680628071,21065900
2024-09-18,77.94767761230469,78.32247830260066,77.20794891292195,77.56301929061841,15684900
2024-09-19,76.97123718261719,78.00685283801509,76.42876646437824,77.96740726296989,21525700
2024-09-20,77.97726440429688,78.51973511912713,77.04027774221844,77.1586370413385,39534300
2024-09-23,79.22986602783203,79.33836015732881,77.98711987853805,77.98711987853805,12147300
2024-09-24,79.56520080566406,79.80191935892432,79.14108947054098,79.37780802380125,14651100
2024-09-25,80.28521728515625,80.48247524762554,79.57507658041253,79.78219969847795,14163800
2024-09-26,78.82548522949219,80.08795428833707,78.17452791317305,79.93014941843605,17061100
2024-09-27,78.6874008178711,79.1904184053062,78.50986564141806,78.8057601104761,11899100
2024-09-30,79.64411163330078,79.83151195099687,78.76630097394809,78.7958889136036,18997000
2024-10-01,80.156982421875,80.41342375969131,79.33835521157835,79.57506624076606,16054200
2024-10-02,79.32849884033203,79.88082714455851,79.02274674690791,79.88082714455851,16618300
2024-10-03,79.32849884033203,79.47644607179521,78.75644022529245,79.20028191968196,11640400
2024-10-04,79.83151245117188,79.99918246020924,78.75643631253271,78.95370178631937,11583400
2024-10-07,78.01671600341797,79.83152093047259,77.89836423148365,79.58494470573049,16791600
2024-10-08,78.61835479736328,78.7268489274834,77.98712032661444,78.52959097721507,15270000
2024-10-09,79.29891204833984,79.39754102910851,78.65781238598017,78.72685342500912,12413000
2024-10-10,78.51972961425781,79.22000515391048,78.37178238195737,79.2101399984481,10812700
2024-10-11,79.00302124023438,79.03260918334449,78.28302287485761,78.60849777397804,9570700
2024-10-14,79.19041442871094,79.40740269180279,78.66767408121252,78.95370338029645,9914500
2024-10-15,80.53179168701172,80.69946170382535,79.40740477145985,79.56520963289951,13276200
2024-10-16,80.10767364501953,80.54165014648994,79.51589229522868,80.41342571201471,11123300
2024-10-17,79.78218841552734,80.38383489835428,79.54547738905855,80.1569815011786,9424700
2024-10-18,80.19644927978516,80.57124995898309,79.55535711256408,79.7624802392691,12324100
2024-10-21,79.70329284667969,80.43316385660071,79.6145290217727,80.11754660430555,9750400
2024-10-22,80.89672088623047,81.10385152767489,79.72302322586228,79.99918738124302,12240100
2024-10-23,82.12960052490234,82.19864156254549,80.6797387343964,80.76850255783383,13058200
2024-10-24,81.90275573730469,82.1789198916238,81.44905640879344,81.82384954323956,11645900
2024-10-25,81.38001251220703,82.15919422019101,81.31097147605192,82.06055771861922,8959400
2024-10-28,81.6167221069336,81.94220449654047,81.34055796723385,81.6167221069336,7990200
2024-10-29,80.58109283447266,81.72520992475825,80.55150489677698,81.53780961947508,9682400
2024-10-30,80.27535247802734,80.70932902723435,80.18658865200352,80.48247559699188,9268800
2024-10-31,80.82767486572266,81.31096963276087,80.10767657998558,80.17671761457555,15539000
2024-11-01,81.06439971923828,81.39973976327212,80.42330004839295,81.39973976327212,12181800
2024-11-04,81.32081604003906,81.77452280462583,80.87698195391346,81.07423987554542,11731000
2024-11-05,82.53398895263672,82.62275277589382,81.38001410084212,81.54768411693355,10612500
2024-11-06,82.29727935791016,84.3685180446215,80.93617384457016,83.97399459836484,19974000
2024-11-07,82.70165252685547,83.23425799963803,82.27754117954204,82.57343561716839,12665800
2024-11-08,83.6682357788086,84.25015198347376,83.07645441942978,83.12576514318154,14396500
2024-11-11,83.05672454833984,84.2402947982521,82.96796073017327,83.78658797792868,10433200
2024-11-12,83.8260498046875,84.35865534389612,83.34276251953692,83.34276251953692,12860200
2024-11-13,84.32907104492188,84.61510037601658,83.60906513907527,83.82605342645122,12802600
2024-11-14,83.31317138671875,84.58550553862133,83.18494694104166,83.86549969145459,15740700
2024-11-15,83.09618377685547,83.61892414440398,82.79043168072155,83.37234793141629,17370600
2024-11-18,82.92851257324219,83.6879639874345,82.51426634731911,83.65837604628409,25093800
2024-11-19,85.41399383544922,87.08085134879322,84.73344864309252,85.04906587684142,36340900
2024-11-20,85.9860610961914,86.00578388314264,84.73345718978625,85.41400245078658,18183200
2024-11-21,87.17947387695312,87.42605005773983,85.73946988414774,86.25234502922461,18729200
2024-11-22,89.20140838623047,89.6649728455208,87.71208603348906,88.18551564773895,23990600
2024-11-25,88.2742919921875,89.70443114299098,87.84031541129397,89.2605969306477,25078600
2024-11-26,90.05949401855469,90.62168748563543,88.60962467584413,88.65894292862146,16657000
2024-11-27,90.6216812133789,90.98661669390957,90.05948778520963,90.7400404969071,14358900
2024-11-29,91.23319244384766,91.37127451149973,90.56250489029115,90.99648140285957,11041200
2024-12-02,91.37128448486328,91.71648969167333,90.69073170221694,91.54881966620975,17173000
2024-12-03,92.22936248779297,92.30826115160743,90.99648150740559,91.50935668428707,17775200
2024-12-04,93.15648651123047,93.22552754709473,91.77566579394532,92.1701816989362,17312600
2024-12-05,93.9948501586914,94.29073708282944,93.04799093170611,93.59046157998847,21932300
2024-12-06,94.38937377929688,94.86280343151961,94.0244457905153,94.23156891182866,18803500
2024-12-09,92.54498291015625,94.62608667883141,92.3181294909799,94.34992253368357,20931100
2024-12-10,93.255126953125,93.93567218542844,92.4858028461025,92.76197452613842,13164500
2024-12-11,93.65951538085938,94.37952129172696,93.20581601541369,93.24526911565803,19682100
2024-12-12,92.80142211914062,94.409103882066,92.80142211914062,94.36965078405893,14298600
2024-12-13,93.16519165039062,93.590242693801,91.96911953790583,92.72037412333414,11495900
2024-12-16,93.77806091308594,94.60838899847555,93.01691929323098,93.33323583170052,16742000
2024-12-17,94.32172393798828,94.39091794362285,93.23438633162449,94.04494791544997,23560800
2024-12-18,92.47325134277344,94.79620155617218,92.05807977154629,94.24264197506295,24665600
2024-12-19,92.3249740600586,93.48150563215137,92.28543355226302,93.39254514579687,16606500
2024-12-20,91.1783218383789,92.6709439539735,90.5753422930586,91.93946341467274,49350600
2024-12-23,89.3100814819336,90.44684663650094,87.88666082707698,90.44684663650094,26205400
2024-12-24,91.61325073242188,91.61325073242188,89.31006729206216,89.32984131474934,8992400
2024-12-26,91.72200012207031,91.81096061386408,91.10913352613773,91.4748775894238,10994000
2024-12-27,90.6050033569336,91.2870563763623,89.98224978676646,91.06958735449955,11384400
2024-12-30,89.52754974365234,90.02179480297285,89.09261167814435,89.68571178259384,9790200
2024-12-31,89.3100814819336,89.89329457858898,89.02341844006314,89.52755051656506,11267700
2025-01-02,88.96409606933594,89.55718853481554,88.48961757200433,88.94432958850456,14820400
2025-01-03,89.7351303100586,90.24914938671132,89.10249724770216,89.11238426037113,10834600
2025-01-06,90.37764739990234,91.40567797767086,89.62639283507521,89.78455486623069,14519900
2025-01-07,89.76477813720703,90.88177670924395,89.40892111940879,90.64453366965812,11238000
2025-01-08,90.7433853149414,90.79280529015575,89.77466179346155,90.06132479939355,13453600
2025-01-10,91.92958068847656,92.50290676511534,91.13878557990024,91.42544861821963,18140900
2025-01-13,90.47649383544922,91.3661363962934,90.05144280868926,91.05970689150621,18617100
2025-01-14,89.7450180053711,90.92132364975373,89.52754897448546,90.80270212156672,13549200
2025-01-15,90.2886734008789,90.6741914409296,89.76477490508984,90.02178441793022,17348200
2025-01-16,90.2491455078125,90.66430952309376,89.08272693517893,90.4468405032091,13267700
2025-01-17,90.88177490234375,91.19809140725539,90.00201938738387,91.01027589004586,15868200
2025-01-21,92.0086669921875,93.15531166974175,91.24752533668978,91.41557439748141,23247500
2025-01-22,92.15692901611328,92.91806302257729,91.45509445669238,92.69070699688623,15567100
2025-01-23,92.73025512695312,92.73025512695312,91.2574069695948,91.89004003885935,14198400
2025-01-24,93.66931915283203,93.91644166507662,92.38427907252793,92.46336008642554,14973800
2025-01-27,96.27893829345703,96.33824528679493,93.72863199779316,94.79620312736144,18880600
2025-01-28,96.17019653320312,96.71386152820054,95.61664452620053,96.11088954433298,14641600
2025-01-29,96.37777709960938,97.04006360405816,96.10100110023258,96.30858309976517,11261400
2025-01-30,97.5145492553711,97.79132527496422,96.29870312178024,96.56559967037427,11012200
2025-01-31,97.03018951416016,97.86051755833269,96.57547744244954,97.86051755833269,16391200
2025-02-03,98.3943099975586,98.64143253395746,95.35964555224389,95.65618807097373,20484200
2025-02-04,99.61014556884766,99.78807409120839,98.54258197626434,98.81935800180747,15201200
2025-02-05,101.28068542480469,101.39930694086254,99.38278641736052,99.49152092168515,15926700
2025-02-06,101.66619873046875,101.83424022666924,100.76667671901043,101.34988222049938,13088500
2025-02-07,99.98576354980469,101.92320301655326,99.94622304539185,101.81446851481299,12451100
2025-02-10,101.73539733886719,101.745284351321,100.08462071337657,100.77656075352807,15274600
2025-02-11,101.29058074951172,101.66620426881884,100.6777141786182,101.43885577135799,11953600
2025-02-12,102.4174575805664,102.70412060816396,100.8655284598354,100.94460947605144,15162100
2025-02-13,103.84088134765625,104.02868932631056,102.33837226893895,102.80296379273206,12604400
2025-02-14,102.8425064086914,104.08800599183209,102.407568370418,104.08800599183209,14109500
2025-02-18,102.58550262451172,102.7930846430578,101.33012350047188,102.52619563109315,18247300
2025-02-19,102.80297088623047,103.00066589053313,101.3696632510837,102.65469586221298,18508000
2025-02-20,96.09111785888672,98.9676275543817,95.5672193335691,97.64304695192862,55450900
2025-02-21,93.6890869140625,95.735261041708,93.03668739445558,95.41894452338147,35014800
2025-02-24,92.59185791015625,93.55069443151532,91.05970291160482,93.09598992953087,29755900
2025-02-25,96.56559753417969,96.78306655664377,93.15530226128351,93.26403677251554,29331200
2025-02-26,95.09274291992188,97.5936291635762,94.9642419241659,96.57547804367272,19069700
2025-02-27,95.67595672607422,96.91156933870317,94.70723311947754,94.79620114920888,16431500
2025-02-28,97.47501373291016,97.72213626898557,96.05158551180979,96.66445211624607,25451300
2025-03-03,96.46675109863281,98.3448839110307,95.71550400693879,96.85226919930447,18372200
2025-03-04,93.87690734863281,95.93296859606956,93.37277527876742,94.65781544381065,25227700
2025-03-05,94.87528228759766,95.28055930343562,93.65943615692197,93.87690518367542,17639000
2025-03-06,93.55070495605469,95.08286766855613,93.09600040291556,93.70886699623237,19957800
2025-03-07,90.664306640625,92.86863518138007,89.71535711804582,92.8587557110308,35913200
2025-03-10,86.80919647216797,89.19146112862101,85.61312440862729,88.72686959534889,35148800
2025-03-11,86.4335708618164,88.32158290241615,86.1370208354112,86.28529584861381,28687600
2025-03-12,84.21934509277344,88.07445760609748,83.90302859402573,86.86849859787804,33301600
2025-03-13,83.52741241455078,84.46647498127729,82.90466637423981,83.96235046646497,31507800
2025-03-14,84.36762237548828,84.3873963993319,83.09246933446926,83.98211186792211,35500600
2025-03-17,86.4533462524414,86.97724481703742,84.0018949423353,84.15016242923512,26297800
2025-03-18,84.60486602783203,86.67081430701799,84.51590553669972,86.43357878908401,17850900
2025-03-19,85.33634185791016,85.79104634411767,84.6345148764868,84.96071083857085,24555900
2025-03-20,84.82233428955078,86.07772095791984,84.53567125143172,84.82233428955078,18185500
2025-03-21,85.2237777709961,85.47157892953177,84.03432767265015,84.5299299897215,26797200
2025-03-24,86.72048950195312,86.87908586998408,85.59051684775125,85.70946412377447,17900700
2025-03-25,84.0145034790039,86.54207065555084,83.87573544086993,85.9969126663933,27908600
2025-03-26,84.46053314208984,84.80745319890008,83.82616287755395,84.440712379825,27228800
2025-03-27,84.87684631347656,85.35262784405205,84.0343239244923,84.0343239244923,16782800
2025-03-28,84.40106201171875,85.07508135284215,83.9550154634855,84.67859805295369,14790600
2025-03-31,87.0178451538086,87.42423507198144,83.62792753234795,84.01449668765713,30269300
2025-04-01,88.0487060546875,88.32624213152864,86.60154825237949,86.77005121870576,22080300
2025-04-02,88.97051239013672,89.35708151561646,87.34493771830148,87.42422832592806,19384100
2025-04-03,86.49251556396484,89.0894667776156,85.5211317279894,85.5211317279894,33012900
2025-04-04,82.45830535888672,86.6213612634526,81.92305401762135,84.88675337616844,36209000
2025-04-07,83.09268188476562,85.50130932037968,79.10803523212469,79.53425350467502,36884900
2025-04-08,81.07062530517578,86.20506544603508,80.31730769021318,85.09491356936867,34351700
2025-04-09,88.81192779541016,90.00137781458639,82.2897999219138,82.59707848040362,46632800
2025-04-10,89.81304931640625,91.06196922853255,87.38460107387989,87.9495873927933,34735300
2025-04-11,91.98377990722656,92.52893784059894,89.21831846632884,89.8824236611976,25508100
2025-04-14,93.89680480957031,94.60055909107825,92.08289877512995,92.44963959712851,27742900
2025-04-15,93.14350128173828,95.18538042132246,93.04438233014228,93.98602371374109,21871200
2025-04-16,90.38795471191406,93.47060178721276,89.8130541983201,93.17323736644586,22229100
2025-04-17,92.40009307861328,93.0443775744937,90.81416724726289,91.02231930366285,21393900
2025-04-21,91.59722137451172,93.25253125346408,90.5366251850864,92.2018492275515,18361200
2025-04-22,94.0157470703125,94.45187947839953,92.0630729588378,92.0630729588378,15407800
2025-04-23,94.12478637695312,95.75036128951895,93.3318272472305,94.18425623205235,18046900
2025-04-24,94.99703979492188,95.37370236122179,92.83622115044166,93.87698138347702,13444500
2025-04-25,94.2536392211914,95.62150637186309,93.53006411774952,94.95740112287102,15317200
2025-04-28,94.38249969482422,95.15563804396493,93.51023483955518,94.26355242484462,12950000
2025-04-29,95.1952896118164,95.3340576492593,93.58953545560334,94.005839567932,12679000
2025-04-30,96.3946533203125,96.91999058088331,94.09505880837614,95.09617763382303,21639900
2025-05-01,96.5532455444336,97.03893369019013,95.7404504972415,96.1666687858049,13171800
2025-05-02,97.88146209716797,98.34732950648316,96.98937637319116,97.08849532867936,16031400
2025-05-05,98.45634460449219,98.86273451629451,97.66337798115032,98.06977545524282,12439100
2025-05-06,97.68321990966797,98.59512635990296,97.54445186560139,97.87154364816334,10626000
2025-05-07,97.96073913574219,98.35722243438167,97.44530857882388,97.68320309538153,11301300
2025-05-08,96.57305908203125,98.456349229213,96.50367506640147,97.88144877840027,14461100
2025-05-09,96.1010971069336,96.578021377415,95.67384834181608,96.13090392626685,13697800
2025-05-12,96.13089752197266,97.34309196459894,95.00813111196301,97.04500862997558,26783900
2025-05-13,95.26646423339844,96.69725214547616,94.62062962696129,95.88249960233729,19746700
2025-05-14,96.21039581298828,96.70719636030653,95.2167947183518,95.4155119050492,25620100
2025-05-15,95.73347473144531,96.10110990686246,91.30201426006488,93.69659680643832,44026100
2025-05-16,97.61136627197266,98.55529182983291,95.38570201420214,95.52480555652689,33746200
2025-05-19,97.49214935302734,97.65112159804056,95.19692549968856,96.03155442287775,20041600
2025-05-20,97.1741943359375,98.18766416132068,95.90237851151879,97.92932574286023,15609600
2025-05-21,95.81295013427734,97.13444135810866,95.36583269130259,96.50846784125463,15742300
2025-05-22,95.31615447998047,96.33956240710789,95.20685775178484,95.92225176158358,13712200
2025-05-23,95.72352600097656,95.92225076862732,94.39210417030291,94.72992490444706,13668600
2025-05-27,96.95559692382812,97.17419037819363,95.96199582622114,96.67738982939014,17180900
2025-05-28,96.61776733398438,97.61136841848196,96.43891883555182,96.89597442475174,11220100
2025-05-29,96.47866821289062,97.14437915069405,96.23026793037516,97.00527559893139,14338000
2025-05-30,98.08830261230469,98.29695793535326,95.98186553395865,96.33956253934902,29980100
2025-06-02,99.13158416748047,99.27069530368657,97.42259654393338,98.20753478760388,16999200
2025-06-03,99.34024047851562,100.24441353001731,97.93925930061472,98.93286039226368,15598600
2025-06-04,98.71426391601562,99.4892715308747,98.68445709707096,99.15145080873592,11115600
2025-06-05,97.33316040039062,98.95272742368468,96.98540154024462,98.66458978283127,15817100
2025-06-06,96.84630584716797,97.92932746807287,96.34950526937851,97.74054840330402,15599300
2025-06-09,96.82643127441406,97.22387325972008,96.15078217356644,96.7767557641104,13655700
2025-06-10,96.69725799560547,97.46232750119346,95.8626367167822,96.6674511757296,17162500
2025-06-11,95.18699645996094,96.66746010156807,94.73987137881318,96.66746010156807,16389600
2025-06-12,94.22319793701172,94.65044673048675,92.83215482472731,94.28281157963494,17845700
2025-06-13,93.835693359375,94.71005962678434,93.40844456926673,93.91517568872128,18694700
2025-06-16,93.6866455078125,95.16710897493488,93.49785887931735,94.14370108891825,14881700
2025-06-17,93.64690399169922,94.21325631739154,93.02093802558923,93.34882062846123,14935600
2025-06-18,94.48152160644531,94.87896354845199,93.48792054171588,93.96485238823881,11333700
2025-06-20,95.50494384765625,95.69372290855958,94.59082504200433,94.63056999708269,20604900
2025-06-23,97.24373626708984,97.30334990355482,95.05780943629115,95.30620969566094,20432400
2025-06-24,97.37290954589844,98.4758073931194,96.62770870753697,97.10464057954128,22403700
2025-06-25,96.63764953613281,97.92932647696769,96.52835280367927,97.68092619058693,11154700
2025-06-26,95.40557098388672,96.71712408726162,95.30621239344119,96.27994477318634,19361400
2025-06-27,96.64757537841797,97.13444537400554,95.5446851347777,95.70365736841309,31431900
2025-06-30,97.1543197631836,97.51201678557753,95.69372485183757,96.60784367605274,17803000
2025-07-01,97.61136627197266,98.55529182983291,96.79661370382432,96.97546219832394,15635800
2025-07-02,96.98540496826172,97.75047448762486,96.43892132544885,97.50207421008717,12502000
2025-07-03,97.73060607910156,97.84984094166605,96.79661860711694,97.0748257058592,7686200
2025-07-07,98.71426391601562,98.71426391601562,96.99533832522808,97.60143557901776,12930900
2025-07-08,96.4687271118164,98.53541921811515,95.89244423534302,98.18766034940498,16875000
2025-07-09,96.19051361083984,96.66744544229067,95.76326486328522,96.52834190407049,13702600
2025-07-10,94.25300598144531,96.16071837589598,94.13377111407644,96.04149108910232,18894800
2025-07-11,93.79594421386719,94.9187107141872,93.62703384826213,94.40204148393211,14595000
2025-07-14,95.1671142578125,95.22672789935199,93.77607117081646,93.90524416825197,13779100
2025-07-15,94.77960968017578,95.1671135082804,94.3324922110012,94.98826500449559,10450800
2025-07-16,94.54114532470703,95.2167943698096,94.0045998258984,94.80941428382398,11181600
2025-07-17,94.48152160644531,95.01806709106815,94.28280442572924,94.47159105381168,11165100
2025-07-18,94.4417953491211,94.8690441604584,93.82575988748404,94.48153272548116,14636300
2025-07-21,95.05781555175781,96.02160983300938,94.49146322718187,94.65044304208203,13450400
2025-07-22,95.23665618896484,96.05140872161215,95.12735947038996,95.22671805621053,9049100
2025-07-23,95.0677490234375,95.67384627201693,94.6802452193391,95.39563919015905,9729700
2025-07-24,95.98186492919922,96.33956193233581,94.73986355180126,94.95845700711527,14991500
2025-07-25,96.84630584716797,97.02515435839517,95.91231833513972,96.2203322675851,12868500
2025-07-28,96.98540496826172,97.50207421008717,96.45879759277379,96.657514782574,12293100
2025-07-29,97.70079803466797,98.08830185742953,96.71712748712724,97.15431439714534,14034300
2025-07-30,96.96552276611328,98.24726902942682,96.66744699965686,97.9790000815586,13864100
2025-07-31,97.35304260253906,97.99887727622563,96.68732408044318,96.81649707964056,15651300
2025-08-01,97.8597640991211,98.19759239390199,97.04501155127514,97.37290171311632,16750400
2025-08-04,98.95272827148438,99.27068789557018,97.57162337180401,97.57162337180401,19050200
2025-08-05,98.67453002929688,99.82711102823781,98.27709562470034,99.03222705789403,17977000
2025-08-06,102.69861602783203,103.02650622844966,98.8235700056856,98.8235700056856,23738400
2025-08-07,102.46014404296875,103.23515165692798,101.45660484974167,102.79796476471529,12509500
2025-08-08,103.06624603271484,104.04990900482552,102.4899555720541,102.70854902820643,12394700
2025-08-11,103.26496124267578,103.6624031934658,102.45020865481486,103.2351544229671,12856700
2025-08-12,102.95695495605469,103.64253460184895,102.7085546659875,103.58292095801691,17915300
2025-08-13,100.3437728881836,102.15212658555032,100.20466934073806,101.49635380196064,19398500
2025-08-14,100.20466613769531,100.79089470939823,100.07550072793175,100.57230126166408,10858400
2025-08-15,99.59217834472656,100.35903477473767,99.13405523613444,100.21960633291746,13604900
2025-08-18,100.28932189941406,100.468588126771,99.51250411362743,99.59217968095948,11656100
2025-08-19,100.87691497802734,102.01226516526324,100.38891544800347,100.5482589769117,16999000
2025-08-20,102.15170288085938,102.2313784516904,100.51839167022659,100.73749569087158,18655000
2025-08-21,97.56049346923828,99.04441474543302,96.55461037678684,99.00458456202102,51825100
2025-08-22,96.43510437011719,98.64605185924171,96.36539015191416,97.67004520611938,32695200
2025-08-25,95.6781997680664,97.18204369956845,95.6781997680664,96.60440727577564,18956100
2025-08-26,95.65829467773438,96.07658002216513,95.03085906280769,95.8873524432786,22270400
2025-08-27,95.68817138671875,95.92719049874174,95.21012556439221,95.50890515313137,12925700
2025-08-28,95.71804809570312,96.17617122765523,95.30971649649416,95.60849608607539,19241600
2025-08-29,96.5844955444336,96.63428707342247,95.40930756471971,95.70807953349305,15600300
2025-09-02,97.4509506225586,97.4509506225586,96.1164190027883,96.8334839440359,15351300
2025-09-03,99.03446960449219,99.03446960449219,97.10237881508078,97.45094993732495,18995900
2025-09-04,100.51838684082031,100.9366721701657,99.24360816189323,99.50254995551289,15640900
2025-09-05,100.10010528564453,101.066150676709,99.14402124040107,100.66778042495409,13748500
2025-09-08,101.86287689208984,101.94255245686425,100.01046180162541,100.43870846443772,13685700
2025-09-09,101.87284088134766,102.07202220017331,101.13586088375645,101.58402265025428,11819700
2025-09-10,100.00050354003906,102.0321771621023,99.98058085060487,101.53421630216371,17934900
2025-09-11,102.23136901855469,102.36083611049838,99.87103173887395,100.5781352686217,15900800
2025-09-12,103.06794738769531,103.55595455197796,101.94255846250822,102.12182469467152,11641900
2025-09-15,103.26713562011719,103.55595385879592,102.98827872712543,103.22729783564972,10756900
2025-09-16,102.99822998046875,103.78500910851847,102.70941174878364,103.42647665527352,14481900
2025-09-17,103.84475708007812,105.67725704325726,103.3069660238907,103.3069660238907,25382000
2025-09-18,103.17749786376953,104.21325745663232,101.70353784190047,103.3567640932704,14869400
2025-09-19,101.91268157958984,103.51611631632127,101.67365487222631,103.38664161692924,34791600
2025-09-22,102.40067291259766,102.77912043808328,101.50434182773185,102.03217913374175,12861900
2025-09-23,102.10189819335938,102.26124932634988,100.91675643443342,101.99235378727869,13158700
2025-09-24,102.31105041503906,103.04803042353855,102.06206996368162,102.61978374327255,11391800
2025-09-25,102.62974548339844,103.0878686038637,102.16166101732209,102.79905036738508,13366700
2025-09-26,102.73929595947266,103.06794437693802,102.05210748987363,102.4604314744798,11859300
2025-09-29,102.65962219238281,102.88867995407863,101.66370038050083,102.62974575375122,15477200
2025-09-30,102.63969421386719,103.51611022607631,102.30108446244459,102.57994133968202,13873400
2025-10-01,101.54418182373047,102.44051292814493,100.13993609204785,102.14173336058009,16142800
2025-10-02,101.28524017333984,101.72344818014409,99.46270912326224,101.03625973279743,15605400
2025-10-03,101.65373992919922,102.4006812946822,100.78728520985798,101.04622701074396,11867500
2025-10-06,102.28116607666016,102.64965987896328,101.16573852076806,101.46451050254758,13303600
2025-10-07,102.81896209716797,102.82892344245325,100.53830031677175,101.96246876135874,15538900
2025-10-08,102.48035430908203,102.83888676343808,101.73341296222033,102.59986006168052,13584100
2025-10-09,101.3549575805664,103.0281064975663,99.96067314830006,102.70941182757967,19508000
2025-10-10,101.42467498779297,103.2073759659318,101.10598030779657,101.63382525748234,18519400
2025-10-13,101.70352935791016,102.03217775267929,100.65780850667447,100.9565880636789,10871200
2025-10-14,106.77277374267578,107.47987729879254,102.47039193199727,103.62566485068734,30859500
2025-10-15,108.5853500366211,109.1131873622495,106.86240961893893,106.88232471121843,21416300
2025-10-16,106.03579711914062,109.13311457925838,105.22910287845957,108.75465942572961,16366200
2025-10-17,107.29065704345703,107.75873389898855,105.78681302336156,106.73293567805489,13735600
2025-10-20,106.61343383789062,107.808536982215,106.17522580577413,107.41016673468005,10581200
2025-10-21,105.78681182861328,107.04167538874553,105.74697404594303,106.89228560330214,10899700
2025-10-22,106.70306396484375,107.33049198063696,105.22910391553508,106.11547373393462,12296500
2025-10-23,106.42420196533203,107.13130551698407,105.34860461988377,106.91220150976903,11408200
2025-10-24,105.73701477050781,106.7329365619187,105.07971033928236,106.63334590243367,10318000
2025-10-27,104.04395294189453,105.92624455919206,103.72525826590449,105.90632186790994,16375900
2025-10-28,102.7492446899414,103.71528999908601,102.62973894334533,103.63561443583535,13323000
2025-10-29,102.04214477539062,103.24720921867697,101.69357367167643,102.49031413583477,11986400
2025-10-30,101.8130874633789,102.94843769085793,101.54418432628744,101.78320342726191,14065100
2025-10-31,100.76737213134766,101.68361840107147,99.77145029079205,101.2852481451931,20237000
2025-11-03,101.17568969726562,101.38483995696146,99.99054794924345,100.4088332720748,14811700
2025-11-04,101.85292053222656,102.20149924560612,101.0462262946714,101.71349208618692,12636400
2025-11-05,101.05618286132812,102.26124728698578,100.43870863072434,101.32507839503683,13356800
2025-11-06,101.26532745361328,101.51430789998838,99.62205498788155,100.92671009543743,14866000
2025-11-07,102.1716079711914,102.55006309644534,101.31512226259541,101.71348488118707,17248700
2025-11-10,102.00231170654297,102.25129216331443,101.18565611226381,101.73341615647324,14507600
2025-11-11,103.01815032958984,103.31692230164887,101.90271521170787,102.08198143425533,13182100
2025-11-12,103.01815032958984,103.17749386169864,102.24133256464422,102.92851341917606,12084400
2025-11-13,102.121826171875,103.50615691871816,101.60394256112065,103.16753954272022,18088500
2025-11-14,102.06207275390625,102.07202650147079,98.47674807771752,99.79136459289319,23424200
2025-11-17,102.5301513671875,102.89864518688526,101.68361931476473,102.16166514577046,15289400
2025-11-18,100.97650909423828,102.91855353415586,100.96654774887762,102.56002868225434,17604500
2025-11-19,100.19969177246094,101.29520422041307,99.27348420500645,101.16573712325844,22157000
2025-11-20,106.67318725585938,107.4699277549643,102.261253268326,103.51611689501807,50375900
2025-11-21,104.8904800415039,107.70894046153607,104.29292850184298,107.53963558498349,41420800
2025-11-24,103.6356201171875,105.8366063842569,103.33684813603854,104.9303214970073,42519200
2025-11-25,106.56362915039062,106.98191446926288,103.80492919693683,104.18337673330505,20212900
2025-11-26,108.65506744384766,109.14306700094984,106.73293805559415,106.76281449402974,17783300
2025-11-28,110.05931854248047,110.24853851472189,108.5554745202322,108.85425409492106,9846500
2025-12-01,111.07514953613281,111.3042148776986,109.90992293346987,110.05931271290149,17236800
2025-12-02,111.95156860351562,112.19058769821518,110.33817261816353,111.01539971837897,18711800
2025-12-03,113.94341278076172,114.42145097292462,111.7623416839633,112.04119856243834,24478300
2025-12-04,114.37165832519531,114.42145745557873,112.69851695955171,113.15664008561325,25905100
2025-12-05,114.64055633544922,115.79582164543294,114.2123096674935,114.26210879564562,23956400
2025-12-08,113.09687042236328,114.52103881524263,111.84201450006559,114.10275350781006,22700700
2025-12-09,114.59075927734375,115.24807130908115,112.55907790417398,113.48528547726195,24326700
2025-12-10,112.71842193603516,115.75598625806414,112.52919437549832,114.87957027097129,22859600
2025-12-11,115.04888153076172,115.39746023495638,112.3897721821399,112.67859041226335,21586600
2025-12-12,116.46098327636719,116.71047125049289,114.78442378569177,115.02393772276594,19092400
2025-12-15,116.5508041381836,117.20944843767772,115.40315792232073,116.69051679606929,18713700
2025-12-16,115.18360900878906,116.6406179012423,114.7145703872507,116.34123689290664,19642300
2025-12-17,115.42312622070312,116.15162688067603,114.83433061089475,114.96406162347056,16177800
2025-12-18,114.59481811523438,116.24144026739755,114.37526747977678,114.77444976117525,21476700
2025-12-19,114.12578582763672,115.04389979607409,113.29748388026054,114.90418713191055,50043800
2025-12-22,112.369384765625,114.08586328770025,111.99016577665657,113.77650062864096,21473900
2025-12-23,110.67286682128906,112.11989402540173,110.47327187376987,111.76063073363592,20319900
2025-12-24,111.38141632080078,111.4812099917677,110.32358970376721,110.67287135903594,9009600
2025-12-26,111.51114654541016,111.74067883940776,111.13192755290216,111.4911908568651,9003800
2025-12-29,112.29953002929688,112.54901801305121,111.34149708533253,111.3614527739745,12979600
2025-12-30,111.69078063964844,112.45920790639306,111.61094265618446,111.66084329929174,11730600
2025-12-31,111.18183135986328,112.02010735046017,111.0920117244312,111.50117568205769,11487400
2026-01-02,112.52906036376953,112.55899770309539,110.89241982795849,111.20178248601762,14306600
2026-01-05,112.47916412353516,113.49707938305757,111.92031346420157,112.58893944787128,19557600
2026-01-06,114.10581970214844,114.55490263765262,111.76063419596765,112.1697981407313,20120800
2026-01-07,112.48914337158203,114.49502889350381,111.87041043070417,113.95613393475905,23306000
2026-01-08,112.83842468261719,113.23760697829809,109.58509925140599,111.06207146129464,24058300
2026-01-09,114.2954330444336,115.22352864160858,112.0300855189468,112.0300855189468,21902900
2026-01-12,117.7283935546875,118.59660688423803,116.17159093858102,117.25935491681716,49182100
2026-01-13,120.11349487304688,120.26318918526222,117.48888403877793,117.64855238837703,31222100
2026-01-14,119.79415130615234,120.99169058379535,118.78621771897858,119.94384561929998,32764000
2026-01-15,118.95586395263672,120.62244941936025,118.48683295315949,119.73427283359305,34559400
2026-01-16,119.45484161376953,120.3529998632848,116.66058080988404,118.42695235578996,415144600
2026-01-20,118.46687316894531,121.37091695143212,117.36912756432268,120.64240868956938,45334000
2026-01-21,119.11553955078125,120.24322245831728,117.30924904579618,117.83816233529332,34811700
2026-01-22,117.58867645263672,119.27521001852101,117.40904480265135,119.04568534084294,24547300
2026-01-23,117.48888397216797,118.36707892888765,116.90008837479316,117.92797764364332,20806900
2026-01-26,117.39906311035156,118.60658401836317,117.14957513066894,117.5687131092312,19552200
2026-01-27,116.70050048828125,117.38908213882834,115.24349159215296,117.25935112959922,22968600
2026-01-28,116.33125305175781,117.21942963650648,115.63268976502361,116.40110938043122,16342000
2026-01-29,117.16954040527344,117.41902838915613,115.83228085250235,116.21149984704718,16381100
2026-01-30,118.89598846435547,119.16543974040299,116.36118973094007,116.67055999654163,22215400
2026-02-02,123.80591583251953,123.94562849568666,118.80618207110491,119.25525740074653,31210100
2026-02-03,127.44844055175781,127.90749752765285,123.39675813694187,123.39675813694187,32018700
2026-02-04,127.73784637451172,129.14496224309005,126.82970646833382,127.86758499754797,27531800
2026-02-05,126.68002319335938,129.33457903966146,126.3007965788767,128.3166637851512,30517800
2026-02-06,130.9113311767578,131.43027046114787,126.78979992493511,127.02930626416247,26593400
2026-02-09,128.75576782226562,131.52008382369277,127.82766456904042,131.15084646648913,27197300
2026-02-10,126.44050598144531,129.07509845704115,126.13114332078464,128.67592377764763,24662000
2026-02-11,128.5062713623047,129.47428593055534,126.37064727608893,126.44050360504677,19232100
2026-02-12,133.3662872314453,134.21455241153873,129.0451538091875,129.11501774927058,33382700
2026-02-13,133.61578369140625,134.37422167852225,131.48016716402944,132.42821845480893,24131200
2026-02-17,128.5861053466797,134.4141406494094,127.89751611565669,132.8373748576195,37995900
2026-02-18,126.36067199707031,128.60605615258174,125.51240679321614,127.86758149408692,36485000
2026-02-19,124.6142578125,129.83354965478358,124.1452191963341,128.23682050687358,42993300
2026-02-20,122.73810577392578,123.22710770167923,120.80208420653535,122.74808742508395,35151000
2026-02-23,125.55233001708984,126.54030791080673,122.70816853616776,123.2670191811857,25662800
2026-02-24,126.49040985107422,127.77776116837657,124.65418191494594,125.64215221506345,20161200
2026-02-25,125.4924545288086,127.1390767272883,125.16312856635886,126.35069379313695,17345700
2026-02-26,124.16517639160156,127.06922014118749,123.68616373242939,125.72198656833346,18638300
2026-02-27,127.68794250488281,128.3366203761279,124.89368175433913,125.2629190843692,29205500
2026-03-02,126.83969116210938,128.48631340028433,126.78979813293385,127.19895447275734,17091500
2026-03-03,127.64803314208984,128.10708249571195,125.41261536987872,126.26087297513963,16480400
2026-03-04,127.54823303222656,127.90749633414326,125.98144881533335,126.84966973059352,16434100
2026-03-05,123.05744934082031,125.4225981422104,121.40085310575265,125.12320951943279,28604900
2026-03-06,123.54644775390625,123.93564838419309,121.37091231636431,122.24910724377098,21553000
2026-03-09,124.08534240722656,124.2550000260099,122.24911446497413,123.43667972761145,19375900
2026-03-10,124.8637466430664,125.8417352583845,123.09736748559996,123.955606743645,18793600
2026-03-11,123.2370834350586,125.23298732309672,122.7979897570532,125.05335566862253,18176500
2026-03-12,125.07331848144531,125.13319316144589,122.02956201859843,122.04952532111133,21751600
2026-03-13,126.26087188720703,126.43052949781246,124.71405100006396,125.13318897357868,15194100
2026-03-16,125.73196411132812,126.71994202423447,124.57434380791095,126.50039137692195,20463200
2026-03-17,124.8238296508789,126.92950883935156,124.60427900733858,126.3906138816896,19895000
2026-03-18,121.73017883300781,124.35478964771715,121.58048452190805,124.07536432767435,19734900
2026-03-19,120.84199523925781,122.49859909341949,119.02572303586541,122.14931744156883,17927700
2026-03-20,119.0199966430664,121.30000305175781,118.0199966430664,120.62999725341797,57545600
2026-03-23,120.72000122070312,121.12999725341797,119.05000305175781,120.4800033569336,22181500
2026-03-24,122.05000305175781,124.11000061035156,120.48999786376953,120.62999725341797,17269600
2026-03-25,123.05999755859375,123.48999786376953,121.77999877929688,122.80999755859375,16597300
2026-03-26,122.18000030517578,123.80000305175781,121.79000091552734,123.61000061035156,16442500
2026-03-27,122.88999938964844,124.2699966430664,121.81999969482422,122.02999877929688,16543300
2026-03-30,123.5,125.26000213623047,123.13999938964844,123.70999908447266,20428900
2026-03-31,124.27999877929688,125.0,122.83999633789062,123.43000030517578,21322700
